Date,Open,High,Low,Close,AdjClose,Volume,Dividend
2004-11-10,1.3485709428787231,1.394284963607788,1.2571419477462769,1.3180949687957764,0.6871511936187744,5501724,
2004-11-11,1.3333330154418945,1.3409520387649536,1.2419040203094482,1.2495230436325073,0.6514031291007996,133550550,
2004-11-12,1.272379994392395,1.3257139921188354,1.2571419477462769,1.3104759454727173,0.6831790208816528,116645812,
2004-11-15,1.3257139921188354,1.3485709428787231,1.2952380180358887,1.2952380180358887,0.6752352714538574,55329225,
2004-11-16,1.3028570413589478,1.3485709428787231,1.2952380180358887,1.2952380180358887,0.6752352714538574,49947450,
2004-11-17,1.3104759454727173,1.3104759454727173,1.2952380180358887,1.3104759454727173,0.6831790208816528,15312937,
2004-11-18,1.3104759454727173,1.4171420335769653,1.3104759454727173,1.3866660594940186,0.7228989005088806,211140300,
2004-11-19,1.394284963607788,1.394284963607788,1.3714280128479004,1.3866660594940186,0.7228989005088806,54553275,
2004-11-22,1.3638089895248413,1.3790470361709595,1.3257139921188354,1.3257139921188354,0.6911231279373169,32475187,
2004-11-23,1.3561899662017822,1.394284963607788,1.3333330154418945,1.3561899662017822,0.707010805606842,59437612,
2004-11-24,1.3714280128479004,1.3790470361709595,1.3257139921188354,1.3333330154418945,0.6950950622558594,40242300,
2004-11-25,1.3485709428787231,1.3485709428787231,1.3180949687957764,1.3180949687957764,0.6871511936187744,47001937,
2004-11-26,1.3333330154418945,1.3333330154418945,1.3028570413589478,1.3104759454727173,0.6831790208816528,16961437,
2004-11-29,1.3180949687957764,1.3333330154418945,1.3028570413589478,1.3180949687957764,0.6871511936187744,18424875,
2004-11-30,1.3180949687957764,1.3485709428787231,1.3104759454727173,1.3409520387649536,0.6990670561790466,28204837,
2004-12-01,1.3409520387649536,1.3561899662017822,1.3257139921188354,1.3561899662017822,0.707010805606842,36360187,
2004-12-02,1.3561899662017822,1.3638089895248413,1.3180949687957764,1.3180949687957764,0.6871511936187744,29955187,
2004-12-03,1.3257139921188354,1.3333330154418945,1.3028570413589478,1.3104759454727173,0.6831790208816528,18876637,
2004-12-06,1.3104759454727173,1.3104759454727173,1.3104759454727173,1.3104759454727173,0.6831790208816528,0,
2004-12-07,1.3104759454727173,1.3104759454727173,1.2495230436325073,1.2571419477462769,0.6553749442100525,42169050,
2004-12-08,1.2609519958496094,1.264760971069336,1.2419040203094482,1.2495230436325073,0.6514031291007996,8548050,
2004-12-09,1.2571419477462769,1.264760971069336,1.2495230436325073,1.2495230436325073,0.6514031291007996,6332812,
2004-12-10,1.2495230436325073,1.2495230436325073,1.2495230436325073,1.2495230436325073,0.6514031291007996,0,
2004-12-13,1.2571419477462769,1.2571419477462769,1.1657140254974365,1.1733330488204956,0.6116836071014404,23740237,
2004-12-14,1.1809519529342651,1.1961899995803833,1.1428569555282593,1.1428569555282593,0.5957958102226257,22282837,
2004-12-15,1.1504759788513184,1.1504759788513184,1.1200000047683716,1.1276190280914307,0.5878517627716064,20513325,
2004-12-16,1.1352380514144897,1.1733330488204956,1.0895229578018188,1.0895229578018188,0.5679916143417358,68739037,
2004-12-17,1.097141981124878,1.104761004447937,1.0285710096359253,1.0438090562820435,0.544160008430481,74682037,
2004-12-20,1.059046983718872,1.0742850303649902,0.9904760122299194,1.0133329629898071,0.5282722115516663,87669225,
2004-12-21,1.0133329629898071,1.0666660070419312,0.9980949759483337,1.0666660070419312,0.556075930595398,119432775,
2004-12-22,1.0895229578018188,1.1276190280914307,1.051427960395813,1.1276190280914307,0.5878517627716064,206082187,
2004-12-23,1.1276190280914307,1.1657140254974365,1.0819040536880493,1.0819040536880493,0.5640198588371277,196844025,
2004-12-24,1.097141981124878,1.112380027770996,1.0819040536880493,1.0895229578018188,0.5679916143417358,44967300,
2004-12-27,1.059046983718872,1.0895229578018188,1.059046983718872,1.0742850303649902,0.5600477457046509,38811937,
2004-12-28,1.0819040536880493,1.0819040536880493,1.059046983718872,1.0666660070419312,0.556075930595398,17863912,
2004-12-29,1.0742850303649902,1.104761004447937,1.0666660070419312,1.0742850303649902,0.5600477457046509,31941000,
2004-12-30,1.0819040536880493,1.104761004447937,1.0819040536880493,1.0895229578018188,0.5679916143417358,36998062,
2004-12-31,1.0895229578018188,1.0895229578018188,1.0895229578018188,1.0895229578018188,0.5679916143417358,0,
2005-01-04,1.097141981124878,1.104761004447937,1.0895229578018188,1.104761004447937,0.5759356617927551,13224487,
2005-01-05,1.112380027770996,1.1200000047683716,1.0819040536880493,1.0819040536880493,0.5640198588371277,48669075,
2005-01-06,1.104761004447937,1.1428569555282593,1.097141981124878,1.1428569555282593,0.5957958102226257,122511375,
2005-01-07,1.1428569555282593,1.1504759788513184,1.1276190280914307,1.1352380514144897,0.591823935508728,68026350,
2005-01-10,1.1352380514144897,1.1580950021743774,1.1352380514144897,1.1352380514144897,0.591823935508728,45753225,
2005-01-11,1.1428569555282593,1.1885709762573242,1.1428569555282593,1.1580950021743774,0.6037394404411316,70803600,
2005-01-12,1.1657140254974365,1.1809519529342651,1.1580950021743774,1.1657140254974365,0.6077117919921875,46235437,
2005-01-13,1.1809519529342651,1.1809519529342651,1.1428569555282593,1.1428569555282593,0.5957958102226257,50273212,
2005-01-14,1.1504759788513184,1.1580950021743774,1.1428569555282593,1.1504759788513184,0.599767804145813,10718925,
2005-01-17,1.1504759788513184,1.1657140254974365,1.1504759788513184,1.1504759788513184,0.599767804145813,25673287,
2005-01-18,1.1657140254974365,1.1657140254974365,1.1504759788513184,1.1504759788513184,0.599767804145813,15704850,
2005-01-19,1.1580950021743774,1.1733330488204956,1.1504759788513184,1.1504759788513184,0.599767804145813,22382850,
2005-01-20,1.1580950021743774,1.1733330488204956,1.1428569555282593,1.1428569555282593,0.5957958102226257,49894950,
2005-01-21,1.1504759788513184,1.1504759788513184,1.1352380514144897,1.1352380514144897,0.591823935508728,25731300,
2005-01-24,1.1352380514144897,1.1428569555282593,1.1276190280914307,1.1276190280914307,0.5878517627716064,11971312,
2005-01-25,1.1352380514144897,1.1504759788513184,1.1352380514144897,1.1428569555282593,0.5957958102226257,9304837,
2005-01-26,1.1504759788513184,1.1657140254974365,1.1352380514144897,1.1352380514144897,0.591823935508728,23246475,
2005-01-27,1.1504759788513184,1.1504759788513184,1.1428569555282593,1.1428569555282593,0.5957958102226257,9883650,
2005-01-28,1.1504759788513184,1.1961899995803833,1.1428569555282593,1.1733330488204956,0.6116836071014404,162807225,
2005-01-31,1.1809519529342651,1.2419040203094482,1.1809519529342651,1.2419040203094482,0.6474312543869019,177033937,
2005-02-01,1.2495230436325073,1.2571419477462769,1.219046950340271,1.219046950340271,0.6355153918266296,85836450,
2005-02-02,1.2342849969863892,1.2342849969863892,1.2114280462265015,1.2114280462265015,0.6315435767173767,23312887,
2005-02-03,1.219046950340271,1.22666597366333,1.2114280462265015,1.2114280462265015,0.6315435767173767,16566637,
2005-02-04,1.219046950340271,1.219046950340271,1.1809519529342651,1.1885709762573242,0.6196274161338806,32283562,
2005-02-07,1.1961899995803833,1.2038090229034424,1.1809519529342651,1.1885709762573242,0.6196274161338806,24075450,
2005-02-08,1.1885709762573242,1.2114280462265015,1.1885709762573242,1.2114280462265015,0.6315435767173767,18952237,
2005-02-09,1.2114280462265015,1.2114280462265015,1.1961899995803833,1.1961899995803833,0.6235994696617126,33703950,
2005-02-10,1.1961899995803833,1.219046950340271,1.1961899995803833,1.2038090229034424,0.6275714635848999,14272650,
2005-02-11,1.2038090229034424,1.2114280462265015,1.1885709762573242,1.1961899995803833,0.6235994696617126,12828112,
2005-02-14,1.1961899995803833,1.219046950340271,1.1961899995803833,1.1961899995803833,0.6235994696617126,26296462,
2005-02-15,1.2038090229034424,1.22666597366333,1.2038090229034424,1.219046950340271,0.6355153918266296,33365325,
2005-02-16,1.2342849969863892,1.272379994392395,1.219046950340271,1.2495230436325073,0.6514031291007996,118149937,
2005-02-17,1.2571419477462769,1.272379994392395,1.22666597366333,1.22666597366333,0.6394875049591064,57351525,
2005-02-18,1.219046950340271,1.22666597366333,1.2038090229034424,1.2114280462265015,0.6315435767173767,25745475,
2005-02-21,1.2114280462265015,1.22666597366333,1.2038090229034424,1.2038090229034424,0.6275714635848999,18671362,
2005-02-22,1.2114280462265015,1.2114280462265015,1.1809519529342651,1.1885709762573242,0.6196274161338806,16119600,
2005-02-24,1.2038090229034424,1.2038090229034424,1.1885709762573242,1.1961899995803833,0.6235994696617126,12197325,
2005-02-25,1.2038090229034424,1.219046950340271,1.1961899995803833,1.219046950340271,0.6355153918266296,22341112,
2005-02-28,1.219046950340271,1.219046950340271,1.1961899995803833,1.1961899995803833,0.6235994696617126,16029562,
2005-03-01,1.1961899995803833,1.219046950340271,1.1961899995803833,1.1961899995803833,0.6235994696617126,29203125,
2005-03-02,1.1961899995803833,1.2038090229034424,1.1504759788513184,1.1504759788513184,0.599767804145813,37959862,
2005-03-03,1.1504759788513184,1.1657140254974365,1.1428569555282593,1.1504759788513184,0.599767804145813,8434125,
2005-03-04,1.1580950021743774,1.1733330488204956,1.1580950021743774,1.1580950021743774,0.6037394404411316,6101287,
2005-03-07,1.1809519529342651,1.1885709762573242,1.1657140254974365,1.1809519529342651,0.6156556010246277,10784287,
2005-03-08,1.1809519529342651,1.1885709762573242,1.1733330488204956,1.1733330488204956,0.6116836071014404,8059537,
2005-03-09,1.1733330488204956,1.1733330488204956,1.1580950021743774,1.1580950021743774,0.6037394404411316,5695725,
2005-03-10,1.1504759788513184,1.1580950021743774,1.1504759788513184,1.1580950021743774,0.6037394404411316,6971475,
2005-03-11,1.1580950021743774,1.1580950021743774,1.1504759788513184,1.1580950021743774,0.6037394404411316,629475,
2005-03-14,1.1504759788513184,1.1504759788513184,1.1352380514144897,1.1352380514144897,0.591823935508728,10683750,
2005-03-15,1.1352380514144897,1.1504759788513184,1.1352380514144897,1.1352380514144897,0.591823935508728,3997350,
2005-03-16,1.1428569555282593,1.1428569555282593,1.1428569555282593,1.1428569555282593,0.5957958102226257,1293600,
2005-03-17,1.1428569555282593,1.1657140254974365,1.1428569555282593,1.1428569555282593,0.5957958102226257,4393725,
2005-03-18,1.1504759788513184,1.1657140254974365,1.1504759788513184,1.1504759788513184,0.599767804145813,2928975,
2005-03-21,1.1580950021743774,1.1580950021743774,1.1352380514144897,1.1352380514144897,0.591823935508728,2798250,
2005-03-22,1.1276190280914307,1.1276190280914307,1.112380027770996,1.112380027770996,0.5799076557159424,5393062,
2005-03-23,1.112380027770996,1.1200000047683716,1.104761004447937,1.112380027770996,0.5799076557159424,2369850,
2005-03-24,1.112380027770996,1.112380027770996,1.0819040536880493,1.0895229578018188,0.5679916143417358,5883150,
2005-03-25,1.097141981124878,1.097141981124878,1.0819040536880493,1.0819040536880493,0.5640198588371277,3007725,
2005-03-28,1.0819040536880493,1.104761004447937,1.0819040536880493,1.097141981124878,0.5719636678695679,1867162,
2005-03-29,1.097141981124878,1.097141981124878,1.0895229578018188,1.097141981124878,0.5719636678695679,4369312,
2005-03-30,1.0819040536880493,1.097141981124878,1.0819040536880493,1.0895229578018188,0.5679916143417358,778312,
2005-03-31,1.0895229578018188,1.097141981124878,1.0895229578018188,1.0895229578018188,0.5679916143417358,3625125,
2005-04-01,1.097141981124878,1.1200000047683716,1.097141981124878,1.104761004447937,0.5759356617927551,3047362,
2005-04-04,1.0666660070419312,1.097141981124878,1.0666660070419312,1.0895229578018188,0.5679916143417358,2812687,
2005-04-05,1.097141981124878,1.097141981124878,1.0742850303649902,1.0742850303649902,0.5600477457046509,5769225,
2005-04-07,1.0895229578018188,1.097141981124878,1.0742850303649902,1.097141981124878,0.5719636678695679,2960475,
2005-04-08,1.097141981124878,1.104761004447937,1.097141981124878,1.104761004447937,0.5759356617927551,2299762,
2005-04-11,1.112380027770996,1.112380027770996,1.097141981124878,1.097141981124878,0.5719636678695679,6530212,
2005-04-12,1.104761004447937,1.112380027770996,1.104761004447937,1.104761004447937,0.5759356617927551,1054462,
2005-04-18,1.097141981124878,1.1276190280914307,1.0895229578018188,1.0895229578018188,0.5679916143417358,2210775,
2005-04-19,1.104761004447937,1.104761004447937,1.097141981124878,1.104761004447937,0.5759356617927551,683812,
2005-04-20,1.104761004447937,1.112380027770996,1.104761004447937,1.112380027770996,0.5799076557159424,2351475,
2005-04-21,1.112380027770996,1.1200000047683716,1.112380027770996,1.112380027770996,0.5799076557159424,2388750,
2005-04-22,1.1200000047683716,1.1200000047683716,1.097141981124878,1.097141981124878,0.5719636678695679,5207212,
2005-04-25,1.097141981124878,1.097141981124878,1.0742850303649902,1.0895229578018188,0.5679916143417358,2784600,
2005-04-26,1.097141981124878,1.097141981124878,1.0742850303649902,1.0819040536880493,0.5640198588371277,2493487,
2005-04-27,1.097141981124878,1.097141981124878,1.0742850303649902,1.0819040536880493,0.5640198588371277,4832887,
2005-04-28,1.0819040536880493,1.0819040536880493,1.0666660070419312,1.0819040536880493,0.5640198588371277,586162,
2005-04-29,1.0819040536880493,1.0819040536880493,1.059046983718872,1.0819040536880493,0.5640198588371277,4716337,
2005-05-03,1.0895229578018188,1.0895229578018188,1.0666660070419312,1.0895229578018188,0.5679916143417358,2042512,
2005-05-04,1.097141981124878,1.104761004447937,1.0819040536880493,1.0895229578018188,0.5679916143417358,5073862,
2005-05-06,1.0819040536880493,1.097141981124878,1.0819040536880493,1.097141981124878,0.5719636678695679,1597575,
2005-05-09,1.0895229578018188,1.097141981124878,1.0819040536880493,1.0819040536880493,0.5640198588371277,1405687,
2005-05-10,1.0895229578018188,1.097141981124878,1.0742850303649902,1.0742850303649902,0.5600477457046509,6070575,
2005-05-11,1.0666660070419312,1.0742850303649902,1.059046983718872,1.0666660070419312,0.556075930595398,6038287,
2005-05-12,1.0666660070419312,1.1200000047683716,1.0666660070419312,1.112380027770996,0.5799076557159424,18333787,
2005-05-13,1.1200000047683716,1.1200000047683716,1.0895229578018188,1.097141981124878,0.5719636678695679,9734287,
2005-05-16,1.0895229578018188,1.1200000047683716,1.0819040536880493,1.112380027770996,0.5799076557159424,4007325,
2005-05-17,1.112380027770996,1.112380027770996,1.0742850303649902,1.0742850303649902,0.5600477457046509,4142250,
2005-05-18,1.0742850303649902,1.0895229578018188,1.0742850303649902,1.0819040536880493,0.5640198588371277,1307775,
2005-05-19,1.0895229578018188,1.104761004447937,1.0819040536880493,1.0819040536880493,0.5640198588371277,2557275,
2005-05-20,1.0819040536880493,1.0895229578018188,1.0819040536880493,1.0895229578018188,0.5679916143417358,880425,
2005-05-24,1.0742850303649902,1.0819040536880493,1.051427960395813,1.051427960395813,0.5481318831443787,2843925,
2005-05-25,1.0666660070419312,1.0742850303649902,1.059046983718872,1.059046983718872,0.5521039366722107,778050,
2005-05-26,1.0666660070419312,1.0819040536880493,1.0285710096359253,1.0819040536880493,0.5640198588371277,4240687,
2005-05-27,1.0895229578018188,1.097141981124878,1.0742850303649902,1.0742850303649902,0.5600477457046509,2907975,
2005-05-30,1.0819040536880493,1.097141981124878,1.0742850303649902,1.0742850303649902,0.5600477457046509,1670812,
2005-05-31,1.0742850303649902,1.0742850303649902,1.0666660070419312,1.0742850303649902,0.5600477457046509,1799175,
2005-06-01,1.0742850303649902,1.1200000047683716,1.0742850303649902,1.104761004447937,0.5759356617927551,13820362,
2005-06-02,1.112380027770996,1.112380027770996,1.104761004447937,1.104761004447937,0.5759356617927551,3126375,
2005-06-03,1.097141981124878,1.1200000047683716,1.097141981124878,1.104761004447937,0.5759356617927551,4344112,
2005-06-06,1.104761004447937,1.1657140254974365,1.104761004447937,1.1657140254974365,0.6077117919921875,18527250,
2005-06-07,1.1657140254974365,1.1733330488204956,1.1352380514144897,1.1504759788513184,0.599767804145813,8856750,
2005-06-08,1.1504759788513184,1.1504759788513184,1.1352380514144897,1.1352380514144897,0.591823935508728,2830275,
2005-06-09,1.1428569555282593,1.1428569555282593,1.112380027770996,1.1200000047683716,0.5838800668716431,2994075,
2005-06-10,1.1200000047683716,1.1276190280914307,1.1200000047683716,1.1200000047683716,0.5838800668716431,430500,
2005-06-13,1.1276190280914307,1.1352380514144897,1.112380027770996,1.1200000047683716,0.5838800668716431,1297275,
2005-06-14,1.1200000047683716,1.1200000047683716,1.112380027770996,1.1200000047683716,0.5838800668716431,635250,
2005-06-15,1.1200000047683716,1.1428569555282593,1.1200000047683716,1.1428569555282593,0.5957958102226257,5510662,
2005-06-16,1.1428569555282593,1.1428569555282593,1.1276190280914307,1.1352380514144897,0.591823935508728,2514487,
2005-06-17,1.1352380514144897,1.1352380514144897,1.1276190280914307,1.1352380514144897,0.591823935508728,386925,
2005-06-20,1.1276190280914307,1.1428569555282593,1.1276190280914307,1.1276190280914307,0.5878517627716064,2198437,
2005-06-21,1.1200000047683716,1.1200000047683716,1.097141981124878,1.097141981124878,0.5719636678695679,5308800,
2005-06-22,1.097141981124878,1.104761004447937,1.0819040536880493,1.0819040536880493,0.5640198588371277,4270350,
2005-06-23,1.0819040536880493,1.097141981124878,1.0819040536880493,1.0895229578018188,0.5679916143417358,2665687,
2005-06-24,1.0895229578018188,1.104761004447937,1.0895229578018188,1.097141981124878,0.5719636678695679,764925,
2005-06-27,1.104761004447937,1.104761004447937,1.0819040536880493,1.0819040536880493,0.5640198588371277,1230600,
2005-06-28,1.0895229578018188,1.097141981124878,1.0895229578018188,1.0895229578018188,0.5679916143417358,839212,
2005-06-29,1.0895229578018188,1.0895229578018188,1.0819040536880493,1.0819040536880493,0.5640198588371277,391125,
2005-06-30,1.0819040536880493,1.0895229578018188,1.0666660070419312,1.0742850303649902,0.5600477457046509,4273237,
2005-07-04,1.0666660070419312,1.0666660070419312,1.0438090562820435,1.0438090562820435,0.544160008430481,2002875,
2005-07-05,1.0438090562820435,1.059046983718872,1.0361900329589844,1.0361900329589844,0.5401881337165833,1025062,
2005-07-06,1.0361900329589844,1.051427960395813,1.0361900329589844,1.0438090562820435,0.544160008430481,1786575,
2005-07-07,1.0438090562820435,1.0438090562820435,0.9904760122299194,0.9904760122299194,0.5163564085960388,4500562,
2005-07-08,0.9904760122299194,0.9904760122299194,0.9523800015449524,0.9828569889068604,0.5123844146728516,2573025,
2005-07-11,1.0133329629898071,1.0209519863128662,0.975238025188446,0.9828569889068604,0.5123844146728516,3664762,
2005-07-12,0.9904760122299194,0.9904760122299194,0.967619001865387,0.975238025188446,0.5084125399589539,9276487,
2005-07-13,0.975238025188446,0.9828569889068604,0.975238025188446,0.975238025188446,0.5084125399589539,6284512,
2005-07-14,0.9828569889068604,0.9904760122299194,0.9828569889068604,0.9828569889068604,0.5123844146728516,6657262,
2005-07-15,0.9904760122299194,1.0057140588760376,0.9904760122299194,0.9904760122299194,0.5163564085960388,3283612,
2005-07-18,0.9904760122299194,0.9980949759483337,0.9828569889068604,0.9904760122299194,0.5163564085960388,2518162,
2005-07-19,1.0057140588760376,1.0057140588760376,0.9828569889068604,0.9828569889068604,0.5123844146728516,1649550,
2005-07-20,0.975238025188446,0.9828569889068604,0.9599999785423279,0.975238025188446,0.5084125399589539,2730787,
2005-07-21,0.975238025188446,0.9828569889068604,0.975238025188446,0.9828569889068604,0.5123844146728516,178500,
2005-07-25,0.975238025188446,0.9980949759483337,0.975238025188446,0.975238025188446,0.5084125399589539,802200,
2005-07-26,0.9828569889068604,0.9828569889068604,0.975238025188446,0.9828569889068604,0.5123844146728516,131250,
2005-07-27,0.9828569889068604,0.9904760122299194,0.9828569889068604,0.9904760122299194,0.5163564085960388,2174812,
2005-07-28,0.9904760122299194,1.0057140588760376,0.9904760122299194,0.9904760122299194,0.5163564085960388,5751375,
2005-07-29,0.9904760122299194,0.9980949759483337,0.9904760122299194,0.9904760122299194,0.5163564085960388,403987,
2005-08-01,0.9980949759483337,0.9980949759483337,0.9904760122299194,0.9904760122299194,0.5163564085960388,2224687,
2005-08-02,0.9980949759483337,0.9980949759483337,0.967619001865387,0.967619001865387,0.5044406056404114,6523650,
2005-08-03,0.975238025188446,0.975238025188446,0.967619001865387,0.975238025188446,0.5084125399589539,2048812,
2005-08-04,0.9828569889068604,0.9828569889068604,0.967619001865387,0.975238025188446,0.5084125399589539,2240175,
2005-08-05,0.967619001865387,0.9828569889068604,0.9599999785423279,0.975238025188446,0.5084125399589539,2030700,
2005-08-08,0.975238025188446,1.0133329629898071,0.975238025188446,0.9980949759483337,0.5203283429145813,5194875,
2005-08-09,0.9980949759483337,0.9980949759483337,0.9904760122299194,0.9904760122299194,0.5163564085960388,953137,
2005-08-10,0.9980949759483337,1.0133329629898071,0.9980949759483337,1.0057140588760376,0.5243003368377686,2066400,
2005-08-11,1.0133329629898071,1.0361900329589844,0.9828569889068604,0.9904760122299194,0.5163564085960388,12543825,
2005-08-15,0.9904760122299194,0.9980949759483337,0.975238025188446,0.9828569889068604,0.5123844146728516,5943000,
2005-08-16,0.9904760122299194,0.9904760122299194,0.9599999785423279,0.9599999785423279,0.5004684329032898,5392275,
2005-08-17,0.9599999785423279,0.975238025188446,0.9599999785423279,0.967619001865387,0.5044406056404114,3058912,
2005-08-18,0.9828569889068604,0.9828569889068604,0.967619001865387,0.967619001865387,0.5044406056404114,774637,
2005-08-19,0.975238025188446,0.9904760122299194,0.975238025188446,0.975238025188446,0.5084125399589539,2877787,
2005-08-22,0.937142014503479,0.9523800015449524,0.937142014503479,0.9523800015449524,0.5166787505149841,1844062,0.038095
2005-08-23,0.9599999785423279,0.967619001865387,0.9523800015449524,0.967619001865387,0.5249461531639099,3430875,
2005-08-24,0.9828569889068604,0.9828569889068604,0.9599999785423279,0.9599999785423279,0.5208126902580261,8728387,
2005-08-25,0.967619001865387,0.967619001865387,0.9599999785423279,0.9599999785423279,0.5208126902580261,996187,
2005-08-26,0.967619001865387,0.967619001865387,0.9599999785423279,0.967619001865387,0.5249461531639099,2646000,
2005-08-29,0.967619001865387,0.967619001865387,0.9523800015449524,0.9599999785423279,0.5208126902580261,2333625,
2005-08-30,0.9599999785423279,0.9828569889068604,0.9599999785423279,0.9599999785423279,0.5208126902580261,2219962,
2005-08-31,0.9599999785423279,0.9599999785423279,0.9599999785423279,0.9599999785423279,0.5208126902580261,1048687,
2005-09-01,0.967619001865387,0.975238025188446,0.967619001865387,0.967619001865387,0.5249461531639099,4107600,
2005-09-02,0.975238025188446,0.975238025188446,0.967619001865387,0.967619001865387,0.5249461531639099,3857700,
2005-09-05,0.967619001865387,0.975238025188446,0.9599999785423279,0.975238025188446,0.5290795564651489,2612137,
2005-09-06,0.9599999785423279,0.975238025188446,0.9599999785423279,0.967619001865387,0.5249461531639099,1324050,
2005-09-07,0.975238025188446,0.975238025188446,0.975238025188446,0.975238025188446,0.5290795564651489,710062,
2005-09-08,0.975238025188446,0.9828569889068604,0.975238025188446,0.9828569889068604,0.5332129001617432,1335075,
2005-09-09,0.9828569889068604,0.9828569889068604,0.975238025188446,0.975238025188446,0.5290795564651489,391125,
2005-09-12,0.975238025188446,0.975238025188446,0.967619001865387,0.975238025188446,0.5290795564651489,1260000,
2005-09-13,0.967619001865387,0.975238025188446,0.967619001865387,0.967619001865387,0.5249461531639099,2357250,
2005-09-14,0.967619001865387,0.975238025188446,0.967619001865387,0.967619001865387,0.5249461531639099,895387,
2005-09-15,0.967619001865387,1.0133329629898071,0.967619001865387,1.0057140588760376,0.5456131100654602,12641212,
2005-09-16,1.0133329629898071,1.0361900329589844,1.0057140588760376,1.0133329629898071,0.5497466325759888,4460137,
2005-09-19,1.0209519863128662,1.0209519863128662,1.0133329629898071,1.0133329629898071,0.5497466325759888,1443750,
2005-09-20,1.0057140588760376,1.0133329629898071,1.0057140588760376,1.0057140588760376,0.5456131100654602,2131237,
2005-09-21,1.0209519863128662,1.0666660070419312,1.0209519863128662,1.0438090562820435,0.5662802457809448,16881375,
2005-09-22,1.0438090562820435,1.0438090562820435,1.0285710096359253,1.0438090562820435,0.5662802457809448,1193062,
2005-09-23,1.0438090562820435,1.051427960395813,1.0361900329589844,1.0361900329589844,0.5621468424797058,1631962,
2005-09-26,1.0438090562820435,1.059046983718872,1.0361900329589844,1.059046983718872,0.5745469927787781,2490075,
2005-09-27,1.059046983718872,1.059046983718872,1.0438090562820435,1.059046983718872,0.5745469927787781,664125,
2005-09-28,1.051427960395813,1.059046983718872,1.0361900329589844,1.051427960395813,0.5704135894775391,1732500,
2005-09-29,1.0438090562820435,1.0438090562820435,1.0361900329589844,1.0438090562820435,0.5662802457809448,585375,
2005-09-30,1.059046983718872,1.0666660070419312,1.051427960395813,1.051427960395813,0.5704135894775391,3797062,
2005-10-03,1.0438090562820435,1.059046983718872,1.0438090562820435,1.0438090562820435,0.5662802457809448,157762,
2005-10-04,1.051427960395813,1.059046983718872,1.0438090562820435,1.051427960395813,0.5704135894775391,396375,
2005-10-05,1.0438090562820435,1.051427960395813,1.0361900329589844,1.0438090562820435,0.5662802457809448,783562,
2005-10-06,1.0438090562820435,1.0895229578018188,1.0361900329589844,1.051427960395813,0.5704135894775391,15166987,
2005-10-07,1.059046983718872,1.112380027770996,1.051427960395813,1.112380027770996,0.6034809350967407,40598775,
2005-10-10,1.112380027770996,1.112380027770996,1.0666660070419312,1.0742850303649902,0.5828137993812561,13155712,
2005-10-11,1.0742850303649902,1.0819040536880493,1.0666660070419312,1.0666660070419312,0.5786805152893066,1462125,
2005-10-12,1.0742850303649902,1.097141981124878,1.0438090562820435,1.0438090562820435,0.5662802457809448,5277562,
2005-10-13,1.051427960395813,1.059046983718872,1.051427960395813,1.051427960395813,0.5704135894775391,992250,
2005-10-14,1.051427960395813,1.0742850303649902,1.051427960395813,1.051427960395813,0.5704135894775391,2559637,
2005-10-17,1.059046983718872,1.0666660070419312,1.051427960395813,1.051427960395813,0.5704135894775391,2753625,
2005-10-18,1.059046983718872,1.0666660070419312,1.059046983718872,1.059046983718872,0.5745469927787781,2134125,
2005-10-19,1.059046983718872,1.059046983718872,1.051427960395813,1.051427960395813,0.5704135894775391,2031750,
2005-10-20,1.059046983718872,1.059046983718872,1.059046983718872,1.059046983718872,0.5745469927787781,1563450,
2005-10-21,1.059046983718872,1.0666660070419312,1.059046983718872,1.059046983718872,0.5745469927787781,4026750,
2005-10-25,1.059046983718872,1.059046983718872,1.051427960395813,1.051427960395813,0.5704135894775391,1281000,
2005-10-26,1.059046983718872,1.0666660070419312,1.059046983718872,1.059046983718872,0.5745469927787781,1070737,
2005-10-27,1.0666660070419312,1.0742850303649902,1.0666660070419312,1.0666660070419312,0.5786805152893066,2528925,
2005-10-28,1.0666660070419312,1.0895229578018188,1.0666660070419312,1.0666660070419312,0.5786805152893066,2440462,
2005-10-31,1.0819040536880493,1.0819040536880493,1.0666660070419312,1.0666660070419312,0.5786805152893066,526312,
2005-11-01,1.0742850303649902,1.0819040536880493,1.0742850303649902,1.0742850303649902,0.5828137993812561,1756912,
2005-11-02,1.0819040536880493,1.1276190280914307,1.0819040536880493,1.112380027770996,0.6034809350967407,15970762,
2005-11-03,1.1200000047683716,1.1200000047683716,1.0895229578018188,1.0895229578018188,0.5910806059837341,2470650,
2005-11-04,1.0895229578018188,1.0895229578018188,1.0819040536880493,1.0819040536880493,0.5869473218917847,1812825,
2005-11-07,1.0819040536880493,1.0819040536880493,1.0666660070419312,1.0742850303649902,0.5828137993812561,2200537,
2005-11-08,1.0819040536880493,1.0819040536880493,1.0666660070419312,1.0819040536880493,0.5869473218917847,713737,
2005-11-09,1.0666660070419312,1.0819040536880493,1.0666660070419312,1.0742850303649902,0.5828137993812561,220500,
2005-11-10,1.0819040536880493,1.0895229578018188,1.0742850303649902,1.0742850303649902,0.5828137993812561,908250,
2005-11-11,1.0819040536880493,1.0819040536880493,1.059046983718872,1.059046983718872,0.5745469927787781,1446375,
2005-11-14,1.0666660070419312,1.0666660070419312,1.051427960395813,1.059046983718872,0.5745469927787781,2475637,
2005-11-15,1.059046983718872,1.0666660070419312,1.0438090562820435,1.0438090562820435,0.5662802457809448,8071612,
2005-11-16,1.0361900329589844,1.0438090562820435,1.0209519863128662,1.0209519863128662,0.5538799166679382,5251312,
2005-11-17,1.0285710096359253,1.0285710096359253,1.0209519863128662,1.0285710096359253,0.558013379573822,6684825,
2005-11-18,1.0285710096359253,1.0285710096359253,1.0133329629898071,1.0209519863128662,0.5538799166679382,4367212,
2005-11-21,1.0209519863128662,1.0209519863128662,1.0133329629898071,1.0209519863128662,0.5538799166679382,5718037,
2005-11-22,1.0209519863128662,1.0209519863128662,1.0133329629898071,1.0209519863128662,0.5538799166679382,2205000,
2005-11-23,1.0209519863128662,1.0209519863128662,1.0133329629898071,1.0209519863128662,0.5538799166679382,8314425,
2005-11-24,1.0133329629898071,1.0209519863128662,1.0133329629898071,1.0133329629898071,0.5497466325759888,1789462,
2005-11-25,1.0133329629898071,1.0133329629898071,1.0133329629898071,1.0133329629898071,0.5497466325759888,1535625,
2005-11-28,1.0133329629898071,1.0133329629898071,1.0057140588760376,1.0133329629898071,0.5497466325759888,3809925,
2005-11-29,1.0057140588760376,1.0209519863128662,1.0057140588760376,1.0057140588760376,0.5456131100654602,6627862,
2005-11-30,1.0057140588760376,1.0133329629898071,1.0057140588760376,1.0133329629898071,0.5497466325759888,633937,
2005-12-01,1.0133329629898071,1.0133329629898071,0.9980949759483337,1.0057140588760376,0.5456131100654602,11402737,
2005-12-02,0.9980949759483337,1.0057140588760376,0.9904760122299194,0.9904760122299194,0.5373464822769165,3241350,
2005-12-06,0.9980949759483337,1.0133329629898071,0.9980949759483337,1.0057140588760376,0.5456131100654602,205800,
2005-12-07,1.0057140588760376,1.0209519863128662,1.0057140588760376,1.0133329629898071,0.5497466325759888,2281125,
2005-12-08,1.0057140588760376,1.0057140588760376,1.0057140588760376,1.0057140588760376,0.5456131100654602,6872250,
2005-12-09,1.0133329629898071,1.0285710096359253,1.0057140588760376,1.0285710096359253,0.558013379573822,683812,
2005-12-13,1.0285710096359253,1.0285710096359253,1.0209519863128662,1.0209519863128662,0.5538799166679382,430762,
2005-12-14,1.0133329629898071,1.0133329629898071,1.0057140588760376,1.0057140588760376,0.5456131100654602,1014562,
2005-12-15,1.0057140588760376,1.0057140588760376,0.9828569889068604,0.9904760122299194,0.5373464822769165,3453975,
2005-12-16,1.0133329629898071,1.0133329629898071,0.9904760122299194,0.9980949759483337,0.5414797067642212,1098037,
2005-12-19,0.9980949759483337,0.9980949759483337,0.9980949759483337,0.9980949759483337,0.5414797067642212,2625,
2005-12-20,0.9980949759483337,0.9980949759483337,0.9828569889068604,0.9980949759483337,0.5414797067642212,924525,
2005-12-21,0.9980949759483337,0.9980949759483337,0.9904760122299194,0.9904760122299194,0.5373464822769165,413437,
2005-12-22,0.9904760122299194,1.0209519863128662,0.9904760122299194,1.0209519863128662,0.5538799166679382,751275,
2005-12-23,0.9980949759483337,1.0133329629898071,0.9980949759483337,1.0057140588760376,0.5456131100654602,1529325,
2005-12-26,1.0133329629898071,1.0133329629898071,1.0057140588760376,1.0057140588760376,0.5456131100654602,649950,
2005-12-27,1.0057140588760376,1.0057140588760376,1.0057140588760376,1.0057140588760376,0.5456131100654602,1391775,
2005-12-28,0.9980949759483337,1.0133329629898071,0.9980949759483337,0.9980949759483337,0.5414797067642212,1338750,
2005-12-29,1.0057140588760376,1.0209519863128662,1.0057140588760376,1.0209519863128662,0.5538799166679382,5039737,
2005-12-30,1.0133329629898071,1.051427960395813,1.0133329629898071,1.0209519863128662,0.5538799166679382,4369312,
2006-01-03,1.0209519863128662,1.0285710096359253,1.0133329629898071,1.0209519863128662,0.5538799166679382,883312,
2006-01-04,1.0209519863128662,1.0285710096359253,1.0133329629898071,1.0209519863128662,0.5538799166679382,5965575,
2006-01-05,1.0285710096359253,1.059046983718872,1.0285710096359253,1.0438090562820435,0.5662802457809448,15663900,
2006-01-06,1.059046983718872,1.0666660070419312,1.0361900329589844,1.0361900329589844,0.5621468424797058,7300912,
2006-01-09,1.0438090562820435,1.059046983718872,1.0438090562820435,1.059046983718872,0.5745469927787781,1879500,
2006-01-10,1.051427960395813,1.051427960395813,1.0361900329589844,1.0361900329589844,0.5621468424797058,5835112,
2006-01-11,1.0361900329589844,1.0438090562820435,1.0361900329589844,1.0361900329589844,0.5621468424797058,1587075,
2006-01-12,1.0438090562820435,1.051427960395813,1.0133329629898071,1.0209519863128662,0.5538799166679382,4301587,
2006-01-13,1.0209519863128662,1.051427960395813,1.0209519863128662,1.0285710096359253,0.558013379573822,2778825,
2006-01-16,1.0285710096359253,1.0361900329589844,1.0285710096359253,1.0285710096359253,0.558013379573822,853125,
2006-01-17,1.0285710096359253,1.0285710096359253,1.0209519863128662,1.0209519863128662,0.5538799166679382,728437,
2006-01-18,1.0285710096359253,1.0438090562820435,1.0057140588760376,1.0057140588760376,0.5456131100654602,3378637,
2006-01-19,1.0285710096359253,1.0438090562820435,1.0209519863128662,1.0361900329589844,0.5621468424797058,1174950,
2006-01-20,1.0285710096359253,1.0361900329589844,1.0209519863128662,1.0209519863128662,0.5538799166679382,1342425,
2006-01-23,1.0209519863128662,1.0285710096359253,1.0209519863128662,1.0285710096359253,0.558013379573822,28875,
2006-01-24,1.0361900329589844,1.097141981124878,1.0361900329589844,1.0742850303649902,0.5828137993812561,14109637,
2006-01-25,1.0742850303649902,1.1428569555282593,1.0742850303649902,1.1200000047683716,0.6076149940490723,20782650,
2006-01-26,1.1352380514144897,1.2114280462265015,1.1352380514144897,1.1809519529342651,0.6406819224357605,76158337,
2006-01-27,1.1961899995803833,1.2419040203094482,1.1733330488204956,1.219046950340271,0.6613492965698242,64379962,
2006-01-30,1.219046950340271,1.219046950340271,1.1580950021743774,1.1809519529342651,0.6406819224357605,25692975,
2006-01-31,1.1809519529342651,1.2038090229034424,1.1657140254974365,1.1809519529342651,0.6406819224357605,12435150,
2006-02-01,1.1809519529342651,1.2342849969863892,1.1809519529342651,1.2114280462265015,0.6572158336639404,35215425,
2006-02-02,1.219046950340271,1.219046950340271,1.1809519529342651,1.1961899995803833,0.6489487886428833,26422987,
2006-02-03,1.1801899671554565,1.2099039554595947,1.1699039936065674,1.2000000476837158,0.6510158181190491,26420,
2006-02-06,1.2038090229034424,1.2571419477462769,1.1961899995803833,1.2419040203094482,0.6737492084503174,52086562,
2006-02-07,1.2571419477462769,1.264760971069336,1.2342849969863892,1.2419040203094482,0.6737492084503174,19140450,
2006-02-08,1.2419040203094482,1.3561899662017822,1.2419040203094482,1.3333330154418945,0.7233507633209229,65239387,
2006-02-09,1.3485709428787231,1.3485709428787231,1.2952380180358887,1.3104759454727173,0.7109504342079163,37475025,
2006-02-10,1.3180949687957764,1.432379961013794,1.3104759454727173,1.4171420335769653,0.7688181400299072,106407525,
2006-02-13,1.4171420335769653,1.4171420335769653,1.4171420335769653,1.4171420335769653,0.7688181400299072,0,
2006-02-14,1.3866660594940186,1.394284963607788,1.3561899662017822,1.3790470361709595,0.7481511235237122,34791750,
2006-02-15,1.394284963607788,1.4247610569000244,1.3180949687957764,1.3180949687957764,0.7150840163230896,48943125,
2006-02-16,1.3180949687957764,1.3714280128479004,1.272379994392395,1.3485709428787231,0.7316175699234009,74267025,
2006-02-17,1.3485709428787231,1.3714280128479004,1.3104759454727173,1.3257139921188354,0.7192174196243286,21642862,
2006-02-20,1.3104759454727173,1.3104759454727173,1.2876189947128296,1.2952380180358887,0.7026837468147278,16723350,
2006-02-21,1.2952380180358887,1.3333330154418945,1.2876189947128296,1.2876189947128296,0.6985504031181335,4140937,
2006-02-22,1.2876189947128296,1.3104759454727173,1.2342849969863892,1.2571419477462769,0.6820161938667297,20566350,
2006-02-23,1.2571419477462769,1.272379994392395,1.2571419477462769,1.2571419477462769,0.6820161938667297,5617237,
2006-02-24,1.2571419477462769,1.2952380180358887,1.22666597366333,1.264760971069336,0.6861496567726135,27526275,
2006-02-27,1.272379994392395,1.2799999713897705,1.2571419477462769,1.272379994392395,0.6902830600738525,8925000,
2006-02-28,1.2799999713897705,1.3180949687957764,1.272379994392395,1.3028570413589478,0.7068173289299011,30805687,
2006-03-01,1.3180949687957764,1.3257139921188354,1.2952380180358887,1.2952380180358887,0.7026837468147278,17916412,
2006-03-02,1.2876189947128296,1.3104759454727173,1.2876189947128296,1.3028570413589478,0.7068173289299011,5468137,
2006-03-03,1.3028570413589478,1.3409520387649536,1.3028570413589478,1.3409520387649536,0.7274843454360962,20484712,
2006-03-06,1.3561899662017822,1.3714280128479004,1.3333330154418945,1.3333330154418945,0.7233507633209229,18061312,
2006-03-07,1.3409520387649536,1.3409520387649536,1.3180949687957764,1.3180949687957764,0.7150840163230896,7685737,
2006-03-08,1.3104759454727173,1.3104759454727173,1.2952380180358887,1.3028570413589478,0.7068173289299011,4639425,
2006-03-09,1.2952380180358887,1.3180949687957764,1.2952380180358887,1.2952380180358887,0.7026837468147278,3347400,
2006-03-10,1.3028570413589478,1.3561899662017822,1.3028570413589478,1.3485709428787231,0.7316175699234009,16640925,
2006-03-13,1.3485709428787231,1.3485709428787231,1.3333330154418945,1.3409520387649536,0.7274843454360962,4802437,
2006-03-14,1.3485709428787231,1.394284963607788,1.3485709428787231,1.394284963607788,0.756417989730835,29726025,
2006-03-15,1.4095230102539062,1.432379961013794,1.3866660594940186,1.3866660594940186,0.7522847652435303,29485312,
2006-03-16,1.394284963607788,1.4476189613342285,1.394284963607788,1.432379961013794,0.7770851850509644,36606937,
2006-03-17,1.440000057220459,1.4933329820632935,1.440000057220459,1.4857139587402344,0.8060196042060852,54841762,
2006-03-20,1.4857139587402344,1.4857139587402344,1.4552379846572876,1.4780950546264648,0.8018860220909119,14101500,
2006-03-21,1.4780950546264648,1.4933329820632935,1.4628570079803467,1.4628570079803467,0.7936192154884338,13527150,
2006-03-22,1.4704760313034058,1.4704760313034058,1.432379961013794,1.440000057220459,0.7812193036079407,12508125,
2006-03-23,1.440000057220459,1.4552379846572876,1.440000057220459,1.4476189613342285,0.7853522896766663,7645050,
2006-03-24,1.4552379846572876,1.5009520053863525,1.4552379846572876,1.4628570079803467,0.7936192154884338,21971,
2006-03-27,1.4780950546264648,1.4780950546264648,1.4628570079803467,1.4704760313034058,0.7977527976036072,6708187,
2006-03-28,1.4704760313034058,1.5009520053863525,1.4628570079803467,1.4857139587402344,0.8060196042060852,38783850,
2006-03-29,1.4933329820632935,1.4933329820632935,1.4628570079803467,1.4704760313034058,0.7977527976036072,13945837,
2006-03-30,1.4704760313034058,1.5085710287094116,1.4704760313034058,1.5085710287094116,0.8184196949005127,18328537,
2006-03-31,1.4933329820632935,1.5314279794692993,1.4933329820632935,1.5238089561462402,0.8266868591308594,29735212,
2006-04-03,1.5390470027923584,1.561903953552246,1.5161900520324707,1.5542850494384766,0.8432201147079468,32556825,
2006-04-04,1.5314279794692993,1.561903953552246,1.5238089561462402,1.5542850494384766,0.864406406879425,19118662,0.038095
2006-04-05,1.5771420001983643,1.5771420001983643,1.5466660261154175,1.5466660261154175,0.8601692318916321,23801925,
2006-04-06,1.5466660261154175,1.5466660261154175,1.5466660261154175,1.5466660261154175,0.8601692318916321,0,
2006-04-07,1.561903953552246,1.5771420001983643,1.5390470027923584,1.5542850494384766,0.864406406879425,19344150,
2006-04-10,1.5542850494384766,1.5542850494384766,1.5390470027923584,1.5466660261154175,0.8601692318916321,7324800,
2006-04-11,1.5390470027923584,1.5542850494384766,1.5314279794692993,1.5466660261154175,0.8601692318916321,3932512,
2006-04-12,1.5466660261154175,1.607619047164917,1.5466660261154175,1.607619047164917,0.8940678834915161,20654287,
2006-04-13,1.607619047164917,1.607619047164917,1.607619047164917,1.607619047164917,0.8940678834915161,0,
2006-04-14,1.607619047164917,1.607619047164917,1.607619047164917,1.607619047164917,0.8940678834915161,0,
2006-04-17,1.600000023841858,1.6838090419769287,1.5847610235214233,1.6685709953308105,0.9279661774635315,32745825,
2006-04-18,1.6685709953308105,1.6914279460906982,1.6457140445709229,1.6533329486846924,0.9194914698600769,17730825,
2006-04-19,1.6533329486846924,1.6533329486846924,1.6533329486846924,1.6533329486846924,0.9194914698600769,0,
2006-04-20,1.6380950212478638,1.6990469694137573,1.6380950212478638,1.6914279460906982,0.9406776428222656,16997662,
2006-04-21,1.6914279460906982,1.7371419668197632,1.6914279460906982,1.7066659927368164,0.949152410030365,26266800,
2006-04-24,1.7066659927368164,1.729522943496704,1.6761900186538696,1.6914279460906982,0.9406776428222656,36814050,
2006-04-25,1.6914279460906982,1.7142850160598755,1.6838090419769287,1.7066659927368164,0.949152410030365,12471637,
2006-04-26,1.7142850160598755,1.7599999904632568,1.7142850160598755,1.7523800134658813,0.9745756387710571,22878975,
2006-04-27,1.7523800134658813,1.8361899852752686,1.7447609901428223,1.8361899852752686,1.021186113357544,35381587,
2006-04-28,1.8438090085983276,1.9047609567642212,1.8133330345153809,1.8666659593582153,1.0381354093551636,51484650,
2006-05-01,1.8666659593582153,1.8666659593582153,1.8666659593582153,1.8666659593582153,1.0381354093551636,0,
2006-05-02,1.9047609567642212,2.0761899948120117,1.8971420526504517,2.038094997406006,1.1334744691848755,51118200,
2006-05-03,2.0761899948120117,2.1142849922180176,1.9619040489196777,2.038094997406006,1.1334744691848755,30084075,
2006-05-04,2.038094997406006,2.0761899948120117,2.0,2.0190470218658447,1.122881293296814,10476900,
2006-05-05,2.0190470218658447,2.0190470218658447,2.0190470218658447,2.0190470218658447,1.122881293296814,0,
2006-05-08,2.038094997406006,2.0761899948120117,2.038094997406006,2.038094997406006,1.1334744691848755,8101012,
2006-05-09,2.038094997406006,2.095237970352173,2.0190470218658447,2.038094997406006,1.1334744691848755,23156437,
2006-05-10,2.0571420192718506,2.0761899948120117,2.0,2.0190470218658447,1.122881293296814,13168575,
2006-05-11,2.038094997406006,2.038094997406006,2.0,2.0190470218658447,1.122881293296814,18966150,
2006-05-12,2.0190470218658447,2.0190470218658447,2.0190470218658447,2.0190470218658447,1.122881293296814,0,
2006-05-15,2.0190470218658447,2.038094997406006,1.9619040489196777,2.038094997406006,1.1334744691848755,13417162,
2006-05-16,2.0571420192718506,2.2285709381103516,2.0571420192718506,2.1714279651641846,1.2076269388198853,64423012,
2006-05-17,2.1904759407043457,2.1904759407043457,2.1333329677581787,2.1523799896240234,1.197033405303955,14106487,
2006-05-18,2.1142849922180176,2.1333329677581787,2.0190470218658447,2.038094997406006,1.1334744691848755,23369325,
2006-05-19,2.038094997406006,2.0761899948120117,2.038094997406006,2.0571420192718506,1.144067406654358,11798850,
2006-05-22,2.0571420192718506,2.0571420192718506,1.8666659593582153,1.8971420526504517,1.0550847053527832,37553775,
2006-05-23,1.8742849826812744,1.9809520244598389,1.8438090085983276,1.9809520244598389,1.101694941520691,32574150,
2006-05-24,2.0190470218658447,2.0190470218658447,1.8971420526504517,1.942857027053833,1.0805085897445679,33898462,
2006-05-25,1.9047609567642212,1.9238090515136719,1.8895230293273926,1.9047609567642212,1.059321641921997,15976012,
2006-05-26,1.942857027053833,1.9619040489196777,1.9047609567642212,1.942857027053833,1.0805085897445679,14651700,
2006-05-29,1.9619040489196777,2.0,1.9238090515136719,2.0,1.112288236618042,14961450,
2006-05-30,2.0190470218658447,2.095237970352173,2.0,2.0761899948120117,1.154660701751709,25848375,
2006-05-31,2.038094997406006,2.1523799896240234,2.038094997406006,2.1142849922180176,1.175847053527832,24592312,
2006-06-01,2.1333329677581787,2.2095229625701904,2.1333329677581787,2.1714279651641846,1.2076269388198853,18338250,
2006-06-02,2.2095229625701904,2.2666659355163574,2.1714279651641846,2.1904759407043457,1.2182204723358154,36076425,
2006-06-05,2.1904759407043457,2.1904759407043457,2.0761899948120117,2.1142849922180176,1.175847053527832,12915525,
2006-06-06,2.0761899948120117,2.095237970352173,2.0190470218658447,2.0571420192718506,1.144067406654358,29780362,
2006-06-07,2.0571420192718506,2.0761899948120117,1.9809520244598389,2.0761899948120117,1.154660701751709,20931750,
2006-06-08,2.038094997406006,2.0761899948120117,2.0190470218658447,2.038094997406006,1.1334744691848755,8595562,
2006-06-09,2.0571420192718506,2.0761899948120117,2.038094997406006,2.038094997406006,1.1334744691848755,5808862,
2006-06-12,2.038094997406006,2.038094997406006,2.038094997406006,2.038094997406006,1.1334744691848755,0,
2006-06-13,2.038094997406006,2.038094997406006,2.038094997406006,2.038094997406006,1.1334744691848755,0,
2006-06-14,2.0,2.0,1.942857027053833,1.9619040489196777,1.091101884841919,18404137,
2006-06-15,2.0,2.0190470218658447,1.9619040489196777,1.9809520244598389,1.101694941520691,9752925,
2006-06-16,2.0190470218658447,2.038094997406006,2.0,2.0190470218658447,1.122881293296814,11657625,
2006-06-19,2.0,2.0761899948120117,1.9809520244598389,2.0190470218658447,1.122881293296814,13315575,
2006-06-20,2.038094997406006,2.038094997406006,2.0,2.038094997406006,1.1334744691848755,10910812,
2006-06-21,2.0571420192718506,2.0761899948120117,2.038094997406006,2.0571420192718506,1.144067406654358,8795325,
2006-06-22,2.0761899948120117,2.095237970352173,2.038094997406006,2.038094997406006,1.1334744691848755,8802150,
2006-06-23,2.038094997406006,2.0571420192718506,2.038094997406006,2.038094997406006,1.1334744691848755,3004837,
2006-06-26,2.038094997406006,2.0761899948120117,2.038094997406006,2.0761899948120117,1.154660701751709,3812812,
2006-06-27,2.0761899948120117,2.095237970352173,2.038094997406006,2.038094997406006,1.1334744691848755,7888650,
2006-06-28,2.038094997406006,2.095237970352173,2.038094997406006,2.0761899948120117,1.154660701751709,11111625,
2006-06-29,2.095237970352173,2.095237970352173,2.0761899948120117,2.095237970352173,1.16525399684906,3248175,
2006-06-30,2.1142849922180176,2.1142849922180176,2.0761899948120117,2.0761899948120117,1.154660701751709,11042325,
2006-07-03,2.0761899948120117,2.0761899948120117,2.0761899948120117,2.0761899948120117,1.154660701751709,3101962,
2006-07-04,2.095237970352173,2.1523799896240234,2.095237970352173,2.1333329677581787,1.1864404678344727,19735537,
2006-07-05,2.1333329677581787,2.1714279651641846,2.1142849922180176,2.1142849922180176,1.175847053527832,13287750,
2006-07-06,2.095237970352173,2.1333329677581787,2.0761899948120117,2.1333329677581787,1.1864404678344727,5104837,
2006-07-07,2.1333329677581787,2.1523799896240234,2.1142849922180176,2.1142849922180176,1.175847053527832,3316687,
2006-07-10,2.095237970352173,2.095237970352173,2.095237970352173,2.095237970352173,1.16525399684906,5390700,
2006-07-11,2.095237970352173,2.095237970352173,2.095237970352173,2.095237970352173,1.16525399684906,0,
2006-07-12,2.095237970352173,2.1523799896240234,2.095237970352173,2.1142849922180176,1.175847053527832,5460787,
2006-07-13,2.1333329677581787,2.1904759407043457,2.0761899948120117,2.095237970352173,1.16525399684906,16522012,
2006-07-14,2.0571420192718506,2.095237970352173,2.0190470218658447,2.0761899948120117,1.154660701751709,12896887,
2006-07-17,2.038094997406006,2.095237970352173,2.038094997406006,2.0571420192718506,1.144067406654358,7934850,
2006-07-18,2.0761899948120117,2.095237970352173,2.0571420192718506,2.0761899948120117,1.154660701751709,3922800,
2006-07-19,2.095237970352173,2.1333329677581787,2.0761899948120117,2.1142849922180176,1.175847053527832,7366012,
2006-07-20,2.1333329677581787,2.1333329677581787,2.095237970352173,2.095237970352173,1.16525399684906,1748250,
2006-07-21,2.095237970352173,2.1333329677581787,2.095237970352173,2.1142849922180176,1.175847053527832,2531287,
2006-07-24,2.1142849922180176,2.1142849922180176,2.095237970352173,2.095237970352173,1.16525399684906,1583925,
2006-07-25,2.1142849922180176,2.2476189136505127,2.1142849922180176,2.1714279651641846,1.2076269388198853,30581250,
2006-07-26,2.2095229625701904,2.2285709381103516,2.1714279651641846,2.2095229625701904,1.2288132905960083,4231500,
2006-07-27,2.2095229625701904,2.3428568840026855,2.2095229625701904,2.3238089084625244,1.2923728227615356,28558425,
2006-07-28,2.3428568840026855,2.4190471172332764,2.2857139110565186,2.3809518814086914,1.3241523504257202,18318300,
2006-07-31,2.4000000953674316,2.4000000953674316,2.3047609329223633,2.3238089084625244,1.2923728227615356,6455137,
2006-08-01,2.3238089084625244,2.3428568840026855,2.2666659355163574,2.3047609329223633,1.2817796468734741,8176875,
2006-08-02,2.3047609329223633,2.3238089084625244,2.3047609329223633,2.3238089084625244,1.2923728227615356,3045787,
2006-08-03,2.3238089084625244,2.3428568840026855,2.2095229625701904,2.2476189136505127,1.25,21548887,
2006-08-04,2.2285709381103516,2.2476189136505127,2.1904759407043457,2.2476189136505127,1.25,6615525,
2006-08-07,2.2476189136505127,2.2666659355163574,2.2285709381103516,2.2476189136505127,1.25,3572625,
2006-08-08,2.2666659355163574,2.3047609329223633,2.2666659355163574,2.2857139110565186,1.271186351776123,5264962,
2006-08-09,2.2857139110565186,2.2857139110565186,2.2666659355163574,2.2857139110565186,1.271186351776123,1302000,
2006-08-10,2.2857139110565186,2.3238089084625244,2.2476189136505127,2.2666659355163574,1.2605929374694824,9992587,
2006-08-11,2.3047609329223633,2.3428568840026855,2.3047609329223633,2.3238089084625244,1.2923728227615356,6010987,
2006-08-14,2.3238089084625244,2.3238089084625244,2.3238089084625244,2.3238089084625244,1.2923728227615356,0,
2006-08-15,2.3428568840026855,2.3619039058685303,2.3047609329223633,2.3428568840026855,1.3029659986495972,7045500,
2006-08-16,2.3428568840026855,2.4000000953674316,2.3428568840026855,2.3809518814086914,1.3241523504257202,6380850,
2006-08-17,2.3809518814086914,2.4000000953674316,2.3428568840026855,2.3428568840026855,1.3029659986495972,3888937,
2006-08-18,2.3428568840026855,2.3428568840026855,2.3238089084625244,2.3428568840026855,1.3029659986495972,6149062,
2006-08-21,2.3047609329223633,2.3238089084625244,2.3047609329223633,2.3047609329223633,1.3029658794403076,1672387,0.038095
2006-08-22,2.3047609329223633,2.3238089084625244,2.3047609329223633,2.3047609329223633,1.3029658794403076,2313937,
2006-08-23,2.3047609329223633,2.3238089084625244,2.2857139110565186,2.2857139110565186,1.2921977043151855,1307512,
2006-08-24,2.2857139110565186,2.2857139110565186,2.2285709381103516,2.2666659355163574,1.2814292907714844,6183712,
2006-08-25,2.2476189136505127,2.3047609329223633,2.2285709381103516,2.2476189136505127,1.2706611156463623,2167200,
2006-08-28,2.2857139110565186,2.2857139110565186,2.2476189136505127,2.2857139110565186,1.2921977043151855,1271025,
2006-08-29,2.2857139110565186,2.3047609329223633,2.2476189136505127,2.2476189136505127,1.2706611156463623,4049587,
2006-08-30,2.2666659355163574,2.2666659355163574,2.2476189136505127,2.2476189136505127,1.2706611156463623,795900,
2006-08-31,2.2666659355163574,2.2857139110565186,2.2666659355163574,2.2666659355163574,1.2814292907714844,1488112,
2006-09-01,2.2857139110565186,2.3047609329223633,2.2857139110565186,2.3047609329223633,1.3029658794403076,958650,
2006-09-04,2.3047609329223633,2.3619039058685303,2.3047609329223633,2.3619039058685303,1.3352707624435425,8039850,
2006-09-05,2.3809518814086914,2.4380950927734375,2.3809518814086914,2.4380950927734375,1.378345012664795,9699637,
2006-09-06,2.4380950927734375,2.4380950927734375,2.4000000953674316,2.4000000953674316,1.3568075895309448,2270362,
2006-09-07,2.4000000953674316,2.4190471172332764,2.3619039058685303,2.4000000953674316,1.3568075895309448,4075837,
2006-09-08,2.4000000953674316,2.4380950927734375,2.3809518814086914,2.4000000953674316,1.3568075895309448,6020437,
2006-09-11,2.4190471172332764,2.4380950927734375,2.4000000953674316,2.4190471172332764,1.367576003074646,3410662,
2006-09-12,2.4190471172332764,2.4190471172332764,2.4000000953674316,2.4000000953674316,1.3568075895309448,499800,
2006-09-13,2.4190471172332764,2.4380950927734375,2.3809518814086914,2.4380950927734375,1.378345012664795,3473662,
2006-09-14,2.4380950927734375,2.4380950927734375,2.4000000953674316,2.4190471172332764,1.367576003074646,2957587,
2006-09-15,2.4380950927734375,2.4380950927734375,2.4190471172332764,2.4380950927734375,1.378345012664795,1345575,
2006-09-18,2.4190471172332764,2.4571421146392822,2.4190471172332764,2.4380950927734375,1.378345012664795,1741162,
2006-09-19,2.4380950927734375,2.552380084991455,2.4380950927734375,2.514285087585449,1.4214173555374146,11787037,
2006-09-20,2.514285087585449,2.514285087585449,2.514285087585449,2.514285087585449,1.4214173555374146,0,
2006-09-21,2.4000000953674316,2.552380084991455,2.4000000953674316,2.4952380657196045,1.4106494188308716,9020287,
2006-09-22,2.5333330631256104,2.5333330631256104,2.4571421146392822,2.514285087585449,1.4214173555374146,6567225,
2006-09-25,2.514285087585449,2.552380084991455,2.514285087585449,2.514285087585449,1.4214173555374146,904050,
2006-09-26,2.552380084991455,2.704761028289795,2.552380084991455,2.704761028289795,1.5291006565093994,12568500,
2006-09-27,2.723809003829956,2.876189947128296,2.704761028289795,2.83809494972229,1.6044785976409912,15333412,
2006-09-28,2.83809494972229,2.83809494972229,2.609523057937622,2.704761028289795,1.5291006565093994,17547862,
2006-09-29,2.740190029144287,2.740190029144287,2.689903974533081,2.7001900672912598,1.5265157222747803,17545,
2006-10-02,2.704761028289795,2.780951976776123,2.704761028289795,2.761904001235962,1.5614055395126343,2918212,
2006-10-03,2.761904001235962,2.780951976776123,2.723809003829956,2.723809003829956,1.5398691892623901,14950687,
2006-10-04,2.761904001235962,2.761904001235962,2.742856979370117,2.761904001235962,1.5614055395126343,8217562,
2006-10-05,2.780951976776123,2.780951976776123,2.761904001235962,2.761904001235962,1.5614055395126343,3699937,
2006-10-06,2.759999990463257,2.889904022216797,2.759999990463257,2.8399999141693115,1.6055556535720825,8400,
2006-10-09,2.8399999141693115,2.889904022216797,2.820189952850342,2.860189914703369,1.616970181465149,4276,
2006-10-10,2.889904022216797,2.889904022216797,2.8399999141693115,2.8399999141693115,1.6055556535720825,1842,
2006-10-11,2.83809494972229,2.8571419715881348,2.799999952316284,2.819046974182129,1.5937100648880005,2422875,
2006-10-12,2.819046974182129,2.8571419715881348,2.819046974182129,2.83809494972229,1.6044785976409912,2574337,
2006-10-13,2.83809494972229,2.83809494972229,2.780951976776123,2.780951976776123,1.572174072265625,5188050,
2006-10-16,2.761904001235962,2.819046974182129,2.761904001235962,2.780951976776123,1.572174072265625,2088975,
2006-10-17,2.780951976776123,2.799999952316284,2.761904001235962,2.780951976776123,1.572174072265625,1524862,
2006-10-18,2.799999952316284,2.819046974182129,2.780951976776123,2.780951976776123,1.572174072265625,5305650,
2006-10-19,2.799999952316284,2.83809494972229,2.799999952316284,2.799999952316284,1.5829427242279053,3312487,
2006-10-20,2.83809494972229,2.83809494972229,2.799999952316284,2.819046974182129,1.5937100648880005,2263012,
2006-10-23,2.819046974182129,2.819046974182129,2.819046974182129,2.819046974182129,1.5937100648880005,0,
2006-10-24,2.83809494972229,2.83809494972229,2.761904001235962,2.799999952316284,1.5829427242279053,4975950,
2006-10-25,2.799999952316284,2.83809494972229,2.780951976776123,2.799999952316284,1.5829427242279053,5980800,
2006-10-26,2.819046974182129,2.83809494972229,2.799999952316284,2.819046974182129,1.5937100648880005,5464725,
2006-10-27,2.819046974182129,2.933332920074463,2.819046974182129,2.933332920074463,1.6583203077316284,10669575,
2006-10-30,2.9523799419403076,2.9714279174804688,2.933332920074463,2.9523799419403076,1.6690881252288818,5608837,
2006-10-31,2.9714279174804688,3.1619040966033936,2.9714279174804688,3.1238090991973877,1.7660033702850342,19877812,
2006-11-01,3.1238090991973877,3.142857074737549,3.0095229148864746,3.0285708904266357,1.712161898612976,8837062,
2006-11-02,3.0285708904266357,3.0666658878326416,2.99047589302063,3.0095229148864746,1.7013930082321167,5606475,
2006-11-03,3.0095229148864746,3.047619104385376,3.0095229148864746,3.047619104385376,1.7229303121566772,1130062,
2006-11-06,3.047619104385376,3.0666658878326416,3.0095229148864746,3.0095229148864746,1.7013930082321167,1719637,
2006-11-07,3.047619104385376,3.1809520721435547,3.047619104385376,3.1619040966033936,1.7875398397445679,10539900,
2006-11-08,3.1809520721435547,3.1809520721435547,3.1047608852386475,3.1809520721435547,1.798309087753296,10915012,
2006-11-09,3.1809520721435547,3.1809520721435547,3.0666658878326416,3.1047608852386475,1.755234718322754,8726550,
2006-11-10,3.1047608852386475,3.1238090991973877,3.0285708904266357,3.0285708904266357,1.712161898612976,13098750,
2006-11-13,3.0095229148864746,3.1238090991973877,3.0095229148864746,3.1238090991973877,1.7660033702850342,8916600,
2006-11-14,3.1238090991973877,3.142857074737549,3.047619104385376,3.047619104385376,1.7229303121566772,4292400,
2006-11-15,3.0666658878326416,3.0666658878326416,2.9142849445343018,2.99047589302063,1.6906253099441528,14155575,
2006-11-16,2.99047589302063,2.99047589302063,2.9523799419403076,2.9523799419403076,1.6690881252288818,3834600,
2006-11-17,2.9523799419403076,3.0095229148864746,2.9523799419403076,2.99047589302063,1.6906253099441528,3084900,
2006-11-20,2.9714279174804688,3.047619104385376,2.9714279174804688,3.047619104385376,1.7229303121566772,4215,
2006-11-21,3.0666658878326416,3.085714101791382,3.047619104385376,3.0666658878326416,1.7336984872817993,8179237,
2006-11-22,3.0666658878326416,3.0666658878326416,3.0095229148864746,3.0095229148864746,1.7013930082321167,3399,
2006-11-23,3.047619104385376,3.047619104385376,3.0095229148864746,3.0095229148864746,1.7013930082321167,435,
2006-11-24,3.047619104385376,3.047619104385376,2.99047589302063,3.0095229148864746,1.7013930082321167,666,
2006-11-27,3.0285708904266357,3.0285708904266357,2.933332920074463,2.9714279174804688,1.679856777191162,3283,
2006-11-28,2.9500949382781982,2.9699039459228516,2.880000114440918,2.889904022216797,1.6337683200836182,10308,
2006-11-29,2.889904022216797,2.9500949382781982,2.880000114440918,2.910094976425171,1.645182728767395,1627,
2006-11-30,2.9523799419403076,2.9714279174804688,2.933332920074463,2.9523799419403076,1.6690881252288818,1537462,
2006-12-01,2.9714279174804688,2.9714279174804688,2.9523799419403076,2.9523799419403076,1.6690881252288818,1916,
2006-12-04,2.9714279174804688,2.9714279174804688,2.933332920074463,2.933332920074463,1.6583203077316284,1583400,
2006-12-05,2.933332920074463,2.933332920074463,2.933332920074463,2.933332920074463,1.6583203077316284,0,
2006-12-06,2.9523799419403076,3.0095229148864746,2.9523799419403076,2.9714279174804688,1.679856777191162,2220,
2006-12-07,3.0095229148864746,3.0095229148864746,2.99047589302063,3.0095229148864746,1.7013930082321167,2486137,
2006-12-08,3.0095229148864746,3.0095229148864746,2.9523799419403076,3.0095229148864746,1.7013930082321167,8117025,
2006-12-11,3.0095229148864746,3.0095229148864746,3.0095229148864746,3.0095229148864746,1.7013930082321167,0,
2006-12-12,3.0285708904266357,3.047619104385376,2.9523799419403076,2.9714279174804688,1.679856777191162,979,
2006-12-13,2.9714279174804688,2.99047589302063,2.933332920074463,2.933332920074463,1.6583203077316284,4575,
2006-12-14,2.9523799419403076,2.99047589302063,2.876189947128296,2.933332920074463,1.6583203077316284,2640,
2006-12-15,2.9523799419403076,3.0095229148864746,2.9523799419403076,2.9714279174804688,1.679856777191162,6334,
2006-12-18,2.9523799419403076,2.9523799419403076,2.9142849445343018,2.9142849445343018,1.6475517749786377,2102,
2006-12-19,2.8571419715881348,2.8571419715881348,2.552380084991455,2.666666030883789,1.5075639486312866,7397,
2006-12-20,2.819046974182129,2.9523799419403076,2.819046974182129,2.933332920074463,1.6583203077316284,6922,
2006-12-21,2.876189947128296,2.9523799419403076,2.8571419715881348,2.9523799419403076,1.6690881252288818,2210250,
2006-12-22,2.9500949382781982,2.9699039459228516,2.889904022216797,2.9699039459228516,1.67899489402771,3299,
2006-12-25,2.929903984069824,2.9699039459228516,2.929903984069824,2.9699039459228516,1.67899489402771,867562,
2006-12-26,2.9523799419403076,2.99047589302063,2.9523799419403076,2.9714279174804688,1.679856777191162,874,
2006-12-27,2.9714279174804688,2.99047589302063,2.933332920074463,2.9523799419403076,1.6690881252288818,1821,
2006-12-28,2.929903984069824,2.929903984069824,2.889904022216797,2.889904022216797,1.6337683200836182,1834,
2006-12-29,2.8571419715881348,2.8571419715881348,2.819046974182129,2.819046974182129,1.5937100648880005,3706,
2007-01-03,2.742856979370117,2.761904001235962,2.68571400642395,2.742856979370117,1.5506373643875122,4288987,
2007-01-04,2.740190029144287,2.740190029144287,2.7200000286102295,2.7200000286102295,1.5377153158187866,1116937,
2007-01-05,2.7200000286102295,2.7200000286102295,2.4000000953674316,2.440000057220459,1.3794212341308594,5079637,
2007-01-08,2.4000000953674316,2.6099040508270264,2.380189895629883,2.5500950813293457,1.441662073135376,4926337,
2007-01-09,2.514285087585449,2.5333330631256104,2.4380950927734375,2.514285087585449,1.4214173555374146,3892350,
2007-01-10,2.5100948810577393,2.5299038887023926,2.5100948810577393,2.5299038887023926,1.430247187614441,407662,
2007-01-11,2.5299038887023926,2.6099040508270264,2.5299038887023926,2.590095043182373,1.4642752408981323,1993950,
2007-01-12,2.6300950050354004,2.6700949668884277,2.6099040508270264,2.6499040126800537,1.498088002204895,3267600,
2007-01-15,2.6700949668884277,2.689903974533081,2.6300950050354004,2.6499040126800537,1.498088002204895,2920575,
2007-01-16,2.666666030883789,2.666666030883789,2.628571033477783,2.6476190090179443,1.496795654296875,828975,
2007-01-17,2.6476190090179443,2.6476190090179443,2.628571033477783,2.628571033477783,1.486027479171753,2221537,
2007-01-18,2.609523057937622,2.704761028289795,2.609523057937622,2.704761028289795,1.5291006565093994,6658312,
2007-01-19,2.704761028289795,2.742856979370117,2.704761028289795,2.704761028289795,1.5291006565093994,3886050,
2007-01-22,2.723809003829956,2.742856979370117,2.704761028289795,2.742856979370117,1.5506373643875122,2181112,
2007-01-23,2.723809003829956,2.819046974182129,2.723809003829956,2.742856979370117,1.5506373643875122,2203950,
2007-01-24,2.780951976776123,2.780951976776123,2.761904001235962,2.780951976776123,1.572174072265625,1374187,
2007-01-25,2.780951976776123,2.9142849445343018,2.780951976776123,2.876189947128296,1.6260151863098145,4190812,
2007-01-26,2.876189947128296,2.9714279174804688,2.83809494972229,2.9523799419403076,1.6690881252288818,4957050,
2007-01-29,2.9714279174804688,3.085714101791382,2.9523799419403076,3.047619104385376,1.7229303121566772,7764,
2007-01-30,3.0285708904266357,3.047619104385376,2.933332920074463,2.933332920074463,1.6583203077316284,3305137,
2007-01-31,2.933332920074463,3.0095229148864746,2.933332920074463,2.9714279174804688,1.679856777191162,1728562,
2007-02-01,2.9523799419403076,2.9714279174804688,2.933332920074463,2.9714279174804688,1.679856777191162,2519212,
2007-02-02,2.99047589302063,3.142857074737549,2.99047589302063,3.1047608852386475,1.755234718322754,19754700,
2007-02-05,3.142857074737549,3.142857074737549,3.0666658878326416,3.0666658878326416,1.7336984872817993,3802575,
2007-02-06,3.0666658878326416,3.0666658878326416,2.9714279174804688,3.0095229148864746,1.7013930082321167,4957050,
2007-02-07,3.0285708904266357,3.085714101791382,3.0285708904266357,3.047619104385376,1.7229303121566772,3840375,
2007-02-08,3.0666658878326416,3.085714101791382,3.0666658878326416,3.085714101791382,1.7444669008255005,3041587,
2007-02-09,3.1047608852386475,3.1047608852386475,3.047619104385376,3.085714101791382,1.7444669008255005,4220212,
2007-02-12,3.1047608852386475,3.1238090991973877,3.0666658878326416,3.1047608852386475,1.755234718322754,6255900,
2007-02-13,3.1047608852386475,3.1809520721435547,3.1047608852386475,3.142857074737549,1.776772141456604,6282937,
2007-02-14,3.1619040966033936,3.1809520721435547,3.142857074737549,3.1809520721435547,1.798309087753296,4355662,
2007-02-15,3.200000047683716,3.2190470695495605,3.1238090991973877,3.1238090991973877,1.7660033702850342,1837500,
2007-02-16,3.142857074737549,3.142857074737549,3.0666658878326416,3.0666658878326416,1.7336984872817993,890400,
2007-02-19,3.047619104385376,3.1238090991973877,3.0285708904266357,3.1238090991973877,1.7660033702850342,1146337,
2007-02-20,3.1238090991973877,3.1238090991973877,3.085714101791382,3.085714101791382,1.7444669008255005,589312,
2007-02-21,3.085714101791382,3.142857074737549,3.085714101791382,3.1047608852386475,1.755234718322754,1733550,
2007-02-22,3.1047608852386475,3.1809520721435547,3.1047608852386475,3.142857074737549,1.776772141456604,5196975,
2007-02-23,3.1619040966033936,3.3523800373077393,3.1619040966033936,3.3142850399017334,1.8736870288848877,26153662,
2007-02-26,3.329904079437256,3.35009503364563,3.2899041175842285,3.35009503364563,1.893931269645691,4150,
2007-02-27,3.3523800373077393,3.3714280128479004,3.3142850399017334,3.3523800373077393,1.8952229022979736,8355900,
2007-02-28,3.200000047683716,3.2761900424957275,3.1809520721435547,3.2571420669555664,1.8413817882537842,11402475,
2007-03-01,3.260190010070801,3.3100950717926025,3.260190010070801,3.2899041175842285,1.8599027395248413,968,
2007-03-02,3.3100950717926025,3.329904079437256,3.2899041175842285,3.329904079437256,1.8825162649154663,1338,
2007-03-06,3.2899041175842285,3.3100950717926025,3.180190086364746,3.2201900482177734,1.8204909563064575,5344,
2007-03-07,3.2799999713897705,3.2899041175842285,3.260190010070801,3.2799999713897705,1.8543040752410889,1834,
2007-03-08,3.2761900424957275,3.3142850399017334,3.2761900424957275,3.2761900424957275,1.8521498441696167,329175,
2007-03-09,3.2899041175842285,3.3100950717926025,3.2899041175842285,3.2899041175842285,1.8599027395248413,1244,
2007-03-12,3.2899041175842285,3.2899041175842285,3.2799999713897705,3.2899041175842285,1.8599027395248413,301,
2007-03-13,3.2899041175842285,3.449903964996338,3.2899041175842285,3.4099040031433105,1.927743673324585,12069,
2007-03-14,3.3904759883880615,3.3904759883880615,3.3523800373077393,3.3714280128479004,1.9059913158416748,1294387,
2007-03-15,3.3904759883880615,3.3904759883880615,3.3523800373077393,3.3714280128479004,1.9059913158416748,1297275,
2007-03-16,3.369904041290283,3.369904041290283,3.2899041175842285,3.369904041290283,1.9051305055618286,273,
2007-03-19,3.3714280128479004,3.3904759883880615,3.3714280128479004,3.3714280128479004,1.9059913158416748,332850,
2007-03-20,3.3714280128479004,3.3904759883880615,3.3714280128479004,3.3714280128479004,1.9059913158416748,255937,
2007-03-21,3.3714280128479004,3.3904759883880615,3.3714280128479004,3.3904759883880615,1.9167598485946655,3064162,
2007-03-22,3.4095230102539062,3.4095230102539062,3.3904759883880615,3.4095230102539062,1.9275277853012085,1345312,
2007-03-23,3.3904759883880615,3.4095230102539062,3.3904759883880615,3.4095230102539062,1.9275277853012085,2322337,
2007-03-26,3.4095230102539062,3.4095230102539062,3.4095230102539062,3.4095230102539062,1.9275277853012085,1655325,
2007-03-27,3.4095230102539062,3.4095230102539062,3.3714280128479004,3.3904759883880615,1.9167598485946655,722400,
2007-03-28,3.369904041290283,3.369904041290283,3.2899041175842285,3.329904079437256,1.8825162649154663,2926,
2007-03-29,3.3142850399017334,3.3714280128479004,3.3142850399017334,3.3333330154418945,1.8844547271728516,1514625,
2007-03-30,3.35009503364563,3.35009503364563,3.2899041175842285,3.3100950717926025,1.871317744255066,900,
2007-04-02,3.3142850399017334,3.3904759883880615,3.3142850399017334,3.3333330154418945,1.8844547271728516,1344787,
2007-04-03,3.2899041175842285,3.329904079437256,3.2899041175842285,3.3100950717926025,1.903957724571228,2727,0.057143
2007-04-04,3.3333330154418945,3.3333330154418945,3.3142850399017334,3.3333330154418945,1.9173229932785034,1443487,
2007-04-05,3.329904079437256,3.329904079437256,3.2899041175842285,3.3100950717926025,1.903957724571228,1512,
2007-04-09,3.3142850399017334,3.3142850399017334,3.2571420669555664,3.3142850399017334,1.9063669443130493,1324575,
2007-04-10,3.2899041175842285,3.3100950717926025,3.240000009536743,3.2899041175842285,1.892343282699585,1225,
2007-04-11,3.2761900424957275,3.3142850399017334,3.2190470695495605,3.3142850399017334,1.9063669443130493,4789837,
2007-04-12,3.2899041175842285,3.3100950717926025,3.2899041175842285,3.3100950717926025,1.903957724571228,4265,
2007-04-17,3.3142850399017334,3.3142850399017334,3.3142850399017334,3.3142850399017334,1.9063669443130493,109987,
2007-04-18,3.3142850399017334,3.3142850399017334,3.2761900424957275,3.2761900424957275,1.8844549655914307,921112,
2007-04-19,3.2799999713897705,3.2899041175842285,3.240000009536743,3.240000009536743,1.863638162612915,2976,
2007-04-20,3.2190470695495605,3.2571420669555664,3.2190470695495605,3.2571420669555664,1.873498558998108,565687,
2007-04-23,3.2571420669555664,3.2761900424957275,3.2380950450897217,3.2571420669555664,1.873498558998108,854700,
2007-04-24,3.2380950450897217,3.2571420669555664,3.2380950450897217,3.2571420669555664,1.873498558998108,180600,
2007-04-25,3.2571420669555664,3.2761900424957275,3.2571420669555664,3.2571420669555664,1.873498558998108,754950,
2007-04-26,3.2571420669555664,3.2571420669555664,3.2380950450897217,3.2380950450897217,1.8625432252883911,884362,
2007-04-27,3.2761900424957275,3.2761900424957275,3.2190470695495605,3.2380950450897217,1.8625432252883911,476700,
2007-04-30,3.200000047683716,3.2761900424957275,3.200000047683716,3.2761900424957275,1.8844549655914307,2068762,
2007-05-02,3.2899041175842285,3.2899041175842285,3.260190010070801,3.2799999713897705,1.8866462707519531,1708,
2007-05-03,3.2761900424957275,3.2761900424957275,3.2571420669555664,3.2571420669555664,1.873498558998108,3980812,
2007-05-04,3.2571420669555664,3.2571420669555664,3.200000047683716,3.2190470695495605,1.8515865802764893,2719762,
2007-05-08,3.200000047683716,3.2190470695495605,3.085714101791382,3.1238090991973877,1.7968052625656128,3755587,
2007-05-09,3.1619040966033936,3.1809520721435547,3.0666658878326416,3.1238090991973877,1.7968052625656128,5418787,
2007-05-10,3.1238090991973877,3.2190470695495605,3.1047608852386475,3.2190470695495605,1.8515865802764893,2967037,
2007-05-11,3.1809520721435547,3.2380950450897217,3.1809520721435547,3.1809520721435547,1.829674482345581,2741025,
2007-05-14,3.200000047683716,3.2190470695495605,3.1619040966033936,3.1619040966033936,1.8187177181243896,1409887,
2007-05-15,3.1619040966033936,3.1619040966033936,3.1047608852386475,3.1238090991973877,1.7968052625656128,4272450,
2007-05-16,3.142857074737549,3.142857074737549,3.1047608852386475,3.1047608852386475,1.7858493328094482,860475,
2007-05-17,3.1238090991973877,3.1238090991973877,3.0666658878326416,3.0666658878326416,1.7639374732971191,3212475,
2007-05-18,3.085714101791382,3.085714101791382,2.9714279174804688,3.0095229148864746,1.7310692071914673,11050725,
2007-05-21,2.99047589302063,2.99047589302063,2.8571419715881348,2.9142849445343018,1.676288366317749,15552337,
2007-05-22,2.9142849445343018,2.933332920074463,2.8571419715881348,2.933332920074463,1.6872448921203613,11069362,
2007-05-23,2.9523799419403076,3.0095229148864746,2.933332920074463,2.99047589302063,1.720112919807434,11044162,
2007-05-24,2.99047589302063,2.99047589302063,2.9142849445343018,2.9142849445343018,1.676288366317749,2393212,
2007-05-25,2.889904022216797,2.9500949382781982,2.889904022216797,2.889904022216797,1.6622639894485474,7943,
2007-05-28,2.910094976425171,2.929903984069824,2.889904022216797,2.929903984069824,1.685272216796875,2315,
2007-05-29,2.9523799419403076,2.9523799419403076,2.9142849445343018,2.9142849445343018,1.676288366317749,5742450,
2007-05-30,2.9142849445343018,2.9523799419403076,2.9142849445343018,2.9523799419403076,1.6982002258300781,1384950,
2007-06-01,2.9699039459228516,2.9900949001312256,2.929903984069824,2.9500949382781982,1.6968867778778076,7,
2007-06-04,2.9714279174804688,2.9714279174804688,2.9142849445343018,2.9523799419403076,1.6982002258300781,3836437,
2007-06-05,2.9523799419403076,2.9523799419403076,2.876189947128296,2.876189947128296,1.6543761491775513,3406725,
2007-06-06,2.889904022216797,2.9699039459228516,2.889904022216797,2.9500949382781982,1.6968867778778076,4559,
2007-06-07,2.9714279174804688,2.9714279174804688,2.9523799419403076,2.9714279174804688,1.7091565132141113,1095937,
2007-06-08,2.9523799419403076,3.047619104385376,2.9523799419403076,3.047619104385376,1.7529810667037964,4841287,
2007-06-11,3.085714101791382,3.1238090991973877,3.0285708904266357,3.0285708904266357,1.7420250177383423,9809362,
2007-06-12,3.0285708904266357,3.047619104385376,3.0095229148864746,3.0285708904266357,1.7420250177383423,4128075,
2007-06-13,3.0095229148864746,3.0095229148864746,2.9142849445343018,2.933332920074463,1.6872448921203613,1657687,
2007-06-14,2.9714279174804688,2.99047589302063,2.933332920074463,2.933332920074463,1.6872448921203613,1390200,
2007-06-15,2.933332920074463,2.99047589302063,2.933332920074463,2.99047589302063,1.720112919807434,256725,
2007-06-18,3.0095229148864746,3.047619104385376,3.0095229148864746,3.047619104385376,1.7529810667037964,872812,
2007-06-19,3.047619104385376,3.047619104385376,2.9523799419403076,2.9523799419403076,1.6982002258300781,3189375,
2007-06-20,2.9714279174804688,3.085714101791382,2.9714279174804688,3.047619104385376,1.7529810667037964,9424275,
2007-06-21,3.047619104385376,3.085714101791382,3.0285708904266357,3.0285708904266357,1.7420250177383423,8789287,
2007-06-22,3.0285708904266357,3.0285708904266357,3.0095229148864746,3.0285708904266357,1.7420250177383423,5805712,
2007-06-25,3.0285708904266357,3.047619104385376,3.0095229148864746,3.0095229148864746,1.7310692071914673,4908487,
2007-06-26,3.0095229148864746,3.0285708904266357,3.0095229148864746,3.0285708904266357,1.7420250177383423,4326000,
2007-06-27,3.0285708904266357,3.0285708904266357,3.0095229148864746,3.0285708904266357,1.7420250177383423,4224675,
2007-06-28,3.0285708904266357,3.0285708904266357,3.0095229148864746,3.0095229148864746,1.7310692071914673,5779462,
2007-06-29,3.0095229148864746,3.1238090991973877,3.0095229148864746,3.0666658878326416,1.7639374732971191,28048912,
2007-07-02,3.1047608852386475,3.1619040966033936,3.085714101791382,3.1238090991973877,1.7968052625656128,14283675,
2007-07-03,3.1238090991973877,3.1619040966033936,3.1238090991973877,3.1619040966033936,1.8187177181243896,18344287,
2007-07-04,3.200000047683716,3.2571420669555664,3.1619040966033936,3.2380950450897217,1.8625432252883911,12682950,
2007-07-05,3.2380950450897217,3.2380950450897217,3.1809520721435547,3.2190470695495605,1.8515865802764893,3964012,
2007-07-06,3.200000047683716,3.200000047683716,3.1809520721435547,3.200000047683716,1.840630054473877,2586412,
2007-07-09,3.200000047683716,3.200000047683716,3.142857074737549,3.142857074737549,1.8077625036239624,8102850,
2007-07-10,3.1619040966033936,3.1619040966033936,3.1238090991973877,3.1619040966033936,1.8187177181243896,6211800,
2007-07-11,3.142857074737549,3.1619040966033936,3.1238090991973877,3.1619040966033936,1.8187177181243896,8306550,
2007-07-12,3.1619040966033936,3.1619040966033936,3.0666658878326416,3.142857074737549,1.8077625036239624,6169275,
2007-07-13,3.142857074737549,3.1619040966033936,3.1047608852386475,3.1619040966033936,1.8187177181243896,5631412,
2007-07-16,3.1619040966033936,3.1619040966033936,3.1238090991973877,3.1619040966033936,1.8187177181243896,3872137,
2007-07-17,3.3523800373077393,3.4476189613342285,3.3142850399017334,3.3523800373077393,1.928279161453247,56265037,
2007-07-18,3.3904759883880615,3.5999999046325684,3.3904759883880615,3.5428569316864014,2.0378408432006836,35104912,
2007-07-19,3.5401899814605713,3.689903974533081,3.470094919204712,3.620189905166626,2.082322835922241,24003,
2007-07-20,3.733333110809326,3.752379894256592,3.657141923904419,3.657141923904419,2.103577136993408,19675687,
2007-07-23,3.5999999046325684,3.689903974533081,3.5801899433135986,3.6601901054382324,2.105330467224121,10933,
2007-07-24,3.657141923904419,3.84761905670166,3.657141923904419,3.809523105621338,2.1912267208099365,21706387,
2007-07-25,3.809523105621338,3.885714054107666,3.714284896850586,3.714284896850586,2.1364457607269287,10651200,
2007-07-26,3.714284896850586,3.790476083755493,3.67618989944458,3.790476083755493,2.1802709102630615,17305312,
2007-07-27,3.714284896850586,4.0,3.714284896850586,3.84761905670166,2.213139295578003,35234062,
2007-07-31,3.923809051513672,3.9619040489196777,3.790476083755493,3.9619040489196777,2.2788758277893066,13490400,
2007-08-01,3.923809051513672,4.114284992218018,3.923809051513672,3.9619040489196777,2.2788758277893066,12728887,
2007-08-02,4.076189994812012,4.076189994812012,3.885714054107666,3.885714054107666,2.235051155090332,4228087,
2007-08-03,3.9619040489196777,4.076189994812012,3.885714054107666,3.9619040489196777,2.2788758277893066,14469787,
2007-08-06,3.885714054107666,3.9619040489196777,3.885714054107666,3.885714054107666,2.235051155090332,3876075,
2007-08-07,3.885714054107666,3.923809051513672,3.790476083755493,3.790476083755493,2.1802709102630615,2361187,
2007-08-08,3.790476083755493,3.809523105621338,3.67618989944458,3.67618989944458,2.1145334243774414,6865162,
2007-08-09,3.67618989944458,3.714284896850586,3.4285709857940674,3.5809519290924072,2.059753179550171,14056875,
2007-08-10,3.4476189613342285,3.504760980606079,3.3523800373077393,3.4285709857940674,1.9721035957336426,7508812,
2007-08-14,3.4666659832000732,3.4666659832000732,3.4095230102539062,3.4476189613342285,1.983060359954834,1754025,
2007-08-15,3.4095230102539062,3.4285709857940674,3.4095230102539062,3.4285709857940674,1.9721035957336426,5081212,
2007-08-16,3.3523800373077393,3.3523800373077393,3.0666658878326416,3.200000047683716,1.840630054473877,11261512,
2007-08-17,3.1809520721435547,3.2380950450897217,3.0095229148864746,3.2380950450897217,1.8625432252883911,10327275,
2007-08-20,3.4095230102539062,3.561903953552246,3.3523800373077393,3.561903953552246,2.0487964153289795,6504225,
2007-08-21,3.561903953552246,3.561903953552246,3.4285709857940674,3.4476189613342285,1.983060359954834,1053150,
2007-08-22,3.4476189613342285,3.4666659832000732,3.4285709857940674,3.4476189613342285,1.983060359954834,804037,
2007-08-23,3.4476189613342285,3.4857139587402344,3.4095230102539062,3.4285709857940674,1.9941378831863403,1631700,0.038095
2007-08-24,3.4095230102539062,3.4285709857940674,3.3904759883880615,3.4095230102539062,1.9830594062805176,233100,
2007-08-27,3.4285709857940674,3.4857139587402344,3.4285709857940674,3.4666659832000732,2.016296148300171,674362,
2007-08-28,3.4476189613342285,3.4476189613342285,3.4285709857940674,3.4285709857940674,1.9941378831863403,585375,
2007-08-29,3.4476189613342285,3.4476189613342285,3.3904759883880615,3.4095230102539062,1.9830594062805176,748125,
2007-08-30,3.4095230102539062,3.4857139587402344,3.3904759883880615,3.3904759883880615,1.971981406211853,6495562,
2007-08-31,3.4285709857940674,3.4285709857940674,3.4095230102539062,3.4095230102539062,1.9830594062805176,4341750,
2007-09-03,3.4285709857940674,3.4476189613342285,3.3714280128479004,3.4476189613342285,2.0052170753479004,6155887,
2007-09-04,3.4476189613342285,3.4476189613342285,3.4285709857940674,3.4476189613342285,2.0052170753479004,1280475,
2007-09-05,3.4857139587402344,3.4857139587402344,3.4095230102539062,3.4095230102539062,1.9830594062805176,2093175,
2007-09-06,3.4095230102539062,3.4666659832000732,3.4095230102539062,3.4285709857940674,1.9941378831863403,2730262,
2007-09-07,3.4285709857940674,3.4476189613342285,3.4285709857940674,3.4476189613342285,2.0052170753479004,1409625,
2007-09-10,3.4285709857940674,3.4666659832000732,3.4285709857940674,3.4666659832000732,2.016296148300171,829500,
2007-09-11,3.4476189613342285,3.4666659832000732,3.4476189613342285,3.4476189613342285,2.0052170753479004,627900,
2007-09-12,3.4666659832000732,3.4666659832000732,3.4476189613342285,3.4666659832000732,2.016296148300171,1252125,
2007-09-13,3.4285709857940674,3.4666659832000732,3.4285709857940674,3.4285709857940674,1.9941378831863403,283762,
2007-09-14,3.4285709857940674,3.4285709857940674,3.3714280128479004,3.3714280128479004,1.9609031677246094,7083037,
2007-09-17,3.3904759883880615,3.4095230102539062,3.3523800373077393,3.3523800373077393,1.9498239755630493,202387,
2007-09-18,3.3714280128479004,3.4095230102539062,3.3714280128479004,3.4095230102539062,1.9830594062805176,124425,
2007-09-19,3.4285709857940674,3.4285709857940674,3.3333330154418945,3.3714280128479004,1.9609031677246094,1151325,
2007-09-20,3.3523800373077393,3.3904759883880615,3.3523800373077393,3.3714280128479004,1.9609031677246094,832912,
2007-09-21,3.3714280128479004,3.4476189613342285,3.3523800373077393,3.4476189613342285,2.0052170753479004,2259337,
2007-09-24,3.4285709857940674,3.4666659832000732,3.4095230102539062,3.4285709857940674,1.9941378831863403,1676587,
2007-09-25,3.4476189613342285,3.4476189613342285,3.4095230102539062,3.4095230102539062,1.9830594062805176,1811775,
2007-09-26,3.4285709857940674,3.4476189613342285,3.4285709857940674,3.4476189613342285,2.0052170753479004,744450,
2007-09-27,3.4476189613342285,3.657141923904419,3.4476189613342285,3.5809519290924072,2.0827670097351074,11449987,
2007-09-28,3.619046926498413,3.67618989944458,3.5809519290924072,3.657141923904419,2.1270806789398193,4513687,
2007-10-01,3.619046926498413,3.638094902038574,3.619046926498413,3.619046926498413,2.1049232482910156,3147637,
2007-10-02,3.619046926498413,3.657141923904419,3.5809519290924072,3.5809519290924072,2.0827670097351074,2576700,
2007-10-03,3.5999999046325684,3.5999999046325684,3.5238089561462402,3.5428569316864014,2.060610055923462,1959562,
2007-10-04,3.5238089561462402,3.561903953552246,3.504760980606079,3.5238089561462402,2.049531936645508,1566862,
2007-10-05,3.561903953552246,3.561903953552246,3.4857139587402344,3.5238089561462402,2.049531936645508,3261300,
2007-10-08,3.504760980606079,3.5238089561462402,3.4095230102539062,3.4095230102539062,1.9830594062805176,9600412,
2007-10-09,3.4095230102539062,3.4666659832000732,3.4095230102539062,3.4666659832000732,2.016296148300171,2179275,
2007-10-10,3.4666659832000732,3.4666659832000732,3.4285709857940674,3.4476189613342285,2.0052170753479004,4349625,
2007-10-11,3.4476189613342285,3.4666659832000732,3.4476189613342285,3.4476189613342285,2.0052170753479004,5664487,
2007-10-12,3.4476189613342285,3.4476189613342285,3.4285709857940674,3.4476189613342285,2.0052170753479004,1762162,
2007-10-15,3.4476189613342285,3.4666659832000732,3.4476189613342285,3.4476189613342285,2.0052170753479004,3096712,
2007-10-16,3.4476189613342285,3.4666659832000732,3.3904759883880615,3.3904759883880615,1.971981406211853,21114450,
2007-10-17,3.35009503364563,3.35009503364563,3.2899041175842285,3.2899041175842285,1.9134870767593384,12877725,
2007-10-18,3.3100950717926025,3.329904079437256,3.2799999713897705,3.2899041175842285,1.9134870767593384,3722,
2007-10-19,3.2899041175842285,3.2899041175842285,3.2799999713897705,3.2799999713897705,1.9077258110046387,2323,
2007-10-22,3.2571420669555664,3.2761900424957275,3.1809520721435547,3.200000047683716,1.8611958026885986,1683937,
2007-10-24,3.2380950450897217,3.2380950450897217,3.047619104385376,3.1047608852386475,1.8058027029037476,11050200,
2007-10-25,3.1047608852386475,3.1809520721435547,3.1047608852386475,3.1809520721435547,1.850117564201355,1512262,
2007-10-26,3.1809520721435547,3.2380950450897217,3.1619040966033936,3.1619040966033936,1.8390382528305054,3187275,
2007-10-29,3.1809520721435547,3.2190470695495605,3.1619040966033936,3.1619040966033936,1.8390382528305054,2599800,
2007-10-30,3.1809520721435547,3.200000047683716,3.1619040966033936,3.1809520721435547,1.850117564201355,1705725,
2007-10-31,3.1809520721435547,3.1809520721435547,3.1619040966033936,3.1809520721435547,1.850117564201355,3367087,
2007-11-01,3.1809520721435547,3.1809520721435547,3.142857074737549,3.1619040966033936,1.8390382528305054,2648362,
2007-11-02,3.1619040966033936,3.1619040966033936,3.142857074737549,3.142857074737549,1.8279608488082886,1867425,
2007-11-05,3.142857074737549,3.142857074737549,3.1047608852386475,3.1047608852386475,1.8058027029037476,1735912,
2007-11-06,3.1047608852386475,3.142857074737549,3.1047608852386475,3.1238090991973877,1.8168811798095703,949725,
2007-11-07,3.1619040966033936,3.1619040966033936,3.142857074737549,3.142857074737549,1.8279608488082886,140962,
2007-11-08,3.1238090991973877,3.142857074737549,3.1238090991973877,3.1238090991973877,1.8168811798095703,1265250,
2007-11-09,3.1600000858306885,3.2899041175842285,3.1600000858306885,3.2899041175842285,1.9134870767593384,5851,
2007-11-12,3.2899041175842285,3.2899041175842285,3.2201900482177734,3.240000009536743,1.8844610452651978,4940,
2007-11-13,3.2571420669555664,3.2571420669555664,3.2190470695495605,3.2190470695495605,1.872274398803711,1324837,
2007-11-14,3.2380950450897217,3.2380950450897217,3.200000047683716,3.200000047683716,1.8611958026885986,1250812,
2007-11-15,3.2190470695495605,3.2190470695495605,3.1809520721435547,3.200000047683716,1.8611958026885986,520537,
2007-11-16,3.200000047683716,3.200000047683716,3.1619040966033936,3.1809520721435547,1.850117564201355,339412,
2007-11-19,3.1809520721435547,3.1809520721435547,3.1238090991973877,3.1238090991973877,1.8168811798095703,681187,
2007-11-20,3.1047608852386475,3.1047608852386475,3.0666658878326416,3.085714101791382,1.7947242259979248,3617250,
2007-11-21,3.0666658878326416,3.0666658878326416,2.9714279174804688,2.99047589302063,1.7393319606781006,2697187,
2007-11-22,2.9714279174804688,3.0285708904266357,2.9142849445343018,3.0095229148864746,1.7504106760025024,1145812,
2007-11-23,3.0095229148864746,3.0285708904266357,3.0095229148864746,3.0285708904266357,1.761488914489746,254100,
2007-11-26,3.0285708904266357,3.047619104385376,3.0095229148864746,3.0285708904266357,1.761488914489746,525262,
2007-11-27,3.0285708904266357,3.0285708904266357,2.9714279174804688,2.9714279174804688,1.7282531261444092,894075,
2007-11-28,3.0095229148864746,3.0666658878326416,3.0095229148864746,3.0666658878326416,1.7836461067199707,2694300,
2007-11-29,3.085714101791382,3.1047608852386475,3.047619104385376,3.0666658878326416,1.7836461067199707,3178875,
2007-11-30,3.0666658878326416,3.0666658878326416,3.0666658878326416,3.0666658878326416,1.7836461067199707,1116675,
2007-12-03,3.0666658878326416,3.0666658878326416,2.9714279174804688,2.9714279174804688,1.7282531261444092,4007325,
2007-12-04,2.9714279174804688,3.0095229148864746,2.9714279174804688,3.0095229148864746,1.7504106760025024,416325,
2007-12-06,3.047619104385376,3.047619104385376,3.0095229148864746,3.0285708904266357,1.761488914489746,266700,
2007-12-07,3.0285708904266357,3.0285708904266357,3.0095229148864746,3.0285708904266357,1.761488914489746,1336650,
2007-12-11,3.0666658878326416,3.0666658878326416,3.0095229148864746,3.047619104385376,1.7725672721862793,1257112,
2007-12-12,2.99047589302063,3.0095229148864746,2.9714279174804688,2.99047589302063,1.7393319606781006,2844187,
2007-12-13,3.0095229148864746,3.0285708904266357,3.0095229148864746,3.0095229148864746,1.7504106760025024,1027425,
2007-12-14,3.0095229148864746,3.0095229148864746,2.99047589302063,2.99047589302063,1.7393319606781006,1953525,
2007-12-17,3.0095229148864746,3.0285708904266357,2.9523799419403076,3.0285708904266357,1.761488914489746,3124800,
2007-12-18,2.99047589302063,3.0285708904266357,2.99047589302063,3.0095229148864746,1.7504106760025024,205275,
2007-12-19,3.0095229148864746,3.0285708904266357,3.0095229148864746,3.0095229148864746,1.7504106760025024,932925,
2007-12-20,3.085714101791382,3.085714101791382,3.0285708904266357,3.0285708904266357,1.761488914489746,1773975,
2007-12-21,3.0285708904266357,3.047619104385376,3.0285708904266357,3.0285708904266357,1.761488914489746,180075,
2007-12-24,3.0285708904266357,3.0285708904266357,3.0285708904266357,3.0285708904266357,1.761488914489746,0,
2007-12-25,3.0285708904266357,3.0666658878326416,3.0285708904266357,3.047619104385376,1.7725672721862793,1046587,
2007-12-26,3.0666658878326416,3.085714101791382,3.047619104385376,3.0666658878326416,1.7836461067199707,1322737,
2007-12-27,3.0666658878326416,3.0666658878326416,3.0666658878326416,3.0666658878326416,1.7836461067199707,282975,
2007-12-28,3.085714101791382,3.2190470695495605,3.0666658878326416,3.2190470695495605,1.872274398803711,4575900,
2008-01-02,3.142857074737549,3.1809520721435547,3.142857074737549,3.1619040966033936,1.8390382528305054,415012,
2008-01-03,3.1238090991973877,3.1238090991973877,3.0666658878326416,3.1047608852386475,1.8058027029037476,837112,
2008-01-04,3.1047608852386475,3.1809520721435547,3.085714101791382,3.1619040966033936,1.8390382528305054,1608337,
2008-01-07,3.1238090991973877,3.1619040966033936,3.1238090991973877,3.1619040966033936,1.8390382528305054,2938425,
2008-01-08,3.1619040966033936,3.1619040966033936,3.142857074737549,3.1619040966033936,1.8390382528305054,1642462,
2008-01-09,3.1619040966033936,3.1619040966033936,3.1238090991973877,3.1619040966033936,1.8390382528305054,2077162,
2008-01-10,3.1619040966033936,3.1619040966033936,3.1238090991973877,3.1238090991973877,1.8168811798095703,2663062,
2008-01-11,3.1047608852386475,3.1619040966033936,3.1047608852386475,3.1238090991973877,1.8168811798095703,1036875,
2008-01-14,3.1238090991973877,3.1238090991973877,3.0666658878326416,3.085714101791382,1.7947242259979248,2119950,
2008-01-15,3.085714101791382,3.085714101791382,3.0285708904266357,3.0666658878326416,1.7836461067199707,3590475,
2008-01-16,3.0285708904266357,3.0285708904266357,2.99047589302063,3.0285708904266357,1.761488914489746,1822537,
2008-01-17,3.0285708904266357,3.0285708904266357,2.99047589302063,3.0095229148864746,1.7504106760025024,2311575,
2008-01-18,3.0095229148864746,3.0095229148864746,2.99047589302063,3.0095229148864746,1.7504106760025024,1208287,
2008-01-21,3.0095229148864746,3.047619104385376,2.99047589302063,3.0095229148864746,1.7504106760025024,3692587,
2008-01-22,2.8571419715881348,2.9142849445343018,2.83809494972229,2.8571419715881348,1.661781668663025,3970312,
2008-01-23,2.889904022216797,2.889904022216797,2.7001900672912598,2.740190029144287,1.5937598943710327,4533,
2008-01-24,2.761904001235962,2.761904001235962,2.571428060531616,2.666666030883789,1.5509963035583496,1892362,
2008-01-25,2.704761028289795,2.761904001235962,2.68571400642395,2.761904001235962,1.6063891649246216,1892100,
2008-01-28,2.723809003829956,2.742856979370117,2.68571400642395,2.68571400642395,1.5620750188827515,484575,
2008-01-29,2.723809003829956,2.742856979370117,2.704761028289795,2.704761028289795,1.5731536149978638,465675,
2008-01-30,2.723809003829956,2.761904001235962,2.723809003829956,2.761904001235962,1.6063891649246216,1064962,
2008-01-31,2.742856979370117,2.799999952316284,2.742856979370117,2.761904001235962,1.6063891649246216,873337,
2008-02-01,2.780951976776123,2.9142849445343018,2.780951976776123,2.8571419715881348,1.661781668663025,5721450,
2008-02-04,2.9142849445343018,2.99047589302063,2.83809494972229,2.9523799419403076,1.7171746492385864,6152475,
2008-02-05,2.889904022216797,2.910094976425171,2.880000114440918,2.889904022216797,1.6808369159698486,931,
2008-02-06,2.83809494972229,2.876189947128296,2.83809494972229,2.8571419715881348,1.661781668663025,1026375,
2008-02-07,2.876189947128296,2.876189947128296,2.8571419715881348,2.8571419715881348,1.661781668663025,510037,
2008-02-08,2.880000114440918,2.910094976425171,2.860189914703369,2.889904022216797,1.6808369159698486,845,
2008-02-11,2.933332920074463,2.933332920074463,2.8571419715881348,2.8571419715881348,1.661781668663025,1021387,
2008-02-12,2.876189947128296,2.9142849445343018,2.876189947128296,2.876189947128296,1.6728605031967163,1583662,
2008-02-13,2.889904022216797,2.910094976425171,2.889904022216797,2.889904022216797,1.6808369159698486,884,
2008-02-14,2.889904022216797,2.9500949382781982,2.889904022216797,2.910094976425171,1.6925803422927856,3386,
2008-02-15,2.9142849445343018,2.9523799419403076,2.876189947128296,2.876189947128296,1.6728605031967163,1444012,
2008-02-18,2.910094976425171,2.9500949382781982,2.889904022216797,2.910094976425171,1.6925803422927856,1252,
2008-02-19,2.9714279174804688,2.9714279174804688,2.933332920074463,2.933332920074463,1.7060966491699219,1583400,
2008-02-20,2.9523799419403076,2.9523799419403076,2.9142849445343018,2.933332920074463,1.7060966491699219,1369462,
2008-02-22,2.933332920074463,2.933332920074463,2.9142849445343018,2.933332920074463,1.7060966491699219,1885537,
2008-02-25,2.929903984069824,2.929903984069824,2.889904022216797,2.910094976425171,1.6925803422927856,2042,
2008-02-26,2.910094976425171,2.910094976425171,2.880000114440918,2.889904022216797,1.6808369159698486,2362,
2008-02-27,2.889904022216797,2.910094976425171,2.880000114440918,2.889904022216797,1.6808369159698486,2357,
2008-02-28,2.889904022216797,2.889904022216797,2.860189914703369,2.880000114440918,1.6750766038894653,3470,
2008-02-29,2.876189947128296,2.876189947128296,2.876189947128296,2.876189947128296,1.6728605031967163,768075,
2008-03-03,2.880000114440918,2.889904022216797,2.880000114440918,2.889904022216797,1.6808369159698486,769,
2008-03-04,2.889904022216797,2.889904022216797,2.8399999141693115,2.860189914703369,1.6635545492172241,1535,
2008-03-05,2.83809494972229,2.83809494972229,2.780951976776123,2.799999952316284,1.6285464763641357,3353437,
2008-03-06,2.819046974182129,2.8571419715881348,2.819046974182129,2.8571419715881348,1.661781668663025,5794425,
2008-03-07,2.83809494972229,2.83809494972229,2.799999952316284,2.799999952316284,1.6285464763641357,1501762,
2008-03-10,2.799999952316284,2.799999952316284,2.704761028289795,2.723809003829956,1.5842324495315552,2644687,
2008-03-11,2.723809003829956,2.761904001235962,2.723809003829956,2.742856979370117,1.595310926437378,435750,
2008-03-12,2.780951976776123,2.799999952316284,2.761904001235962,2.780951976776123,1.6174683570861816,666225,
2008-03-13,2.799999952316284,2.799999952316284,2.780951976776123,2.780951976776123,1.6174683570861816,389025,
2008-03-14,2.780951976776123,2.799999952316284,2.742856979370117,2.780951976776123,1.6174683570861816,670950,
2008-03-17,2.742856979370117,2.761904001235962,2.742856979370117,2.761904001235962,1.6063891649246216,879900,
2008-03-18,2.761904001235962,2.761904001235962,2.742856979370117,2.761904001235962,1.6063891649246216,1063912,
2008-03-19,2.761904001235962,2.780951976776123,2.761904001235962,2.761904001235962,1.6063891649246216,184537,
2008-03-20,2.761904001235962,2.761904001235962,2.742856979370117,2.742856979370117,1.595310926437378,164587,
2008-03-21,2.742856979370117,2.742856979370117,2.742856979370117,2.742856979370117,1.595310926437378,437850,
2008-03-24,2.742856979370117,2.742856979370117,2.742856979370117,2.742856979370117,1.595310926437378,112612,
2008-03-25,2.742856979370117,2.761904001235962,2.742856979370117,2.742856979370117,1.595310926437378,285600,
2008-03-26,2.761904001235962,2.761904001235962,2.742856979370117,2.742856979370117,1.595310926437378,683812,
2008-03-27,2.761904001235962,2.780951976776123,2.742856979370117,2.780951976776123,1.6174683570861816,307125,
2008-03-28,2.780951976776123,2.780951976776123,2.742856979370117,2.742856979370117,1.595310926437378,730275,
2008-03-31,2.761904001235962,2.761904001235962,2.742856979370117,2.742856979370117,1.595310926437378,521062,
2008-04-01,2.742856979370117,2.761904001235962,2.742856979370117,2.761904001235962,1.6063891649246216,919012,
2008-04-02,2.761904001235962,2.780951976776123,2.761904001235962,2.761904001235962,1.6063891649246216,3852712,
2008-04-03,2.761904001235962,2.761904001235962,2.742856979370117,2.742856979370117,1.595310926437378,3417750,
2008-04-04,2.723809003829956,2.742856979370117,2.723809003829956,2.742856979370117,1.595310926437378,556500,
2008-04-08,2.761904001235962,2.761904001235962,2.742856979370117,2.742856979370117,1.595310926437378,593775,
2008-04-09,2.742856979370117,2.761904001235962,2.742856979370117,2.742856979370117,1.595310926437378,399787,
2008-04-10,2.742856979370117,2.761904001235962,2.742856979370117,2.742856979370117,1.595310926437378,336525,
2008-04-11,2.742856979370117,2.761904001235962,2.742856979370117,2.761904001235962,1.6063891649246216,588525,
2008-04-16,2.761904001235962,2.819046974182129,2.761904001235962,2.799999952316284,1.6285464763641357,2665687,
2008-04-17,2.819046974182129,2.83809494972229,2.819046974182129,2.83809494972229,1.650704264640808,1385212,
2008-04-18,2.83809494972229,2.83809494972229,2.819046974182129,2.83809494972229,1.650704264640808,1599675,
2008-04-21,2.83809494972229,2.8571419715881348,2.819046974182129,2.8571419715881348,1.661781668663025,1395187,
2008-04-22,2.83809494972229,2.83809494972229,2.819046974182129,2.819046974182129,1.639624834060669,1431937,
2008-04-23,2.819046974182129,2.819046974182129,2.761904001235962,2.761904001235962,1.6063891649246216,2201850,
2008-04-24,2.799999952316284,2.819046974182129,2.780951976776123,2.799999952316284,1.6285464763641357,1229287,
2008-04-25,2.799999952316284,2.799999952316284,2.799999952316284,2.799999952316284,1.6285464763641357,327337,
2008-04-28,2.799999952316284,2.819046974182129,2.780951976776123,2.799999952316284,1.6285464763641357,1140037,
2008-04-29,2.723809003829956,2.742856979370117,2.666666030883789,2.666666030883789,1.5943808555603027,4980937,0.07619
2008-04-30,2.666666030883789,2.704761028289795,2.666666030883789,2.68571400642395,1.6057695150375366,153825,
2008-05-02,2.704761028289795,2.742856979370117,2.704761028289795,2.742856979370117,1.6399346590042114,1034512,
2008-05-06,2.742856979370117,2.761904001235962,2.742856979370117,2.761904001235962,1.651322603225708,1092262,
2008-05-07,2.761904001235962,2.799999952316284,2.761904001235962,2.799999952316284,1.6740998029708862,2685900,
2008-05-08,2.799999952316284,2.799999952316284,2.780951976776123,2.799999952316284,1.6740998029708862,806925,
2008-05-09,2.819046974182129,2.83809494972229,2.799999952316284,2.819046974182129,1.685487985610962,2236500,
2008-05-12,2.820189952850342,2.889904022216797,2.820189952850342,2.860189914703369,1.7100869417190552,3129,
2008-05-13,2.889904022216797,2.889904022216797,2.860189914703369,2.880000114440918,1.7219314575195312,1459,
2008-05-14,2.910094976425171,2.9699039459228516,2.889904022216797,2.929903984069824,1.7517690658569336,4656,
2008-05-15,2.9523799419403076,2.9523799419403076,2.9142849445343018,2.933332920074463,1.7538193464279175,912187,
2008-05-16,2.9142849445343018,3.0095229148864746,2.9142849445343018,2.933332920074463,1.7538193464279175,2542837,
2008-05-20,2.99047589302063,2.99047589302063,2.933332920074463,2.933332920074463,1.7538193464279175,858637,
2008-05-21,2.933332920074463,2.933332920074463,2.876189947128296,2.876189947128296,1.7196537256240845,1107225,
2008-05-22,2.880000114440918,2.889904022216797,2.880000114440918,2.880000114440918,1.7219314575195312,1010,
2008-05-23,2.876189947128296,2.9142849445343018,2.8571419715881348,2.9142849445343018,1.742430329322815,436012,
2008-05-26,2.910094976425171,2.910094976425171,2.860189914703369,2.889904022216797,1.7278532981872559,790,
2008-05-27,2.889904022216797,2.889904022216797,2.880000114440918,2.880000114440918,1.7219314575195312,556,
2008-05-28,2.876189947128296,2.933332920074463,2.8571419715881348,2.933332920074463,1.7538193464279175,3224287,
2008-05-29,2.9699039459228516,2.9699039459228516,2.889904022216797,2.910094976425171,1.7399252653121948,2325,
2008-05-30,2.9142849445343018,3.047619104385376,2.9142849445343018,3.047619104385376,1.8221498727798462,6136987,
2008-06-02,3.0095229148864746,3.085714101791382,2.933332920074463,2.99047589302063,1.7879843711853027,4318125,
2008-06-03,2.933332920074463,3.047619104385376,2.9142849445343018,2.99047589302063,1.7879843711853027,1659000,
2008-06-04,2.9714279174804688,3.0095229148864746,2.9714279174804688,2.99047589302063,1.7879843711853027,369075,
2008-06-05,2.99047589302063,2.99047589302063,2.9714279174804688,2.9714279174804688,1.7765954732894897,621600,
2008-06-06,2.99047589302063,3.047619104385376,2.9714279174804688,3.0095229148864746,1.7993727922439575,1948537,
2008-06-09,2.99047589302063,2.99047589302063,2.9523799419403076,2.9714279174804688,1.7765954732894897,907200,
2008-06-10,2.9714279174804688,2.99047589302063,2.9142849445343018,2.933332920074463,1.7538193464279175,3025050,
2008-06-11,2.929903984069824,2.929903984069824,2.889904022216797,2.889904022216797,1.7278532981872559,2388,
2008-06-12,2.880000114440918,2.910094976425171,2.880000114440918,2.889904022216797,1.7278532981872559,506,
2008-06-13,2.889904022216797,2.9500949382781982,2.880000114440918,2.910094976425171,1.7399252653121948,273,
2008-06-16,2.910094976425171,2.929903984069824,2.889904022216797,2.929903984069824,1.7517690658569336,695,
2008-06-17,2.933332920074463,2.9523799419403076,2.933332920074463,2.933332920074463,1.7538193464279175,311587,
2008-06-18,2.9142849445343018,2.9714279174804688,2.9142849445343018,2.9523799419403076,1.765207052230835,848137,
2008-06-19,2.933332920074463,2.9523799419403076,2.83809494972229,2.83809494972229,1.6968774795532227,1225350,
2008-06-20,2.799999952316284,2.9142849445343018,2.780951976776123,2.9142849445343018,1.742430329322815,1684987,
2008-06-23,2.9142849445343018,2.933332920074463,2.8571419715881348,2.9142849445343018,1.742430329322815,939225,
2008-06-24,2.889904022216797,2.910094976425171,2.889904022216797,2.910094976425171,1.7399252653121948,585112,
2008-06-25,2.9142849445343018,2.9142849445343018,2.9142849445343018,2.9142849445343018,1.742430329322815,315525,
2008-06-26,2.933332920074463,2.933332920074463,2.933332920074463,2.933332920074463,1.7538193464279175,1001175,
2008-06-27,2.9142849445343018,2.933332920074463,2.9142849445343018,2.9142849445343018,1.742430329322815,475125,
2008-06-30,2.929903984069824,2.929903984069824,2.889904022216797,2.889904022216797,1.7278532981872559,98962,
2008-07-02,2.876189947128296,2.876189947128296,2.8571419715881348,2.876189947128296,1.7196537256240845,226012,
2008-07-03,2.83809494972229,2.83809494972229,2.819046974182129,2.819046974182129,1.685487985610962,337312,
2008-07-04,2.819046974182129,2.819046974182129,2.799999952316284,2.799999952316284,1.6740998029708862,356212,
2008-07-07,2.799999952316284,2.819046974182129,2.780951976776123,2.780951976776123,1.6627118587493896,634462,
2008-07-08,2.761904001235962,2.761904001235962,2.68571400642395,2.723809003829956,1.6285464763641357,927412,
2008-07-09,2.742856979370117,2.780951976776123,2.723809003829956,2.723809003829956,1.6285464763641357,1978462,
2008-07-10,2.723809003829956,2.723809003829956,2.704761028289795,2.704761028289795,1.6171576976776123,5515650,
2008-07-11,2.704761028289795,2.742856979370117,2.704761028289795,2.742856979370117,1.6399346590042114,906150,
2008-07-14,2.761904001235962,2.761904001235962,2.723809003829956,2.742856979370117,1.6399346590042114,233625,
2008-07-15,2.742856979370117,2.742856979370117,2.723809003829956,2.723809003829956,1.6285464763641357,1489425,
2008-07-16,2.723809003829956,2.761904001235962,2.704761028289795,2.742856979370117,1.6399346590042114,2720812,
2008-07-18,2.742856979370117,2.742856979370117,2.723809003829956,2.723809003829956,1.6285464763641357,1165237,
2008-07-21,2.742856979370117,2.742856979370117,2.704761028289795,2.723809003829956,1.6285464763641357,759412,
2008-07-22,2.761904001235962,2.761904001235962,2.742856979370117,2.742856979370117,1.6399346590042114,1670025,
2008-07-23,2.7801899909973145,2.889904022216797,2.7801899909973145,2.880000114440918,1.7219314575195312,765450,
2008-07-24,2.8399999141693115,2.889904022216797,2.8399999141693115,2.889904022216797,1.7278532981872559,3732750,
2008-07-25,2.876189947128296,2.876189947128296,2.83809494972229,2.876189947128296,1.7196537256240845,6346725,
2008-07-28,2.8571419715881348,2.8571419715881348,2.83809494972229,2.8571419715881348,1.7082651853561401,2653612,
2008-07-29,2.8571419715881348,2.8571419715881348,2.83809494972229,2.83809494972229,1.6968774795532227,59062,
2008-07-30,2.83809494972229,2.876189947128296,2.83809494972229,2.8571419715881348,1.7082651853561401,3522225,
2008-07-31,2.876189947128296,2.876189947128296,2.8571419715881348,2.8571419715881348,1.7082651853561401,87412,
2008-08-01,2.876189947128296,2.876189947128296,2.819046974182129,2.83809494972229,1.6968774795532227,544687,
2008-08-04,2.819046974182129,2.83809494972229,2.819046974182129,2.819046974182129,1.685487985610962,317362,
2008-08-05,2.799999952316284,2.799999952316284,2.799999952316284,2.799999952316284,1.6740998029708862,406087,
2008-08-06,2.819046974182129,2.83809494972229,2.819046974182129,2.83809494972229,1.6968774795532227,267750,
2008-08-07,2.819046974182129,2.8571419715881348,2.799999952316284,2.83809494972229,1.6968774795532227,1348725,
2008-08-08,2.8399999141693115,2.889904022216797,2.8399999141693115,2.889904022216797,1.7278532981872559,1352662,
2008-08-11,2.889904022216797,2.9500949382781982,2.889904022216797,2.929903984069824,1.7517690658569336,1111950,
2008-08-13,2.889904022216797,2.929903984069824,2.889904022216797,2.910094976425171,1.7399252653121948,1498350,
2008-08-14,2.889904022216797,2.929903984069824,2.889904022216797,2.929903984069824,1.7517690658569336,1989487,
2008-08-15,2.889904022216797,2.929903984069824,2.889904022216797,2.910094976425171,1.7399252653121948,2208937,
2008-08-18,2.880000114440918,2.889904022216797,2.880000114440918,2.889904022216797,1.7278532981872559,794850,
2008-08-19,2.799999952316284,2.8571419715881348,2.799999952316284,2.8571419715881348,1.7427242994308472,372487,0.057143
2008-08-20,2.83809494972229,2.83809494972229,2.819046974182129,2.83809494972229,1.7311069965362549,472762,
2008-08-21,2.819046974182129,2.83809494972229,2.819046974182129,2.83809494972229,1.7311069965362549,747337,
2008-08-22,2.83809494972229,2.83809494972229,2.799999952316284,2.819046974182129,1.7194881439208984,969937,
2008-08-25,2.819046974182129,2.83809494972229,2.819046974182129,2.83809494972229,1.7311069965362549,777262,
2008-08-26,2.819046974182129,2.83809494972229,2.799999952316284,2.799999952316284,1.7078702449798584,830025,
2008-08-27,2.799999952316284,2.83809494972229,2.799999952316284,2.83809494972229,1.7311069965362549,817950,
2008-08-28,2.819046974182129,2.8571419715881348,2.819046974182129,2.8571419715881348,1.7427242994308472,501900,
2008-08-29,2.819046974182129,2.83809494972229,2.819046974182129,2.819046974182129,1.7194881439208984,555450,
2008-09-01,2.799999952316284,2.83809494972229,2.799999952316284,2.83809494972229,1.7311069965362549,840000,
2008-09-02,2.799999952316284,2.819046974182129,2.780951976776123,2.799999952316284,1.7078702449798584,1804687,
2008-09-03,2.799999952316284,2.799999952316284,2.761904001235962,2.799999952316284,1.7078702449798584,950250,
2008-09-04,2.780951976776123,2.799999952316284,2.761904001235962,2.799999952316284,1.7078702449798584,1418287,
2008-09-05,2.780951976776123,2.780951976776123,2.742856979370117,2.761904001235962,1.684633493423462,705862,
2008-09-08,2.761904001235962,2.780951976776123,2.761904001235962,2.780951976776123,1.6962525844573975,1246350,
2008-09-09,2.761904001235962,2.780951976776123,2.761904001235962,2.780951976776123,1.6962525844573975,1104075,
2008-09-10,2.761904001235962,2.761904001235962,2.742856979370117,2.761904001235962,1.684633493423462,586950,
2008-09-11,2.761904001235962,2.761904001235962,2.742856979370117,2.761904001235962,1.684633493423462,567000,
2008-09-12,2.742856979370117,2.761904001235962,2.742856979370117,2.761904001235962,1.684633493423462,149887,
2008-09-15,2.761904001235962,2.761904001235962,2.742856979370117,2.761904001235962,1.684633493423462,545737,
2008-09-16,2.742856979370117,2.742856979370117,2.68571400642395,2.704761028289795,1.649779200553894,800100,
2008-09-17,2.704761028289795,2.723809003829956,2.704761028289795,2.704761028289795,1.649779200553894,2601375,
2008-09-18,2.666666030883789,2.666666030883789,2.6476190090179443,2.666666030883789,1.6265429258346558,1861387,
2008-09-19,2.68571400642395,2.704761028289795,2.68571400642395,2.68571400642395,1.638161301612854,284550,
2008-09-22,2.704761028289795,2.723809003829956,2.704761028289795,2.704761028289795,1.649779200553894,410550,
2008-09-23,2.704761028289795,2.723809003829956,2.704761028289795,2.704761028289795,1.649779200553894,504525,
2008-09-24,2.704761028289795,2.723809003829956,2.704761028289795,2.723809003829956,1.661397933959961,1394662,
2008-09-25,2.704761028289795,2.723809003829956,2.704761028289795,2.723809003829956,1.661397933959961,182700,
2008-09-26,2.723809003829956,2.723809003829956,2.704761028289795,2.704761028289795,1.649779200553894,16537,
2008-09-29,2.723809003829956,2.723809003829956,2.68571400642395,2.68571400642395,1.638161301612854,312375,
2008-09-30,2.609523057937622,2.761904001235962,2.609523057937622,2.761904001235962,1.684633493423462,447825,
2008-10-01,2.723809003829956,2.761904001235962,2.723809003829956,2.761904001235962,1.684633493423462,87937,
2008-10-02,2.723809003829956,2.723809003829956,2.704761028289795,2.723809003829956,1.661397933959961,43837,
2008-10-03,2.723809003829956,2.723809003829956,2.723809003829956,2.723809003829956,1.661397933959961,0,
2008-10-06,2.704761028289795,2.704761028289795,2.6476190090179443,2.666666030883789,1.6265429258346558,444675,
2008-10-07,2.666666030883789,2.666666030883789,2.628571033477783,2.666666030883789,1.6265429258346558,1197000,
2008-10-08,2.6476190090179443,2.6476190090179443,2.4571421146392822,2.609523057937622,1.5916880369186401,2028862,
2008-10-09,2.5904760360717773,2.6476190090179443,2.552380084991455,2.5904760360717773,1.5800703763961792,629212,
2008-10-10,2.4571421146392822,2.4571421146392822,2.2476189136505127,2.2857139110565186,1.3941797018051147,1078612,
2008-10-13,2.2857139110565186,2.3428568840026855,2.1333329677581787,2.3238089084625244,1.4174156188964844,1343475,
2008-10-14,2.3047609329223633,2.4000000953674316,2.2857139110565186,2.3238089084625244,1.4174156188964844,4231500,
2008-10-15,2.3238089084625244,2.3238089084625244,2.2857139110565186,2.2857139110565186,1.3941797018051147,2007075,
2008-10-16,2.2285709381103516,2.2285709381103516,2.1904759407043457,2.2095229625701904,1.347706913948059,1133475,
2008-10-17,2.2095229625701904,2.2285709381103516,2.1904759407043457,2.1904759407043457,1.336089015007019,1301475,
2008-10-20,2.1904759407043457,2.2095229625701904,2.1714279651641846,2.2095229625701904,1.347706913948059,1191750,
2008-10-21,2.2476189136505127,2.2857139110565186,2.1904759407043457,2.2857139110565186,1.3941797018051147,2166937,
2008-10-22,2.2857139110565186,2.4000000953674316,2.2857139110565186,2.4000000953674316,1.463889479637146,2720812,
2008-10-24,2.3047609329223633,2.3047609329223633,2.2476189136505127,2.2857139110565186,1.3941797018051147,2915587,
2008-10-27,2.2095229625701904,2.2857139110565186,2.1714279651641846,2.1714279651641846,1.3244706392288208,1150800,
2008-10-28,2.1714279651641846,2.2666659355163574,2.1523799896240234,2.2666659355163574,1.382561206817627,370912,
2008-10-29,2.2857139110565186,2.2857139110565186,2.2285709381103516,2.2666659355163574,1.382561206817627,978862,
2008-10-30,2.2095229625701904,2.2666659355163574,2.1904759407043457,2.2666659355163574,1.382561206817627,2825812,
2008-10-31,2.2476189136505127,2.2666659355163574,2.1904759407043457,2.2666659355163574,1.382561206817627,2041462,
2008-11-03,2.2666659355163574,2.3047609329223633,2.2476189136505127,2.3047609329223633,1.4057974815368652,3652162,
2008-11-04,2.2857139110565186,2.3428568840026855,2.2857139110565186,2.3428568840026855,1.4290344715118408,412650,
2008-11-05,2.3619039058685303,2.4190471172332764,2.3619039058685303,2.3809518814086914,1.4522703886032104,1169437,
2008-11-06,2.3619039058685303,2.3809518814086914,2.3428568840026855,2.3619039058685303,1.4406518936157227,583537,
2008-11-07,2.3619039058685303,2.4571421146392822,2.3619039058685303,2.4571421146392822,1.4987431764602661,551775,
2008-11-10,2.4571421146392822,2.5333330631256104,2.4380950927734375,2.514285087585449,1.5335978269577026,1275750,
2008-11-11,2.5904760360717773,2.5904760360717773,2.4952380657196045,2.514285087585449,1.5335978269577026,401625,
2008-11-12,2.4571421146392822,2.4571421146392822,2.4000000953674316,2.4571421146392822,1.4987431764602661,224437,
2008-11-13,2.4000000953674316,2.4190471172332764,2.4000000953674316,2.4190471172332764,1.4755065441131592,150937,
2008-11-14,2.4190471172332764,2.4190471172332764,2.4000000953674316,2.4000000953674316,1.463889479637146,253312,
2008-11-17,2.3619039058685303,2.3809518814086914,2.3619039058685303,2.3809518814086914,1.4522703886032104,415537,
2008-11-18,2.3619039058685303,2.3619039058685303,2.3428568840026855,2.3428568840026855,1.4290344715118408,98437,
2008-11-19,2.3428568840026855,2.3428568840026855,2.2857139110565186,2.3047609329223633,1.4057974815368652,437850,
2008-11-20,2.2857139110565186,2.2857139110565186,2.2476189136505127,2.2857139110565186,1.3941797018051147,284025,
2008-11-21,2.2476189136505127,2.2857139110565186,2.2476189136505127,2.2666659355163574,1.382561206817627,420000,
2008-11-24,2.2476189136505127,2.2476189136505127,2.2476189136505127,2.2476189136505127,1.3709437847137451,426300,
2008-11-25,2.2857139110565186,2.2857139110565186,2.2666659355163574,2.2857139110565186,1.3941797018051147,576187,
2008-11-26,2.2857139110565186,2.3238089084625244,2.2666659355163574,2.2666659355163574,1.382561206817627,811650,
2008-11-27,2.2666659355163574,2.2857139110565186,2.2666659355163574,2.2666659355163574,1.382561206817627,353587,
2008-11-28,2.2857139110565186,2.2857139110565186,2.2666659355163574,2.2857139110565186,1.3941797018051147,111562,
2008-12-01,2.2857139110565186,2.2857139110565186,2.2666659355163574,2.2666659355163574,1.382561206817627,285337,
2008-12-02,2.2476189136505127,2.2476189136505127,2.2095229625701904,2.2095229625701904,1.347706913948059,611362,
2008-12-03,2.2476189136505127,2.2666659355163574,2.2476189136505127,2.2476189136505127,1.3709437847137451,2199487,
2008-12-04,2.2857139110565186,2.2857139110565186,2.2857139110565186,2.2857139110565186,1.3941797018051147,657825,
2008-12-08,2.2857139110565186,2.4000000953674316,2.2857139110565186,2.4000000953674316,1.463889479637146,1320375,
2008-12-09,2.4000000953674316,2.4380950927734375,2.3619039058685303,2.4000000953674316,1.463889479637146,1204087,
2008-12-11,2.4000000953674316,2.4000000953674316,2.4000000953674316,2.4000000953674316,1.463889479637146,3695475,
2008-12-12,2.3809518814086914,2.3809518814086914,2.3619039058685303,2.3809518814086914,1.4522703886032104,1827000,
2008-12-15,2.3809518814086914,2.4571421146392822,2.3809518814086914,2.4380950927734375,1.487125277519226,557287,
2008-12-16,2.4761900901794434,2.5904760360717773,2.4761900901794434,2.552380084991455,1.5568337440490723,1624875,
2008-12-17,2.552380084991455,2.571428060531616,2.5333330631256104,2.571428060531616,1.5684521198272705,281925,
2008-12-18,2.571428060531616,2.628571033477783,2.552380084991455,2.628571033477783,1.6033066511154175,1372350,
2008-12-19,2.628571033477783,2.666666030883789,2.628571033477783,2.666666030883789,1.6265429258346558,896175,
2008-12-22,2.6476190090179443,2.6476190090179443,2.552380084991455,2.628571033477783,1.6033066511154175,704550,
2008-12-23,2.628571033477783,2.628571033477783,2.609523057937622,2.609523057937622,1.5916880369186401,433912,
2008-12-24,2.6099040508270264,2.6099040508270264,2.590095043182373,2.590095043182373,1.5798377990722656,148312,
2008-12-25,2.5904760360717773,2.704761028289795,2.5904760360717773,2.666666030883789,1.6265429258346558,399000,
2008-12-26,2.666666030883789,2.68571400642395,2.6476190090179443,2.666666030883789,1.6265429258346558,1426162,
2008-12-29,2.628571033477783,2.666666030883789,2.628571033477783,2.666666030883789,1.6265429258346558,750487,
2008-12-30,2.6476190090179443,2.742856979370117,2.6476190090179443,2.704761028289795,1.649779200553894,1469212,
2009-01-02,2.704761028289795,2.704761028289795,2.704761028289795,2.704761028289795,1.649779200553894,0,
2009-01-05,2.723809003829956,2.780951976776123,2.723809003829956,2.742856979370117,1.6730157136917114,690375,
2009-01-06,2.742856979370117,2.780951976776123,2.742856979370117,2.742856979370117,1.6730157136917114,1272337,
2009-01-07,2.742856979370117,2.761904001235962,2.723809003829956,2.761904001235962,1.684633493423462,1608862,
2009-01-08,2.723809003829956,2.723809003829956,2.704761028289795,2.704761028289795,1.649779200553894,252787,
2009-01-09,2.704761028289795,2.704761028289795,2.68571400642395,2.68571400642395,1.638161301612854,308700,
2009-01-12,2.704761028289795,2.742856979370117,2.704761028289795,2.723809003829956,1.661397933959961,136237,
2009-01-13,2.742856979370117,2.742856979370117,2.609523057937622,2.609523057937622,1.5916880369186401,1588387,
2009-01-14,2.628571033477783,2.628571033477783,2.628571033477783,2.628571033477783,1.6033066511154175,1155000,
2009-01-15,2.628571033477783,2.628571033477783,2.609523057937622,2.628571033477783,1.6033066511154175,119175,
2009-01-16,2.609523057937622,2.68571400642395,2.5904760360717773,2.666666030883789,1.6265429258346558,88725,
2009-01-19,2.68571400642395,2.68571400642395,2.666666030883789,2.68571400642395,1.638161301612854,747337,
2009-01-20,2.666666030883789,2.876189947128296,2.666666030883789,2.819046974182129,1.7194881439208984,3683400,
2009-01-21,2.780951976776123,2.799999952316284,2.761904001235962,2.799999952316284,1.7078702449798584,95812,
2009-01-22,2.819046974182129,2.83809494972229,2.780951976776123,2.780951976776123,1.6962525844573975,229950,
2009-01-23,2.819046974182129,2.9142849445343018,2.780951976776123,2.8571419715881348,1.7427242994308472,2777775,
2009-01-26,2.83809494972229,2.83809494972229,2.819046974182129,2.819046974182129,1.7194881439208984,68512,
2009-01-27,2.780951976776123,2.8571419715881348,2.780951976776123,2.83809494972229,1.7311069965362549,156187,
2009-01-28,2.860189914703369,2.889904022216797,2.8399999141693115,2.880000114440918,1.7566664218902588,1165762,
2009-01-29,2.8571419715881348,2.8571419715881348,2.819046974182129,2.819046974182129,1.7194881439208984,281400,
2009-01-30,2.799999952316284,2.799999952316284,2.761904001235962,2.780951976776123,1.6962525844573975,261975,
2009-02-02,2.780951976776123,2.780951976776123,2.780951976776123,2.780951976776123,1.6962525844573975,1485487,
2009-02-03,2.780951976776123,2.819046974182129,2.780951976776123,2.819046974182129,1.7194881439208984,505575,
2009-02-04,2.819046974182129,2.83809494972229,2.819046974182129,2.819046974182129,1.7194881439208984,403462,
2009-02-05,2.819046974182129,2.819046974182129,2.799999952316284,2.799999952316284,1.7078702449798584,224175,
2009-02-06,2.799999952316284,2.83809494972229,2.761904001235962,2.761904001235962,1.684633493423462,1024537,
2009-02-10,2.799999952316284,2.8571419715881348,2.799999952316284,2.8571419715881348,1.7427242994308472,358050,
2009-02-11,2.83809494972229,2.83809494972229,2.819046974182129,2.819046974182129,1.7194881439208984,716362,
2009-02-12,2.819046974182129,2.83809494972229,2.819046974182129,2.819046974182129,1.7194881439208984,935550,
2009-02-13,2.819046974182129,2.819046974182129,2.799999952316284,2.819046974182129,1.7194881439208984,1024800,
2009-02-16,2.799999952316284,2.819046974182129,2.799999952316284,2.799999952316284,1.7078702449798584,413175,
2009-02-17,2.780951976776123,2.780951976776123,2.761904001235962,2.780951976776123,1.6962525844573975,932925,
2009-02-18,2.780951976776123,2.780951976776123,2.761904001235962,2.780951976776123,1.6962525844573975,638662,
2009-02-19,2.780951976776123,2.799999952316284,2.780951976776123,2.780951976776123,1.6962525844573975,1890000,
2009-02-20,2.819046974182129,2.819046974182129,2.761904001235962,2.780951976776123,1.6962525844573975,2681700,
2009-02-23,2.780951976776123,2.780951976776123,2.761904001235962,2.780951976776123,1.6962525844573975,540487,
2009-02-24,2.780951976776123,2.780951976776123,2.761904001235962,2.780951976776123,1.6962525844573975,272212,
2009-02-25,2.819046974182129,2.819046974182129,2.761904001235962,2.780951976776123,1.6962525844573975,408712,
2009-02-26,2.780951976776123,2.780951976776123,2.761904001235962,2.761904001235962,1.684633493423462,892500,
2009-02-27,2.780951976776123,2.780951976776123,2.780951976776123,2.780951976776123,1.6962525844573975,282712,
2009-03-02,2.7801899909973145,2.7801899909973145,2.740190029144287,2.759999990463257,1.6834723949432373,1059975,
2009-03-03,2.761904001235962,2.761904001235962,2.742856979370117,2.761904001235962,1.684633493423462,258825,
2009-03-04,2.742856979370117,2.742856979370117,2.742856979370117,2.742856979370117,1.6730157136917114,1223512,
2009-03-05,2.761904001235962,2.761904001235962,2.742856979370117,2.761904001235962,1.684633493423462,190837,
2009-03-06,2.742856979370117,2.742856979370117,2.742856979370117,2.742856979370117,1.6730157136917114,368025,
2009-03-09,2.742856979370117,2.761904001235962,2.742856979370117,2.742856979370117,1.6730157136917114,306337,
2009-03-10,2.723809003829956,2.723809003829956,2.723809003829956,2.723809003829956,1.661397933959961,889612,
2009-03-11,2.723809003829956,2.723809003829956,2.704761028289795,2.704761028289795,1.649779200553894,2354362,
2009-03-12,2.723809003829956,2.742856979370117,2.723809003829956,2.742856979370117,1.6730157136917114,31500,
2009-03-13,2.742856979370117,2.780951976776123,2.723809003829956,2.761904001235962,1.684633493423462,2113387,
2009-03-16,2.761904001235962,2.761904001235962,2.742856979370117,2.761904001235962,1.684633493423462,147525,
2009-03-17,2.761904001235962,2.780951976776123,2.761904001235962,2.780951976776123,1.6962525844573975,281137,
2009-03-18,2.780951976776123,2.83809494972229,2.780951976776123,2.819046974182129,1.7194881439208984,2880675,
2009-03-19,2.83809494972229,2.83809494972229,2.799999952316284,2.799999952316284,1.7078702449798584,675937,
2009-03-20,2.819046974182129,2.819046974182129,2.761904001235962,2.780951976776123,1.6962525844573975,6351450,
2009-03-23,2.780951976776123,2.799999952316284,2.761904001235962,2.780951976776123,1.6962525844573975,1770825,
2009-03-24,2.780951976776123,2.780951976776123,2.761904001235962,2.761904001235962,1.684633493423462,1067062,
2009-03-25,2.761904001235962,2.761904001235962,2.704761028289795,2.704761028289795,1.649779200553894,2667262,
2009-03-26,2.742856979370117,2.780951976776123,2.742856979370117,2.780951976776123,1.6962525844573975,1999462,
2009-03-27,2.780951976776123,2.780951976776123,2.742856979370117,2.742856979370117,1.6730157136917114,298200,
2009-03-30,2.742856979370117,2.742856979370117,2.723809003829956,2.723809003829956,1.661397933959961,766237,
2009-03-31,2.742856979370117,2.761904001235962,2.742856979370117,2.761904001235962,1.684633493423462,11812,
2009-04-01,2.761904001235962,2.761904001235962,2.742856979370117,2.742856979370117,1.6730157136917114,1147387,
2009-04-02,2.780951976776123,2.780951976776123,2.742856979370117,2.742856979370117,1.6730157136917114,814275,
2009-04-03,2.761904001235962,2.819046974182129,2.761904001235962,2.761904001235962,1.684633493423462,780150,
2009-04-07,2.761904001235962,2.761904001235962,2.742856979370117,2.742856979370117,1.6730157136917114,953662,
2009-04-08,2.742856979370117,2.742856979370117,2.723809003829956,2.742856979370117,1.6730157136917114,1341375,
2009-04-09,2.742856979370117,2.761904001235962,2.742856979370117,2.742856979370117,1.6730157136917114,195562,
2009-04-10,2.742856979370117,2.761904001235962,2.742856979370117,2.761904001235962,1.684633493423462,152775,
2009-04-16,2.742856979370117,2.799999952316284,2.742856979370117,2.780951976776123,1.6962525844573975,623962,
2009-04-17,2.799999952316284,2.799999952316284,2.780951976776123,2.780951976776123,1.6962525844573975,1151587,
2009-04-20,2.799999952316284,2.819046974182129,2.799999952316284,2.799999952316284,1.7078702449798584,4395300,
2009-04-21,2.799999952316284,2.83809494972229,2.799999952316284,2.83809494972229,1.7311069965362549,2762550,
2009-04-22,2.83809494972229,2.8571419715881348,2.819046974182129,2.819046974182129,1.7194881439208984,2334150,
2009-04-23,2.819046974182129,2.876189947128296,2.819046974182129,2.876189947128296,1.7543432712554932,3678937,
2009-04-24,2.880000114440918,2.889904022216797,2.8399999141693115,2.880000114440918,1.7566664218902588,2196600,
2009-04-27,2.799999952316284,2.819046974182129,2.799999952316284,2.799999952316284,1.7662792205810547,713212,0.095238
2009-04-28,2.83809494972229,2.8571419715881348,2.819046974182129,2.819046974182129,1.7782944440841675,412912,
2009-04-29,2.83809494972229,2.9714279174804688,2.83809494972229,2.8571419715881348,1.8023251295089722,2608987,
2009-04-30,2.876189947128296,2.933332920074463,2.876189947128296,2.9142849445343018,1.8383718729019165,1510425,
2009-05-04,2.9523799419403076,2.9523799419403076,2.8571419715881348,2.876189947128296,1.8143410682678223,2881200,
2009-05-06,2.889904022216797,2.929903984069824,2.880000114440918,2.910094976425171,1.8357290029525757,3688650,
2009-05-07,2.933332920074463,2.9714279174804688,2.9142849445343018,2.9523799419403076,1.862402319908142,3387037,
2009-05-11,2.9714279174804688,2.9714279174804688,2.83809494972229,2.83809494972229,1.7903105020523071,2094750,
2009-05-12,2.8571419715881348,2.876189947128296,2.83809494972229,2.8571419715881348,1.8023251295089722,1421700,
2009-05-13,2.8571419715881348,2.9142849445343018,2.8571419715881348,2.876189947128296,1.8143410682678223,1645087,
2009-05-14,2.83809494972229,2.876189947128296,2.83809494972229,2.8571419715881348,1.8023251295089722,1485225,
2009-05-15,2.8571419715881348,2.9142849445343018,2.83809494972229,2.83809494972229,1.7903105020523071,2201850,
2009-05-18,2.8571419715881348,2.876189947128296,2.799999952316284,2.819046974182129,1.7782944440841675,4221787,
2009-05-19,2.860189914703369,2.889904022216797,2.860189914703369,2.880000114440918,1.816744089126587,4234125,
2009-05-20,2.889904022216797,2.910094976425171,2.860189914703369,2.860189914703369,1.8042479753494263,2359875,
2009-05-21,2.8571419715881348,2.876189947128296,2.799999952316284,2.819046974182129,1.7782944440841675,2931337,
2009-05-22,2.83809494972229,2.8571419715881348,2.819046974182129,2.819046974182129,1.7782944440841675,642600,
2009-05-25,2.819046974182129,2.83809494972229,2.819046974182129,2.83809494972229,1.7903105020523071,591675,
2009-05-26,2.83809494972229,2.83809494972229,2.819046974182129,2.819046974182129,1.7782944440841675,921637,
2009-05-27,2.83809494972229,2.83809494972229,2.819046974182129,2.819046974182129,1.7782944440841675,858637,
2009-05-28,2.83809494972229,2.8571419715881348,2.83809494972229,2.8571419715881348,1.8023251295089722,526312,
2009-05-29,2.8399999141693115,2.889904022216797,2.8399999141693115,2.889904022216797,1.8229920864105225,3679987,
2009-06-01,2.889904022216797,2.910094976425171,2.860189914703369,2.860189914703369,1.8042479753494263,3657412,
2009-06-02,2.880000114440918,2.889904022216797,2.8399999141693115,2.8399999141693115,1.791512131690979,2656500,
2009-06-03,2.880000114440918,2.889904022216797,2.860189914703369,2.889904022216797,1.8229920864105225,2400037,
2009-06-04,2.889904022216797,2.910094976425171,2.880000114440918,2.889904022216797,1.8229920864105225,452287,
2009-06-05,2.889904022216797,2.9500949382781982,2.889904022216797,2.929903984069824,1.848224401473999,1224037,
2009-06-08,2.9523799419403076,2.9714279174804688,2.9142849445343018,2.9142849445343018,1.8383718729019165,2082675,
2009-06-09,2.933332920074463,2.9523799419403076,2.933332920074463,2.9523799419403076,1.862402319908142,726862,
2009-06-10,2.9523799419403076,3.0285708904266357,2.9523799419403076,3.0095229148864746,1.898449420928955,2836050,
2009-06-11,3.0285708904266357,3.142857074737549,3.0285708904266357,3.142857074737549,1.9825578927993774,8324662,
2009-06-12,3.2190470695495605,3.2190470695495605,3.047619104385376,3.047619104385376,1.9224802255630493,9588600,
2009-06-15,3.085714101791382,3.2190470695495605,3.0095229148864746,3.047619104385376,1.9224802255630493,4583512,
2009-06-16,3.047619104385376,3.047619104385376,2.9714279174804688,3.0285708904266357,1.9104652404785156,3748500,
2009-06-17,3.0095229148864746,3.047619104385376,3.0095229148864746,3.0285708904266357,1.9104652404785156,3014025,
2009-06-18,3.0285708904266357,3.0285708904266357,2.9714279174804688,3.0285708904266357,1.9104652404785156,2966250,
2009-06-19,3.047619104385376,3.047619104385376,3.0285708904266357,3.047619104385376,1.9224802255630493,214200,
2009-06-22,3.0666658878326416,3.0666658878326416,3.0285708904266357,3.047619104385376,1.9224802255630493,1166550,
2009-06-23,3.0285708904266357,3.047619104385376,3.0095229148864746,3.047619104385376,1.9224802255630493,2156437,
2009-06-24,3.047619104385376,3.0666658878326416,3.047619104385376,3.047619104385376,1.9224802255630493,722137,
2009-06-25,3.047619104385376,3.047619104385376,3.047619104385376,3.047619104385376,1.9224802255630493,1393087,
2009-06-26,3.047619104385376,3.047619104385376,3.047619104385376,3.047619104385376,1.9224802255630493,1106700,
2009-06-29,3.047619104385376,3.0666658878326416,3.047619104385376,3.047619104385376,1.9224802255630493,926887,
2009-06-30,3.047619104385376,3.1238090991973877,3.047619104385376,3.085714101791382,1.9465113878250122,6359587,
2009-07-02,3.1047608852386475,3.1238090991973877,3.085714101791382,3.1047608852386475,1.958526611328125,2540212,
2009-07-03,3.085714101791382,3.1047608852386475,3.0666658878326416,3.085714101791382,1.9465113878250122,965475,
2009-07-06,3.085714101791382,3.085714101791382,3.085714101791382,3.085714101791382,1.9465113878250122,0,
2009-07-08,3.085714101791382,3.3523800373077393,3.0666658878326416,3.2380950450897217,2.042635917663574,13595662,
2009-07-09,3.240000009536743,3.2899041175842285,3.240000009536743,3.2899041175842285,2.075317144393921,3526950,
2009-07-10,3.2899041175842285,3.3100950717926025,3.240000009536743,3.260190010070801,2.0565733909606934,1239525,
2009-07-13,3.2571420669555664,3.3904759883880615,3.2571420669555664,3.3904759883880615,2.1387600898742676,7539787,
2009-07-14,3.4285709857940674,3.4285709857940674,3.3142850399017334,3.3904759883880615,2.1387600898742676,6934725,
2009-07-15,3.4095230102539062,3.4095230102539062,3.3333330154418945,3.3333330154418945,2.1027121543884277,2156437,
2009-07-16,3.3714280128479004,3.3904759883880615,3.3333330154418945,3.3333330154418945,2.1027121543884277,2617387,
2009-07-17,3.3523800373077393,3.3523800373077393,3.3333330154418945,3.3523800373077393,2.114727735519409,471712,
2009-07-20,3.3523800373077393,3.3523800373077393,3.3333330154418945,3.3333330154418945,2.1027121543884277,1899712,
2009-07-21,3.2899041175842285,3.3100950717926025,3.2899041175842285,3.2899041175842285,2.075317144393921,1820437,
2009-07-22,3.3100950717926025,3.329904079437256,3.2899041175842285,3.3100950717926025,2.0880544185638428,884887,
2009-07-23,3.329904079437256,3.329904079437256,3.2899041175842285,3.2899041175842285,2.075317144393921,1193062,
2009-07-24,3.3100950717926025,3.329904079437256,3.2899041175842285,3.2899041175842285,2.075317144393921,1642462,
2009-07-27,3.2899041175842285,3.3100950717926025,3.2899041175842285,3.3100950717926025,2.0880544185638428,968887,
2009-07-28,3.3100950717926025,3.329904079437256,3.2899041175842285,3.3100950717926025,2.0880544185638428,3642975,
2009-07-29,3.2899041175842285,3.3100950717926025,3.2799999713897705,3.3100950717926025,2.0880544185638428,3046837,
2009-07-30,3.2899041175842285,3.2899041175842285,3.180190086364746,3.200000047683716,2.0186045169830322,7133962,
2009-07-31,3.200000047683716,3.2190470695495605,3.142857074737549,3.1809520721435547,2.0065886974334717,2772262,
2009-08-03,3.1619040966033936,3.200000047683716,3.142857074737549,3.1809520721435547,2.0065886974334717,5254725,
2009-08-04,3.1809520721435547,3.1809520721435547,3.1047608852386475,3.1238090991973877,1.9705421924591064,5642437,
2009-08-05,3.1238090991973877,3.1238090991973877,3.0095229148864746,3.047619104385376,1.9224802255630493,7162050,
2009-08-06,3.047619104385376,3.0666658878326416,2.9714279174804688,3.0285708904266357,1.9104652404785156,14130375,
2009-08-07,3.0285708904266357,3.047619104385376,3.0285708904266357,3.047619104385376,1.9224802255630493,2355675,
2009-08-10,3.1047608852386475,3.142857074737549,3.0666658878326416,3.142857074737549,1.9825578927993774,2864925,
2009-08-11,3.142857074737549,3.142857074737549,3.1047608852386475,3.142857074737549,1.9825578927993774,1156575,
2009-08-13,3.1619040966033936,3.1619040966033936,3.1238090991973877,3.142857074737549,1.9825578927993774,1555575,
2009-08-14,3.1619040966033936,3.1809520721435547,3.142857074737549,3.1619040966033936,1.9945732355117798,1951687,
2009-08-17,3.142857074737549,3.142857074737549,3.085714101791382,3.1238090991973877,1.9705421924591064,2547825,
2009-08-18,3.1047608852386475,3.1238090991973877,3.1047608852386475,3.1047608852386475,1.958526611328125,2356462,
2009-08-19,3.1238090991973877,3.1238090991973877,3.1047608852386475,3.1047608852386475,1.958526611328125,952087,
2009-08-20,3.1238090991973877,3.142857074737549,3.1047608852386475,3.1238090991973877,1.9705421924591064,1145025,
2009-08-21,3.1238090991973877,3.2190470695495605,3.1238090991973877,3.1619040966033936,1.9945732355117798,4262212,
2009-08-24,3.200000047683716,3.200000047683716,3.142857074737549,3.1619040966033936,1.9945732355117798,3335850,
2009-08-25,3.1619040966033936,3.1619040966033936,3.142857074737549,3.1619040966033936,1.9945732355117798,1749562,
2009-08-26,3.1619040966033936,3.2571420669555664,3.1619040966033936,3.2190470695495605,2.0306203365325928,9422437,
2009-08-27,3.2190470695495605,3.3523800373077393,3.200000047683716,3.200000047683716,2.0186045169830322,27565650,
2009-08-28,3.3333330154418945,3.3714280128479004,3.2190470695495605,3.3142850399017334,2.0906972885131836,33548287,
2009-08-31,3.3142850399017334,3.3333330154418945,3.2380950450897217,3.2761900424957275,2.0666663646698,9765262,
2009-09-01,3.2761900424957275,3.3142850399017334,3.2571420669555664,3.2571420669555664,2.0546507835388184,4856512,
2009-09-02,3.2571420669555664,3.2761900424957275,3.2380950450897217,3.2571420669555664,2.0546507835388184,3281512,
2009-09-03,3.2571420669555664,3.2761900424957275,3.2380950450897217,3.2761900424957275,2.0666663646698,4331250,
2009-09-04,3.2761900424957275,3.2761900424957275,3.2380950450897217,3.2571420669555664,2.0546507835388184,3704662,
2009-09-07,3.2761900424957275,3.2761900424957275,3.2380950450897217,3.2380950450897217,2.042635917663574,6048000,
2009-09-08,3.2571420669555664,3.2571420669555664,3.200000047683716,3.200000047683716,2.0186045169830322,6696637,
2009-09-09,3.2380950450897217,3.2380950450897217,3.1619040966033936,3.1619040966033936,1.9945732355117798,7867912,
2009-09-10,3.1809520721435547,3.2190470695495605,3.1619040966033936,3.1809520721435547,2.0065886974334717,5258662,
2009-09-11,3.1809520721435547,3.200000047683716,3.1619040966033936,3.200000047683716,2.0186045169830322,5032125,
2009-09-14,3.1809520721435547,3.2380950450897217,3.1809520721435547,3.1809520721435547,2.0065886974334717,2668050,
2009-09-15,3.200000047683716,3.2190470695495605,3.1809520721435547,3.200000047683716,2.0186045169830322,2433112,
2009-09-16,3.200000047683716,3.2190470695495605,3.1809520721435547,3.2190470695495605,2.0306203365325928,3151575,
2009-09-17,3.2201900482177734,3.2899041175842285,3.2201900482177734,3.260190010070801,2.0565733909606934,6588750,
2009-09-18,3.2380950450897217,3.2571420669555664,3.2380950450897217,3.2571420669555664,2.0546507835388184,2215762,
2009-09-21,3.2799999713897705,3.3100950717926025,3.260190010070801,3.2899041175842285,2.075317144393921,4405537,
2009-09-22,3.3100950717926025,3.329904079437256,3.2799999713897705,3.2899041175842285,2.075317144393921,9884437,
2009-09-23,3.2899041175842285,3.4300949573516846,3.2899041175842285,3.3900949954986572,2.138519287109375,11876025,
2009-09-24,3.3714280128479004,3.3904759883880615,3.3333330154418945,3.3714280128479004,2.1267433166503906,5556862,
2009-09-25,3.3714280128479004,3.3714280128479004,3.3142850399017334,3.3333330154418945,2.1027121543884277,3813600,
2009-09-28,3.3142850399017334,3.3333330154418945,3.2571420669555664,3.2761900424957275,2.0666663646698,5148675,
2009-09-29,3.2899041175842285,3.35009503364563,3.260190010070801,3.2799999713897705,2.0690696239471436,8822887,
2009-09-30,3.2799999713897705,3.329904079437256,3.260190010070801,3.2899041175842285,2.075317144393921,9702525,
2009-10-01,3.3100950717926025,3.329904079437256,3.2899041175842285,3.329904079437256,2.1005499362945557,4022025,
2009-10-02,3.3142850399017334,3.3714280128479004,3.3142850399017334,3.3333330154418945,2.1027121543884277,5927250,
2009-10-05,3.3333330154418945,3.3904759883880615,3.3333330154418945,3.3714280128479004,2.1267433166503906,5756362,
2009-10-06,3.3904759883880615,3.4095230102539062,3.3714280128479004,3.3904759883880615,2.1387600898742676,7111387,
2009-10-07,3.4095230102539062,3.4095230102539062,3.3714280128479004,3.3714280128479004,2.1267433166503906,4218900,
2009-10-08,3.3714280128479004,3.3904759883880615,3.3523800373077393,3.3523800373077393,2.114727735519409,5335837,
2009-10-09,3.3714280128479004,3.3904759883880615,3.3523800373077393,3.3523800373077393,2.114727735519409,12051375,
2009-10-12,3.4000000953674316,3.7666659355163574,3.366666078567505,3.5333330631256104,2.2741003036499023,15050850,0.066667
2009-10-13,3.5999999046325684,3.6333329677581787,3.5,3.5,2.2526466846466064,6671550,
2009-10-14,3.5333330631256104,3.5666658878326416,3.319999933242798,3.366666078567505,2.1668310165405273,7785300,
2009-10-15,3.433332920074463,3.4666659832000732,3.0666658878326416,3.173332929611206,2.0423989295959473,8760900,
2009-10-16,3.173332929611206,3.3066658973693848,3.173332929611206,3.293333053588867,2.1196327209472656,1473300,
2009-10-19,3.293333053588867,3.366666078567505,3.293333053588867,3.366666078567505,2.1668310165405273,1706700,
2009-10-20,3.4000000953674316,3.4000000953674316,3.3333330154418945,3.3333330154418945,2.1453769207000732,1020900,
2009-10-21,3.366666078567505,3.366666078567505,3.3066658973693848,3.3066658973693848,2.128213882446289,1511700,
2009-10-22,3.3066658973693848,3.3066658973693848,3.25333309173584,3.293333053588867,2.1196327209472656,1467600,
2009-10-26,3.3066658973693848,3.3066658973693848,3.2666659355163574,3.2666659355163574,2.1024696826934814,1000500,
2009-10-27,3.22666597366333,3.2666659355163574,3.200000047683716,3.240000009536743,2.0853066444396973,2695200,
2009-10-28,3.240000009536743,3.3066658973693848,3.240000009536743,3.240000009536743,2.0853066444396973,1964400,
2009-10-29,3.2133328914642334,3.240000009536743,3.200000047683716,3.2133328914642334,2.068143129348755,2464350,
2009-10-30,3.240000009536743,3.25333309173584,3.2133328914642334,3.22666597366333,2.076725482940674,2862150,
2009-11-02,3.200000047683716,3.2133328914642334,3.1866660118103027,3.200000047683716,2.0595614910125732,2904000,
2009-11-03,3.200000047683716,3.22666597366333,3.200000047683716,3.200000047683716,2.0595614910125732,1604700,
2009-11-04,3.200000047683716,3.22666597366333,3.200000047683716,3.22666597366333,2.076725482940674,1705950,
2009-11-05,3.22666597366333,3.3066658973693848,3.22666597366333,3.293333053588867,2.1196327209472656,3313200,
2009-11-06,3.319999933242798,3.3333330154418945,3.3066658973693848,3.3066658973693848,2.128213882446289,2096400,
2009-11-09,3.3066658973693848,3.366666078567505,3.3066658973693848,3.3333330154418945,2.1453769207000732,2274300,
2009-11-10,3.3333330154418945,3.366666078567505,3.319999933242798,3.3333330154418945,2.1453769207000732,3189150,
2009-11-11,3.319999933242798,3.3333330154418945,3.293333053588867,3.319999933242798,2.1367955207824707,1732500,
2009-11-12,3.319999933242798,3.3333330154418945,3.319999933242798,3.319999933242798,2.1367955207824707,3442500,
2009-11-13,3.319999933242798,3.366666078567505,3.293333053588867,3.3333330154418945,2.1453769207000732,3973650,
2009-11-16,3.3333330154418945,3.4000000953674316,3.3333330154418945,3.4000000953674316,2.1882846355438232,4492200,
2009-11-17,3.433332920074463,3.433332920074463,3.4000000953674316,3.4000000953674316,2.1882846355438232,2710050,
2009-11-18,3.366666078567505,3.4000000953674316,3.3333330154418945,3.366666078567505,2.1668310165405273,2364900,
2009-11-19,3.366666078567505,3.700000047683716,3.366666078567505,3.5,2.2526466846466064,20453100,
2009-11-20,3.5,3.6333329677581787,3.4666659832000732,3.4666659832000732,2.231191635131836,14659650,
2009-11-23,3.4666659832000732,3.5,3.4000000953674316,3.4666659832000732,2.231191635131836,6513750,
2009-11-24,3.4666659832000732,3.5333330631256104,3.4666659832000732,3.4666659832000732,2.231191635131836,7290150,
2009-11-25,3.5,3.5333330631256104,3.4666659832000732,3.5,2.2526466846466064,2267850,
2009-11-26,3.5,3.5999999046325684,3.5,3.5333330631256104,2.2741003036499023,8660100,
2009-11-27,3.5,3.5,3.4666659832000732,3.4666659832000732,2.231191635131836,7238400,
2009-11-30,3.4666659832000732,3.5,3.4666659832000732,3.5,2.2526466846466064,3094200,
2009-12-01,3.5,3.5999999046325684,3.5,3.5333330631256104,2.2741003036499023,8554050,
2009-12-02,3.5333330631256104,3.5666658878326416,3.5333330631256104,3.5666658878326416,2.295553207397461,3778650,
2009-12-03,3.5666658878326416,3.5999999046325684,3.5333330631256104,3.5999999046325684,2.317007303237915,7589550,
2009-12-04,3.6333329677581787,3.799999952316284,3.6333329677581787,3.700000047683716,2.381369113922119,19473000,
2009-12-08,3.700000047683716,3.733333110809326,3.700000047683716,3.700000047683716,2.381369113922119,6688500,
2009-12-09,3.700000047683716,3.799999952316284,3.700000047683716,3.7666659355163574,2.424276113510132,7168500,
2009-12-11,3.7666659355163574,3.8333330154418945,3.7666659355163574,3.8333330154418945,2.4671835899353027,7966650,
2009-12-14,3.8333330154418945,3.866666078567505,3.733333110809326,3.866666078567505,2.4886367321014404,5251500,
2009-12-15,3.866666078567505,3.9000000953674316,3.799999952316284,3.9000000953674316,2.5100910663604736,6770550,
2009-12-16,3.8333330154418945,3.9666659832000732,3.8333330154418945,3.9666659832000732,2.5529985427856445,9002400,
2009-12-17,3.9666659832000732,3.9666659832000732,3.9000000953674316,3.9000000953674316,2.5100910663604736,2228250,
2009-12-18,3.866666078567505,4.0,3.8333330154418945,4.0,2.5744524002075195,5596800,
2009-12-21,4.0,4.066666126251221,3.9000000953674316,3.9666659832000732,2.5529985427856445,3064350,
2009-12-22,3.9666659832000732,3.9666659832000732,3.7666659355163574,3.9000000953674316,2.5100910663604736,12394200,
2009-12-23,3.9000000953674316,3.933332920074463,3.8333330154418945,3.933332920074463,2.5315451622009277,2571900,
2009-12-24,3.933332920074463,3.933332920074463,3.8333330154418945,3.8333330154418945,2.4671835899353027,1802700,
2009-12-25,3.8333330154418945,3.9000000953674316,3.8333330154418945,3.9000000953674316,2.5100910663604736,711900,
2009-12-28,3.866666078567505,3.866666078567505,3.8333330154418945,3.8333330154418945,2.4671835899353027,528750,
2009-12-29,3.8333330154418945,3.866666078567505,3.8333330154418945,3.8333330154418945,2.4671835899353027,555750,
2009-12-30,3.866666078567505,3.866666078567505,3.799999952316284,3.799999952316284,2.445730209350586,2374950,
2010-01-04,3.799999952316284,3.799999952316284,3.7666659355163574,3.799999952316284,2.445730209350586,512700,
2010-01-05,3.799999952316284,3.799999952316284,3.700000047683716,3.733333110809326,2.4028232097625732,4458150,
2010-01-06,3.733333110809326,3.733333110809326,3.666666030883789,3.666666030883789,2.359914779663086,3447900,
2010-01-07,3.700000047683716,3.700000047683716,3.5333330631256104,3.5666658878326416,2.295553207397461,6285600,
2010-01-08,3.5666658878326416,3.666666030883789,3.5666658878326416,3.6333329677581787,2.338460922241211,6942300,
2010-01-11,3.6333329677581787,3.6333329677581787,3.5999999046325684,3.6333329677581787,2.338460922241211,3462000,
2010-01-12,3.666666030883789,3.733333110809326,3.6333329677581787,3.666666030883789,2.359914779663086,11810550,
2010-01-13,3.700000047683716,3.700000047683716,3.666666030883789,3.700000047683716,2.381369113922119,5690700,
2010-01-14,3.700000047683716,3.700000047683716,3.6333329677581787,3.666666030883789,2.359914779663086,8484300,
2010-01-15,3.700000047683716,3.733333110809326,3.666666030883789,3.700000047683716,2.381369113922119,3969300,
2010-01-18,3.700000047683716,3.700000047683716,3.666666030883789,3.666666030883789,2.359914779663086,1677150,
2010-01-19,3.666666030883789,3.700000047683716,3.666666030883789,3.666666030883789,2.359914779663086,1443000,
2010-01-20,3.666666030883789,3.700000047683716,3.6333329677581787,3.666666030883789,2.359914779663086,4590000,
2010-01-21,3.6333329677581787,3.700000047683716,3.6333329677581787,3.666666030883789,2.359914779663086,2515800,
2010-01-22,3.6333329677581787,3.6333329677581787,3.5999999046325684,3.6333329677581787,2.338460922241211,3040950,
2010-01-25,3.6333329677581787,3.6333329677581787,3.5666658878326416,3.5999999046325684,2.317007303237915,1483950,
2010-01-26,3.5999999046325684,3.5999999046325684,3.5,3.5333330631256104,2.2741003036499023,2708250,
2010-01-27,3.5333330631256104,3.5333330631256104,3.4000000953674316,3.4000000953674316,2.1882846355438232,1755900,
2010-01-28,3.4000000953674316,3.4666659832000732,3.366666078567505,3.366666078567505,2.1668310165405273,685050,
2010-01-29,3.366666078567505,3.433332920074463,3.366666078567505,3.4000000953674316,2.1882846355438232,489300,
2010-02-01,3.4000000953674316,3.4000000953674316,3.366666078567505,3.4000000953674316,2.1882846355438232,174450,
2010-02-02,3.433332920074463,3.433332920074463,3.4000000953674316,3.4000000953674316,2.1882846355438232,292800,
2010-02-03,3.4000000953674316,3.4666659832000732,3.4000000953674316,3.4666659832000732,2.231191635131836,38400,
2010-02-04,3.4666659832000732,3.5,3.433332920074463,3.4666659832000732,2.231191635131836,3339900,
2010-02-05,3.4666659832000732,3.5333330631256104,3.4666659832000732,3.5,2.2526466846466064,1156350,
2010-02-08,3.4666659832000732,3.5333330631256104,3.4666659832000732,3.5333330631256104,2.2741003036499023,812400,
2010-02-09,3.5,3.5333330631256104,3.5,3.5,2.2526466846466064,734850,
2010-02-10,3.5,3.5333330631256104,3.5,3.5333330631256104,2.2741003036499023,156150,
2010-02-11,3.5,3.5333330631256104,3.5,3.5,2.2526466846466064,205500,
2010-02-12,3.5333330631256104,3.5333330631256104,3.5,3.5,2.2526466846466064,742350,
2010-02-15,3.5333330631256104,3.5333330631256104,3.5,3.5,2.2526466846466064,1545000,
2010-02-16,3.4666659832000732,3.5,3.433332920074463,3.5,2.2526466846466064,56100,
2010-02-17,3.5,3.5,3.433332920074463,3.433332920074463,2.209737777709961,1099650,
2010-02-18,3.433332920074463,3.5999999046325684,3.433332920074463,3.5,2.2526466846466064,2195550,
2010-02-19,3.5,3.5999999046325684,3.5,3.5333330631256104,2.2741003036499023,274050,
2010-02-22,3.5,3.5666658878326416,3.5,3.5666658878326416,2.295553207397461,475050,
2010-02-23,3.5666658878326416,3.5666658878326416,3.5,3.5333330631256104,2.2741003036499023,473400,
2010-02-24,3.5333330631256104,3.5666658878326416,3.5,3.5333330631256104,2.2741003036499023,812700,
2010-02-25,3.5999999046325684,3.5999999046325684,3.5,3.5,2.2526466846466064,1015050,
2010-02-26,3.5333330631256104,3.5999999046325684,3.5333330631256104,3.5999999046325684,2.317007303237915,2300550,
2010-03-02,3.6333329677581787,3.6333329677581787,3.5666658878326416,3.5666658878326416,2.295553207397461,500400,
2010-03-03,3.5666658878326416,3.5999999046325684,3.5333330631256104,3.5333330631256104,2.2741003036499023,3063300,
2010-03-04,3.5333330631256104,3.5666658878326416,3.5333330631256104,3.5333330631256104,2.2741003036499023,4701300,
2010-03-05,3.5333330631256104,3.5666658878326416,3.5,3.5333330631256104,2.2741003036499023,4499850,
2010-03-08,3.5,3.5999999046325684,3.5,3.5333330631256104,2.2741003036499023,2691150,
2010-03-09,3.5333330631256104,3.5333330631256104,3.5,3.5333330631256104,2.2741003036499023,869850,
2010-03-10,3.5333330631256104,3.5333330631256104,3.4666659832000732,3.4666659832000732,2.231191635131836,412950,
2010-03-11,3.4666659832000732,3.5,3.4666659832000732,3.5,2.2526466846466064,438300,
2010-03-12,3.4666659832000732,3.5,3.4666659832000732,3.4666659832000732,2.231191635131836,192150,
2010-03-15,3.4666659832000732,3.4666659832000732,3.4666659832000732,3.4666659832000732,2.231191635131836,2067300,
2010-03-16,3.4666659832000732,3.5,3.433332920074463,3.4666659832000732,2.231191635131836,2916600,
2010-03-17,3.4666659832000732,3.5,3.433332920074463,3.4666659832000732,2.231191635131836,5505450,
2010-03-18,3.4666659832000732,3.5,3.433332920074463,3.433332920074463,2.209737777709961,2704350,
2010-03-19,3.433332920074463,3.433332920074463,3.4000000953674316,3.4000000953674316,2.1882846355438232,6247350,
2010-03-22,3.433332920074463,3.4666659832000732,3.433332920074463,3.4666659832000732,2.231191635131836,1295700,
2010-03-23,3.4666659832000732,3.5,3.433332920074463,3.4666659832000732,2.231191635131836,842850,
2010-03-24,3.5,3.5666658878326416,3.4666659832000732,3.5333330631256104,2.2741003036499023,2820450,
2010-03-25,3.5333330631256104,3.5999999046325684,3.5,3.5666658878326416,2.295553207397461,4658100,
2010-03-26,3.5666658878326416,3.5999999046325684,3.5,3.5,2.2526466846466064,4094400,
2010-03-29,3.5,3.5999999046325684,3.5,3.5999999046325684,2.317007303237915,3131250,
2010-03-30,3.6333329677581787,3.666666030883789,3.5999999046325684,3.6333329677581787,2.338460922241211,2278200,
2010-03-31,3.6333329677581787,3.6333329677581787,3.5999999046325684,3.5999999046325684,2.317007303237915,1859550,
2010-04-01,3.6333329677581787,3.6333329677581787,3.5666658878326416,3.5666658878326416,2.295553207397461,2647500,
2010-04-02,3.5999999046325684,3.6333329677581787,3.5333330631256104,3.5999999046325684,2.317007303237915,1612950,
2010-04-05,3.5666658878326416,3.5999999046325684,3.5333330631256104,3.5999999046325684,2.317007303237915,599850,
2010-04-07,3.5999999046325684,3.6333329677581787,3.5666658878326416,3.5666658878326416,2.295553207397461,1614600,
2010-04-08,3.5666658878326416,3.5666658878326416,3.5,3.5333330631256104,2.2741003036499023,3077550,
2010-04-09,3.5,3.5333330631256104,3.4666659832000732,3.5333330631256104,2.2741003036499023,2263050,
2010-04-12,3.4666659832000732,3.4666659832000732,3.4000000953674316,3.4666659832000732,2.231191635131836,2789100,
2010-04-16,3.4000000953674316,3.4666659832000732,3.366666078567505,3.4000000953674316,2.1882846355438232,2375100,
2010-04-19,3.4000000953674316,3.4000000953674316,3.319999933242798,3.319999933242798,2.1367955207824707,3374100,
2010-04-20,3.3333330154418945,3.4000000953674316,3.3333330154418945,3.366666078567505,2.1668310165405273,5445900,
2010-04-21,3.366666078567505,3.366666078567505,3.3333330154418945,3.3333330154418945,2.1453769207000732,2269200,
2010-04-22,3.366666078567505,3.4000000953674316,3.366666078567505,3.366666078567505,2.1668310165405273,1878600,
2010-04-23,3.3333330154418945,3.366666078567505,3.3333330154418945,3.366666078567505,2.1668310165405273,1337250,
2010-04-26,3.3333330154418945,3.4000000953674316,3.3333330154418945,3.366666078567505,2.1668310165405273,2439900,
2010-04-27,3.366666078567505,3.366666078567505,3.366666078567505,3.366666078567505,2.1668310165405273,3934950,
2010-04-28,3.366666078567505,3.366666078567505,3.319999933242798,3.3333330154418945,2.1453769207000732,5752800,
2010-04-29,3.366666078567505,3.366666078567505,3.319999933242798,3.3333330154418945,2.1453769207000732,1285950,
2010-04-30,3.3333330154418945,3.366666078567505,3.3333330154418945,3.366666078567505,2.1668310165405273,981150,
2010-05-04,3.4000000953674316,3.4666659832000732,3.4000000953674316,3.433332920074463,2.209737777709961,4797450,
2010-05-06,3.4000000953674316,3.4666659832000732,3.4000000953674316,3.433332920074463,2.209737777709961,6371850,
2010-05-07,3.4000000953674316,3.433332920074463,3.319999933242798,3.366666078567505,2.1668310165405273,17931600,
2010-05-10,3.2799999713897705,3.366666078567505,3.2666659355163574,3.3333330154418945,2.2110517024993896,3837150,0.1
2010-05-11,3.3333330154418945,3.366666078567505,3.3333330154418945,3.3333330154418945,2.2110517024993896,3080250,
2010-05-12,3.3333330154418945,3.3333330154418945,3.319999933242798,3.319999933242798,2.202207565307617,948300,
2010-05-13,3.319999933242798,3.3333330154418945,3.319999933242798,3.319999933242798,2.202207565307617,1439250,
2010-05-14,3.319999933242798,3.3333330154418945,3.293333053588867,3.3066658973693848,2.1933631896972656,658200,
2010-05-17,3.293333053588867,3.293333053588867,3.2666659355163574,3.293333053588867,2.1845195293426514,1190100,
2010-05-18,3.2799999713897705,3.3066658973693848,3.2799999713897705,3.3066658973693848,2.1933631896972656,965400,
2010-05-19,3.293333053588867,3.3066658973693848,3.293333053588867,3.3066658973693848,2.1933631896972656,507750,
2010-05-20,3.3066658973693848,3.3066658973693848,3.3066658973693848,3.3066658973693848,2.1933631896972656,0,
2010-05-21,3.3066658973693848,3.3066658973693848,3.3066658973693848,3.3066658973693848,2.1933631896972656,0,
2010-05-24,3.293333053588867,3.3066658973693848,3.2799999713897705,3.3066658973693848,2.1933631896972656,1588350,
2010-05-25,3.2799999713897705,3.293333053588867,3.240000009536743,3.240000009536743,2.1491425037384033,1237350,
2010-05-26,3.22666597366333,3.2666659355163574,3.22666597366333,3.240000009536743,2.1491425037384033,566700,
2010-05-27,3.240000009536743,3.240000009536743,3.2133328914642334,3.240000009536743,2.1491425037384033,1188450,
2010-05-31,3.240000009536743,3.3333330154418945,3.240000009536743,3.2799999713897705,2.1756751537323,1455750,
2010-06-01,3.319999933242798,3.319999933242798,3.25333309173584,3.25333309173584,2.157986640930176,397050,
2010-06-02,3.293333053588867,3.293333053588867,3.25333309173584,3.2666659355163574,2.1668310165405273,310500,
2010-06-03,3.2799999713897705,3.293333053588867,3.2799999713897705,3.293333053588867,2.1845195293426514,822600,
2010-06-04,3.293333053588867,3.293333053588867,3.2799999713897705,3.293333053588867,2.1845195293426514,3057300,
2010-06-07,3.293333053588867,3.293333053588867,3.2666659355163574,3.2799999713897705,2.1756751537323,419100,
2010-06-08,3.293333053588867,3.293333053588867,3.25333309173584,3.25333309173584,2.157986640930176,1457700,
2010-06-09,3.25333309173584,3.2799999713897705,3.25333309173584,3.2666659355163574,2.1668310165405273,666000,
2010-06-10,3.2799999713897705,3.2799999713897705,3.25333309173584,3.2666659355163574,2.1668310165405273,659550,
2010-06-11,3.2666659355163574,3.2799999713897705,3.2666659355163574,3.2666659355163574,2.1668310165405273,682800,
2010-06-14,3.2666659355163574,3.2799999713897705,3.2666659355163574,3.2799999713897705,2.1756751537323,536400,
2010-06-15,3.2799999713897705,3.293333053588867,3.2799999713897705,3.2799999713897705,2.1756751537323,2626650,
2010-06-16,3.293333053588867,3.319999933242798,3.2799999713897705,3.319999933242798,2.202207565307617,1863150,
2010-06-17,3.3333330154418945,3.366666078567505,3.293333053588867,3.3066658973693848,2.1933631896972656,1531500,
2010-06-18,3.3066658973693848,3.319999933242798,3.293333053588867,3.3066658973693848,2.1933631896972656,2347800,
2010-06-21,3.319999933242798,3.3333330154418945,3.319999933242798,3.319999933242798,2.202207565307617,1444950,
2010-06-22,3.319999933242798,3.5333330631256104,3.3066658973693848,3.433332920074463,2.2773828506469727,17834250,
2010-06-23,3.433332920074463,3.5,3.3333330154418945,3.3333330154418945,2.2110517024993896,13379700,
2010-06-24,3.366666078567505,3.4000000953674316,3.3333330154418945,3.3333330154418945,2.2110517024993896,4368750,
2010-06-25,3.3333330154418945,3.366666078567505,3.319999933242798,3.3333330154418945,2.2110517024993896,1219950,
2010-06-28,3.3333330154418945,3.366666078567505,3.3333330154418945,3.366666078567505,2.2331626415252686,871200,
2010-06-29,3.366666078567505,3.366666078567505,3.319999933242798,3.319999933242798,2.202207565307617,3020100,
2010-06-30,3.3066658973693848,3.3333330154418945,3.3066658973693848,3.3066658973693848,2.1933631896972656,2847600,
2010-07-02,3.319999933242798,3.4000000953674316,3.3066658973693848,3.3066658973693848,2.1933631896972656,3305400,
2010-07-05,3.3333330154418945,3.366666078567505,3.319999933242798,3.3333330154418945,2.2110517024993896,3940650,
2010-07-06,3.3333330154418945,3.366666078567505,3.319999933242798,3.3333330154418945,2.2110517024993896,3000750,
2010-07-07,3.3333330154418945,3.366666078567505,3.319999933242798,3.319999933242798,2.202207565307617,1777200,
2010-07-08,3.3333330154418945,3.3333330154418945,3.319999933242798,3.319999933242798,2.202207565307617,1885500,
2010-07-09,3.3333330154418945,3.3333330154418945,3.319999933242798,3.319999933242798,2.202207565307617,1287600,
2010-07-12,3.3333330154418945,3.366666078567505,3.3333330154418945,3.3333330154418945,2.2110517024993896,4059150,
2010-07-13,3.3333330154418945,3.366666078567505,3.319999933242798,3.3333330154418945,2.2110517024993896,3968700,
2010-07-14,3.3333330154418945,3.366666078567505,3.319999933242798,3.3333330154418945,2.2110517024993896,2263800,
2010-07-15,3.3333330154418945,3.3333330154418945,3.319999933242798,3.319999933242798,2.202207565307617,690000,
2010-07-16,3.319999933242798,3.3333330154418945,3.293333053588867,3.293333053588867,2.1845195293426514,4124550,
2010-07-19,3.293333053588867,3.3066658973693848,3.2666659355163574,3.293333053588867,2.1845195293426514,4239900,
2010-07-20,3.293333053588867,3.319999933242798,3.2666659355163574,3.2799999713897705,2.1756751537323,4117350,
2010-07-21,3.2799999713897705,3.293333053588867,3.25333309173584,3.2799999713897705,2.1756751537323,2520000,
2010-07-22,3.2799999713897705,3.3066658973693848,3.2666659355163574,3.2799999713897705,2.1756751537323,1851750,
2010-07-23,3.2799999713897705,3.3066658973693848,3.2799999713897705,3.293333053588867,2.1845195293426514,3452550,
2010-07-27,3.3066658973693848,3.319999933242798,3.2799999713897705,3.293333053588867,2.1845195293426514,2615550,
2010-07-28,3.2799999713897705,3.3066658973693848,3.2799999713897705,3.2799999713897705,2.1756751537323,1596300,
2010-07-29,3.3066658973693848,3.3066658973693848,3.293333053588867,3.293333053588867,2.1845195293426514,428100,
2010-07-30,3.319999933242798,3.319999933242798,3.293333053588867,3.3066658973693848,2.1933631896972656,473250,
2010-08-02,3.3066658973693848,3.3066658973693848,3.2799999713897705,3.293333053588867,2.1845195293426514,1183800,
2010-08-03,3.3066658973693848,3.3066658973693848,3.293333053588867,3.3066658973693848,2.1933631896972656,2547150,
2010-08-04,3.293333053588867,3.4000000953674316,3.293333053588867,3.3333330154418945,2.2110517024993896,9182250,
2010-08-05,3.366666078567505,3.4666659832000732,3.366666078567505,3.433332920074463,2.2773828506469727,14923950,
2010-08-06,3.4666659832000732,3.4666659832000732,3.366666078567505,3.4000000953674316,2.25527286529541,2610150,
2010-08-09,3.4666659832000732,3.5333330631256104,3.433332920074463,3.5333330631256104,2.3437156677246094,15497100,
2010-08-10,3.5333330631256104,3.5333330631256104,3.4000000953674316,3.433332920074463,2.2773828506469727,4219200,
2010-08-11,3.4000000953674316,3.4000000953674316,3.319999933242798,3.3333330154418945,2.2110517024993896,13090350,
2010-08-16,3.3333330154418945,3.366666078567505,3.293333053588867,3.319999933242798,2.202207565307617,6670800,
2010-08-17,3.319999933242798,3.366666078567505,3.319999933242798,3.319999933242798,2.202207565307617,4131600,
2010-08-18,3.3333330154418945,3.366666078567505,3.3066658973693848,3.319999933242798,2.202207565307617,2965800,
2010-08-19,3.3333330154418945,3.366666078567505,3.3333330154418945,3.3333330154418945,2.2110517024993896,6214350,
2010-08-20,3.3333330154418945,3.366666078567505,3.319999933242798,3.3333330154418945,2.2110517024993896,4231050,
2010-08-23,3.3333330154418945,3.3333330154418945,3.319999933242798,3.3333330154418945,2.2110517024993896,6955050,
2010-08-24,3.3333330154418945,3.4000000953674316,3.319999933242798,3.319999933242798,2.202207565307617,8692650,
2010-08-25,3.3333330154418945,3.366666078567505,3.3066658973693848,3.319999933242798,2.202207565307617,8684400,
2010-08-26,3.3333330154418945,3.3333330154418945,3.3066658973693848,3.319999933242798,2.202207565307617,7425150,
2010-08-27,3.3333330154418945,3.366666078567505,3.319999933242798,3.3333330154418945,2.2110517024993896,3636000,
2010-08-30,3.366666078567505,3.366666078567505,3.3333330154418945,3.3333330154418945,2.2110517024993896,8570250,
2010-08-31,3.293333053588867,3.293333053588867,3.2666659355163574,3.2799999713897705,2.2200767993927,11259450,0.066667
2010-09-01,3.293333053588867,3.293333053588867,3.2666659355163574,3.2666659355163574,2.211052179336548,2408100,
2010-09-02,3.2666659355163574,3.319999933242798,3.2666659355163574,3.3066658973693848,2.238126039505005,6287550,
2010-09-03,3.3066658973693848,3.4666659832000732,3.2799999713897705,3.4000000953674316,2.3012990951538086,18621000,
2010-09-06,3.433332920074463,3.5999999046325684,3.433332920074463,3.5333330631256104,2.3915467262268066,25881750,
2010-09-07,3.5333330631256104,3.666666030883789,3.433332920074463,3.5999999046325684,2.4366698265075684,22117200,
2010-09-08,3.5333330631256104,3.5333330631256104,3.4666659832000732,3.4666659832000732,2.346421957015991,6103650,
2010-09-09,3.5,3.5,3.433332920074463,3.4666659832000732,2.346421957015991,1670700,
2010-09-10,3.4666659832000732,3.5333330631256104,3.4000000953674316,3.5,2.368985176086426,3514650,
2010-09-13,3.5,3.6333329677581787,3.5,3.6333329677581787,2.45923113822937,15316950,
2010-09-14,3.6333329677581787,3.9000000953674316,3.6333329677581787,3.799999952316284,2.572040319442749,56538300,
2010-09-15,3.8333330154418945,4.0,3.7666659355163574,3.933332920074463,2.662287473678589,59310300,
2010-09-16,3.9666659832000732,4.266665935516357,3.9666659832000732,4.133333206176758,2.7976582050323486,72761250,
2010-09-17,4.099999904632568,4.133333206176758,4.0,4.0,2.7074105739593506,35124600,
2010-09-20,4.033332824707031,4.133333206176758,3.9666659832000732,4.066666126251221,2.7525343894958496,51091950,
2010-09-21,4.099999904632568,4.300000190734863,4.099999904632568,4.300000190734863,2.9104671478271484,82264050,
2010-09-22,4.366665840148926,4.466666221618652,4.199999809265137,4.400000095367432,2.9781527519226074,60620550,
2010-09-23,4.433332920074463,4.533332824707031,4.366665840148926,4.400000095367432,2.9781527519226074,36415050,
2010-09-24,4.400000095367432,4.433332920074463,4.3333330154418945,4.433332920074463,3.000713348388672,8871900,
2010-09-27,4.433332920074463,4.433332920074463,4.3333330154418945,4.3333330154418945,2.93302845954895,10457250,
2010-09-28,4.266665935516357,4.300000190734863,4.199999809265137,4.233333110809326,2.8653435707092285,13180500,
2010-09-29,4.266665935516357,4.433332920074463,4.266665935516357,4.400000095367432,2.9781527519226074,13041750,
2010-09-30,4.400000095367432,4.400000095367432,4.266665935516357,4.300000190734863,2.9104671478271484,5166900,
2010-10-01,4.300000190734863,4.3333330154418945,4.199999809265137,4.199999809265137,2.8427815437316895,4975800,
2010-10-04,4.266665935516357,4.300000190734863,3.933332920074463,4.033332824707031,2.7299723625183105,18770550,
2010-10-05,4.033332824707031,4.099999904632568,3.933332920074463,4.099999904632568,2.7750966548919678,12911550,
2010-10-06,4.099999904632568,4.199999809265137,4.066666126251221,4.066666126251221,2.7525343894958496,10915500,
2010-10-07,4.066666126251221,4.099999904632568,3.9666659832000732,4.033332824707031,2.7299723625183105,11555100,
2010-10-08,4.033332824707031,4.099999904632568,4.033332824707031,4.033332824707031,2.7299723625183105,6849450,
2010-10-11,4.033332824707031,4.099999904632568,4.0,4.066666126251221,2.7525343894958496,3620100,
2010-10-12,4.066666126251221,4.099999904632568,4.066666126251221,4.066666126251221,2.7525343894958496,2191200,
2010-10-13,4.099999904632568,4.166666030883789,4.099999904632568,4.133333206176758,2.7976582050323486,7078500,
2010-10-14,4.166666030883789,4.233333110809326,4.133333206176758,4.199999809265137,2.8427815437316895,7620150,
2010-10-15,4.233333110809326,4.233333110809326,4.133333206176758,4.133333206176758,2.7976582050323486,1891950,
2010-10-18,4.133333206176758,4.133333206176758,4.033332824707031,4.066666126251221,2.7525343894958496,2863800,
2010-10-19,4.066666126251221,4.099999904632568,4.066666126251221,4.066666126251221,2.7525343894958496,757800,
2010-10-20,4.066666126251221,4.066666126251221,4.033332824707031,4.033332824707031,2.7299723625183105,3040650,
2010-10-21,4.066666126251221,4.066666126251221,4.0,4.0,2.7074105739593506,4936950,
2010-10-22,4.0,4.099999904632568,4.0,4.066666126251221,2.7525343894958496,2255850,
2010-10-26,4.066666126251221,4.133333206176758,4.066666126251221,4.066666126251221,2.7525343894958496,2886900,
2010-10-27,4.066666126251221,4.300000190734863,4.066666126251221,4.199999809265137,2.8427815437316895,12874500,
2010-10-28,4.266665935516357,4.300000190734863,4.166666030883789,4.166666030883789,2.8202195167541504,10404750,
2010-10-29,4.199999809265137,4.400000095367432,4.199999809265137,4.3333330154418945,2.93302845954895,29568300,
2010-11-01,4.433332920074463,4.533332824707031,4.366665840148926,4.400000095367432,2.9781527519226074,14306100,
2010-11-02,4.400000095367432,4.400000095367432,4.3333330154418945,4.3333330154418945,2.93302845954895,5155350,
2010-11-03,4.3333330154418945,4.433332920074463,4.3333330154418945,4.366665840148926,2.955590009689331,6924300,
2010-11-04,4.366665840148926,4.366665840148926,4.300000190734863,4.3333330154418945,2.93302845954895,4202850,
2010-11-05,4.3333330154418945,4.366665840148926,4.266665935516357,4.366665840148926,2.955590009689331,12510450,
2010-11-08,4.366665840148926,4.366665840148926,4.300000190734863,4.366665840148926,2.955590009689331,8109450,
2010-11-09,4.3333330154418945,4.3333330154418945,4.266665935516357,4.300000190734863,2.9104671478271484,1225650,
2010-11-10,4.300000190734863,4.300000190734863,4.233333110809326,4.233333110809326,2.8653435707092285,4085700,
2010-11-11,4.233333110809326,4.366665840148926,4.233333110809326,4.3333330154418945,2.93302845954895,1723350,
2010-11-12,4.3333330154418945,4.3333330154418945,4.166666030883789,4.300000190734863,2.9104671478271484,6718350,
2010-11-15,4.266665935516357,4.300000190734863,4.199999809265137,4.300000190734863,2.9104671478271484,2579550,
2010-11-16,4.3333330154418945,4.3333330154418945,4.233333110809326,4.233333110809326,2.8653435707092285,2719500,
2010-11-17,4.199999809265137,4.199999809265137,4.099999904632568,4.199999809265137,2.8427815437316895,4803150,
2010-11-18,4.133333206176758,4.199999809265137,4.133333206176758,4.166666030883789,2.8202195167541504,2878050,
2010-11-19,4.199999809265137,4.300000190734863,4.199999809265137,4.233333110809326,2.8653435707092285,3512250,
2010-11-22,4.266665935516357,4.3333330154418945,4.199999809265137,4.3333330154418945,2.93302845954895,2986500,
2010-11-23,4.266665935516357,4.366665840148926,4.233333110809326,4.366665840148926,2.955590009689331,8500650,
2010-11-24,4.366665840148926,4.366665840148926,4.266665935516357,4.3333330154418945,2.93302845954895,3336000,
2010-11-25,4.300000190734863,4.3333330154418945,4.233333110809326,4.3333330154418945,2.93302845954895,1918050,
2010-11-26,4.300000190734863,4.300000190734863,4.233333110809326,4.266665935516357,2.887904405593872,2481150,
2010-11-29,4.266665935516357,4.300000190734863,4.233333110809326,4.266665935516357,2.887904405593872,982950,
2010-11-30,4.300000190734863,4.400000095367432,4.266665935516357,4.266665935516357,2.887904405593872,11364900,
2010-12-01,4.266665935516357,4.266665935516357,4.233333110809326,4.233333110809326,2.8653435707092285,3070500,
2010-12-02,4.266665935516357,4.3333330154418945,4.233333110809326,4.300000190734863,2.9104671478271484,4068150,
2010-12-03,4.3333330154418945,4.3333330154418945,4.266665935516357,4.3333330154418945,2.93302845954895,2641350,
2010-12-07,4.3333330154418945,4.366665840148926,4.266665935516357,4.266665935516357,2.887904405593872,1015650,
2010-12-08,4.300000190734863,4.300000190734863,4.266665935516357,4.300000190734863,2.9104671478271484,2064900,
2010-12-09,4.300000190734863,4.300000190734863,4.266665935516357,4.300000190734863,2.9104671478271484,796050,
2010-12-13,4.300000190734863,4.300000190734863,4.233333110809326,4.233333110809326,2.8653435707092285,868050,
2010-12-14,4.266665935516357,4.300000190734863,4.233333110809326,4.300000190734863,2.9104671478271484,2474850,
2010-12-15,4.300000190734863,4.433332920074463,4.266665935516357,4.400000095367432,2.9781527519226074,17102850,
2010-12-16,4.5,4.900000095367432,4.5,4.533332824707031,3.068398952484131,63501300,
2010-12-17,4.666666030883789,4.666666030883789,4.366665840148926,4.366665840148926,2.955590009689331,11113350,
2010-12-20,4.400000095367432,4.400000095367432,4.266665935516357,4.400000095367432,2.9781527519226074,9272850,
2010-12-21,4.400000095367432,4.433332920074463,4.233333110809326,4.266665935516357,2.887904405593872,7494900,
2010-12-22,4.300000190734863,4.400000095367432,4.300000190734863,4.300000190734863,2.9104671478271484,2967450,
2010-12-23,4.300000190734863,4.433332920074463,4.300000190734863,4.300000190734863,2.9104671478271484,1815900,
2010-12-24,4.3333330154418945,4.3333330154418945,4.233333110809326,4.3333330154418945,2.93302845954895,2239800,
2010-12-27,4.300000190734863,4.366665840148926,4.233333110809326,4.233333110809326,2.8653435707092285,2094300,
2010-12-28,4.233333110809326,4.300000190734863,4.233333110809326,4.266665935516357,2.887904405593872,938700,
2010-12-29,4.266665935516357,4.3333330154418945,4.266665935516357,4.300000190734863,2.9104671478271484,3236700,
2010-12-30,4.266665935516357,4.300000190734863,4.233333110809326,4.233333110809326,2.8653435707092285,2533200,
2011-01-04,4.233333110809326,4.3333330154418945,4.233333110809326,4.266665935516357,2.887904405593872,2131050,
2011-01-05,4.266665935516357,4.366665840148926,4.266665935516357,4.3333330154418945,2.93302845954895,2854950,
2011-01-06,4.400000095367432,4.400000095367432,4.300000190734863,4.3333330154418945,2.93302845954895,1602900,
2011-01-07,4.3333330154418945,4.433332920074463,4.300000190734863,4.3333330154418945,2.93302845954895,6434400,
2011-01-10,4.366665840148926,4.466666221618652,4.3333330154418945,4.400000095367432,2.9781527519226074,4665450,
2011-01-11,4.366665840148926,4.400000095367432,4.3333330154418945,4.366665840148926,2.955590009689331,2939550,
2011-01-12,4.400000095367432,4.400000095367432,4.366665840148926,4.366665840148926,2.955590009689331,1634400,
2011-01-13,4.400000095367432,4.400000095367432,4.366665840148926,4.366665840148926,2.955590009689331,1887900,
2011-01-14,4.366665840148926,4.5,4.366665840148926,4.5,3.04583740234375,3016350,
2011-01-17,4.533332824707031,4.533332824707031,4.400000095367432,4.400000095367432,2.9781527519226074,474900,
2011-01-18,4.433332920074463,4.433332920074463,4.366665840148926,4.366665840148926,2.955590009689331,1577550,
2011-01-19,4.366665840148926,4.400000095367432,4.366665840148926,4.366665840148926,2.955590009689331,3084300,
2011-01-20,4.366665840148926,4.366665840148926,4.266665935516357,4.266665935516357,2.887904405593872,888900,
2011-01-21,4.266665935516357,4.3333330154418945,4.233333110809326,4.3333330154418945,2.93302845954895,4523700,
2011-01-24,4.300000190734863,4.300000190734863,4.199999809265137,4.199999809265137,2.8427815437316895,3247650,
2011-01-25,4.199999809265137,4.233333110809326,4.066666126251221,4.233333110809326,2.8653435707092285,5322750,
2011-01-26,4.166666030883789,4.300000190734863,4.166666030883789,4.300000190734863,2.9104671478271484,3182700,
2011-01-27,4.266665935516357,4.300000190734863,4.233333110809326,4.233333110809326,2.8653435707092285,2452500,
2011-01-28,4.233333110809326,4.266665935516357,4.199999809265137,4.266665935516357,2.887904405593872,1335750,
2011-01-31,4.266665935516357,4.266665935516357,4.133333206176758,4.266665935516357,2.887904405593872,1746900,
2011-02-01,4.199999809265137,4.199999809265137,4.133333206176758,4.199999809265137,2.8427815437316895,1532100,
2011-02-02,4.166666030883789,4.199999809265137,4.166666030883789,4.199999809265137,2.8427815437316895,295500,
2011-02-03,4.199999809265137,4.199999809265137,4.133333206176758,4.166666030883789,2.8202195167541504,739200,
2011-02-04,4.166666030883789,4.199999809265137,4.133333206176758,4.133333206176758,2.7976582050323486,773550,
2011-02-07,4.133333206176758,4.166666030883789,4.099999904632568,4.166666030883789,2.8202195167541504,626250,
2011-02-08,4.166666030883789,4.199999809265137,4.166666030883789,4.199999809265137,2.8427815437316895,1140600,
2011-02-09,4.199999809265137,4.233333110809326,4.166666030883789,4.233333110809326,2.8653435707092285,1625100,
2011-02-10,4.199999809265137,4.233333110809326,4.166666030883789,4.233333110809326,2.8653435707092285,1789950,
2011-02-11,4.199999809265137,4.199999809265137,4.166666030883789,4.199999809265137,2.8427815437316895,2259600,
2011-02-14,4.199999809265137,4.199999809265137,4.133333206176758,4.133333206176758,2.7976582050323486,4534650,
2011-02-15,4.133333206176758,4.300000190734863,4.133333206176758,4.233333110809326,2.8653435707092285,28760100,
2011-02-16,4.266665935516357,4.400000095367432,4.266665935516357,4.3333330154418945,2.93302845954895,10680750,
2011-02-17,4.366665840148926,4.433332920074463,4.3333330154418945,4.400000095367432,2.9781527519226074,9265050,
2011-02-18,4.400000095367432,4.400000095367432,4.400000095367432,4.400000095367432,2.9781527519226074,0,
2011-02-21,4.400000095367432,4.400000095367432,4.366665840148926,4.400000095367432,2.9781527519226074,1845000,
2011-02-22,4.400000095367432,4.533332824707031,4.400000095367432,4.533332824707031,3.068398952484131,11848500,
2011-02-23,4.566666126251221,4.566666126251221,4.366665840148926,4.366665840148926,2.955590009689331,8891250,
2011-02-24,4.366665840148926,4.400000095367432,4.3333330154418945,4.3333330154418945,2.93302845954895,2386800,
2011-02-25,4.3333330154418945,4.366665840148926,4.300000190734863,4.366665840148926,2.955590009689331,1027500,
2011-02-28,4.3333330154418945,4.400000095367432,4.300000190734863,4.366665840148926,2.955590009689331,1217400,
2011-03-01,4.3333330154418945,4.366665840148926,4.3333330154418945,4.3333330154418945,2.93302845954895,1631250,
2011-03-02,4.3333330154418945,4.366665840148926,4.300000190734863,4.3333330154418945,2.93302845954895,2839650,
2011-03-03,4.3333330154418945,4.400000095367432,4.3333330154418945,4.3333330154418945,2.93302845954895,4948500,
2011-03-04,4.3333330154418945,4.533332824707031,4.3333330154418945,4.533332824707031,3.068398952484131,9934050,
2011-03-07,4.533332824707031,4.566666126251221,4.433332920074463,4.466666221618652,3.023275136947632,7257150,
2011-03-08,4.466666221618652,4.5,4.433332920074463,4.5,3.04583740234375,1051500,
2011-03-09,4.5,4.5,4.366665840148926,4.433332920074463,3.000713348388672,4445400,
2011-03-10,4.400000095367432,4.433332920074463,4.3333330154418945,4.3333330154418945,2.93302845954895,5726550,
2011-03-11,4.3333330154418945,4.366665840148926,4.3333330154418945,4.3333330154418945,2.93302845954895,3419100,
2011-03-14,4.3333330154418945,4.366665840148926,4.3333330154418945,4.366665840148926,2.955590009689331,5326650,
2011-03-15,4.366665840148926,4.466666221618652,4.366665840148926,4.400000095367432,2.9781527519226074,6334200,
2011-03-16,4.400000095367432,4.566666126251221,4.400000095367432,4.533332824707031,3.068398952484131,6495900,
2011-03-17,4.566666126251221,4.566666126251221,4.5,4.5,3.04583740234375,4792050,
2011-03-21,4.966666221618652,5.133333206176758,4.800000190734863,4.800000190734863,3.2488937377929688,56850450,
2011-03-22,4.800000190734863,4.800000190734863,4.699999809265137,4.733333110809326,3.2037692070007324,12161700,
2011-03-23,4.766665935516357,4.766665935516357,4.699999809265137,4.699999809265137,3.1812076568603516,3116400,
2011-03-24,4.699999809265137,4.733333110809326,4.599999904632568,4.633333206176758,3.136084794998169,10131150,
2011-03-25,4.633333206176758,4.699999809265137,4.599999904632568,4.633333206176758,3.136084794998169,5619750,
2011-03-28,4.633333206176758,4.666666030883789,4.599999904632568,4.599999904632568,3.1135220527648926,3180450,
2011-03-29,4.633333206176758,4.666666030883789,4.633333206176758,4.633333206176758,3.136084794998169,5403637,
2011-03-30,4.633333206176758,4.766665935516357,4.633333206176758,4.699999809265137,3.1812076568603516,16039950,
2011-03-31,4.733333110809326,4.766665935516357,4.699999809265137,4.733333110809326,3.2037692070007324,5586000,
2011-04-01,4.766665935516357,4.800000190734863,4.699999809265137,4.699999809265137,3.1812076568603516,4927650,
2011-04-04,4.699999809265137,4.699999809265137,4.666666030883789,4.666666030883789,3.1586456298828125,7065450,
2011-04-05,4.666666030883789,4.699999809265137,4.666666030883789,4.666666030883789,3.1586456298828125,1090800,
2011-04-07,4.666666030883789,4.733333110809326,4.666666030883789,4.699999809265137,3.1812076568603516,4839750,
2011-04-08,4.766665935516357,4.766665935516357,4.699999809265137,4.733333110809326,3.2037692070007324,4511100,
2011-04-11,4.733333110809326,4.766665935516357,4.699999809265137,4.733333110809326,3.2037692070007324,2293950,
2011-04-12,4.733333110809326,4.800000190734863,4.699999809265137,4.800000190734863,3.2488937377929688,8309700,
2011-04-18,4.766665935516357,4.8333330154418945,4.766665935516357,4.8333330154418945,3.2714548110961914,6248400,
2011-04-19,4.800000190734863,4.800000190734863,4.766665935516357,4.766665935516357,3.226330518722534,3747600,
2011-04-20,4.800000190734863,4.8333330154418945,4.766665935516357,4.766665935516357,3.226330518722534,11904900,
2011-04-21,4.800000190734863,4.8333330154418945,4.800000190734863,4.8333330154418945,3.2714548110961914,7932450,
2011-04-22,4.800000190734863,4.8333330154418945,4.800000190734863,4.800000190734863,3.2488937377929688,629400,
2011-04-25,4.766665935516357,4.8333330154418945,4.766665935516357,4.8333330154418945,3.2714548110961914,4801950,
2011-04-26,4.8333330154418945,4.900000095367432,4.8333330154418945,4.900000095367432,3.3165781497955322,7866900,
2011-04-27,4.966666221618652,5.033332824707031,4.900000095367432,4.933332920074463,3.3391387462615967,12912450,
2011-04-28,4.966666221618652,4.966666221618652,4.900000095367432,4.900000095367432,3.3165781497955322,2925750,
2011-04-29,4.933332920074463,4.966666221618652,4.900000095367432,4.933332920074463,3.3391387462615967,3840300,
2011-05-03,4.96999979019165,4.96999979019165,4.829999923706055,4.869999885559082,3.2962727546691895,6001350,
2011-05-04,4.866665840148926,4.900000095367432,4.800000190734863,4.900000095367432,3.3165781497955322,13406550,
2011-05-06,5.440000057220459,5.440000057220459,4.960000038146973,4.960000038146973,3.3709475994110107,9860625,0.02
2011-05-09,4.960000038146973,5.039999961853027,4.920000076293945,5.039999961853027,3.425318479537964,1505500,
2011-05-10,5.039999961853027,5.039999961853027,4.880000114440918,4.920000076293945,3.3437631130218506,4898750,
2011-05-11,4.920000076293945,4.960000038146973,4.880000114440918,4.880000114440918,3.3165781497955322,2570625,
2011-05-12,4.920000076293945,4.960000038146973,4.880000114440918,4.880000114440918,3.3165781497955322,4238875,
2011-05-13,4.920000076293945,4.920000076293945,4.840000152587891,4.880000114440918,3.3165781497955322,2414500,
2011-05-18,4.880000114440918,4.880000114440918,4.840000152587891,4.880000114440918,3.3165781497955322,530000,
2011-05-19,4.880000114440918,4.920000076293945,4.880000114440918,4.880000114440918,3.3165781497955322,314125,
2011-05-20,4.920000076293945,4.960000038146973,4.840000152587891,4.880000114440918,3.3165781497955322,3023000,
2011-05-23,4.800000190734863,4.840000152587891,4.760000228881836,4.800000190734863,3.2622077465057373,3483375,
2011-05-24,4.71999979019165,4.800000190734863,4.679999828338623,4.71999979019165,3.2078375816345215,3088250,
2011-05-25,4.71999979019165,4.71999979019165,4.679999828338623,4.71999979019165,3.2078375816345215,652000,
2011-05-26,4.71999979019165,4.71999979019165,4.679999828338623,4.71999979019165,3.2078375816345215,392500,
2011-05-27,4.679999828338623,4.760000228881836,4.679999828338623,4.71999979019165,3.2078375816345215,7624375,
2011-05-30,4.71999979019165,4.920000076293945,4.71999979019165,4.840000152587891,3.289393186569214,12304625,
2011-05-31,4.840000152587891,4.880000114440918,4.800000190734863,4.800000190734863,3.2622077465057373,4495250,
2011-06-01,4.800000190734863,4.880000114440918,4.760000228881836,4.760000228881836,3.235023260116577,6501500,
2011-06-02,4.760000228881836,4.800000190734863,4.760000228881836,4.800000190734863,3.2622077465057373,843375,
2011-06-03,4.760000228881836,4.760000228881836,4.71999979019165,4.760000228881836,3.235023260116577,2464375,
2011-06-06,4.71999979019165,4.760000228881836,4.639999866485596,4.71999979019165,3.2078375816345215,2516125,
2011-06-07,4.639999866485596,4.71999979019165,4.639999866485596,4.679999828338623,3.180652618408203,1374750,
2011-06-08,4.679999828338623,4.679999828338623,4.519999980926514,4.559999942779541,3.099097728729248,5170000,
2011-06-09,4.519999980926514,4.519999980926514,4.440000057220459,4.480000019073486,3.0447282791137695,4097375,
2011-06-10,4.480000019073486,4.480000019073486,4.440000057220459,4.480000019073486,3.0447282791137695,2478875,
2011-06-13,4.559999942779541,4.559999942779541,4.400000095367432,4.440000057220459,3.017543315887451,1360875,
2011-06-14,4.440000057220459,4.519999980926514,4.440000057220459,4.480000019073486,3.0447282791137695,925750,
2011-06-15,4.480000019073486,4.599999904632568,4.480000019073486,4.519999980926514,3.0719125270843506,13996250,
2011-06-16,4.519999980926514,4.519999980926514,4.400000095367432,4.400000095367432,2.990358352661133,5580125,
2011-06-17,4.440000057220459,4.440000057220459,4.360000133514404,4.360000133514404,2.963172674179077,4436125,
2011-06-20,4.400000095367432,4.400000095367432,4.320000171661377,4.360000133514404,2.963172674179077,1987250,
2011-06-21,4.360000133514404,4.400000095367432,4.360000133514404,4.400000095367432,2.990358352661133,2303125,
2011-06-22,4.440000057220459,4.519999980926514,4.440000057220459,4.440000057220459,3.017543315887451,9033000,
2011-06-23,4.480000019073486,4.480000019073486,4.360000133514404,4.360000133514404,2.963172674179077,1743125,
2011-06-24,4.400000095367432,4.480000019073486,4.360000133514404,4.480000019073486,3.0447282791137695,2747625,
2011-06-27,4.519999980926514,4.519999980926514,4.400000095367432,4.400000095367432,2.990358352661133,557875,
2011-06-28,4.440000057220459,4.480000019073486,4.400000095367432,4.440000057220459,3.017543315887451,2296875,
2011-06-29,4.480000019073486,4.519999980926514,4.480000019073486,4.480000019073486,3.0447282791137695,2996875,
2011-06-30,4.480000019073486,4.559999942779541,4.440000057220459,4.440000057220459,3.017543315887451,5512000,
2011-07-04,4.519999980926514,4.599999904632568,4.519999980926514,4.559999942779541,3.099097728729248,1833250,
2011-07-05,4.599999904632568,4.639999866485596,4.559999942779541,4.559999942779541,3.099097728729248,3188625,
2011-07-06,4.559999942779541,4.559999942779541,4.519999980926514,4.559999942779541,3.099097728729248,3855625,
2011-07-07,4.559999942779541,4.599999904632568,4.559999942779541,4.599999904632568,3.1262826919555664,2601250,
2011-07-08,4.599999904632568,4.71999979019165,4.559999942779541,4.71999979019165,3.2078375816345215,14923000,
2011-07-11,4.679999828338623,4.71999979019165,4.639999866485596,4.679999828338623,3.180652618408203,3149000,
2011-07-12,4.639999866485596,4.639999866485596,4.599999904632568,4.639999866485596,3.153467893600464,686500,
2011-07-13,4.639999866485596,4.71999979019165,4.639999866485596,4.71999979019165,3.2078375816345215,1376500,
2011-07-14,4.679999828338623,4.71999979019165,4.679999828338623,4.679999828338623,3.180652618408203,1343750,
2011-07-18,4.71999979019165,4.71999979019165,4.639999866485596,4.639999866485596,3.153467893600464,1403875,
2011-07-19,4.639999866485596,4.679999828338623,4.639999866485596,4.639999866485596,3.153467893600464,744500,
2011-07-20,4.679999828338623,4.71999979019165,4.679999828338623,4.71999979019165,3.2078375816345215,1551875,
2011-07-21,4.760000228881836,4.880000114440918,4.760000228881836,4.840000152587891,3.289393186569214,3722250,
2011-07-22,4.840000152587891,5.039999961853027,4.840000152587891,4.960000038146973,3.3709475994110107,7835125,
2011-07-25,4.960000038146973,5.0,4.920000076293945,5.0,3.3981339931488037,2300500,
2011-07-26,5.039999961853027,5.039999961853027,4.960000038146973,4.960000038146973,3.3709475994110107,1982375,
2011-07-27,4.960000038146973,5.039999961853027,4.960000038146973,5.0,3.3981339931488037,1801750,
2011-07-28,5.0,5.039999961853027,5.0,5.039999961853027,3.425318479537964,2021375,
2011-07-29,5.039999961853027,5.079999923706055,4.960000038146973,4.960000038146973,3.3709475994110107,2165125,
2011-08-01,5.039999961853027,5.079999923706055,5.0,5.039999961853027,3.425318479537964,2664500,
2011-08-02,5.039999961853027,5.039999961853027,4.960000038146973,5.0,3.3981339931488037,3114125,
2011-08-03,5.0,5.0,4.920000076293945,4.920000076293945,3.3437631130218506,1416250,
2011-08-04,4.960000038146973,5.079999923706055,4.960000038146973,5.0,3.3981339931488037,4647000,
2011-08-05,4.880000114440918,4.960000038146973,4.840000152587891,4.960000038146973,3.3709475994110107,4952625,
2011-08-08,4.960000038146973,4.960000038146973,4.880000114440918,4.880000114440918,3.3165781497955322,4469000,
2011-08-09,4.840000152587891,4.880000114440918,4.760000228881836,4.800000190734863,3.2622077465057373,5530125,
2011-08-10,4.880000114440918,4.920000076293945,4.800000190734863,4.880000114440918,3.3165781497955322,2791500,
2011-08-11,4.840000152587891,4.880000114440918,4.840000152587891,4.880000114440918,3.3165781497955322,919125,
2011-08-15,4.920000076293945,5.199999809265137,4.920000076293945,5.039999961853027,3.425318479537964,7523000,
2011-08-16,5.119999885559082,5.199999809265137,5.079999923706055,5.119999885559082,3.479688882827759,8388500,
2011-08-17,5.199999809265137,5.400000095367432,5.199999809265137,5.400000095367432,3.669983386993408,21991500,
2011-08-18,5.360000133514404,5.360000133514404,5.239999771118164,5.28000020980835,3.5884296894073486,2596875,
2011-08-19,5.199999809265137,5.28000020980835,5.159999847412109,5.199999809265137,3.534059524536133,6661875,
2011-08-22,5.239999771118164,5.239999771118164,5.119999885559082,5.159999847412109,3.506873369216919,4057375,
2011-08-23,5.119999885559082,5.239999771118164,5.079999923706055,5.119999885559082,3.534487009048462,3268000,0.08
2011-08-24,5.199999809265137,5.199999809265137,5.079999923706055,5.079999923706055,3.5068743228912354,4509375,
2011-08-25,5.119999885559082,5.239999771118164,5.119999885559082,5.159999847412109,3.5620999336242676,7065875,
2011-08-26,5.159999847412109,5.320000171661377,5.079999923706055,5.199999809265137,3.589714288711548,4495750,
2011-08-29,5.28000020980835,5.320000171661377,5.239999771118164,5.28000020980835,3.644940137863159,1715750,
2011-08-30,5.360000133514404,5.480000019073486,5.360000133514404,5.400000095367432,3.7277796268463135,4005375,
2011-08-31,5.519999980926514,5.71999979019165,5.519999980926514,5.559999942779541,3.8382318019866943,11002625,
2011-09-01,5.639999866485596,5.639999866485596,5.480000019073486,5.519999980926514,3.8106186389923096,3233250,
2011-09-02,5.519999980926514,5.599999904632568,5.480000019073486,5.519999980926514,3.8106186389923096,1211125,
2011-09-05,5.480000019073486,5.559999942779541,5.480000019073486,5.559999942779541,3.8382318019866943,2743375,
2011-09-06,5.519999980926514,5.760000228881836,5.519999980926514,5.760000228881836,3.97629714012146,4483500,
2011-09-07,5.800000190734863,5.800000190734863,5.679999828338623,5.71999979019165,3.948683738708496,2125375,
2011-09-08,5.71999979019165,5.800000190734863,5.71999979019165,5.760000228881836,3.97629714012146,1103375,
2011-09-09,5.800000190734863,5.800000190734863,5.71999979019165,5.760000228881836,3.97629714012146,1055000,
2011-09-12,5.760000228881836,5.760000228881836,5.599999904632568,5.639999866485596,3.8934566974639893,1955875,
2011-09-13,5.639999866485596,5.679999828338623,5.559999942779541,5.639999866485596,3.8934566974639893,2746375,
2011-09-14,5.599999904632568,5.599999904632568,5.360000133514404,5.480000019073486,3.783005475997925,3374250,
2011-09-15,5.519999980926514,5.639999866485596,5.480000019073486,5.599999904632568,3.8658447265625,1617625,
2011-09-16,5.639999866485596,5.679999828338623,5.559999942779541,5.679999828338623,3.921072244644165,1592875,
2011-09-19,5.679999828338623,5.679999828338623,5.599999904632568,5.639999866485596,3.8934566974639893,2249125,
2011-09-20,5.559999942779541,5.599999904632568,5.519999980926514,5.599999904632568,3.8658447265625,1073625,
2011-09-21,5.599999904632568,5.760000228881836,5.599999904632568,5.679999828338623,3.921072244644165,5290250,
2011-09-22,5.639999866485596,5.679999828338623,5.360000133514404,5.440000057220459,3.7553935050964355,6953625,
2011-09-23,5.28000020980835,5.400000095367432,5.079999923706055,5.320000171661377,3.672553062438965,6813750,
2011-09-26,5.28000020980835,5.28000020980835,4.840000152587891,5.0,3.451647996902466,6063250,
2011-09-27,5.039999961853027,5.28000020980835,5.039999961853027,5.159999847412109,3.5620999336242676,4656750,
2011-09-28,5.159999847412109,5.159999847412109,5.079999923706055,5.079999923706055,3.5068743228912354,2596750,
2011-09-29,5.039999961853027,5.079999923706055,4.960000038146973,4.960000038146973,3.4240334033966064,3205750,
2011-09-30,5.0,5.039999961853027,4.920000076293945,5.039999961853027,3.4792609214782715,3554375,
2011-10-03,4.920000076293945,4.960000038146973,4.840000152587891,4.960000038146973,3.4240334033966064,1088750,
2011-10-04,4.880000114440918,4.960000038146973,4.880000114440918,4.920000076293945,3.39642071723938,2323125,
2011-10-05,5.0,5.119999885559082,5.0,5.079999923706055,3.5068743228912354,3387000,
2011-10-06,5.199999809265137,5.199999809265137,5.119999885559082,5.119999885559082,3.534487009048462,4825625,
2011-10-07,5.199999809265137,5.199999809265137,5.079999923706055,5.119999885559082,3.534487009048462,2068000,
2011-10-10,5.079999923706055,5.079999923706055,5.079999923706055,5.079999923706055,3.5068743228912354,1117000,
2011-10-11,5.159999847412109,5.159999847412109,5.039999961853027,5.079999923706055,3.5068743228912354,1945875,
2011-10-12,5.079999923706055,5.119999885559082,4.920000076293945,4.960000038146973,3.4240334033966064,2557875,
2011-10-13,5.0,5.079999923706055,5.0,5.0,3.451647996902466,2351375,
2011-10-14,5.0,5.079999923706055,5.0,5.079999923706055,3.5068743228912354,724250,
2011-10-17,5.079999923706055,5.119999885559082,4.960000038146973,5.039999961853027,3.4792609214782715,3807625,
2011-10-18,4.960000038146973,5.039999961853027,4.960000038146973,5.039999961853027,3.4792609214782715,1091750,
2011-10-19,5.079999923706055,5.079999923706055,4.960000038146973,4.960000038146973,3.4240334033966064,563750,
2011-10-20,4.920000076293945,4.920000076293945,4.840000152587891,4.880000114440918,3.368807554244995,851375,
2011-10-21,4.800000190734863,4.920000076293945,4.800000190734863,4.880000114440918,3.368807554244995,903000,
2011-10-25,4.880000114440918,4.920000076293945,4.840000152587891,4.880000114440918,3.368807554244995,460875,
2011-10-26,4.920000076293945,4.960000038146973,4.920000076293945,4.960000038146973,3.4240334033966064,252750,
2011-10-27,4.920000076293945,4.960000038146973,4.920000076293945,4.920000076293945,3.39642071723938,374750,
2011-10-28,4.920000076293945,5.0,4.920000076293945,4.960000038146973,3.4240334033966064,451500,
2011-10-31,5.039999961853027,5.039999961853027,4.960000038146973,5.039999961853027,3.4792609214782715,696500,
2011-11-01,5.039999961853027,5.039999961853027,4.840000152587891,4.840000152587891,3.3411943912506104,2224000,
2011-11-02,4.840000152587891,4.920000076293945,4.840000152587891,4.920000076293945,3.39642071723938,894625,
2011-11-03,5.0,5.039999961853027,4.960000038146973,5.039999961853027,3.4792609214782715,913875,
2011-11-04,5.039999961853027,5.119999885559082,5.0,5.119999885559082,3.534487009048462,1418125,
2011-11-07,5.199999809265137,5.199999809265137,5.079999923706055,5.079999923706055,3.5068743228912354,652000,
2011-11-08,5.079999923706055,5.119999885559082,5.079999923706055,5.079999923706055,3.5068743228912354,904625,
2011-11-09,5.079999923706055,5.239999771118164,5.079999923706055,5.119999885559082,3.534487009048462,1954875,
2011-11-10,5.079999923706055,5.159999847412109,5.079999923706055,5.159999847412109,3.5620999336242676,413375,
2011-11-11,5.159999847412109,5.199999809265137,5.159999847412109,5.199999809265137,3.589714288711548,762250,
2011-11-14,5.239999771118164,5.239999771118164,5.199999809265137,5.199999809265137,3.589714288711548,1903000,
2011-11-15,5.159999847412109,5.239999771118164,5.159999847412109,5.199999809265137,3.589714288711548,1305875,
2011-11-16,5.28000020980835,5.28000020980835,5.159999847412109,5.239999771118164,3.617325782775879,2013250,
2011-11-17,5.199999809265137,5.440000057220459,5.159999847412109,5.440000057220459,3.7553935050964355,4631750,
2011-11-18,5.440000057220459,5.440000057220459,5.28000020980835,5.360000133514404,3.7001659870147705,2127250,
2011-11-21,5.360000133514404,5.360000133514404,5.239999771118164,5.239999771118164,3.617325782775879,1774750,
2011-11-22,5.159999847412109,5.239999771118164,5.159999847412109,5.239999771118164,3.617325782775879,2036375,
2011-11-23,5.28000020980835,5.400000095367432,5.239999771118164,5.320000171661377,3.672553062438965,4217000,
2011-11-24,5.239999771118164,5.360000133514404,5.239999771118164,5.320000171661377,3.672553062438965,2530750,
2011-11-25,5.320000171661377,5.320000171661377,5.239999771118164,5.239999771118164,3.617325782775879,1025250,
2011-11-28,5.320000171661377,5.320000171661377,5.199999809265137,5.239999771118164,3.617325782775879,670500,
2011-11-29,5.239999771118164,5.320000171661377,5.239999771118164,5.320000171661377,3.672553062438965,1757500,
2011-11-30,5.28000020980835,5.360000133514404,5.239999771118164,5.320000171661377,3.672553062438965,1683250,
2011-12-01,5.320000171661377,5.400000095367432,5.320000171661377,5.360000133514404,3.7001659870147705,1742125,
2011-12-02,5.360000133514404,5.360000133514404,5.28000020980835,5.28000020980835,3.644940137863159,1268000,
2011-12-06,5.28000020980835,5.320000171661377,5.199999809265137,5.239999771118164,3.617325782775879,2689625,
2011-12-07,5.28000020980835,5.28000020980835,5.159999847412109,5.199999809265137,3.589714288711548,5137500,
2011-12-08,5.239999771118164,5.28000020980835,5.119999885559082,5.199999809265137,3.589714288711548,4237000,
2011-12-09,5.159999847412109,5.159999847412109,5.039999961853027,5.039999961853027,3.4792609214782715,9913500,
2011-12-13,5.079999923706055,5.079999923706055,4.920000076293945,5.0,3.451647996902466,6939750,
2011-12-14,4.960000038146973,5.0,4.960000038146973,5.0,3.451647996902466,6646750,
2011-12-15,4.960000038146973,5.119999885559082,4.960000038146973,5.119999885559082,3.534487009048462,5778625,
2011-12-16,5.159999847412109,5.159999847412109,5.0,5.039999961853027,3.4792609214782715,3214250,
2011-12-19,5.079999923706055,5.199999809265137,5.039999961853027,5.159999847412109,3.5620999336242676,15948250,
2011-12-20,5.239999771118164,5.320000171661377,5.239999771118164,5.320000171661377,3.672553062438965,17857625,
2011-12-21,5.320000171661377,5.440000057220459,5.28000020980835,5.360000133514404,3.7001659870147705,13480000,
2011-12-22,5.360000133514404,5.360000133514404,5.28000020980835,5.320000171661377,3.672553062438965,5404750,
2011-12-23,5.360000133514404,5.639999866485596,5.360000133514404,5.599999904632568,3.8658447265625,24971000,
2011-12-26,5.599999904632568,5.599999904632568,5.440000057220459,5.559999942779541,3.8382318019866943,4107750,
2011-12-27,5.599999904632568,5.599999904632568,5.440000057220459,5.440000057220459,3.7553935050964355,4496875,
2011-12-28,5.440000057220459,5.440000057220459,5.360000133514404,5.440000057220459,3.7553935050964355,6097000,
2011-12-29,5.400000095367432,5.440000057220459,5.360000133514404,5.400000095367432,3.7277796268463135,2542375,
2011-12-30,5.440000057220459,5.559999942779541,5.440000057220459,5.480000019073486,3.783005475997925,2801000,
2012-01-04,5.519999980926514,5.71999979019165,5.480000019073486,5.679999828338623,3.921072244644165,7692000,
2012-01-05,5.760000228881836,6.039999961853027,5.760000228881836,5.880000114440918,4.05913782119751,20097000,
2012-01-06,5.880000114440918,5.960000038146973,5.760000228881836,5.880000114440918,4.05913782119751,4588750,
2012-01-09,5.840000152587891,5.960000038146973,5.800000190734863,5.920000076293945,4.08674955368042,2669000,
2012-01-10,5.920000076293945,5.960000038146973,5.840000152587891,5.880000114440918,4.05913782119751,2358500,
2012-01-11,5.840000152587891,5.880000114440918,5.71999979019165,5.760000228881836,3.97629714012146,4972125,
2012-01-12,5.71999979019165,5.880000114440918,5.71999979019165,5.71999979019165,3.948683738708496,4260375,
2012-01-13,5.71999979019165,5.800000190734863,5.71999979019165,5.760000228881836,3.97629714012146,2269000,
2012-01-16,5.760000228881836,5.840000152587891,5.639999866485596,5.800000190734863,4.003911018371582,4198625,
2012-01-17,5.840000152587891,5.880000114440918,5.760000228881836,5.880000114440918,4.05913782119751,3157625,
2012-01-18,5.920000076293945,5.920000076293945,5.760000228881836,5.800000190734863,4.003911018371582,3643875,
2012-01-19,5.840000152587891,5.840000152587891,5.71999979019165,5.71999979019165,3.948683738708496,4771500,
2012-01-20,5.800000190734863,5.920000076293945,5.760000228881836,5.800000190734863,4.003911018371582,7871250,
2012-01-23,5.800000190734863,5.880000114440918,5.760000228881836,5.800000190734863,4.003911018371582,2348250,
2012-01-24,5.840000152587891,5.840000152587891,5.840000152587891,5.840000152587891,4.031524658203125,2105875,
2012-01-25,5.800000190734863,5.800000190734863,5.71999979019165,5.71999979019165,3.948683738708496,3179125,
2012-01-26,5.800000190734863,5.840000152587891,5.760000228881836,5.800000190734863,4.003911018371582,4075875,
2012-01-27,5.800000190734863,5.960000038146973,5.800000190734863,5.800000190734863,4.003911018371582,6119250,
2012-01-30,5.840000152587891,5.880000114440918,5.800000190734863,5.800000190734863,4.003911018371582,1497625,
2012-01-31,5.800000190734863,5.880000114440918,5.760000228881836,5.800000190734863,4.003911018371582,557000,
2012-02-01,5.800000190734863,5.800000190734863,5.679999828338623,5.71999979019165,3.948683738708496,4770625,
2012-02-02,5.71999979019165,5.800000190734863,5.71999979019165,5.760000228881836,3.97629714012146,3300000,
2012-02-03,5.800000190734863,5.800000190734863,5.71999979019165,5.800000190734863,4.003911018371582,1767750,
2012-02-06,5.840000152587891,5.840000152587891,5.71999979019165,5.71999979019165,3.948683738708496,1353125,
2012-02-07,5.760000228881836,5.760000228881836,5.679999828338623,5.71999979019165,3.948683738708496,774500,
2012-02-08,5.760000228881836,5.760000228881836,5.639999866485596,5.639999866485596,3.8934566974639893,4043625,
2012-02-09,5.639999866485596,5.639999866485596,5.599999904632568,5.599999904632568,3.8658447265625,4118750,
2012-02-10,5.559999942779541,5.639999866485596,5.519999980926514,5.639999866485596,3.8934566974639893,6783500,
2012-02-13,5.639999866485596,5.639999866485596,5.559999942779541,5.559999942779541,3.8382318019866943,1923000,
2012-02-14,5.599999904632568,5.599999904632568,5.440000057220459,5.480000019073486,3.783005475997925,3553750,
2012-02-15,5.480000019073486,5.559999942779541,5.480000019073486,5.519999980926514,3.8106186389923096,2479125,
2012-02-16,5.559999942779541,5.559999942779541,5.519999980926514,5.519999980926514,3.8106186389923096,584250,
2012-02-17,5.519999980926514,5.559999942779541,5.480000019073486,5.519999980926514,3.8106186389923096,1762625,
2012-02-20,5.519999980926514,5.519999980926514,5.440000057220459,5.440000057220459,3.7553935050964355,2156125,
2012-02-21,5.480000019073486,5.480000019073486,5.360000133514404,5.360000133514404,3.7001659870147705,3694500,
2012-02-22,5.400000095367432,5.480000019073486,5.360000133514404,5.400000095367432,3.7277796268463135,3995375,
2012-02-23,5.360000133514404,5.440000057220459,5.360000133514404,5.400000095367432,3.7277796268463135,3019750,
2012-02-24,5.440000057220459,5.480000019073486,5.440000057220459,5.480000019073486,3.783005475997925,1838500,
2012-02-27,5.480000019073486,5.480000019073486,5.400000095367432,5.400000095367432,3.7277796268463135,1632000,
2012-02-28,5.400000095367432,5.519999980926514,5.400000095367432,5.519999980926514,3.8106186389923096,2277625,
2012-02-29,5.519999980926514,5.679999828338623,5.480000019073486,5.599999904632568,3.8658447265625,7905000,
2012-03-01,5.599999904632568,5.760000228881836,5.599999904632568,5.679999828338623,3.921072244644165,5099875,
2012-03-02,5.71999979019165,5.71999979019165,5.639999866485596,5.679999828338623,3.921072244644165,4529125,
2012-03-05,5.639999866485596,5.71999979019165,5.639999866485596,5.639999866485596,3.8934566974639893,1914250,
2012-03-06,5.599999904632568,5.639999866485596,5.519999980926514,5.519999980926514,3.8106186389923096,2698125,
2012-03-08,5.519999980926514,5.679999828338623,5.519999980926514,5.639999866485596,3.8934566974639893,4063125,
2012-03-09,5.679999828338623,5.840000152587891,5.639999866485596,5.71999979019165,3.948683738708496,10372750,
2012-03-12,5.760000228881836,5.760000228881836,5.639999866485596,5.679999828338623,3.921072244644165,5721250,
2012-03-13,5.760000228881836,5.800000190734863,5.639999866485596,5.800000190734863,4.003911018371582,7308125,
2012-03-14,5.800000190734863,5.840000152587891,5.71999979019165,5.800000190734863,4.003911018371582,4190125,
2012-03-15,5.800000190734863,5.840000152587891,5.71999979019165,5.71999979019165,3.948683738708496,4074250,
2012-03-16,5.71999979019165,6.039999961853027,5.71999979019165,6.039999961853027,4.169589996337891,16183125,
2012-03-19,6.039999961853027,6.039999961853027,5.920000076293945,5.920000076293945,4.08674955368042,5478750,
2012-03-20,5.960000038146973,6.0,5.880000114440918,5.920000076293945,4.08674955368042,2142875,
2012-03-21,5.920000076293945,6.199999809265137,5.920000076293945,6.079999923706055,4.197202682495117,7512250,
2012-03-22,6.079999923706055,6.079999923706055,5.800000190734863,5.840000152587891,4.031524658203125,4872625,
2012-03-23,5.800000190734863,6.0,5.760000228881836,5.880000114440918,4.05913782119751,2724125,
2012-03-26,5.880000114440918,5.920000076293945,5.880000114440918,5.880000114440918,4.05913782119751,519500,
2012-03-27,5.960000038146973,6.199999809265137,5.920000076293945,6.079999923706055,4.197202682495117,11972375,
2012-03-28,6.119999885559082,6.400000095367432,6.119999885559082,6.239999771118164,4.3076558113098145,17130125,
2012-03-29,6.28000020980835,6.28000020980835,6.159999847412109,6.239999771118164,4.3076558113098145,2585625,
2012-03-30,6.199999809265137,6.239999771118164,6.079999923706055,6.079999923706055,4.197202682495117,2102625,
2012-04-02,6.079999923706055,6.119999885559082,6.039999961853027,6.079999923706055,4.197202682495117,1513750,
2012-04-03,6.079999923706055,6.159999847412109,6.079999923706055,6.159999847412109,4.252429008483887,1347125,
2012-04-04,6.199999809265137,6.28000020980835,6.159999847412109,6.199999809265137,4.280044078826904,1582875,
2012-04-05,6.159999847412109,6.239999771118164,6.039999961853027,6.119999885559082,4.224815845489502,2974000,
2012-04-10,6.079999923706055,6.119999885559082,6.0,6.079999923706055,4.197202682495117,2590625,
2012-04-11,6.039999961853027,6.119999885559082,6.039999961853027,6.079999923706055,4.197202682495117,1677000,
2012-04-12,6.079999923706055,6.28000020980835,6.079999923706055,6.159999847412109,4.252429008483887,2033250,
2012-04-17,6.239999771118164,6.28000020980835,6.199999809265137,6.239999771118164,4.3076558113098145,3517125,
2012-04-18,6.28000020980835,6.320000171661377,6.239999771118164,6.28000020980835,4.335270404815674,2378000,
2012-04-19,6.320000171661377,6.360000133514404,6.239999771118164,6.28000020980835,4.335270404815674,1819875,
2012-04-20,6.28000020980835,6.400000095367432,6.28000020980835,6.320000171661377,4.362882137298584,1489125,
2012-04-23,6.400000095367432,6.480000019073486,6.400000095367432,6.480000019073486,4.473334789276123,2804625,
2012-04-24,6.440000057220459,6.71999979019165,6.440000057220459,6.639999866485596,4.5837883949279785,4720750,
2012-04-25,6.71999979019165,6.760000228881836,6.599999904632568,6.599999904632568,4.556175231933594,4126375,
2012-04-26,6.639999866485596,6.760000228881836,6.559999942779541,6.559999942779541,4.528562068939209,1886750,
2012-04-27,6.599999904632568,6.639999866485596,6.519999980926514,6.639999866485596,4.5837883949279785,918875,
2012-04-30,6.679999828338623,6.800000190734863,6.679999828338623,6.800000190734863,4.694240570068359,1339125,
2012-05-02,6.800000190734863,6.800000190734863,6.639999866485596,6.679999828338623,4.611401081085205,2526250,
2012-05-03,6.71999979019165,6.880000114440918,6.679999828338623,6.71999979019165,4.639013767242432,2608250,
2012-05-04,6.71999979019165,6.800000190734863,6.679999828338623,6.760000228881836,4.6666259765625,2430125,
2012-05-08,6.639999866485596,6.880000114440918,6.639999866485596,6.760000228881836,4.722514629364014,2962875,0.08
2012-05-09,6.760000228881836,6.840000152587891,6.71999979019165,6.760000228881836,4.722514629364014,6185125,
2012-05-10,6.71999979019165,6.71999979019165,6.519999980926514,6.71999979019165,4.694571495056152,6035875,
2012-05-11,6.71999979019165,7.159999847412109,6.71999979019165,6.960000038146973,4.862234115600586,21933125,
2012-05-14,7.0,7.639999866485596,7.0,7.360000133514404,5.141672611236572,17340500,
2012-05-15,7.199999809265137,7.28000020980835,7.0,7.199999809265137,5.029897212982178,9756750,
2012-05-16,7.159999847412109,7.28000020980835,7.039999961853027,7.28000020980835,5.085785388946533,6275000,
2012-05-17,7.360000133514404,7.559999942779541,7.199999809265137,7.28000020980835,5.085785388946533,7092375,
2012-05-18,7.199999809265137,7.28000020980835,7.079999923706055,7.199999809265137,5.029897212982178,4546875,
2012-05-21,7.239999771118164,7.239999771118164,7.119999885559082,7.199999809265137,5.029897212982178,1959875,
2012-05-22,7.360000133514404,7.679999828338623,7.079999923706055,7.159999847412109,5.001954078674316,10327375,
2012-05-23,7.199999809265137,7.599999904632568,7.119999885559082,7.360000133514404,5.141672611236572,10645000,
2012-05-24,7.320000171661377,7.400000095367432,7.320000171661377,7.360000133514404,5.141672611236572,2806250,
2012-05-25,7.360000133514404,7.559999942779541,7.320000171661377,7.360000133514404,5.141672611236572,6091375,
2012-05-28,7.400000095367432,7.599999904632568,7.360000133514404,7.480000019073486,5.225504398345947,3518125,
2012-05-29,7.519999980926514,7.519999980926514,7.440000057220459,7.480000019073486,5.225504398345947,2317250,
2012-05-30,7.480000019073486,7.639999866485596,7.480000019073486,7.480000019073486,5.225504398345947,2705000,
2012-05-31,7.480000019073486,7.800000190734863,7.400000095367432,7.800000190734863,5.449055194854736,4532750,
2012-06-01,7.639999866485596,7.679999828338623,7.519999980926514,7.559999942779541,5.281392574310303,1516125,
2012-06-05,7.519999980926514,7.519999980926514,7.199999809265137,7.239999771118164,5.0578413009643555,4870625,
2012-06-06,7.239999771118164,7.400000095367432,7.239999771118164,7.320000171661377,5.113729953765869,504250,
2012-06-07,7.360000133514404,7.400000095367432,7.039999961853027,7.159999847412109,5.001954078674316,9862000,
2012-06-08,7.079999923706055,7.199999809265137,7.039999961853027,7.159999847412109,5.001954078674316,6567375,
2012-06-11,7.239999771118164,7.28000020980835,7.199999809265137,7.239999771118164,5.0578413009643555,2540625,
2012-06-12,7.239999771118164,7.320000171661377,7.199999809265137,7.28000020980835,5.085785388946533,3694125,
2012-06-13,7.28000020980835,7.320000171661377,7.239999771118164,7.239999771118164,5.0578413009643555,2837750,
2012-06-14,7.239999771118164,7.320000171661377,7.239999771118164,7.320000171661377,5.113729953765869,1934125,
2012-06-15,7.320000171661377,7.320000171661377,7.239999771118164,7.239999771118164,5.0578413009643555,3383875,
2012-06-18,7.320000171661377,7.320000171661377,7.199999809265137,7.199999809265137,5.029897212982178,3860500,
2012-06-19,7.159999847412109,7.239999771118164,7.159999847412109,7.239999771118164,5.0578413009643555,4133250,
2012-06-20,7.239999771118164,7.360000133514404,7.199999809265137,7.28000020980835,5.085785388946533,5072125,
2012-06-21,7.28000020980835,7.28000020980835,7.159999847412109,7.199999809265137,5.029897212982178,3056125,
2012-06-22,7.159999847412109,7.199999809265137,7.159999847412109,7.199999809265137,5.029897212982178,3020125,
2012-06-25,7.239999771118164,7.360000133514404,7.199999809265137,7.28000020980835,5.085785388946533,9244500,
2012-06-26,7.28000020980835,7.519999980926514,7.199999809265137,7.480000019073486,5.225504398345947,23319250,
2012-06-27,7.559999942779541,7.920000076293945,7.559999942779541,7.760000228881836,5.421112060546875,39880000,
2012-06-28,7.800000190734863,8.079999923706055,7.800000190734863,7.840000152587891,5.477000713348389,21137625,
2012-06-29,7.840000152587891,8.079999923706055,7.71999979019165,7.71999979019165,5.393169403076172,14480625,
2012-07-02,7.760000228881836,7.880000114440918,7.599999904632568,7.679999828338623,5.365224838256836,7647250,
2012-07-03,7.760000228881836,7.880000114440918,7.71999979019165,7.800000190734863,5.449055194854736,5456375,
2012-07-04,7.800000190734863,8.15999984741211,7.800000190734863,8.079999923706055,5.6446638107299805,28704250,
2012-07-05,8.079999923706055,8.479999542236328,8.0,8.319999694824219,5.812325954437256,21339625,
2012-07-06,8.319999694824219,8.800000190734863,8.15999984741211,8.239999771118164,5.756437301635742,38639125,
2012-07-09,8.079999923706055,8.319999694824219,7.840000152587891,7.880000114440918,5.504943370819092,20208750,
2012-07-10,7.400000095367432,7.400000095367432,7.119999885559082,7.239999771118164,5.0578413009643555,75009375,
2012-07-11,7.28000020980835,7.400000095367432,7.28000020980835,7.360000133514404,5.141672611236572,45353750,
2012-07-12,7.360000133514404,7.400000095367432,7.239999771118164,7.28000020980835,5.085785388946533,9371125,
2012-07-13,7.28000020980835,7.400000095367432,7.28000020980835,7.320000171661377,5.113729953765869,10616375,
2012-07-16,7.360000133514404,7.519999980926514,7.360000133514404,7.440000057220459,5.1975603103637695,31482625,
2012-07-17,7.480000019073486,7.480000019073486,7.400000095367432,7.440000057220459,5.1975603103637695,12597875,
2012-07-18,7.440000057220459,7.480000019073486,7.320000171661377,7.360000133514404,5.141672611236572,9980500,
2012-07-19,7.400000095367432,7.400000095367432,7.239999771118164,7.28000020980835,5.085785388946533,11148000,
2012-07-20,7.28000020980835,7.320000171661377,7.239999771118164,7.239999771118164,5.0578413009643555,10751625,
2012-07-23,7.199999809265137,7.320000171661377,7.199999809265137,7.199999809265137,5.029897212982178,6985750,
2012-07-24,7.239999771118164,7.360000133514404,7.239999771118164,7.320000171661377,5.113729953765869,7015750,
2012-07-25,7.320000171661377,7.360000133514404,7.199999809265137,7.239999771118164,5.0578413009643555,9437250,
2012-07-26,7.28000020980835,7.440000057220459,7.28000020980835,7.28000020980835,5.085785388946533,18093875,
2012-07-27,7.320000171661377,7.320000171661377,7.199999809265137,7.199999809265137,5.029897212982178,6434375,
2012-07-30,7.28000020980835,7.28000020980835,7.159999847412109,7.199999809265137,5.029897212982178,7397500,
2012-07-31,7.239999771118164,7.360000133514404,7.199999809265137,7.360000133514404,5.141672611236572,5509625,
2012-08-01,7.320000171661377,7.400000095367432,7.28000020980835,7.360000133514404,5.141672611236572,3753625,
2012-08-03,7.320000171661377,7.320000171661377,7.239999771118164,7.28000020980835,5.085785388946533,1912625,
2012-08-06,7.320000171661377,7.320000171661377,7.239999771118164,7.28000020980835,5.085785388946533,2540000,
2012-08-07,7.320000171661377,7.320000171661377,7.239999771118164,7.28000020980835,5.085785388946533,2283750,
2012-08-08,7.28000020980835,7.28000020980835,7.239999771118164,7.239999771118164,5.0578413009643555,3363000,
2012-08-09,7.28000020980835,7.28000020980835,7.199999809265137,7.199999809265137,5.029897212982178,6692375,
2012-08-10,7.199999809265137,7.360000133514404,7.159999847412109,7.199999809265137,5.029897212982178,10604250,
2012-08-14,7.320000171661377,7.320000171661377,7.159999847412109,7.199999809265137,5.029897212982178,7493250,
2012-08-15,7.199999809265137,7.320000171661377,7.159999847412109,7.320000171661377,5.113729953765869,6776250,
2012-08-16,7.320000171661377,7.320000171661377,7.239999771118164,7.28000020980835,5.085785388946533,8485375,
2012-08-17,7.28000020980835,7.440000057220459,7.28000020980835,7.320000171661377,5.113729953765869,8313500,
2012-08-20,7.360000133514404,7.400000095367432,7.239999771118164,7.28000020980835,5.085785388946533,6993500,
2012-08-21,7.320000171661377,7.360000133514404,7.239999771118164,7.360000133514404,5.141672611236572,6224250,
2012-08-22,7.360000133514404,7.360000133514404,7.239999771118164,7.28000020980835,5.085785388946533,3288875,
2012-08-23,7.320000171661377,7.400000095367432,7.28000020980835,7.28000020980835,5.085785388946533,6061625,
2012-08-24,7.239999771118164,7.320000171661377,7.199999809265137,7.28000020980835,5.171021938323975,5846625,0.12
2012-08-27,7.28000020980835,7.360000133514404,7.239999771118164,7.239999771118164,5.142608642578125,6236875,
2012-08-28,7.320000171661377,7.320000171661377,7.28000020980835,7.28000020980835,5.171021938323975,4357625,
2012-08-29,7.28000020980835,7.360000133514404,7.28000020980835,7.28000020980835,5.171021938323975,4704125,
2012-08-30,7.28000020980835,7.28000020980835,7.239999771118164,7.239999771118164,5.142608642578125,1775875,
2012-08-31,7.239999771118164,7.360000133514404,7.239999771118164,7.360000133514404,5.227847576141357,5381500,
2012-09-03,7.360000133514404,7.360000133514404,7.239999771118164,7.239999771118164,5.142608642578125,3378375,
2012-09-04,7.28000020980835,7.320000171661377,7.239999771118164,7.239999771118164,5.142608642578125,10178125,
2012-09-05,7.28000020980835,7.71999979019165,7.239999771118164,7.639999866485596,5.426733016967773,56455750,
2012-09-06,7.71999979019165,7.880000114440918,7.639999866485596,7.760000228881836,5.511969089508057,24940000,
2012-09-07,7.840000152587891,7.880000114440918,7.71999979019165,7.760000228881836,5.511969089508057,14826875,
2012-09-10,7.760000228881836,8.0,7.71999979019165,7.760000228881836,5.511969089508057,19222375,
2012-09-11,7.760000228881836,7.800000190734863,7.71999979019165,7.760000228881836,5.511969089508057,5567375,
2012-09-12,7.840000152587891,7.880000114440918,7.760000228881836,7.800000190734863,5.540379524230957,5663875,
2012-09-13,7.840000152587891,7.840000152587891,7.760000228881836,7.760000228881836,5.511969089508057,8638500,
2012-09-14,7.840000152587891,7.840000152587891,7.639999866485596,7.639999866485596,5.426733016967773,12203500,
2012-09-17,7.679999828338623,7.760000228881836,7.639999866485596,7.679999828338623,5.455145835876465,6280375,
2012-09-18,7.679999828338623,7.71999979019165,7.639999866485596,7.679999828338623,5.455145835876465,11239000,
2012-09-19,7.71999979019165,7.760000228881836,7.71999979019165,7.71999979019165,5.483556747436523,5319500,
2012-09-20,7.71999979019165,7.760000228881836,7.679999828338623,7.679999828338623,5.455145835876465,5329125,
2012-09-21,7.71999979019165,7.760000228881836,7.639999866485596,7.639999866485596,5.426733016967773,5331500,
2012-09-24,7.679999828338623,7.679999828338623,7.599999904632568,7.599999904632568,5.398319244384766,5906000,
2012-09-25,7.679999828338623,7.840000152587891,7.639999866485596,7.760000228881836,5.511969089508057,7467625,
2012-09-26,7.71999979019165,7.760000228881836,7.639999866485596,7.639999866485596,5.426733016967773,7661750,
2012-09-27,7.679999828338623,7.760000228881836,7.639999866485596,7.679999828338623,5.455145835876465,4820625,
2012-09-28,7.71999979019165,7.71999979019165,7.639999866485596,7.679999828338623,5.455145835876465,3964375,
2012-10-01,7.599999904632568,7.679999828338623,7.519999980926514,7.519999980926514,5.341495513916016,7614500,
2012-10-02,7.599999904632568,7.599999904632568,7.440000057220459,7.480000019073486,5.313082695007324,8338500,
2012-10-03,7.679999828338623,7.840000152587891,7.599999904632568,7.679999828338623,5.455145835876465,9806125,
2012-10-04,7.71999979019165,7.800000190734863,7.559999942779541,7.760000228881836,5.511969089508057,11639625,
2012-10-05,7.760000228881836,7.760000228881836,7.679999828338623,7.679999828338623,5.455145835876465,2490500,
2012-10-08,7.679999828338623,8.0,7.679999828338623,7.880000114440918,5.59720516204834,25822750,
2012-10-09,7.920000076293945,7.960000038146973,7.599999904632568,7.599999904632568,5.398319244384766,17288750,
2012-10-10,7.519999980926514,7.679999828338623,7.519999980926514,7.599999904632568,5.398319244384766,7542750,
2012-10-11,7.599999904632568,7.639999866485596,7.559999942779541,7.559999942779541,5.369906902313232,10942125,
2012-10-12,7.599999904632568,7.679999828338623,7.559999942779541,7.559999942779541,5.369906902313232,5638625,
2012-10-15,7.559999942779541,7.639999866485596,7.519999980926514,7.519999980926514,5.341495513916016,2882125,
2012-10-16,7.559999942779541,7.639999866485596,7.519999980926514,7.559999942779541,5.369906902313232,5363125,
2012-10-17,7.599999904632568,7.599999904632568,7.559999942779541,7.599999904632568,5.398319244384766,3317250,
2012-10-18,7.599999904632568,7.599999904632568,7.519999980926514,7.519999980926514,5.341495513916016,8541875,
2012-10-19,7.559999942779541,7.599999904632568,7.559999942779541,7.559999942779541,5.369906902313232,3928875,
2012-10-22,7.599999904632568,7.639999866485596,7.559999942779541,7.559999942779541,5.369906902313232,1724375,
2012-10-24,7.599999904632568,7.639999866485596,7.559999942779541,7.559999942779541,5.369906902313232,1606875,
2012-10-25,7.559999942779541,7.639999866485596,7.559999942779541,7.559999942779541,5.369906902313232,5349875,
2012-10-26,7.559999942779541,7.599999904632568,7.480000019073486,7.559999942779541,5.369906902313232,4042000,
2012-10-29,7.559999942779541,7.599999904632568,7.480000019073486,7.519999980926514,5.341495513916016,2323500,
2012-10-30,7.559999942779541,7.559999942779541,7.480000019073486,7.519999980926514,5.341495513916016,4221375,
2012-10-31,7.599999904632568,7.599999904632568,7.440000057220459,7.480000019073486,5.313082695007324,5389125,
2012-11-01,7.519999980926514,7.599999904632568,7.519999980926514,7.599999904632568,5.398319244384766,4609250,
2012-11-02,7.639999866485596,7.639999866485596,7.519999980926514,7.559999942779541,5.369906902313232,3403500,
2012-11-05,7.559999942779541,7.599999904632568,7.519999980926514,7.559999942779541,5.369906902313232,2780500,
2012-11-06,7.599999904632568,7.760000228881836,7.559999942779541,7.599999904632568,5.398319244384766,9384875,
2012-11-07,7.639999866485596,7.639999866485596,7.519999980926514,7.559999942779541,5.369906902313232,4187375,
2012-11-08,7.559999942779541,7.639999866485596,7.519999980926514,7.559999942779541,5.369906902313232,3991500,
2012-11-09,7.559999942779541,7.599999904632568,7.519999980926514,7.519999980926514,5.341495513916016,1367125,
2012-11-12,7.599999904632568,7.599999904632568,7.559999942779541,7.559999942779541,5.369906902313232,144750,
2012-11-13,7.559999942779541,7.599999904632568,7.480000019073486,7.519999980926514,5.341495513916016,4518750,
2012-11-14,7.519999980926514,7.599999904632568,7.480000019073486,7.519999980926514,5.341495513916016,6540125,
2012-11-15,7.519999980926514,7.559999942779541,7.480000019073486,7.519999980926514,5.341495513916016,4861750,
2012-11-16,7.559999942779541,7.599999904632568,7.519999980926514,7.599999904632568,5.398319244384766,7951000,
2012-11-19,7.599999904632568,7.599999904632568,7.519999980926514,7.599999904632568,5.398319244384766,1082250,
2012-11-20,7.599999904632568,7.599999904632568,7.440000057220459,7.519999980926514,5.341495513916016,10807875,
2012-11-21,7.519999980926514,7.559999942779541,7.440000057220459,7.480000019073486,5.313082695007324,3069125,
2012-11-22,7.519999980926514,7.559999942779541,7.480000019073486,7.480000019073486,5.313082695007324,4134000,
2012-11-23,7.480000019073486,7.519999980926514,7.28000020980835,7.360000133514404,5.227847576141357,10403375,
2012-11-26,7.360000133514404,7.360000133514404,7.239999771118164,7.28000020980835,5.171021938323975,10347500,
2012-11-27,7.360000133514404,7.360000133514404,7.28000020980835,7.320000171661377,5.199434280395508,6865750,
2012-11-28,7.320000171661377,7.440000057220459,7.28000020980835,7.360000133514404,5.227847576141357,9327000,
2012-11-29,7.400000095367432,7.440000057220459,7.320000171661377,7.400000095367432,5.256259441375732,8124375,
2012-11-30,7.400000095367432,7.519999980926514,7.360000133514404,7.440000057220459,5.284670829772949,19161750,
2012-12-03,7.480000019073486,7.559999942779541,7.400000095367432,7.440000057220459,5.284670829772949,4360750,
2012-12-04,7.440000057220459,7.519999980926514,7.360000133514404,7.400000095367432,5.256259441375732,10853625,
2012-12-06,7.400000095367432,7.480000019073486,7.360000133514404,7.440000057220459,5.284670829772949,7195250,
2012-12-07,7.440000057220459,7.480000019073486,7.320000171661377,7.400000095367432,5.256259441375732,5062250,
2012-12-11,7.480000019073486,7.480000019073486,7.320000171661377,7.440000057220459,5.284670829772949,4145875,
2012-12-12,7.400000095367432,7.440000057220459,7.360000133514404,7.400000095367432,5.256259441375732,3283125,
2012-12-13,7.400000095367432,7.440000057220459,7.360000133514404,7.400000095367432,5.256259441375732,1972500,
2012-12-14,7.400000095367432,7.519999980926514,7.400000095367432,7.440000057220459,5.284670829772949,3789250,
2012-12-17,7.440000057220459,7.519999980926514,7.400000095367432,7.400000095367432,5.256259441375732,4241500,
2012-12-18,7.400000095367432,7.440000057220459,7.360000133514404,7.400000095367432,5.256259441375732,6654375,
2012-12-19,7.440000057220459,7.440000057220459,7.360000133514404,7.360000133514404,5.227847576141357,2380625,
2012-12-20,7.400000095367432,7.440000057220459,7.360000133514404,7.360000133514404,5.227847576141357,4189250,
2012-12-21,7.400000095367432,7.480000019073486,7.360000133514404,7.400000095367432,5.256259441375732,2372875,
2012-12-24,7.400000095367432,7.440000057220459,7.400000095367432,7.400000095367432,5.256259441375732,2191750,
2012-12-25,7.440000057220459,7.440000057220459,7.320000171661377,7.320000171661377,5.199434280395508,6802750,
2012-12-26,7.360000133514404,7.360000133514404,7.239999771118164,7.239999771118164,5.142608642578125,14200875,
2012-12-27,7.28000020980835,7.28000020980835,7.199999809265137,7.239999771118164,5.142608642578125,8276500,
2012-12-28,7.28000020980835,7.28000020980835,7.239999771118164,7.239999771118164,5.142608642578125,2728125,
2013-01-02,7.28000020980835,7.28000020980835,7.199999809265137,7.199999809265137,5.114197254180908,8584125,
2013-01-03,7.239999771118164,7.28000020980835,7.239999771118164,7.239999771118164,5.142608642578125,2864750,
2013-01-04,7.239999771118164,7.28000020980835,7.199999809265137,7.239999771118164,5.142608642578125,8187875,
2013-01-07,7.28000020980835,7.28000020980835,7.199999809265137,7.199999809265137,5.114197254180908,7300500,
2013-01-08,7.239999771118164,7.400000095367432,7.199999809265137,7.400000095367432,5.256259441375732,11302250,
2013-01-09,7.440000057220459,7.480000019073486,7.239999771118164,7.320000171661377,5.199434280395508,19717500,
2013-01-10,7.360000133514404,7.360000133514404,7.28000020980835,7.320000171661377,5.199434280395508,4080875,
2013-01-11,7.320000171661377,7.320000171661377,7.159999847412109,7.199999809265137,5.114197254180908,23557250,
2013-01-14,7.199999809265137,7.360000133514404,7.199999809265137,7.360000133514404,5.227847576141357,9836875,
2013-01-15,7.320000171661377,7.360000133514404,7.28000020980835,7.320000171661377,5.199434280395508,6601625,
2013-01-16,7.320000171661377,7.360000133514404,7.28000020980835,7.320000171661377,5.199434280395508,4406250,
2013-01-17,7.320000171661377,7.639999866485596,7.320000171661377,7.599999904632568,5.398319244384766,36953375,
2013-01-18,7.679999828338623,7.679999828338623,7.519999980926514,7.559999942779541,5.369906902313232,9211375,
2013-01-21,7.679999828338623,7.71999979019165,7.599999904632568,7.71999979019165,5.483556747436523,10121000,
2013-01-22,7.760000228881836,7.760000228881836,7.559999942779541,7.559999942779541,5.369906902313232,7227875,
2013-01-23,7.559999942779541,7.639999866485596,7.360000133514404,7.480000019073486,5.313082695007324,4374375,
2013-01-24,7.519999980926514,7.800000190734863,7.519999980926514,7.760000228881836,5.511969089508057,21018750,
2013-01-25,7.760000228881836,7.960000038146973,7.760000228881836,7.840000152587891,5.568793773651123,19997125,
2013-01-28,7.920000076293945,7.920000076293945,7.71999979019165,7.800000190734863,5.540379524230957,11079625,
2013-01-29,7.71999979019165,7.800000190734863,7.639999866485596,7.679999828338623,5.455145835876465,5798000,
2013-01-30,7.760000228881836,7.760000228881836,7.639999866485596,7.71999979019165,5.483556747436523,7097125,
2013-01-31,7.71999979019165,7.760000228881836,7.679999828338623,7.679999828338623,5.455145835876465,5403625,
2013-02-01,7.71999979019165,7.840000152587891,7.679999828338623,7.800000190734863,5.540379524230957,6667875,
2013-02-04,7.880000114440918,7.880000114440918,7.760000228881836,7.760000228881836,5.511969089508057,2329875,
2013-02-05,7.71999979019165,7.800000190734863,7.71999979019165,7.800000190734863,5.540379524230957,3164375,
2013-02-06,7.840000152587891,8.0,7.800000190734863,7.800000190734863,5.540379524230957,32682875,
2013-02-07,7.880000114440918,8.319999694824219,7.71999979019165,8.239999771118164,5.852915287017822,28603875,
2013-02-08,8.319999694824219,8.479999542236328,8.079999923706055,8.15999984741211,5.796091079711914,17645125,
2013-02-11,8.319999694824219,8.399999618530273,8.15999984741211,8.319999694824219,5.909739971160889,5243375,
2013-02-12,8.399999618530273,8.960000038146973,8.399999618530273,8.720000267028809,6.193861961364746,22439875,
2013-02-13,9.039999961853027,9.039999961853027,8.720000267028809,8.800000190734863,6.250687599182129,25154375,
2013-02-14,8.960000038146973,9.84000015258789,8.720000267028809,9.600000381469727,6.818930625915527,42212375,
2013-02-15,9.600000381469727,9.680000305175781,9.199999809265137,9.359999656677246,6.64845609664917,24994250,
2013-02-18,9.4399995803833,9.760000228881836,9.359999656677246,9.680000305175781,6.875754356384277,19606500,
2013-02-19,9.84000015258789,9.920000076293945,9.359999656677246,9.600000381469727,6.818930625915527,11977375,
2013-02-20,9.520000457763672,9.680000305175781,9.4399995803833,9.520000457763672,6.762106418609619,21337875,
2013-02-21,9.520000457763672,10.319999694824219,9.4399995803833,9.920000076293945,7.046227931976318,37439375,
2013-02-22,10.0,10.15999984741211,9.600000381469727,9.680000305175781,6.875754356384277,22732000,
2013-02-26,9.84000015258789,9.920000076293945,9.520000457763672,9.600000381469727,6.818930625915527,18272375,
2013-02-27,9.760000228881836,9.84000015258789,9.4399995803833,9.520000457763672,6.762106418609619,14928250,
2013-02-28,9.600000381469727,9.680000305175781,9.520000457763672,9.520000457763672,6.762106418609619,8457125,
2013-03-01,9.680000305175781,9.760000228881836,9.520000457763672,9.600000381469727,6.818930625915527,21826625,
2013-03-04,9.600000381469727,9.680000305175781,9.4399995803833,9.680000305175781,6.875754356384277,5699000,
2013-03-05,9.680000305175781,9.680000305175781,9.359999656677246,9.359999656677246,6.64845609664917,10503125,
2013-03-06,9.4399995803833,9.680000305175781,9.4399995803833,9.520000457763672,6.762106418609619,10942125,
2013-03-07,9.520000457763672,10.15999984741211,9.4399995803833,10.079999923706055,7.159877300262451,35632375,
2013-03-08,10.239999771118164,10.960000038146973,10.15999984741211,10.800000190734863,7.671297073364258,67142875,
2013-03-11,10.960000038146973,10.960000038146973,10.640000343322754,10.880000114440918,7.728121757507324,28565875,
2013-03-12,10.800000190734863,10.880000114440918,10.0,10.15999984741211,7.216702938079834,28755625,
2013-03-13,10.319999694824219,10.5600004196167,9.760000228881836,9.84000015258789,6.989404201507568,23470250,
2013-03-14,9.84000015258789,10.239999771118164,9.760000228881836,10.239999771118164,7.273526191711426,12847250,
2013-03-15,10.319999694824219,10.399999618530273,10.0,10.319999694824219,7.330349922180176,13377875,
2013-03-18,10.15999984741211,10.15999984741211,9.84000015258789,9.84000015258789,6.989404201507568,7678375,
2013-03-19,10.0,10.079999923706055,9.600000381469727,9.760000228881836,6.93257999420166,7834375,
2013-03-20,9.760000228881836,9.84000015258789,9.359999656677246,9.520000457763672,6.762106418609619,14090500,
2013-03-21,9.520000457763672,9.600000381469727,9.359999656677246,9.4399995803833,6.705280303955078,5508000,
2013-03-22,9.199999809265137,9.199999809265137,8.479999542236328,8.960000038146973,6.364336013793945,23282625,
2013-03-25,9.039999961853027,9.4399995803833,8.960000038146973,9.4399995803833,6.705280303955078,6891125,
2013-03-26,9.359999656677246,9.600000381469727,9.279999732971191,9.520000457763672,6.762106418609619,4463500,
2013-03-27,9.680000305175781,9.84000015258789,9.600000381469727,9.600000381469727,6.818930625915527,4581500,
2013-03-28,9.520000457763672,9.680000305175781,9.4399995803833,9.4399995803833,6.705280303955078,5276125,
2013-03-29,9.760000228881836,9.760000228881836,9.600000381469727,9.680000305175781,6.875754356384277,2750000,
2013-04-01,9.680000305175781,9.760000228881836,9.520000457763672,9.600000381469727,6.818930625915527,2336500,
2013-04-02,9.600000381469727,10.0,9.600000381469727,9.920000076293945,7.046227931976318,11560750,
2013-04-03,10.15999984741211,10.15999984741211,9.600000381469727,9.760000228881836,6.93257999420166,15662375,
2013-04-04,9.4399995803833,9.920000076293945,9.359999656677246,9.920000076293945,7.046227931976318,7380250,
2013-04-05,9.760000228881836,9.84000015258789,9.600000381469727,9.600000381469727,6.818930625915527,3407500,
2013-04-09,9.520000457763672,9.760000228881836,9.4399995803833,9.600000381469727,6.818930625915527,3691125,
2013-04-10,9.520000457763672,9.760000228881836,9.279999732971191,9.760000228881836,6.93257999420166,4110500,
2013-04-11,9.760000228881836,9.760000228881836,9.600000381469727,9.680000305175781,6.875754356384277,3280000,
2013-04-12,9.680000305175781,9.680000305175781,9.520000457763672,9.600000381469727,6.818930625915527,4304875,
2013-04-17,9.600000381469727,9.600000381469727,9.359999656677246,9.4399995803833,6.705280303955078,4514000,
2013-04-18,9.359999656677246,9.520000457763672,9.279999732971191,9.4399995803833,6.705280303955078,2396500,
2013-04-19,9.520000457763672,9.680000305175781,9.359999656677246,9.359999656677246,6.64845609664917,10540250,
2013-04-22,9.359999656677246,9.520000457763672,9.359999656677246,9.4399995803833,6.705280303955078,2992875,
2013-04-23,9.520000457763672,9.680000305175781,9.4399995803833,9.600000381469727,6.818930625915527,8069250,
2013-04-24,9.680000305175781,9.84000015258789,9.4399995803833,9.4399995803833,6.705280303955078,8783125,
2013-04-25,9.520000457763672,9.680000305175781,9.520000457763672,9.520000457763672,6.762106418609619,2347125,
2013-04-26,9.600000381469727,9.600000381469727,9.520000457763672,9.520000457763672,6.762106418609619,2439375,
2013-04-29,9.520000457763672,9.680000305175781,9.520000457763672,9.520000457763672,6.762106418609619,674375,
2013-04-30,9.600000381469727,9.680000305175781,9.4399995803833,9.680000305175781,6.875754356384277,8659250,
2013-05-02,9.680000305175781,10.0,9.680000305175781,9.760000228881836,6.93257999420166,15562000,
2013-05-03,9.84000015258789,10.079999923706055,9.680000305175781,9.680000305175781,6.875754356384277,16133250,
2013-05-07,10.0,10.100000381469727,9.899999618530273,9.949999809265137,7.089509963989258,10892900,0.03
2013-05-08,10.0,10.100000381469727,9.899999618530273,9.949999809265137,7.089509963989258,7082600,
2013-05-09,9.949999809265137,10.0,9.899999618530273,9.899999618530273,7.053884983062744,2863000,
2013-05-10,9.899999618530273,9.949999809265137,9.75,9.899999618530273,7.053884983062744,4579800,
2013-05-13,9.899999618530273,9.899999618530273,9.75,9.800000190734863,6.982632637023926,6007300,
2013-05-14,9.800000190734863,9.850000381469727,9.75,9.800000190734863,6.982632637023926,5747100,
2013-05-15,9.800000190734863,9.899999618530273,9.75,9.800000190734863,6.982632637023926,2991300,
2013-05-16,9.800000190734863,9.850000381469727,9.699999809265137,9.75,6.9470062255859375,3985500,
2013-05-17,9.75,9.800000190734863,9.699999809265137,9.699999809265137,6.911379814147949,1352600,
2013-05-20,9.699999809265137,9.699999809265137,9.5,9.649999618530273,6.875755310058594,5832400,
2013-05-21,9.600000381469727,9.649999618530273,9.5,9.5,6.768879413604736,8804700,
2013-05-22,9.5,9.600000381469727,9.449999809265137,9.5,6.768879413604736,7863100,
2013-05-23,9.399999618530273,9.449999809265137,9.25,9.449999809265137,6.733252048492432,9502000,
2013-05-27,9.300000190734863,9.350000381469727,9.199999809265137,9.199999809265137,6.555124282836914,4076900,
2013-05-28,9.149999618530273,9.550000190734863,9.149999618530273,9.550000190734863,6.804503917694092,2694100,
2013-05-29,9.5,9.649999618530273,9.399999618530273,9.399999618530273,6.697627067565918,2268200,
2013-05-30,9.300000190734863,9.5,9.300000190734863,9.449999809265137,6.733252048492432,2195200,
2013-05-31,9.5,9.5,9.399999618530273,9.5,6.768879413604736,3524700,
2013-06-03,9.5,9.5,9.300000190734863,9.300000190734863,6.626375198364258,1423100,
2013-06-04,9.350000381469727,9.350000381469727,9.199999809265137,9.25,6.590751647949219,2725300,
2013-06-05,9.199999809265137,9.300000190734863,9.199999809265137,9.25,6.590751647949219,1076100,
2013-06-06,9.100000381469727,9.199999809265137,8.800000190734863,8.949999809265137,6.376995086669922,3330400,
2013-06-07,8.550000190734863,8.899999618530273,8.550000190734863,8.699999809265137,6.198866367340088,5365700,
2013-06-10,8.800000190734863,9.100000381469727,8.75,8.899999618530273,6.34136962890625,6190400,
2013-06-11,8.850000381469727,8.850000381469727,8.0,8.0,5.700107097625732,6844800,
2013-06-12,7.800000190734863,7.949999809265137,7.550000190734863,7.75,5.521979331970215,6887800,
2013-06-13,7.5,7.550000190734863,6.900000095367432,7.199999809265137,5.130095958709717,9085600,
2013-06-14,7.5,7.699999809265137,7.5,7.599999904632568,5.415102005004883,10702100,
2013-06-17,7.599999904632568,8.149999618530273,7.449999809265137,8.050000190734863,5.735733985900879,4608800,
2013-06-18,8.050000190734863,8.300000190734863,7.949999809265137,8.0,5.700107097625732,6516200,
2013-06-19,7.949999809265137,8.149999618530273,7.900000095367432,8.050000190734863,5.735733985900879,5487300,
2013-06-20,7.550000190734863,7.949999809265137,7.550000190734863,7.949999809265137,5.664482593536377,4798900,
2013-06-21,7.75,7.800000190734863,7.449999809265137,7.650000095367432,5.450728416442871,2488400,
2013-06-24,7.699999809265137,7.699999809265137,7.5,7.5,5.343851566314697,2364400,
2013-06-25,7.5,7.599999904632568,7.25,7.599999904632568,5.415102005004883,1770900,
2013-06-26,7.75,7.800000190734863,7.599999904632568,7.75,5.521979331970215,1701000,
2013-06-27,7.800000190734863,7.900000095367432,7.400000095367432,7.650000095367432,5.450728416442871,4947800,
2013-06-28,7.699999809265137,7.900000095367432,7.699999809265137,7.849999904632568,5.5932297706604,6268700,
2013-07-02,7.849999904632568,7.949999809265137,7.800000190734863,7.849999904632568,5.5932297706604,3475700,
2013-07-03,7.800000190734863,7.900000095367432,7.650000095367432,7.650000095367432,5.450728416442871,2223200,
2013-07-04,7.650000095367432,7.75,7.550000190734863,7.599999904632568,5.415102005004883,1777700,
2013-07-05,7.699999809265137,7.699999809265137,7.5,7.699999809265137,5.486354351043701,2739700,
2013-07-08,7.5,7.550000190734863,7.150000095367432,7.25,5.165722370147705,3070300,
2013-07-09,7.199999809265137,7.349999904632568,7.150000095367432,7.25,5.165722370147705,2471100,
2013-07-10,7.25,7.25,7.099999904632568,7.199999809265137,5.130095958709717,1605900,
2013-07-11,7.300000190734863,7.449999809265137,7.199999809265137,7.449999809265137,5.308225154876709,4192800,
2013-07-12,7.5,7.699999809265137,7.400000095367432,7.699999809265137,5.486354351043701,2251300,
2013-07-15,7.75,7.900000095367432,7.650000095367432,7.849999904632568,5.5932297706604,2580700,
2013-07-16,7.900000095367432,7.900000095367432,7.599999904632568,7.699999809265137,5.486354351043701,2337300,
2013-07-17,7.75,7.949999809265137,7.699999809265137,7.75,5.521979331970215,1266300,
2013-07-18,7.75,7.849999904632568,7.699999809265137,7.75,5.521979331970215,4935200,
2013-07-19,7.800000190734863,7.800000190734863,7.550000190734863,7.550000190734863,5.379477500915527,4193100,
2013-07-23,7.650000095367432,7.75,7.449999809265137,7.449999809265137,5.308225154876709,6743100,
2013-07-24,7.449999809265137,7.5,7.349999904632568,7.400000095367432,5.272600173950195,5651900,
2013-07-25,7.400000095367432,7.449999809265137,7.25,7.25,5.165722370147705,5276300,
2013-07-26,7.300000190734863,7.300000190734863,7.199999809265137,7.25,5.165722370147705,2437300,
2013-07-29,7.300000190734863,7.300000190734863,7.25,7.300000190734863,5.201349258422852,679400,
2013-07-30,7.349999904632568,7.349999904632568,7.099999904632568,7.150000095367432,5.094472408294678,4474300,
2013-07-31,7.099999904632568,7.099999904632568,6.849999904632568,6.900000095367432,4.9163432121276855,5412900,
2013-08-01,7.0,7.25,6.900000095367432,7.25,5.165722370147705,4744600,
2013-08-02,7.25,7.400000095367432,7.150000095367432,7.400000095367432,5.272600173950195,8193900,
2013-08-05,7.349999904632568,7.449999809265137,7.199999809265137,7.199999809265137,5.130095958709717,3875600,
2013-08-06,7.099999904632568,7.300000190734863,7.099999904632568,7.199999809265137,5.130095958709717,2814300,
2013-08-07,7.099999904632568,7.400000095367432,7.099999904632568,7.400000095367432,5.272600173950195,4283800,
2013-08-08,7.400000095367432,7.449999809265137,7.300000190734863,7.349999904632568,5.236973762512207,2032500,
2013-08-09,7.300000190734863,7.349999904632568,7.25,7.300000190734863,5.201349258422852,1086200,
2013-08-13,7.150000095367432,7.300000190734863,7.150000095367432,7.199999809265137,5.130095958709717,4127800,
2013-08-14,7.300000190734863,7.300000190734863,7.150000095367432,7.150000095367432,5.094472408294678,2381300,
2013-08-15,7.150000095367432,7.150000095367432,7.0,7.099999904632568,5.058845520019531,3996700,
2013-08-16,7.050000190734863,7.25,7.050000190734863,7.199999809265137,5.130095958709717,4868800,
2013-08-19,7.099999904632568,7.25,6.949999809265137,6.949999809265137,4.951968193054199,6832500,
2013-08-20,6.849999904632568,7.0,6.75,7.0,4.9875946044921875,3208800,
2013-08-21,6.949999809265137,6.949999809265137,6.849999904632568,6.849999904632568,4.880717754364014,919000,
2013-08-22,6.800000190734863,6.849999904632568,6.650000095367432,6.849999904632568,4.880717754364014,2833600,
2013-08-23,6.849999904632568,6.900000095367432,6.650000095367432,6.650000095367432,4.73821496963501,3659100,
2013-08-26,6.550000190734863,6.699999809265137,6.25,6.25,4.507434844970703,4258300,0.08
2013-08-27,6.25,6.349999904632568,6.099999904632568,6.199999809265137,4.471375465393066,1637000,
2013-08-28,6.050000190734863,6.449999809265137,5.949999809265137,6.300000190734863,4.543493747711182,3902300,
2013-08-29,6.099999904632568,6.300000190734863,6.099999904632568,6.300000190734863,4.543493747711182,691100,
2013-08-30,6.300000190734863,6.300000190734863,6.199999809265137,6.199999809265137,4.471375465393066,3151600,
2013-09-02,6.199999809265137,6.349999904632568,6.199999809265137,6.300000190734863,4.543493747711182,1100900,
2013-09-03,6.300000190734863,6.300000190734863,6.199999809265137,6.300000190734863,4.543493747711182,1212200,
2013-09-04,6.300000190734863,6.349999904632568,6.150000095367432,6.25,4.507434844970703,2624400,
2013-09-05,6.300000190734863,6.400000095367432,6.25,6.300000190734863,4.543493747711182,2330400,
2013-09-06,6.300000190734863,6.349999904632568,6.25,6.300000190734863,4.543493747711182,4823800,
2013-09-09,6.349999904632568,6.550000190734863,6.349999904632568,6.5,4.68773078918457,1706500,
2013-09-10,6.599999904632568,6.650000095367432,6.5,6.550000190734863,4.723791599273682,4594600,
2013-09-11,6.650000095367432,6.650000095367432,6.449999809265137,6.650000095367432,4.795909881591797,1585300,
2013-09-12,6.599999904632568,6.650000095367432,6.550000190734863,6.599999904632568,4.759850025177002,1928700,
2013-09-13,6.550000190734863,6.550000190734863,6.449999809265137,6.5,4.68773078918457,3546200,
2013-09-16,6.550000190734863,6.650000095367432,6.5,6.599999904632568,4.759850025177002,2370300,
2013-09-17,6.699999809265137,6.949999809265137,6.650000095367432,6.800000190734863,4.904088973999023,5256500,
2013-09-18,6.900000095367432,7.0,6.849999904632568,6.900000095367432,4.9762067794799805,3960200,
2013-09-19,7.050000190734863,7.050000190734863,6.849999904632568,6.900000095367432,4.9762067794799805,4817000,
2013-09-20,6.900000095367432,6.900000095367432,6.599999904632568,6.599999904632568,4.759850025177002,3353700,
2013-09-23,6.599999904632568,6.650000095367432,6.5,6.5,4.68773078918457,3052400,
2013-09-24,6.5,6.550000190734863,6.400000095367432,6.449999809265137,4.651671886444092,1537000,
2013-09-25,6.449999809265137,6.550000190734863,6.449999809265137,6.550000190734863,4.723791599273682,758500,
2013-09-26,6.5,6.5,6.400000095367432,6.5,4.68773078918457,1985200,
2013-09-27,6.5,6.650000095367432,6.5,6.650000095367432,4.795909881591797,2880100,
2013-09-30,6.599999904632568,6.650000095367432,6.550000190734863,6.650000095367432,4.795909881591797,5968200,
2013-10-01,6.599999904632568,6.699999809265137,6.599999904632568,6.650000095367432,4.795909881591797,3015500,
2013-10-02,6.650000095367432,6.699999809265137,6.650000095367432,6.699999809265137,4.831969261169434,1053800,
2013-10-03,6.75,6.800000190734863,6.699999809265137,6.699999809265137,4.831969261169434,967900,
2013-10-04,6.699999809265137,6.75,6.650000095367432,6.699999809265137,4.831969261169434,2087600,
2013-10-07,6.650000095367432,6.699999809265137,6.599999904632568,6.650000095367432,4.795909881591797,2372600,
2013-10-08,6.599999904632568,6.699999809265137,6.599999904632568,6.699999809265137,4.831969261169434,2628800,
2013-10-09,6.699999809265137,6.75,6.650000095367432,6.650000095367432,4.795909881591797,1014900,
2013-10-10,6.650000095367432,6.699999809265137,6.599999904632568,6.650000095367432,4.795909881591797,3424200,
2013-10-11,6.699999809265137,6.699999809265137,6.599999904632568,6.599999904632568,4.759850025177002,1287100,
2013-10-14,6.650000095367432,6.699999809265137,6.599999904632568,6.599999904632568,4.759850025177002,3616900,
2013-10-15,6.650000095367432,6.900000095367432,6.650000095367432,6.900000095367432,4.9762067794799805,3586100,
2013-10-16,6.900000095367432,6.949999809265137,6.650000095367432,6.699999809265137,4.831969261169434,5256600,
2013-10-17,6.800000190734863,6.800000190734863,6.650000095367432,6.650000095367432,4.795909881591797,3802800,
2013-10-18,6.650000095367432,6.699999809265137,6.599999904632568,6.650000095367432,4.795909881591797,4078700,
2013-10-21,6.699999809265137,6.699999809265137,6.5,6.550000190734863,4.723791599273682,4231300,
2013-10-22,6.5,6.550000190734863,6.449999809265137,6.5,4.68773078918457,3545600,
2013-10-24,6.5,6.550000190734863,6.449999809265137,6.5,4.68773078918457,2355100,
2013-10-25,6.5,6.550000190734863,6.449999809265137,6.5,4.68773078918457,2844000,
2013-10-28,6.550000190734863,6.599999904632568,6.449999809265137,6.550000190734863,4.723791599273682,2839700,
2013-10-29,6.550000190734863,6.599999904632568,6.5,6.599999904632568,4.759850025177002,1569000,
2013-10-30,6.599999904632568,6.599999904632568,6.400000095367432,6.400000095367432,4.615612983703613,2373400,
2013-10-31,6.400000095367432,6.400000095367432,6.300000190734863,6.349999904632568,4.57955265045166,1726000,
2013-11-01,6.300000190734863,6.349999904632568,6.25,6.300000190734863,4.543493747711182,1706500,
2013-11-04,6.25,6.25,6.150000095367432,6.25,4.507434844970703,3526300,
2013-11-05,6.199999809265137,6.400000095367432,6.199999809265137,6.400000095367432,4.615612983703613,2738800,
2013-11-06,6.400000095367432,6.400000095367432,6.300000190734863,6.349999904632568,4.57955265045166,2829400,
2013-11-07,6.349999904632568,6.349999904632568,6.25,6.300000190734863,4.543493747711182,2185000,
2013-11-08,6.25,6.300000190734863,6.150000095367432,6.199999809265137,4.471375465393066,3695600,
2013-11-11,6.099999904632568,6.25,6.099999904632568,6.150000095367432,4.435315132141113,1069100,
2013-11-12,6.199999809265137,6.300000190734863,6.199999809265137,6.25,4.507434844970703,1031700,
2013-11-13,6.25,6.300000190734863,6.199999809265137,6.25,4.507434844970703,1897400,
2013-11-14,6.199999809265137,6.349999904632568,6.199999809265137,6.349999904632568,4.57955265045166,3051700,
2013-11-15,6.349999904632568,6.349999904632568,6.25,6.300000190734863,4.543493747711182,4576300,
2013-11-18,6.300000190734863,6.349999904632568,6.199999809265137,6.25,4.507434844970703,6442000,
2013-11-19,6.25,6.400000095367432,6.25,6.300000190734863,4.543493747711182,2382000,
2013-11-20,6.300000190734863,6.650000095367432,6.300000190734863,6.449999809265137,4.651671886444092,7654700,
2013-11-21,6.400000095367432,6.449999809265137,6.25,6.300000190734863,4.543493747711182,4110700,
2013-11-22,6.25,6.349999904632568,6.25,6.300000190734863,4.543493747711182,1303100,
2013-11-25,6.25,6.349999904632568,6.199999809265137,6.349999904632568,4.57955265045166,1260900,
2013-11-26,6.300000190734863,6.300000190734863,6.25,6.25,4.507434844970703,1289700,
2013-11-27,6.25,6.300000190734863,6.25,6.300000190734863,4.543493747711182,751300,
2013-11-28,6.300000190734863,6.349999904632568,6.25,6.300000190734863,4.543493747711182,2293600,
2013-11-29,6.300000190734863,6.349999904632568,6.300000190734863,6.300000190734863,4.543493747711182,1082800,
2013-12-02,6.349999904632568,6.5,6.300000190734863,6.5,4.68773078918457,1331700,
2013-12-03,6.5,6.650000095367432,6.449999809265137,6.599999904632568,4.759850025177002,3338000,
2013-12-04,6.650000095367432,6.650000095367432,6.5,6.599999904632568,4.759850025177002,1774000,
2013-12-06,6.699999809265137,6.699999809265137,6.349999904632568,6.449999809265137,4.651671886444092,4067100,
2013-12-09,6.5,6.550000190734863,6.400000095367432,6.449999809265137,4.651671886444092,1378300,
2013-12-11,6.300000190734863,6.5,6.25,6.349999904632568,4.57955265045166,8203400,
2013-12-12,6.349999904632568,6.349999904632568,6.199999809265137,6.25,4.507434844970703,2475100,
2013-12-13,6.199999809265137,6.25,6.099999904632568,6.099999904632568,4.399255275726318,2331500,
2013-12-16,6.0,6.199999809265137,6.0,6.099999904632568,4.399255275726318,3824600,
2013-12-17,6.0,6.050000190734863,5.900000095367432,5.900000095367432,4.255018711090088,9586800,
2013-12-18,5.900000095367432,6.050000190734863,5.900000095367432,6.0,4.327136516571045,2275000,
2013-12-19,6.0,6.050000190734863,5.900000095367432,6.0,4.327136516571045,2465000,
2013-12-20,5.949999809265137,6.050000190734863,5.949999809265137,6.0,4.327136516571045,1493800,
2013-12-23,6.0,6.150000095367432,6.0,6.099999904632568,4.399255275726318,1632000,
2013-12-24,6.050000190734863,6.099999904632568,6.050000190734863,6.050000190734863,4.36319637298584,508500,
2013-12-25,6.099999904632568,6.099999904632568,6.050000190734863,6.099999904632568,4.399255275726318,424500,
2013-12-26,6.099999904632568,6.099999904632568,6.0,6.050000190734863,4.36319637298584,1306500,
2013-12-27,6.050000190734863,6.050000190734863,5.900000095367432,6.050000190734863,4.36319637298584,1557900,
2014-01-02,6.050000190734863,6.050000190734863,5.849999904632568,5.900000095367432,4.255018711090088,1860800,
2014-01-03,5.800000190734863,5.900000095367432,5.599999904632568,5.699999809265137,4.110779762268066,4183500,
2014-01-06,5.699999809265137,5.800000190734863,5.5,5.650000095367432,4.074720859527588,1357200,
2014-01-07,5.550000190734863,5.75,5.550000190734863,5.699999809265137,4.110779762268066,3195100,
2014-01-08,5.650000095367432,5.699999809265137,5.599999904632568,5.650000095367432,4.074720859527588,2225200,
2014-01-09,5.599999904632568,5.699999809265137,5.599999904632568,5.650000095367432,4.074720859527588,1382500,
2014-01-10,5.650000095367432,5.650000095367432,5.550000190734863,5.650000095367432,4.074720859527588,990800,
2014-01-13,5.599999904632568,5.699999809265137,5.550000190734863,5.699999809265137,4.110779762268066,636200,
2014-01-14,5.650000095367432,5.75,5.599999904632568,5.699999809265137,4.110779762268066,660600,
2014-01-15,5.699999809265137,5.75,5.650000095367432,5.650000095367432,4.074720859527588,1159700,
2014-01-16,5.699999809265137,5.75,5.699999809265137,5.75,4.146839141845703,611200,
2014-01-17,5.699999809265137,5.849999904632568,5.699999809265137,5.800000190734863,4.182898998260498,867600,
2014-01-20,5.849999904632568,5.900000095367432,5.75,5.849999904632568,4.218957901000977,1061800,
2014-01-21,5.849999904632568,5.900000095367432,5.800000190734863,5.849999904632568,4.218957901000977,1598700,
2014-01-22,5.75,5.75,5.650000095367432,5.699999809265137,4.110779762268066,2106500,
2014-01-23,5.75,5.75,5.650000095367432,5.699999809265137,4.110779762268066,1343100,
2014-01-24,5.75,6.0,5.699999809265137,5.849999904632568,4.218957901000977,7377200,
2014-01-27,5.75,5.849999904632568,5.699999809265137,5.75,4.146839141845703,5082100,
2014-01-28,5.75,5.800000190734863,5.650000095367432,5.699999809265137,4.110779762268066,1077900,
2014-01-29,5.699999809265137,5.75,5.650000095367432,5.699999809265137,4.110779762268066,761200,
2014-01-30,5.699999809265137,5.75,5.650000095367432,5.650000095367432,4.074720859527588,264700,
2014-01-31,5.75,5.800000190734863,5.699999809265137,5.75,4.146839141845703,632300,
2014-02-03,5.800000190734863,5.900000095367432,5.75,5.849999904632568,4.218957901000977,2003900,
2014-02-04,5.849999904632568,5.949999809265137,5.849999904632568,5.900000095367432,4.255018711090088,1406200,
2014-02-05,5.900000095367432,5.900000095367432,5.75,5.75,4.146839141845703,3712100,
2014-02-06,5.75,5.849999904632568,5.650000095367432,5.699999809265137,4.110779762268066,6168400,
2014-02-07,5.699999809265137,5.800000190734863,5.699999809265137,5.75,4.146839141845703,2147900,
2014-02-10,5.699999809265137,5.800000190734863,5.699999809265137,5.75,4.146839141845703,1464100,
2014-02-11,5.800000190734863,5.849999904632568,5.699999809265137,5.800000190734863,4.182898998260498,3263500,
2014-02-12,5.849999904632568,5.900000095367432,5.800000190734863,5.849999904632568,4.218957901000977,1636700,
2014-02-13,5.900000095367432,5.949999809265137,5.849999904632568,5.849999904632568,4.218957901000977,1505100,
2014-02-17,5.900000095367432,6.050000190734863,5.849999904632568,5.900000095367432,4.255018711090088,4501800,
2014-02-18,5.949999809265137,6.0,5.900000095367432,5.949999809265137,4.291077136993408,2322200,
2014-02-19,6.050000190734863,6.050000190734863,5.75,5.800000190734863,4.182898998260498,7882000,
2014-02-20,5.849999904632568,5.849999904632568,5.75,5.800000190734863,4.182898998260498,2937100,
2014-02-21,5.800000190734863,5.849999904632568,5.75,5.849999904632568,4.218957901000977,4092500,
2014-02-24,5.849999904632568,5.900000095367432,5.800000190734863,5.800000190734863,4.182898998260498,1840400,
2014-02-25,5.800000190734863,5.900000095367432,5.800000190734863,5.800000190734863,4.182898998260498,2241400,
2014-02-26,5.800000190734863,5.849999904632568,5.75,5.849999904632568,4.218957901000977,1637000,
2014-02-27,5.849999904632568,5.849999904632568,5.800000190734863,5.800000190734863,4.182898998260498,1776800,
2014-02-28,5.800000190734863,5.900000095367432,5.800000190734863,5.849999904632568,4.218957901000977,3224400,
2014-03-03,5.900000095367432,5.949999809265137,5.849999904632568,5.949999809265137,4.291077136993408,5559400,
2014-03-04,6.0,6.099999904632568,5.949999809265137,6.0,4.327136516571045,6557400,
2014-03-05,6.050000190734863,6.449999809265137,6.050000190734863,6.449999809265137,4.651671886444092,10697800,
2014-03-06,6.449999809265137,6.550000190734863,6.400000095367432,6.449999809265137,4.651671886444092,5062100,
2014-03-07,6.5,6.800000190734863,6.400000095367432,6.699999809265137,4.831969261169434,9375200,
2014-03-10,6.699999809265137,6.699999809265137,6.300000190734863,6.5,4.68773078918457,7581100,
2014-03-11,6.550000190734863,6.599999904632568,6.5,6.550000190734863,4.723791599273682,1430200,
2014-03-12,6.550000190734863,6.550000190734863,6.349999904632568,6.400000095367432,4.615612983703613,2915000,
2014-03-13,6.400000095367432,6.599999904632568,6.400000095367432,6.5,4.68773078918457,2717700,
2014-03-14,6.449999809265137,6.650000095367432,6.400000095367432,6.599999904632568,4.759850025177002,4136100,
2014-03-17,6.699999809265137,6.699999809265137,6.599999904632568,6.650000095367432,4.795909881591797,2985500,
2014-03-18,6.650000095367432,6.650000095367432,6.550000190734863,6.599999904632568,4.759850025177002,2468800,
2014-03-19,6.650000095367432,6.949999809265137,6.599999904632568,6.800000190734863,4.904088973999023,13011100,
2014-03-20,6.75,6.900000095367432,6.699999809265137,6.900000095367432,4.9762067794799805,5083300,
2014-03-21,6.900000095367432,6.900000095367432,6.75,6.849999904632568,4.940147399902344,4585400,
2014-03-24,6.800000190734863,6.800000190734863,6.650000095367432,6.800000190734863,4.904088973999023,6530500,
2014-03-25,6.849999904632568,6.849999904632568,6.699999809265137,6.75,4.86802864074707,1964900,
2014-03-26,6.75,7.050000190734863,6.75,7.050000190734863,5.084384918212891,15265500,
2014-03-27,7.0,7.199999809265137,7.0,7.0,5.04832649230957,13463700,
2014-03-28,7.0,7.349999904632568,7.0,7.25,5.228623390197754,17487900,
2014-03-31,7.349999904632568,7.349999904632568,7.050000190734863,7.099999904632568,5.120443344116211,7690800,
2014-04-01,7.150000095367432,7.349999904632568,7.099999904632568,7.25,5.228623390197754,7263200,
2014-04-02,7.300000190734863,7.300000190734863,7.199999809265137,7.199999809265137,5.192563056945801,5845300,
2014-04-03,7.199999809265137,7.300000190734863,7.099999904632568,7.300000190734863,5.264683723449707,6606500,
2014-04-04,7.199999809265137,7.5,7.150000095367432,7.5,5.408920764923096,10479600,
2014-04-08,7.449999809265137,7.599999904632568,7.300000190734863,7.300000190734863,5.264683723449707,8974700,
2014-04-09,7.300000190734863,7.5,7.300000190734863,7.5,5.408920764923096,7817600,
2014-04-10,7.550000190734863,7.650000095367432,7.400000095367432,7.550000190734863,5.444980621337891,11410400,
2014-04-11,7.550000190734863,7.650000095367432,7.449999809265137,7.599999904632568,5.481039524078369,7148700,
2014-04-16,7.550000190734863,7.599999904632568,7.449999809265137,7.5,5.408920764923096,4512500,
2014-04-17,7.550000190734863,7.550000190734863,7.400000095367432,7.5,5.408920764923096,3643900,
2014-04-18,7.5,7.550000190734863,7.400000095367432,7.400000095367432,5.3368024826049805,2699500,
2014-04-21,7.400000095367432,7.400000095367432,7.099999904632568,7.150000095367432,5.156505107879639,9177800,
2014-04-22,7.199999809265137,7.550000190734863,7.150000095367432,7.5,5.408920764923096,7710500,
2014-04-23,7.5,7.550000190734863,7.349999904632568,7.400000095367432,5.3368024826049805,5248400,
2014-04-24,7.400000095367432,7.599999904632568,7.400000095367432,7.599999904632568,5.481039524078369,7260600,
2014-04-25,7.650000095367432,7.699999809265137,7.449999809265137,7.5,5.408920764923096,4617000,
2014-04-28,7.449999809265137,7.550000190734863,7.400000095367432,7.449999809265137,5.372862339019775,42000,
2014-04-29,7.449999809265137,7.5,7.400000095367432,7.5,5.408920764923096,1073900,
2014-04-30,7.449999809265137,7.550000190734863,7.349999904632568,7.349999904632568,5.300743103027344,3549500,
2014-05-02,7.300000190734863,7.5,7.300000190734863,7.300000190734863,5.264683723449707,5410500,
2014-05-06,7.300000190734863,7.349999904632568,7.099999904632568,7.099999904632568,5.177180290222168,5054300,0.08
2014-05-07,7.050000190734863,7.199999809265137,7.0,7.099999904632568,5.177180290222168,4688700,
2014-05-08,7.050000190734863,7.099999904632568,6.949999809265137,6.949999809265137,5.067803382873535,3044800,
2014-05-09,6.800000190734863,7.050000190734863,6.800000190734863,6.949999809265137,5.067803382873535,2691900,
2014-05-12,6.900000095367432,7.099999904632568,6.849999904632568,7.050000190734863,5.140722274780273,2107900,
2014-05-14,7.050000190734863,7.199999809265137,7.050000190734863,7.199999809265137,5.25009822845459,3178700,
2014-05-15,7.150000095367432,7.199999809265137,7.050000190734863,7.150000095367432,5.2136406898498535,3859500,
2014-05-16,7.099999904632568,7.300000190734863,7.050000190734863,7.099999904632568,5.177180290222168,4478000,
2014-05-19,7.099999904632568,7.349999904632568,7.050000190734863,7.25,5.286558628082275,3003300,
2014-05-20,7.099999904632568,7.400000095367432,7.050000190734863,7.349999904632568,5.359476566314697,4665600,
2014-05-21,7.449999809265137,7.849999904632568,7.449999809265137,7.699999809265137,5.614689826965332,19741600,
2014-05-22,7.800000190734863,7.900000095367432,7.599999904632568,7.699999809265137,5.614689826965332,9595800,
2014-05-23,7.5,7.949999809265137,7.5,7.699999809265137,5.614689826965332,11343000,
2014-05-26,7.75,7.900000095367432,7.550000190734863,7.599999904632568,5.5417704582214355,8842700,
2014-05-27,7.599999904632568,7.699999809265137,7.5,7.550000190734863,5.505313396453857,4546400,
2014-05-28,7.550000190734863,7.75,7.550000190734863,7.599999904632568,5.5417704582214355,3549100,
2014-05-29,7.699999809265137,7.75,7.650000095367432,7.650000095367432,5.578230381011963,2770700,
2014-05-30,7.699999809265137,7.900000095367432,7.699999809265137,7.849999904632568,5.724066734313965,9184000,
2014-06-02,7.949999809265137,7.949999809265137,7.800000190734863,7.849999904632568,5.724066734313965,4257500,
2014-06-03,7.900000095367432,7.949999809265137,7.699999809265137,7.699999809265137,5.614689826965332,6901100,
2014-06-04,7.800000190734863,7.900000095367432,7.599999904632568,7.75,5.651148319244385,5874900,
2014-06-05,7.75,7.800000190734863,7.699999809265137,7.75,5.651148319244385,2523000,
2014-06-06,7.800000190734863,7.800000190734863,7.699999809265137,7.75,5.651148319244385,3458600,
2014-06-09,7.75,8.100000381469727,7.75,8.050000190734863,5.869904518127441,16170800,
2014-06-10,8.100000381469727,8.300000190734863,8.050000190734863,8.300000190734863,6.0521979331970215,17957000,
2014-06-11,8.25,8.350000381469727,8.149999618530273,8.25,6.015738487243652,9759300,
2014-06-12,8.199999809265137,8.25,8.149999618530273,8.199999809265137,5.979279518127441,2914800,
2014-06-13,8.199999809265137,8.300000190734863,8.149999618530273,8.199999809265137,5.979279518127441,5441500,
2014-06-16,8.199999809265137,8.25,8.149999618530273,8.25,6.015738487243652,1654500,
2014-06-17,8.25,8.300000190734863,8.100000381469727,8.199999809265137,5.979279518127441,3107000,
2014-06-18,8.199999809265137,8.199999809265137,7.849999904632568,7.849999904632568,5.724066734313965,8710200,
2014-06-19,7.849999904632568,8.100000381469727,7.849999904632568,8.050000190734863,5.869904518127441,2245900,
2014-06-20,8.100000381469727,8.149999618530273,8.0,8.100000381469727,5.906361103057861,1949200,
2014-06-23,8.100000381469727,8.100000381469727,7.900000095367432,8.050000190734863,5.869904518127441,4358600,
2014-06-24,8.0,8.050000190734863,7.900000095367432,8.050000190734863,5.869904518127441,6135400,
2014-06-25,8.0,8.449999809265137,7.949999809265137,8.149999618530273,5.942820072174072,45774600,
2014-06-26,8.300000190734863,8.350000381469727,8.199999809265137,8.199999809265137,5.979279518127441,4796700,
2014-06-27,8.199999809265137,8.300000190734863,8.199999809265137,8.25,6.015738487243652,2769700,
2014-06-30,8.300000190734863,8.449999809265137,8.25,8.25,6.015738487243652,6704800,
2014-07-02,8.300000190734863,8.300000190734863,8.199999809265137,8.300000190734863,6.0521979331970215,2169200,
2014-07-03,8.350000381469727,8.350000381469727,8.199999809265137,8.25,6.015738487243652,3350600,
2014-07-04,8.25,8.300000190734863,8.199999809265137,8.199999809265137,5.979279518127441,4389100,
2014-07-07,8.199999809265137,8.25,8.199999809265137,8.199999809265137,5.979279518127441,2466500,
2014-07-08,8.199999809265137,8.300000190734863,8.149999618530273,8.25,6.015738487243652,1983900,
2014-07-09,8.25,8.25,8.050000190734863,8.149999618530273,5.942820072174072,5658700,
2014-07-10,8.199999809265137,8.25,8.149999618530273,8.149999618530273,5.942820072174072,1249400,
2014-07-14,8.5,9.100000381469727,8.5,8.850000381469727,6.453245639801025,42901400,
2014-07-15,9.0,9.300000190734863,8.649999618530273,9.149999618530273,6.671999454498291,27717300,
2014-07-16,9.25,9.25,9.100000381469727,9.100000381469727,6.635541915893555,8550400,
2014-07-17,9.149999618530273,9.199999809265137,9.0,9.100000381469727,6.635541915893555,4740100,
2014-07-18,9.050000190734863,9.149999618530273,8.899999618530273,9.0,6.562623023986816,8611500,
2014-07-21,9.149999618530273,9.199999809265137,9.050000190734863,9.149999618530273,6.671999454498291,3372300,
2014-07-22,9.149999618530273,9.149999618530273,8.899999618530273,8.899999618530273,6.489706993103027,3495700,
2014-07-23,8.850000381469727,9.100000381469727,8.800000190734863,9.0,6.562623023986816,7083500,
2014-07-24,8.949999809265137,9.050000190734863,8.899999618530273,9.0,6.562623023986816,10766100,
2014-07-25,8.899999618530273,9.5,8.899999618530273,9.399999618530273,6.854296684265137,23903900,
2014-07-28,9.449999809265137,9.5,9.25,9.350000381469727,6.817838191986084,6436600,
2014-07-29,9.399999618530273,9.449999809265137,9.199999809265137,9.199999809265137,6.708460807800293,4818800,
2014-07-30,9.100000381469727,9.300000190734863,9.0,9.149999618530273,6.671999454498291,8797700,
2014-07-31,9.050000190734863,9.25,9.050000190734863,9.149999618530273,6.671999454498291,3126700,
2014-08-01,9.0,9.100000381469727,9.0,9.050000190734863,6.59908390045166,3549300,
2014-08-04,9.050000190734863,9.149999618530273,9.050000190734863,9.050000190734863,6.59908390045166,3978600,
2014-08-05,9.100000381469727,9.600000381469727,9.100000381469727,9.5,6.927215099334717,24923800,
2014-08-06,9.550000190734863,9.600000381469727,9.350000381469727,9.350000381469727,6.817838191986084,10640300,
2014-08-07,9.550000190734863,9.800000190734863,9.449999809265137,9.649999618530273,7.036591053009033,24976600,
2014-08-08,9.5,9.75,9.5,9.550000190734863,6.963674068450928,13861200,
2014-08-13,9.649999618530273,9.699999809265137,9.550000190734863,9.600000381469727,7.000133514404297,14961300,
2014-08-14,9.649999618530273,9.699999809265137,9.550000190734863,9.550000190734863,6.963674068450928,14964300,
2014-08-15,9.649999618530273,9.649999618530273,9.5,9.550000190734863,6.963674068450928,10024600,
2014-08-18,9.550000190734863,9.550000190734863,9.199999809265137,9.300000190734863,6.781376838684082,12517300,
2014-08-19,9.25,9.449999809265137,9.25,9.300000190734863,6.781376838684082,7259800,
2014-08-20,9.399999618530273,9.399999618530273,9.25,9.300000190734863,6.781376838684082,4319800,
2014-08-21,9.350000381469727,9.649999618530273,9.300000190734863,9.5,6.927215099334717,16082700,
2014-08-22,9.550000190734863,9.600000381469727,9.399999618530273,9.449999809265137,6.890755653381348,4554000,
2014-08-25,9.449999809265137,9.5,9.399999618530273,9.399999618530273,6.854296684265137,3799600,
2014-08-26,9.399999618530273,9.5,9.399999618530273,9.399999618530273,6.890951633453369,5099000,0.05
2014-08-27,9.449999809265137,9.699999809265137,9.399999618530273,9.600000381469727,7.037567138671875,9355800,
2014-08-28,9.600000381469727,9.699999809265137,9.5,9.600000381469727,7.037567138671875,7819100,
2014-08-29,9.600000381469727,10.100000381469727,9.550000190734863,9.949999809265137,7.294145107269287,30298100,
2014-09-01,10.0,10.300000190734863,9.850000381469727,10.100000381469727,7.40410852432251,16853800,
2014-09-02,10.199999809265137,10.600000381469727,10.100000381469727,10.600000381469727,7.770644664764404,18532500,
2014-09-03,10.600000381469727,10.899999618530273,10.399999618530273,10.800000190734863,7.917262554168701,11810200,
2014-09-04,10.800000190734863,10.899999618530273,10.399999618530273,10.5,7.6973371505737305,10456400,
2014-09-05,10.5,10.600000381469727,10.300000190734863,10.399999618530273,7.624032974243164,5202700,
2014-09-08,10.5,10.5,10.100000381469727,10.5,7.6973371505737305,6052100,
2014-09-09,10.5,10.600000381469727,10.199999809265137,10.399999618530273,7.624032974243164,7116000,
2014-09-10,10.199999809265137,10.300000190734863,9.949999809265137,10.199999809265137,7.477414608001709,6807100,
2014-09-11,10.199999809265137,10.300000190734863,10.0,10.199999809265137,7.477414608001709,6077400,
2014-09-12,10.199999809265137,10.699999809265137,10.199999809265137,10.399999618530273,7.624032974243164,17689400,
2014-09-15,10.300000190734863,10.5,10.300000190734863,10.300000190734863,7.550723075866699,8087100,
2014-09-16,10.300000190734863,10.5,10.199999809265137,10.199999809265137,7.477414608001709,6098400,
2014-09-17,10.199999809265137,10.5,10.100000381469727,10.399999618530273,7.624032974243164,6242400,
2014-09-18,10.399999618530273,10.699999809265137,10.300000190734863,10.399999618530273,7.624032974243164,8658400,
2014-09-19,10.5,10.5,10.199999809265137,10.300000190734863,7.550723075866699,2900200,
2014-09-22,10.300000190734863,10.399999618530273,10.300000190734863,10.300000190734863,7.550723075866699,2470500,
2014-09-23,10.300000190734863,10.5,10.300000190734863,10.399999618530273,7.624032974243164,3585300,
2014-09-24,10.5,10.5,10.300000190734863,10.5,7.6973371505737305,4858300,
2014-09-25,10.5,10.5,10.199999809265137,10.399999618530273,7.624032974243164,4356300,
2014-09-26,10.399999618530273,10.399999618530273,10.300000190734863,10.300000190734863,7.550723075866699,764500,
2014-09-29,10.399999618530273,10.399999618530273,10.199999809265137,10.399999618530273,7.624032974243164,4546400,
2014-09-30,10.399999618530273,10.399999618530273,10.199999809265137,10.199999809265137,7.477414608001709,1534400,
2014-10-01,10.199999809265137,10.300000190734863,10.199999809265137,10.199999809265137,7.477414608001709,1803900,
2014-10-02,10.199999809265137,10.199999809265137,9.899999618530273,10.0,7.330799102783203,7475200,
2014-10-03,9.850000381469727,10.0,9.800000190734863,9.850000381469727,7.220836162567139,3558300,
2014-10-06,9.850000381469727,9.899999618530273,9.5,9.5,6.964259147644043,7301500,
2014-10-07,9.300000190734863,9.699999809265137,9.300000190734863,9.649999618530273,7.074219703674316,1805100,
2014-10-08,9.5,9.850000381469727,9.399999618530273,9.850000381469727,7.220836162567139,2591400,
2014-10-09,9.850000381469727,9.949999809265137,9.800000190734863,9.899999618530273,7.257489204406738,3576700,
2014-10-10,9.699999809265137,9.899999618530273,9.699999809265137,9.800000190734863,7.184182643890381,611000,
2014-10-13,9.649999618530273,9.800000190734863,9.649999618530273,9.649999618530273,7.074219703674316,925300,
2014-10-14,9.649999618530273,9.800000190734863,9.649999618530273,9.699999809265137,7.110873699188232,801500,
2014-10-15,9.75,9.949999809265137,9.75,9.800000190734863,7.184182643890381,1637700,
2014-10-16,9.699999809265137,10.100000381469727,9.699999809265137,9.800000190734863,7.184182643890381,2099700,
2014-10-17,9.800000190734863,9.850000381469727,9.649999618530273,9.800000190734863,7.184182643890381,3801400,
2014-10-20,9.850000381469727,9.949999809265137,9.649999618530273,9.75,7.147529125213623,868900,
2014-10-21,9.800000190734863,9.800000190734863,9.699999809265137,9.75,7.147529125213623,289200,
2014-10-22,9.800000190734863,9.850000381469727,9.699999809265137,9.75,7.147529125213623,776900,
2014-10-24,9.75,9.949999809265137,9.699999809265137,9.949999809265137,7.294145107269287,2844000,
2014-10-27,10.0,10.0,9.850000381469727,9.850000381469727,7.220836162567139,1071400,
2014-10-28,9.850000381469727,9.899999618530273,9.75,9.800000190734863,7.184182643890381,758800,
2014-10-29,9.850000381469727,9.949999809265137,9.800000190734863,9.949999809265137,7.294145107269287,624400,
2014-10-30,9.949999809265137,9.949999809265137,9.800000190734863,9.800000190734863,7.184182643890381,628700,
2014-10-31,9.800000190734863,9.850000381469727,9.75,9.75,7.147529125213623,1536300,
2014-11-03,9.800000190734863,9.949999809265137,9.75,9.75,7.147529125213623,1282100,
2014-11-04,9.75,9.850000381469727,9.75,9.800000190734863,7.184182643890381,2062100,
2014-11-05,9.800000190734863,9.850000381469727,9.75,9.800000190734863,7.184182643890381,1019100,
2014-11-06,9.850000381469727,9.850000381469727,9.699999809265137,9.75,7.147529125213623,3945100,
2014-11-07,9.75,9.75,9.149999618530273,9.199999809265137,6.7443342208862305,5458200,
2014-11-10,9.25,9.300000190734863,8.899999618530273,8.949999809265137,6.56106424331665,2340400,
2014-11-11,8.899999618530273,9.0,8.75,8.800000190734863,6.451104164123535,3530200,
2014-11-12,8.899999618530273,8.949999809265137,8.850000381469727,8.899999618530273,6.524411201477051,1738200,
2014-11-13,8.899999618530273,9.100000381469727,8.800000190734863,8.899999618530273,6.524411201477051,2333400,
2014-11-14,8.899999618530273,9.0,8.449999809265137,8.649999618530273,6.3411407470703125,5111600,
2014-11-17,8.550000190734863,8.699999809265137,8.449999809265137,8.600000381469727,6.304487228393555,5233500,
2014-11-18,8.550000190734863,8.649999618530273,8.5,8.649999618530273,6.3411407470703125,4372300,
2014-11-19,8.649999618530273,8.699999809265137,8.5,8.649999618530273,6.3411407470703125,1380800,
2014-11-20,8.699999809265137,8.850000381469727,8.600000381469727,8.850000381469727,6.487755298614502,1343400,
2014-11-21,8.899999618530273,9.100000381469727,8.699999809265137,8.949999809265137,6.56106424331665,8131100,
2014-11-24,9.050000190734863,9.300000190734863,9.0,9.300000190734863,6.817642688751221,2697100,
2014-11-25,9.350000381469727,9.399999618530273,8.899999618530273,9.0,6.597718238830566,6158600,
2014-11-26,8.949999809265137,9.199999809265137,8.899999618530273,9.0,6.597718238830566,6122100,
2014-11-27,9.100000381469727,9.149999618530273,8.899999618530273,9.050000190734863,6.634372711181641,4402000,
2014-11-28,9.0,9.100000381469727,8.850000381469727,9.050000190734863,6.634372711181641,2722700,
2014-12-01,9.050000190734863,9.149999618530273,8.949999809265137,9.050000190734863,6.634372711181641,1207100,
2014-12-02,9.050000190734863,9.050000190734863,8.949999809265137,9.0,6.597718238830566,1205700,
2014-12-03,8.949999809265137,8.949999809265137,8.800000190734863,8.850000381469727,6.487755298614502,4230700,
2014-12-04,8.850000381469727,8.949999809265137,8.850000381469727,8.899999618530273,6.524411201477051,2336700,
2014-12-08,8.899999618530273,8.949999809265137,8.699999809265137,8.75,6.414449214935303,1765200,
2014-12-09,8.75,8.899999618530273,8.5,8.899999618530273,6.524411201477051,4001600,
2014-12-11,8.850000381469727,8.949999809265137,8.550000190734863,8.850000381469727,6.487755298614502,6031000,
2014-12-12,8.850000381469727,8.899999618530273,8.600000381469727,8.899999618530273,6.524411201477051,4692900,
2014-12-15,8.800000190734863,8.899999618530273,8.399999618530273,8.600000381469727,6.304487228393555,7569800,
2014-12-16,8.649999618530273,8.649999618530273,8.199999809265137,8.199999809265137,6.011255264282227,10363000,
2014-12-17,8.25,8.449999809265137,8.25,8.300000190734863,6.0845627784729,2705600,
2014-12-18,8.350000381469727,8.699999809265137,8.350000381469727,8.699999809265137,6.377793788909912,3356500,
2014-12-19,8.699999809265137,8.699999809265137,8.550000190734863,8.600000381469727,6.304487228393555,825700,
2014-12-22,8.600000381469727,8.649999618530273,8.399999618530273,8.449999809265137,6.19452428817749,1695500,
2014-12-23,8.5,8.5,8.350000381469727,8.350000381469727,6.121216773986816,2221900,
2014-12-24,8.399999618530273,8.5,8.25,8.300000190734863,6.0845627784729,2601500,
2014-12-25,8.350000381469727,8.5,8.149999618530273,8.25,6.047909259796143,2115600,
2014-12-26,8.199999809265137,8.25,7.900000095367432,7.900000095367432,5.791332244873047,3446100,
2014-12-29,8.0,8.100000381469727,7.949999809265137,8.0,5.864638805389404,1281200,
2014-12-30,7.949999809265137,8.100000381469727,7.900000095367432,7.900000095367432,5.791332244873047,2317700,
2015-01-05,8.050000190734863,8.149999618530273,7.75,8.050000190734863,5.9012932777404785,2979200,
2015-01-06,8.050000190734863,8.149999618530273,7.949999809265137,8.149999618530273,5.974600791931152,2230900,
2015-01-07,8.100000381469727,8.399999618530273,8.100000381469727,8.25,6.047909259796143,1143000,
2015-01-08,8.449999809265137,8.449999809265137,8.350000381469727,8.350000381469727,6.121216773986816,1666500,
2015-01-09,8.350000381469727,8.399999618530273,8.25,8.350000381469727,6.121216773986816,1226400,
2015-01-12,8.350000381469727,8.350000381469727,8.25,8.350000381469727,6.121216773986816,1658000,
2015-01-13,8.300000190734863,8.350000381469727,8.149999618530273,8.149999618530273,5.974600791931152,2716500,
2015-01-14,8.199999809265137,8.350000381469727,8.149999618530273,8.300000190734863,6.0845627784729,2345600,
2015-01-15,8.399999618530273,8.399999618530273,8.300000190734863,8.350000381469727,6.121216773986816,808300,
2015-01-16,8.350000381469727,8.350000381469727,8.25,8.25,6.047909259796143,1870600,
2015-01-19,8.300000190734863,8.399999618530273,8.25,8.350000381469727,6.121216773986816,1137500,
2015-01-20,8.5,8.5,8.399999618530273,8.5,6.23117733001709,2244100,
2015-01-21,8.550000190734863,8.600000381469727,8.5,8.5,6.23117733001709,1137500,
2015-01-22,8.550000190734863,8.550000190734863,8.5,8.5,6.23117733001709,1184600,
2015-01-23,8.600000381469727,8.649999618530273,8.5,8.600000381469727,6.304487228393555,2391000,
2015-01-26,8.600000381469727,8.649999618530273,8.550000190734863,8.600000381469727,6.304487228393555,1715200,
2015-01-27,8.699999809265137,8.800000190734863,8.600000381469727,8.649999618530273,6.3411407470703125,1553800,
2015-01-28,8.800000190734863,8.800000190734863,8.699999809265137,8.75,6.414449214935303,1809200,
2015-01-29,8.75,8.800000190734863,8.649999618530273,8.649999618530273,6.3411407470703125,777100,
2015-01-30,8.699999809265137,8.699999809265137,8.399999618530273,8.550000190734863,6.2678327560424805,2308700,
2015-02-02,8.449999809265137,8.600000381469727,8.399999618530273,8.449999809265137,6.19452428817749,554300,
2015-02-03,8.449999809265137,8.5,8.300000190734863,8.399999618530273,6.157870769500732,2399400,
2015-02-04,8.399999618530273,8.449999809265137,8.300000190734863,8.399999618530273,6.157870769500732,13232400,
2015-02-05,8.550000190734863,8.949999809265137,8.5,8.949999809265137,6.56106424331665,6813400,
2015-02-06,9.149999618530273,9.149999618530273,8.5,8.649999618530273,6.3411407470703125,11907100,
2015-02-09,8.699999809265137,8.75,8.550000190734863,8.550000190734863,6.2678327560424805,2484600,
2015-02-10,8.550000190734863,8.600000381469727,8.399999618530273,8.449999809265137,6.19452428817749,3030000,
2015-02-11,8.399999618530273,8.550000190734863,8.399999618530273,8.550000190734863,6.2678327560424805,970700,
2015-02-12,8.600000381469727,8.649999618530273,8.5,8.550000190734863,6.2678327560424805,1602900,
2015-02-13,8.550000190734863,8.699999809265137,8.550000190734863,8.699999809265137,6.377793788909912,1896200,
2015-02-16,8.75,8.800000190734863,8.649999618530273,8.649999618530273,6.3411407470703125,2357800,
2015-02-17,8.699999809265137,8.75,8.399999618530273,8.449999809265137,6.19452428817749,1382600,
2015-02-18,8.399999618530273,8.600000381469727,8.399999618530273,8.550000190734863,6.2678327560424805,519300,
2015-02-19,8.600000381469727,8.600000381469727,8.5,8.550000190734863,6.2678327560424805,269500,
2015-02-20,8.5,8.649999618530273,8.5,8.550000190734863,6.2678327560424805,287400,
2015-02-23,8.550000190734863,8.600000381469727,8.449999809265137,8.5,6.23117733001709,371900,
2015-02-24,8.449999809265137,8.600000381469727,8.399999618530273,8.600000381469727,6.304487228393555,1744600,
2015-02-25,8.649999618530273,8.649999618530273,8.5,8.600000381469727,6.304487228393555,1669600,
2015-02-26,8.600000381469727,8.649999618530273,8.449999809265137,8.600000381469727,6.304487228393555,1987500,
2015-02-27,8.550000190734863,8.600000381469727,8.5,8.5,6.23117733001709,1118400,
2015-03-02,8.449999809265137,8.699999809265137,8.449999809265137,8.649999618530273,6.3411407470703125,1473500,
2015-03-03,8.649999618530273,8.649999618530273,8.5,8.5,6.23117733001709,1029400,
2015-03-05,8.449999809265137,8.5,8.25,8.25,6.047909259796143,2020200,
2015-03-06,8.199999809265137,8.449999809265137,8.149999618530273,8.399999618530273,6.157870769500732,3017000,
2015-03-09,8.350000381469727,8.449999809265137,8.300000190734863,8.449999809265137,6.19452428817749,1107400,
2015-03-10,8.449999809265137,8.449999809265137,8.25,8.350000381469727,6.121216773986816,1310700,
2015-03-11,8.199999809265137,8.399999618530273,8.199999809265137,8.350000381469727,6.121216773986816,1277100,
2015-03-12,8.300000190734863,8.300000190734863,8.199999809265137,8.25,6.047909259796143,1756000,
2015-03-13,8.350000381469727,8.350000381469727,8.199999809265137,8.300000190734863,6.0845627784729,422600,
2015-03-16,8.25,8.300000190734863,8.149999618530273,8.199999809265137,6.011255264282227,1204100,
2015-03-17,8.25,8.300000190734863,8.100000381469727,8.199999809265137,6.011255264282227,1224400,
2015-03-18,8.100000381469727,8.25,8.100000381469727,8.199999809265137,6.011255264282227,949000,
2015-03-19,8.25,8.300000190734863,8.100000381469727,8.149999618530273,5.974600791931152,1474100,
2015-03-20,8.350000381469727,8.350000381469727,8.149999618530273,8.149999618530273,5.974600791931152,1753000,
2015-03-23,8.149999618530273,8.300000190734863,8.149999618530273,8.149999618530273,5.974600791931152,1674100,
2015-03-24,8.149999618530273,8.149999618530273,8.0,8.100000381469727,5.9379472732543945,2607900,
2015-03-25,8.100000381469727,8.199999809265137,8.050000190734863,8.149999618530273,5.974600791931152,489400,
2015-03-26,8.050000190734863,8.100000381469727,8.0,8.100000381469727,5.9379472732543945,1040700,
2015-03-27,8.050000190734863,8.100000381469727,8.0,8.100000381469727,5.9379472732543945,1744100,
2015-03-30,8.0,8.100000381469727,8.0,8.050000190734863,5.9012932777404785,632400,
2015-03-31,8.050000190734863,8.149999618530273,7.949999809265137,8.0,5.864638805389404,1782500,
2015-04-01,8.0,8.25,8.0,8.199999809265137,6.011255264282227,1976100,
2015-04-02,8.199999809265137,8.25,8.050000190734863,8.050000190734863,5.9012932777404785,1137800,
2015-04-03,8.050000190734863,8.25,8.050000190734863,8.25,6.047909259796143,1162600,
2015-04-07,8.300000190734863,8.300000190734863,8.199999809265137,8.199999809265137,6.011255264282227,546400,
2015-04-08,8.25,8.25,8.149999618530273,8.149999618530273,5.974600791931152,389500,
2015-04-09,8.100000381469727,8.25,8.100000381469727,8.199999809265137,6.011255264282227,2163900,
2015-04-10,8.25,8.25,8.149999618530273,8.199999809265137,6.011255264282227,317000,
2015-04-16,8.300000190734863,8.5,8.300000190734863,8.5,6.23117733001709,4040400,
2015-04-17,8.550000190734863,8.550000190734863,8.449999809265137,8.550000190734863,6.2678327560424805,1352500,
2015-04-20,8.649999618530273,8.649999618530273,8.5,8.550000190734863,6.2678327560424805,1150700,
2015-04-21,8.649999618530273,8.649999618530273,8.5,8.5,6.23117733001709,443800,
2015-04-22,8.550000190734863,8.649999618530273,8.5,8.5,6.23117733001709,1047800,
2015-04-23,8.5,8.649999618530273,8.449999809265137,8.600000381469727,6.304487228393555,3573900,
2015-04-24,8.600000381469727,8.649999618530273,8.550000190734863,8.649999618530273,6.3411407470703125,2732200,
2015-04-27,8.699999809265137,8.800000190734863,8.550000190734863,8.600000381469727,6.304487228393555,2228500,
2015-04-28,8.600000381469727,8.649999618530273,8.449999809265137,8.550000190734863,6.2678327560424805,2749200,
2015-04-29,8.449999809265137,8.5,8.300000190734863,8.399999618530273,6.157870769500732,2025500,
2015-04-30,8.5,8.5,8.149999618530273,8.199999809265137,6.011255264282227,1402000,
2015-05-04,8.199999809265137,8.199999809265137,8.199999809265137,8.199999809265137,6.011255264282227,0,
2015-05-06,8.0,8.25,8.0,8.199999809265137,6.011255264282227,2843500,
2015-05-07,8.100000381469727,8.100000381469727,8.0,8.050000190734863,5.952104091644287,2141900,0.07
2015-05-08,7.800000190734863,7.949999809265137,7.650000095367432,7.900000095367432,5.841195106506348,2747900,
2015-05-11,7.75,7.900000095367432,7.75,7.900000095367432,5.841195106506348,4598200,
2015-05-12,7.900000095367432,7.949999809265137,7.800000190734863,7.900000095367432,5.841195106506348,2568900,
2015-05-13,7.849999904632568,7.849999904632568,7.699999809265137,7.75,5.73028564453125,2907100,
2015-05-14,7.849999904632568,7.849999904632568,7.699999809265137,7.800000190734863,5.7672553062438965,1387800,
2015-05-15,7.699999809265137,7.75,7.550000190734863,7.75,5.73028564453125,2745700,
2015-05-18,7.699999809265137,7.75,7.5,7.599999904632568,5.6193766593933105,2130100,
2015-05-19,7.599999904632568,7.599999904632568,7.5,7.599999904632568,5.6193766593933105,702900,
2015-05-20,7.599999904632568,7.650000095367432,7.5,7.599999904632568,5.6193766593933105,1091700,
2015-05-21,7.550000190734863,7.550000190734863,7.449999809265137,7.5,5.545438289642334,2224900,
2015-05-22,7.5,7.5,7.349999904632568,7.349999904632568,5.434528827667236,2136200,
2015-05-25,7.349999904632568,7.349999904632568,7.150000095367432,7.199999809265137,5.323620319366455,1368500,
2015-05-26,7.199999809265137,7.199999809265137,7.099999904632568,7.099999904632568,5.249680042266846,1630300,
2015-05-27,7.099999904632568,7.150000095367432,7.050000190734863,7.050000190734863,5.212711811065674,648300,
2015-05-28,7.050000190734863,7.150000095367432,7.0,7.050000190734863,5.212711811065674,654400,
2015-05-29,7.050000190734863,7.099999904632568,7.0,7.0,5.1757426261901855,2267800,
2015-06-02,7.0,7.0,6.699999809265137,6.849999904632568,5.06483268737793,2825900,
2015-06-03,6.800000190734863,7.199999809265137,6.800000190734863,7.0,5.1757426261901855,4834400,
2015-06-04,6.949999809265137,7.0,6.849999904632568,7.0,5.1757426261901855,1077100,
2015-06-05,6.949999809265137,7.0,6.900000095367432,6.949999809265137,5.138772964477539,1502400,
2015-06-08,6.949999809265137,7.099999904632568,6.900000095367432,7.0,5.1757426261901855,1982200,
2015-06-09,6.949999809265137,7.0,6.900000095367432,6.900000095367432,5.101803302764893,1079000,
2015-06-10,6.900000095367432,6.949999809265137,6.849999904632568,6.849999904632568,5.06483268737793,1441500,
2015-06-11,6.900000095367432,6.949999809265137,6.699999809265137,6.75,4.990893840789795,4076500,
2015-06-12,6.75,6.800000190734863,6.5,6.550000190734863,4.843015670776367,6093000,
2015-06-15,6.599999904632568,6.599999904632568,6.5,6.550000190734863,4.843015670776367,1477100,
2015-06-16,6.550000190734863,6.599999904632568,6.5,6.599999904632568,4.879983901977539,2617500,
2015-06-17,6.599999904632568,6.599999904632568,6.5,6.550000190734863,4.843015670776367,1079300,
2015-06-18,6.599999904632568,6.75,6.550000190734863,6.599999904632568,4.879983901977539,5754100,
2015-06-19,6.699999809265137,6.75,6.5,6.599999904632568,4.879983901977539,6943700,
2015-06-22,6.650000095367432,6.699999809265137,6.550000190734863,6.550000190734863,4.843015670776367,4525100,
2015-06-23,6.650000095367432,6.900000095367432,6.650000095367432,6.900000095367432,5.101803302764893,6306200,
2015-06-24,6.949999809265137,7.050000190734863,6.900000095367432,7.0,5.1757426261901855,12699700,
2015-06-25,7.050000190734863,7.199999809265137,7.0,7.150000095367432,5.286650657653809,2745100,
2015-06-26,7.199999809265137,7.199999809265137,7.050000190734863,7.050000190734863,5.212711811065674,2352900,
2015-06-29,6.900000095367432,7.050000190734863,6.849999904632568,7.050000190734863,5.212711811065674,3719400,
2015-06-30,7.050000190734863,7.150000095367432,7.0,7.050000190734863,5.212711811065674,3353600,
2015-07-02,7.050000190734863,7.150000095367432,7.050000190734863,7.099999904632568,5.249680042266846,1242400,
2015-07-03,7.099999904632568,7.199999809265137,7.050000190734863,7.099999904632568,5.249680042266846,1539300,
2015-07-06,7.050000190734863,7.099999904632568,6.949999809265137,7.0,5.1757426261901855,1493800,
2015-07-07,7.0,7.050000190734863,6.949999809265137,7.0,5.1757426261901855,1581000,
2015-07-08,6.949999809265137,7.050000190734863,6.949999809265137,7.0,5.1757426261901855,543800,
2015-07-09,7.099999904632568,7.400000095367432,7.0,7.400000095367432,5.471499443054199,4803700,
2015-07-10,7.550000190734863,7.599999904632568,7.400000095367432,7.5,5.545438289642334,7963800,
2015-07-13,7.650000095367432,7.650000095367432,7.449999809265137,7.5,5.545438289642334,3692900,
2015-07-14,7.5,7.550000190734863,7.400000095367432,7.400000095367432,5.471499443054199,2182600,
2015-07-15,7.400000095367432,7.400000095367432,7.199999809265137,7.25,5.360589981079102,2620100,
2015-07-16,7.25,7.300000190734863,7.050000190734863,7.150000095367432,5.286650657653809,2275400,
2015-07-17,7.150000095367432,7.25,7.099999904632568,7.150000095367432,5.286650657653809,1015200,
2015-07-20,7.150000095367432,7.199999809265137,7.099999904632568,7.199999809265137,5.323620319366455,1126500,
2015-07-21,7.199999809265137,7.199999809265137,7.0,7.0,5.1757426261901855,1521700,
2015-07-22,7.0,7.050000190734863,6.949999809265137,7.0,5.1757426261901855,1202200,
2015-07-23,7.0,7.150000095367432,7.0,7.050000190734863,5.212711811065674,238100,
2015-07-24,7.099999904632568,7.099999904632568,7.050000190734863,7.050000190734863,5.212711811065674,310300,
2015-07-27,6.849999904632568,6.949999809265137,6.849999904632568,6.849999904632568,5.06483268737793,1648900,
2015-07-28,6.800000190734863,6.900000095367432,6.699999809265137,6.699999809265137,4.953925132751465,1153100,
2015-07-29,6.75,6.900000095367432,6.75,6.800000190734863,5.0278639793396,584300,
2015-07-31,6.800000190734863,6.949999809265137,6.75,6.849999904632568,5.06483268737793,774000,
2015-08-03,6.849999904632568,7.0,6.849999904632568,7.0,5.1757426261901855,546500,
2015-08-04,7.0,7.0,6.900000095367432,6.900000095367432,5.101803302764893,312600,
2015-08-05,7.0,7.0,6.849999904632568,7.0,5.1757426261901855,2903000,
2015-08-06,6.949999809265137,6.949999809265137,6.849999904632568,6.900000095367432,5.101803302764893,1001700,
2015-08-07,6.900000095367432,6.900000095367432,6.849999904632568,6.900000095367432,5.101803302764893,221300,
2015-08-10,7.0,7.0,6.900000095367432,6.900000095367432,5.101803302764893,349700,
2015-08-11,6.949999809265137,6.949999809265137,6.849999904632568,6.949999809265137,5.138772964477539,287100,
2015-08-13,6.800000190734863,6.800000190734863,6.75,6.800000190734863,5.0278639793396,780800,
2015-08-14,6.75,6.800000190734863,6.75,6.800000190734863,5.0278639793396,271900,
2015-08-17,6.800000190734863,6.849999904632568,6.75,6.75,4.990893840789795,1270000,
2015-08-18,6.650000095367432,6.75,6.599999904632568,6.599999904632568,4.879983901977539,1664400,
2015-08-19,6.650000095367432,6.75,6.650000095367432,6.75,4.990893840789795,886700,
2015-08-20,6.75,6.900000095367432,6.75,6.800000190734863,5.0278639793396,2665100,
2015-08-21,6.650000095367432,6.849999904632568,6.650000095367432,6.800000190734863,5.0278639793396,2800800,
2015-08-24,6.75,6.900000095367432,6.599999904632568,6.599999904632568,4.879983901977539,3208300,
2015-08-25,6.599999904632568,6.699999809265137,6.199999809265137,6.300000190734863,4.693726539611816,1576700,0.05
2015-08-26,6.300000190734863,6.449999809265137,6.25,6.300000190734863,4.693726539611816,1051000,
2015-08-27,6.349999904632568,6.5,6.300000190734863,6.5,4.842733860015869,1586800,
2015-08-28,6.550000190734863,6.650000095367432,6.400000095367432,6.400000095367432,4.768230438232422,462600,
2015-08-31,6.349999904632568,6.599999904632568,6.349999904632568,6.599999904632568,4.917236328125,1490300,
2015-09-01,6.5,6.550000190734863,6.449999809265137,6.5,4.842733860015869,2070200,
2015-09-02,6.349999904632568,6.599999904632568,6.349999904632568,6.599999904632568,4.917236328125,395700,
2015-09-03,6.599999904632568,6.900000095367432,6.5,6.849999904632568,5.103496551513672,8786200,
2015-09-04,7.0,7.25,6.949999809265137,7.25,5.401510238647461,17974200,
2015-09-07,7.199999809265137,7.25,7.150000095367432,7.199999809265137,5.3642578125,7167300,
2015-09-08,7.25,7.5,7.199999809265137,7.400000095367432,5.513265609741211,14356200,
2015-09-09,7.449999809265137,7.449999809265137,7.25,7.300000190734863,5.438763618469238,6176700,
2015-09-10,7.199999809265137,7.25,7.150000095367432,7.150000095367432,5.327007293701172,1764000,
2015-09-11,7.150000095367432,7.150000095367432,7.0,7.0,5.215251922607422,2344200,
2015-09-14,7.050000190734863,7.050000190734863,6.900000095367432,6.900000095367432,5.140748500823975,1297300,
2015-09-15,6.900000095367432,7.050000190734863,6.900000095367432,7.0,5.215251922607422,724600,
2015-09-16,7.0,7.099999904632568,7.0,7.0,5.215251922607422,615600,
2015-09-17,7.0,7.050000190734863,6.949999809265137,6.949999809265137,5.177999973297119,356700,
2015-09-18,7.0,7.099999904632568,7.0,7.099999904632568,5.289755821228027,1183800,
2015-09-21,7.050000190734863,7.050000190734863,6.949999809265137,7.050000190734863,5.252503395080566,1567900,
2015-09-22,7.050000190734863,7.050000190734863,6.800000190734863,6.849999904632568,5.103496551513672,1630500,
2015-09-23,6.75,6.949999809265137,6.75,6.849999904632568,5.103496551513672,1215700,
2015-09-24,6.849999904632568,6.849999904632568,6.75,6.800000190734863,5.066244602203369,606300,
2015-09-25,6.800000190734863,6.849999904632568,6.800000190734863,6.849999904632568,5.103496551513672,435700,
2015-09-28,6.900000095367432,6.900000095367432,6.800000190734863,6.900000095367432,5.140748500823975,878900,
2015-09-29,6.75,6.900000095367432,6.75,6.900000095367432,5.140748500823975,725500,
2015-09-30,6.849999904632568,6.949999809265137,6.800000190734863,6.849999904632568,5.103496551513672,393700,
2015-10-01,6.849999904632568,6.949999809265137,6.800000190734863,6.849999904632568,5.103496551513672,921900,
2015-10-02,6.849999904632568,6.900000095367432,6.849999904632568,6.900000095367432,5.140748500823975,344500,
2015-10-05,6.900000095367432,7.050000190734863,6.900000095367432,7.0,5.215251922607422,1234500,
2015-10-06,7.050000190734863,7.099999904632568,6.949999809265137,6.949999809265137,5.177999973297119,1172300,
2015-10-07,7.0,7.050000190734863,6.900000095367432,6.900000095367432,5.140748500823975,1308700,
2015-10-08,6.949999809265137,7.0,6.949999809265137,6.949999809265137,5.177999973297119,541300,
2015-10-09,7.0,7.199999809265137,6.949999809265137,6.949999809265137,5.177999973297119,2647100,
2015-10-12,7.0,7.050000190734863,6.949999809265137,7.0,5.215251922607422,917500,
2015-10-13,7.0,7.050000190734863,6.900000095367432,6.900000095367432,5.140748500823975,673800,
2015-10-14,6.949999809265137,7.0,6.900000095367432,6.949999809265137,5.177999973297119,796300,
2015-10-15,6.949999809265137,7.0,6.849999904632568,6.900000095367432,5.140748500823975,2709700,
2015-10-16,6.949999809265137,7.25,6.849999904632568,7.0,5.215251922607422,7650800,
2015-10-19,7.099999904632568,7.099999904632568,6.900000095367432,7.050000190734863,5.252503395080566,1056300,
2015-10-20,7.099999904632568,7.099999904632568,6.949999809265137,7.0,5.215251922607422,496600,
2015-10-21,7.050000190734863,7.099999904632568,7.0,7.050000190734863,5.252503395080566,940000,
2015-10-22,7.050000190734863,7.099999904632568,6.949999809265137,7.0,5.215251922607422,1146500,
2015-10-26,7.0,7.050000190734863,6.849999904632568,6.900000095367432,5.140748500823975,2785900,
2015-10-27,6.900000095367432,6.900000095367432,6.800000190734863,6.849999904632568,5.103496551513672,1785600,
2015-10-28,6.849999904632568,6.900000095367432,6.75,6.75,5.028992176055908,1065500,
2015-10-29,6.699999809265137,6.75,6.650000095367432,6.699999809265137,4.991740703582764,2188700,
2015-10-30,6.650000095367432,6.800000190734863,6.650000095367432,6.650000095367432,4.954489231109619,1484700,
2015-11-02,6.650000095367432,6.75,6.599999904632568,6.699999809265137,4.991740703582764,1642000,
2015-11-03,6.699999809265137,6.800000190734863,6.699999809265137,6.75,5.028992176055908,643500,
2015-11-04,6.75,6.849999904632568,6.699999809265137,6.800000190734863,5.066244602203369,1350900,
2015-11-05,6.800000190734863,6.849999904632568,6.75,6.75,5.028992176055908,544000,
2015-11-06,6.75,6.800000190734863,6.75,6.75,5.028992176055908,352800,
2015-11-09,6.800000190734863,6.800000190734863,6.75,6.75,5.028992176055908,191100,
2015-11-10,6.800000190734863,6.800000190734863,6.699999809265137,6.699999809265137,4.991740703582764,315100,
2015-11-11,6.699999809265137,6.699999809265137,6.599999904632568,6.599999904632568,4.917236328125,1946200,
2015-11-12,6.599999904632568,6.699999809265137,6.599999904632568,6.650000095367432,4.954489231109619,224600,
2015-11-13,6.650000095367432,6.699999809265137,6.599999904632568,6.650000095367432,4.954489231109619,454800,
2015-11-16,6.699999809265137,7.0,6.699999809265137,7.0,5.215251922607422,2049700,
2015-11-17,7.0,7.199999809265137,6.949999809265137,7.199999809265137,5.3642578125,3590600,
2015-11-18,7.25,7.300000190734863,7.150000095367432,7.199999809265137,5.3642578125,4250300,
2015-11-19,7.25,7.400000095367432,7.25,7.300000190734863,5.438763618469238,6137700,
2015-11-20,7.449999809265137,8.25,7.449999809265137,8.100000381469727,6.034790992736816,30889300,
2015-11-23,8.050000190734863,8.399999618530273,8.0,8.149999618530273,6.0720438957214355,11957300,
2015-11-24,8.149999618530273,8.300000190734863,8.050000190734863,8.25,6.146546363830566,6102300,
2015-11-25,8.350000381469727,8.399999618530273,8.149999618530273,8.350000381469727,6.221050262451172,7527100,
2015-11-26,8.399999618530273,8.399999618530273,8.199999809265137,8.350000381469727,6.221050262451172,4997100,
2015-11-27,8.350000381469727,8.399999618530273,8.25,8.350000381469727,6.221050262451172,2205900,
2015-11-30,8.399999618530273,8.399999618530273,8.0,8.0,5.960287570953369,3616000,
2015-12-01,8.050000190734863,8.100000381469727,7.800000190734863,8.0,5.960287570953369,3525100,
2015-12-02,7.949999809265137,8.050000190734863,7.699999809265137,7.75,5.7740278244018555,8614900,
2015-12-03,7.75,7.949999809265137,7.75,7.949999809265137,5.923036575317383,3104600,
2015-12-04,7.849999904632568,8.399999618530273,7.800000190734863,7.949999809265137,5.923036575317383,15942000,
2015-12-08,7.949999809265137,8.100000381469727,7.900000095367432,8.0,5.960287570953369,6546500,
2015-12-09,8.050000190734863,8.300000190734863,7.949999809265137,8.149999618530273,6.0720438957214355,6857400,
2015-12-11,8.149999618530273,8.300000190734863,8.100000381469727,8.25,6.146546363830566,2116200,
2015-12-14,8.100000381469727,8.25,8.050000190734863,8.149999618530273,6.0720438957214355,1116200,
2015-12-15,8.149999618530273,8.25,7.900000095367432,7.900000095367432,5.885784149169922,5006600,
2015-12-16,7.949999809265137,8.149999618530273,7.849999904632568,8.100000381469727,6.034790992736816,7004100,
2015-12-17,8.199999809265137,8.699999809265137,8.149999618530273,8.649999618530273,6.444559574127197,23659400,
2015-12-18,8.649999618530273,8.800000190734863,8.550000190734863,8.550000190734863,6.370056629180908,9028500,
2015-12-21,8.5,8.75,8.5,8.5,6.332805633544922,5996000,
2015-12-22,8.550000190734863,9.0,8.5,8.75,6.5190653800964355,10997100,
2015-12-23,8.899999618530273,9.100000381469727,8.800000190734863,8.949999809265137,6.668069839477539,5835500,
2015-12-24,9.0,9.0,8.5,8.600000381469727,6.407308578491211,4327900,
2015-12-25,8.699999809265137,8.949999809265137,8.550000190734863,8.850000381469727,6.593568801879883,2623600,
2015-12-28,8.800000190734863,9.050000190734863,8.800000190734863,9.050000190734863,6.742575645446777,3320900,
2015-12-29,9.050000190734863,9.050000190734863,8.899999618530273,9.0,6.705324172973633,2000200,
2015-12-30,9.050000190734863,9.350000381469727,8.949999809265137,9.050000190734863,6.742575645446777,7176000,
2016-01-04,9.0,9.25,8.899999618530273,9.0,6.705324172973633,8300800,
2016-01-05,9.050000190734863,9.25,8.899999618530273,9.199999809265137,6.854330539703369,6942000,
2016-01-06,9.199999809265137,9.5,9.199999809265137,9.399999618530273,7.003337860107422,12242200,
2016-01-07,9.399999618530273,9.550000190734863,9.25,9.25,6.8915815353393555,8117200,
2016-01-08,9.25,9.449999809265137,9.25,9.399999618530273,7.003337860107422,2110900,
2016-01-11,9.449999809265137,9.699999809265137,9.350000381469727,9.449999809265137,7.040590286254883,4250100,
2016-01-12,9.550000190734863,9.600000381469727,9.449999809265137,9.449999809265137,7.040590286254883,3825100,
2016-01-13,9.5,9.649999618530273,9.449999809265137,9.550000190734863,7.115092754364014,6316500,
2016-01-14,9.5,9.550000190734863,9.399999618530273,9.399999618530273,7.003337860107422,8736400,
2016-01-15,9.399999618530273,9.5,9.149999618530273,9.149999618530273,6.817079067230225,3605500,
2016-01-18,9.050000190734863,9.100000381469727,8.899999618530273,8.899999618530273,6.630819797515869,3294100,
2016-01-19,8.949999809265137,9.100000381469727,8.899999618530273,8.949999809265137,6.668069839477539,3819900,
2016-01-20,8.949999809265137,9.149999618530273,8.899999618530273,8.899999618530273,6.630819797515869,3876800,
2016-01-21,8.899999618530273,9.0,8.300000190734863,8.449999809265137,6.295553684234619,9848400,
2016-01-22,8.449999809265137,8.600000381469727,8.350000381469727,8.550000190734863,6.370056629180908,8400600,
2016-01-25,8.5,8.699999809265137,8.5,8.5,6.332805633544922,5710000,
2016-01-26,8.5,8.800000190734863,8.5,8.75,6.5190653800964355,10284000,
2016-01-27,8.75,8.800000190734863,8.550000190734863,8.649999618530273,6.444559574127197,4896000,
2016-01-28,8.649999618530273,8.649999618530273,7.949999809265137,8.0,5.960287570953369,14820700,
2016-01-29,8.100000381469727,8.25,8.050000190734863,8.25,6.146546363830566,3774800,
2016-02-01,8.300000190734863,8.5,8.25,8.399999618530273,6.258302211761475,6429900,
2016-02-02,8.350000381469727,9.0,8.350000381469727,8.800000190734863,6.55631685256958,17994500,
2016-02-03,8.800000190734863,8.850000381469727,8.600000381469727,8.75,6.5190653800964355,4080700,
2016-02-04,8.75,8.800000190734863,8.600000381469727,8.649999618530273,6.444559574127197,2512900,
2016-02-05,8.699999809265137,8.850000381469727,8.699999809265137,8.75,6.5190653800964355,3721500,
2016-02-08,8.699999809265137,8.699999809265137,8.600000381469727,8.699999809265137,6.481812953948975,1162600,
2016-02-09,8.649999618530273,8.75,8.600000381469727,8.600000381469727,6.407308578491211,1258900,
2016-02-10,8.600000381469727,8.699999809265137,8.449999809265137,8.550000190734863,6.370056629180908,4070000,
2016-02-11,8.5,8.75,8.399999618530273,8.399999618530273,6.258302211761475,4595800,
2016-02-12,8.399999618530273,8.550000190734863,8.399999618530273,8.5,6.332805633544922,1668500,
2016-02-15,8.550000190734863,8.75,8.550000190734863,8.649999618530273,6.444559574127197,2476200,
2016-02-16,8.649999618530273,8.699999809265137,8.5,8.5,6.332805633544922,1541800,
2016-02-17,8.449999809265137,8.649999618530273,8.350000381469727,8.649999618530273,6.444559574127197,3680800,
2016-02-18,8.649999618530273,8.699999809265137,8.449999809265137,8.5,6.332805633544922,860000,
2016-02-19,8.949999809265137,9.300000190734863,8.949999809265137,9.25,6.8915815353393555,25148100,
2016-02-23,9.350000381469727,9.449999809265137,9.149999618530273,9.25,6.8915815353393555,6867200,
2016-02-24,9.699999809265137,10.199999809265137,9.699999809265137,10.199999809265137,7.599366188049316,44691800,
2016-02-25,10.5,10.5,9.75,9.949999809265137,7.413107872009277,22873500,
2016-02-26,10.100000381469727,10.100000381469727,9.75,9.850000381469727,7.338603973388672,10126400,
2016-02-29,9.899999618530273,10.199999809265137,9.850000381469727,10.0,7.450359344482422,11787500,
2016-03-01,10.100000381469727,10.100000381469727,9.5,9.899999618530273,7.375857353210449,8938900,
2016-03-02,10.0,10.199999809265137,9.949999809265137,10.0,7.450359344482422,11007300,
2016-03-03,10.0,10.100000381469727,9.699999809265137,9.800000190734863,7.301352500915527,9470200,
2016-03-04,9.899999618530273,9.949999809265137,9.699999809265137,9.850000381469727,7.338603973388672,5472500,
2016-03-07,9.949999809265137,9.949999809265137,9.550000190734863,9.600000381469727,7.152346134185791,3774100,
2016-03-08,9.699999809265137,9.949999809265137,9.649999618530273,9.75,7.26409912109375,5944700,
2016-03-09,9.850000381469727,9.899999618530273,9.800000190734863,9.850000381469727,7.338603973388672,2058900,
2016-03-10,9.949999809265137,10.199999809265137,9.899999618530273,10.0,7.450359344482422,5743100,
2016-03-11,10.0,10.100000381469727,9.899999618530273,10.0,7.450359344482422,4458000,
2016-03-14,10.199999809265137,10.199999809265137,10.0,10.199999809265137,7.599366188049316,5532000,
2016-03-15,10.300000190734863,10.699999809265137,10.199999809265137,10.600000381469727,7.897380828857422,19068700,
2016-03-16,10.699999809265137,10.899999618530273,10.5,10.699999809265137,7.971883773803711,16709400,
2016-03-17,10.699999809265137,11.399999618530273,10.600000381469727,10.699999809265137,7.971883773803711,21798100,
2016-03-18,10.699999809265137,11.100000381469727,10.699999809265137,10.800000190734863,8.04638957977295,15667800,
2016-03-21,10.899999618530273,11.300000190734863,10.699999809265137,11.0,8.195395469665527,12224300,
2016-03-22,11.0,11.199999809265137,10.699999809265137,10.800000190734863,8.04638957977295,3786400,
2016-03-23,10.699999809265137,11.100000381469727,10.699999809265137,11.0,8.195395469665527,11896600,
2016-03-24,11.0,11.100000381469727,10.699999809265137,10.699999809265137,7.971883773803711,13798400,
2016-03-25,10.800000190734863,10.899999618530273,10.399999618530273,10.5,7.822876930236816,5070000,
2016-03-28,10.600000381469727,10.800000190734863,10.399999618530273,10.800000190734863,8.04638957977295,8864900,
2016-03-29,10.699999809265137,10.800000190734863,10.5,10.600000381469727,7.897380828857422,13154700,
2016-03-30,10.800000190734863,11.199999809265137,10.800000190734863,10.800000190734863,8.04638957977295,16584500,
2016-03-31,11.0,11.199999809265137,10.800000190734863,10.899999618530273,8.120889663696289,7933800,
2016-04-01,10.899999618530273,11.0,10.699999809265137,10.800000190734863,8.04638957977295,4858900,
2016-04-04,11.0,11.100000381469727,10.899999618530273,11.0,8.195395469665527,10497200,
2016-04-05,11.0,11.100000381469727,10.800000190734863,10.899999618530273,8.120889663696289,5901700,
2016-04-07,10.800000190734863,11.0,10.5,10.699999809265137,7.971883773803711,6668300,
2016-04-08,10.800000190734863,11.199999809265137,10.600000381469727,11.0,8.195395469665527,13708300,
2016-04-11,10.899999618530273,11.0,10.699999809265137,10.800000190734863,8.04638957977295,4488200,
2016-04-12,10.800000190734863,10.899999618530273,10.699999809265137,10.800000190734863,8.04638957977295,10135900,
2016-04-18,10.800000190734863,11.100000381469727,10.699999809265137,11.0,8.195395469665527,15070300,
2016-04-19,11.0,11.199999809265137,10.899999618530273,11.0,8.195395469665527,21577700,
2016-04-20,11.100000381469727,11.100000381469727,10.699999809265137,10.899999618530273,8.120889663696289,9383700,
2016-04-21,10.899999618530273,11.0,10.699999809265137,10.699999809265137,7.971883773803711,2862700,
2016-04-22,10.699999809265137,10.800000190734863,10.600000381469727,10.600000381469727,7.897380828857422,5238200,
2016-04-25,10.600000381469727,10.699999809265137,10.100000381469727,10.100000381469727,7.524863243103027,8773700,
2016-04-26,10.0,10.5,9.949999809265137,10.300000190734863,7.673870086669922,23256900,
2016-04-27,10.300000190734863,10.899999618530273,10.300000190734863,10.800000190734863,8.04638957977295,16890400,
2016-04-28,10.800000190734863,10.800000190734863,10.300000190734863,10.5,7.822876930236816,7025300,
2016-04-29,10.399999618530273,10.5,9.949999809265137,10.300000190734863,7.673870086669922,18455000,
2016-05-03,10.300000190734863,10.5,10.0,10.199999809265137,7.599366188049316,10418200,
2016-05-04,10.100000381469727,10.199999809265137,10.100000381469727,10.100000381469727,7.576861381530762,1624400,0.07
2016-05-09,10.100000381469727,10.300000190734863,10.100000381469727,10.300000190734863,7.726897716522217,4281900,
2016-05-10,10.199999809265137,10.199999809265137,10.100000381469727,10.199999809265137,7.651879787445068,1330800,
2016-05-11,10.100000381469727,10.300000190734863,10.0,10.100000381469727,7.576861381530762,10229300,
2016-05-12,10.100000381469727,10.399999618530273,10.100000381469727,10.399999618530273,7.801916122436523,6839000,
2016-05-13,10.399999618530273,10.399999618530273,10.0,10.100000381469727,7.576861381530762,5987600,
2016-05-16,10.199999809265137,10.300000190734863,10.100000381469727,10.199999809265137,7.651879787445068,7244200,
2016-05-17,10.199999809265137,10.5,10.199999809265137,10.5,7.87693452835083,6928600,
2016-05-18,10.5,10.5,10.300000190734863,10.300000190734863,7.726897716522217,1905700,
2016-05-19,10.399999618530273,10.5,10.300000190734863,10.5,7.87693452835083,4643800,
2016-05-23,10.5,10.5,10.300000190734863,10.5,7.87693452835083,3729100,
2016-05-24,10.5,10.600000381469727,10.399999618530273,10.399999618530273,7.801916122436523,3100200,
2016-05-25,10.600000381469727,11.0,10.600000381469727,10.699999809265137,8.026970863342285,17878300,
2016-05-26,10.699999809265137,11.0,10.600000381469727,10.899999618530273,8.177006721496582,15700800,
2016-05-27,11.0,11.699999809265137,11.0,11.199999809265137,8.402063369750977,42589100,
2016-05-30,11.300000190734863,11.399999618530273,10.899999618530273,11.0,8.25202751159668,9077300,
2016-05-31,11.0,11.199999809265137,10.800000190734863,10.899999618530273,8.177006721496582,12614300,
2016-06-01,11.199999809265137,11.699999809265137,11.199999809265137,11.5,8.627119064331055,38441900,
2016-06-02,11.699999809265137,12.199999809265137,11.699999809265137,12.100000381469727,9.077227592468262,37783700,
2016-06-03,11.899999618530273,12.399999618530273,11.800000190734863,12.399999618530273,9.302285194396973,20226900,
2016-06-06,12.5,12.699999809265137,12.0,12.699999809265137,9.52734088897705,17577700,
2016-06-07,12.600000381469727,12.699999809265137,12.100000381469727,12.199999809265137,9.15224838256836,8695600,
2016-06-08,12.399999618530273,12.399999618530273,11.899999618530273,12.199999809265137,9.15224838256836,14096100,
2016-06-09,12.199999809265137,12.5,12.100000381469727,12.199999809265137,9.15224838256836,6837400,
2016-06-10,12.300000190734863,12.399999618530273,12.199999809265137,12.300000190734863,9.227267265319824,4810700,
2016-06-13,12.300000190734863,12.600000381469727,12.0,12.600000381469727,9.452322959899902,11880200,
2016-06-14,12.5,12.600000381469727,12.199999809265137,12.199999809265137,9.15224838256836,4907500,
2016-06-15,12.199999809265137,12.399999618530273,12.199999809265137,12.300000190734863,9.227267265319824,1702200,
2016-06-16,12.300000190734863,12.399999618530273,12.199999809265137,12.300000190734863,9.227267265319824,5140100,
2016-06-17,12.300000190734863,12.5,12.199999809265137,12.399999618530273,9.302285194396973,7418000,
2016-06-20,12.399999618530273,12.600000381469727,12.300000190734863,12.5,9.377302169799805,8355900,
2016-06-21,12.5,12.600000381469727,12.199999809265137,12.199999809265137,9.15224838256836,10192800,
2016-06-22,12.300000190734863,12.300000190734863,12.0,12.100000381469727,9.077227592468262,6029900,
2016-06-23,12.0,12.199999809265137,11.800000190734863,12.100000381469727,9.077227592468262,8516200,
2016-06-24,11.800000190734863,12.199999809265137,11.800000190734863,12.199999809265137,9.15224838256836,13838900,
2016-06-27,12.0,12.600000381469727,12.0,12.399999618530273,9.302285194396973,10875900,
2016-06-28,12.5,13.0,12.300000190734863,12.600000381469727,9.452322959899902,23233500,
2016-06-29,12.600000381469727,12.699999809265137,12.399999618530273,12.399999618530273,9.302285194396973,14999600,
2016-06-30,12.399999618530273,12.5,12.0,12.399999618530273,9.302285194396973,15793100,
2016-07-04,12.300000190734863,12.399999618530273,12.100000381469727,12.399999618530273,9.302285194396973,5878500,
2016-07-05,12.300000190734863,12.300000190734863,11.899999618530273,12.0,9.002213478088379,17406500,
2016-07-06,12.0,12.399999618530273,12.0,12.300000190734863,9.227267265319824,11746300,
2016-07-07,12.199999809265137,12.300000190734863,12.100000381469727,12.199999809265137,9.15224838256836,16879000,
2016-07-08,12.199999809265137,12.5,12.199999809265137,12.300000190734863,9.227267265319824,19418900,
2016-07-11,12.5,12.699999809265137,12.399999618530273,12.600000381469727,9.452322959899902,23050600,
2016-07-12,12.5,12.699999809265137,12.5,12.600000381469727,9.452322959899902,12438900,
2016-07-13,12.600000381469727,12.699999809265137,12.199999809265137,12.199999809265137,9.15224838256836,13728800,
2016-07-14,12.300000190734863,12.399999618530273,12.199999809265137,12.300000190734863,9.227267265319824,7911600,
2016-07-15,12.300000190734863,12.600000381469727,12.199999809265137,12.5,9.377302169799805,10397300,
2016-07-20,12.5,12.5,12.199999809265137,12.300000190734863,9.227267265319824,14735200,
2016-07-21,12.300000190734863,12.399999618530273,12.199999809265137,12.199999809265137,9.15224838256836,3761700,
2016-07-22,12.300000190734863,12.300000190734863,12.100000381469727,12.199999809265137,9.15224838256836,4493700,
2016-07-25,12.300000190734863,12.5,12.199999809265137,12.399999618530273,9.302285194396973,11156800,
2016-07-26,12.399999618530273,12.600000381469727,12.399999618530273,12.5,9.377302169799805,10742100,
2016-07-27,12.600000381469727,13.600000381469727,12.600000381469727,13.300000190734863,9.97745132446289,47643700,
2016-07-28,13.300000190734863,13.600000381469727,13.199999809265137,13.300000190734863,9.97745132446289,20874000,
2016-07-29,13.399999618530273,13.5,12.899999618530273,13.100000381469727,9.827412605285645,12346500,
2016-08-01,13.100000381469727,13.399999618530273,12.699999809265137,12.699999809265137,9.52734088897705,13017500,
2016-08-02,12.600000381469727,12.600000381469727,12.399999618530273,12.399999618530273,9.302285194396973,13492700,
2016-08-03,12.300000190734863,12.600000381469727,12.199999809265137,12.600000381469727,9.452322959899902,8678600,
2016-08-04,12.5,12.800000190734863,12.5,12.699999809265137,9.52734088897705,5272300,
2016-08-05,12.800000190734863,13.0,12.699999809265137,12.899999618530273,9.677375793457031,15222900,
2016-08-08,13.0,13.199999809265137,12.899999618530273,13.0,9.752396583557129,9777500,
2016-08-09,12.899999618530273,13.0,12.5,12.699999809265137,9.52734088897705,16317500,
2016-08-10,12.699999809265137,12.899999618530273,12.600000381469727,12.600000381469727,9.452322959899902,7041500,
2016-08-11,12.600000381469727,12.600000381469727,11.800000190734863,12.100000381469727,9.077227592468262,35972100,
2016-08-15,11.899999618530273,12.399999618530273,11.899999618530273,12.100000381469727,9.077227592468262,13478700,
2016-08-16,12.5,12.699999809265137,11.899999618530273,12.0,9.002213478088379,25620700,
2016-08-17,11.899999618530273,12.100000381469727,11.800000190734863,11.899999618530273,8.927192687988281,9135600,
2016-08-18,12.0,12.100000381469727,11.5,11.800000190734863,8.8521728515625,22919800,
2016-08-19,11.800000190734863,12.100000381469727,11.800000190734863,12.100000381469727,9.077227592468262,9010400,
2016-08-22,11.899999618530273,12.0,11.600000381469727,11.800000190734863,8.8521728515625,10114000,
2016-08-23,11.699999809265137,11.699999809265137,11.5,11.699999809265137,8.777156829833984,7846100,
2016-08-24,11.600000381469727,11.800000190734863,11.600000381469727,11.699999809265137,8.777156829833984,4235000,
2016-08-25,11.699999809265137,11.899999618530273,11.5,11.5,8.627119064331055,10720300,
2016-08-26,11.600000381469727,11.600000381469727,11.199999809265137,11.600000381469727,8.755431175231934,17306700,0.07
2016-08-29,11.5,11.5,11.300000190734863,11.399999618530273,8.604475021362305,9253200,
2016-08-30,11.5,11.699999809265137,11.399999618530273,11.600000381469727,8.755431175231934,7597400,
2016-08-31,11.600000381469727,11.800000190734863,11.399999618530273,11.800000190734863,8.90638542175293,11263200,
2016-09-01,11.800000190734863,12.0,11.699999809265137,11.699999809265137,8.830909729003906,17956200,
2016-09-02,11.600000381469727,11.699999809265137,11.199999809265137,11.399999618530273,8.604475021362305,13029700,
2016-09-05,11.399999618530273,11.5,10.399999618530273,11.399999618530273,8.604475021362305,28705500,
2016-09-06,11.300000190734863,11.5,11.199999809265137,11.300000190734863,8.528996467590332,4420400,
2016-09-07,11.399999618530273,11.699999809265137,11.199999809265137,11.399999618530273,8.604475021362305,13366900,
2016-09-08,11.300000190734863,11.399999618530273,10.899999618530273,11.399999618530273,8.604475021362305,18081700,
2016-09-09,11.199999809265137,11.199999809265137,10.600000381469727,11.100000381469727,8.378042221069336,16778900,
2016-09-12,10.699999809265137,11.0,10.300000190734863,10.300000190734863,7.77421760559082,9754500,
2016-09-13,10.699999809265137,11.100000381469727,10.699999809265137,10.800000190734863,8.151607513427734,16029800,
2016-09-14,10.800000190734863,11.300000190734863,10.5,11.199999809265137,8.453518867492676,16449900,
2016-09-15,11.399999618530273,11.699999809265137,11.399999618530273,11.5,8.679951667785645,17059000,
2016-09-16,11.600000381469727,11.800000190734863,11.600000381469727,11.800000190734863,8.90638542175293,13674700,
2016-09-19,11.800000190734863,11.899999618530273,11.600000381469727,11.699999809265137,8.830909729003906,8088100,
2016-09-20,11.699999809265137,11.800000190734863,11.5,11.600000381469727,8.755431175231934,5520500,
2016-09-21,11.800000190734863,11.899999618530273,11.600000381469727,11.699999809265137,8.830909729003906,7051300,
2016-09-22,11.899999618530273,12.199999809265137,11.800000190734863,11.800000190734863,8.90638542175293,14292300,
2016-09-23,11.800000190734863,12.0,11.600000381469727,12.0,9.057343482971191,8445200,
2016-09-26,11.699999809265137,12.100000381469727,11.699999809265137,11.800000190734863,8.90638542175293,6346400,
2016-09-27,11.800000190734863,12.399999618530273,11.800000190734863,12.399999618530273,9.359251976013184,18276100,
2016-09-28,12.5,12.699999809265137,12.0,12.199999809265137,9.208297729492188,14544200,
2016-09-29,12.5,12.5,12.199999809265137,12.300000190734863,9.283777236938477,5947000,
2016-09-30,12.199999809265137,12.399999618530273,12.100000381469727,12.100000381469727,9.132819175720215,7393000,
2016-10-03,12.300000190734863,12.5,12.199999809265137,12.300000190734863,9.283777236938477,6023700,
2016-10-04,12.300000190734863,12.5,12.300000190734863,12.399999618530273,9.359251976013184,6325900,
2016-10-05,12.5,12.5,12.100000381469727,12.300000190734863,9.283777236938477,6869900,
2016-10-06,12.300000190734863,12.300000190734863,12.100000381469727,12.199999809265137,9.208297729492188,4297100,
2016-10-07,12.199999809265137,12.5,12.0,12.5,9.434730529785156,12545800,
2016-10-10,11.5,12.300000190734863,11.5,12.0,9.057343482971191,33418000,
2016-10-11,12.100000381469727,12.100000381469727,11.600000381469727,11.800000190734863,8.90638542175293,9531700,
2016-10-12,11.600000381469727,11.800000190734863,10.899999618530273,11.5,8.679951667785645,23880000,
2016-10-13,11.300000190734863,11.699999809265137,11.100000381469727,11.699999809265137,8.830909729003906,11055600,
2016-10-14,12.300000190734863,12.399999618530273,11.899999618530273,12.100000381469727,9.132819175720215,16208700,
2016-10-17,12.199999809265137,12.800000190734863,12.100000381469727,12.600000381469727,9.510209083557129,14564800,
2016-10-18,12.699999809265137,12.899999618530273,12.399999618530273,12.699999809265137,9.585687637329102,10727700,
2016-10-19,12.699999809265137,12.800000190734863,12.399999618530273,12.5,9.434730529785156,13809700,
2016-10-20,12.600000381469727,12.600000381469727,12.300000190734863,12.600000381469727,9.510209083557129,5840000,
2016-10-21,12.600000381469727,12.699999809265137,12.399999618530273,12.600000381469727,9.510209083557129,7572900,
2016-10-25,12.699999809265137,13.0,12.600000381469727,12.800000190734863,9.661166191101074,10070700,
2016-10-26,13.0,13.0,12.600000381469727,12.699999809265137,9.585687637329102,5494800,
2016-10-27,12.600000381469727,12.800000190734863,12.600000381469727,12.699999809265137,9.585687637329102,6213700,
2016-10-28,12.800000190734863,13.300000190734863,12.699999809265137,12.899999618530273,9.73664379119873,17531700,
2016-10-31,13.100000381469727,13.199999809265137,12.899999618530273,13.199999809265137,9.9630765914917,10529500,
2016-11-01,13.199999809265137,13.300000190734863,12.899999618530273,13.0,9.812121391296387,9839900,
2016-11-02,13.0,13.300000190734863,12.899999618530273,13.0,9.812121391296387,10675400,
2016-11-03,13.0,13.600000381469727,13.0,13.0,9.812121391296387,26198300,
2016-11-04,13.100000381469727,13.199999809265137,12.699999809265137,13.199999809265137,9.9630765914917,11532300,
2016-11-07,13.199999809265137,13.600000381469727,13.100000381469727,13.600000381469727,10.264986038208008,13863100,
2016-11-08,13.600000381469727,13.899999618530273,13.399999618530273,13.399999618530273,10.114031791687012,19717200,
2016-11-09,13.199999809265137,13.600000381469727,13.199999809265137,13.399999618530273,10.114031791687012,14065700,
2016-11-10,13.600000381469727,13.800000190734863,13.300000190734863,13.600000381469727,10.264986038208008,9210300,
2016-11-11,13.600000381469727,13.600000381469727,13.199999809265137,13.300000190734863,10.038554191589355,11719200,
2016-11-14,13.300000190734863,13.5,13.0,13.300000190734863,10.038554191589355,9594300,
2016-11-15,13.5,13.600000381469727,13.100000381469727,13.399999618530273,10.114031791687012,17142600,
2016-11-16,13.600000381469727,14.0,13.399999618530273,13.800000190734863,10.415943145751953,30895300,
2016-11-17,14.0,14.0,13.600000381469727,13.699999809265137,10.340463638305664,10495800,
2016-11-18,13.800000190734863,13.800000190734863,13.300000190734863,13.5,10.189509391784668,12529700,
2016-11-21,13.5,13.699999809265137,13.300000190734863,13.399999618530273,10.114031791687012,8416000,
2016-11-22,13.5,13.699999809265137,13.300000190734863,13.5,10.189509391784668,11254000,
2016-11-23,13.600000381469727,14.100000381469727,13.399999618530273,14.0,10.566899299621582,19162500,
2016-11-24,14.0,14.0,13.600000381469727,13.800000190734863,10.415943145751953,12345300,
2016-11-25,13.800000190734863,13.899999618530273,13.5,13.600000381469727,10.264986038208008,8081900,
2016-11-28,13.600000381469727,13.800000190734863,13.5,13.600000381469727,10.264986038208008,7153900,
2016-11-29,13.600000381469727,13.800000190734863,13.600000381469727,13.600000381469727,10.264986038208008,7855300,
2016-11-30,13.699999809265137,14.300000190734863,13.699999809265137,14.100000381469727,10.642379760742188,25869800,
2016-12-01,14.199999809265137,14.899999618530273,14.199999809265137,14.800000190734863,11.170722961425781,25624200,
2016-12-02,14.800000190734863,15.0,14.5,14.899999618530273,11.246200561523438,7886300,
2016-12-06,15.0,15.199999809265137,14.600000381469727,15.0,11.32167911529541,15855800,
2016-12-07,15.0,15.199999809265137,14.300000190734863,14.5,10.94428825378418,25459300,
2016-12-08,14.699999809265137,14.899999618530273,14.600000381469727,14.699999809265137,11.095244407653809,11319700,
2016-12-09,14.800000190734863,14.800000190734863,14.5,14.5,10.94428825378418,9208800,
2016-12-13,14.600000381469727,14.699999809265137,14.399999618530273,14.5,10.94428825378418,9431200,
2016-12-14,14.399999618530273,14.399999618530273,13.899999618530273,14.100000381469727,10.642379760742188,19290100,
2016-12-15,14.100000381469727,14.5,14.0,14.300000190734863,10.7933349609375,9310900,
2016-12-16,14.399999618530273,14.5,14.199999809265137,14.300000190734863,10.7933349609375,5305500,
2016-12-19,14.300000190734863,14.300000190734863,14.0,14.199999809265137,10.717855453491211,7126400,
2016-12-20,14.199999809265137,14.300000190734863,13.899999618530273,14.100000381469727,10.642379760742188,12758100,
2016-12-21,14.100000381469727,14.300000190734863,14.100000381469727,14.199999809265137,10.717855453491211,9010100,
2016-12-22,14.199999809265137,14.300000190734863,14.100000381469727,14.100000381469727,10.642379760742188,2671700,
2016-12-23,14.100000381469727,14.300000190734863,14.0,14.300000190734863,10.7933349609375,7998300,
2016-12-26,14.300000190734863,14.399999618530273,14.100000381469727,14.300000190734863,10.7933349609375,7033600,
2016-12-27,14.300000190734863,14.399999618530273,14.199999809265137,14.300000190734863,10.7933349609375,5619400,
2016-12-28,14.300000190734863,14.899999618530273,14.300000190734863,14.600000381469727,11.019766807556152,10504800,
2016-12-29,14.600000381469727,14.699999809265137,14.300000190734863,14.399999618530273,10.868809700012207,7534000,
2016-12-30,14.5,14.899999618530273,14.5,14.800000190734863,11.170722961425781,10508600,
2017-01-04,14.899999618530273,15.0,14.699999809265137,14.800000190734863,11.170722961425781,5072100,
2017-01-05,15.0,15.5,14.899999618530273,15.100000381469727,11.397156715393066,21549300,
2017-01-06,15.0,15.100000381469727,14.699999809265137,15.0,11.32167911529541,8640800,
2017-01-09,15.0,15.300000190734863,15.0,15.300000190734863,11.548112869262695,8548800,
2017-01-10,15.399999618530273,15.600000381469727,15.199999809265137,15.600000381469727,11.774545669555664,8503500,
2017-01-11,15.600000381469727,15.800000190734863,15.5,15.699999809265137,11.85002326965332,11961600,
2017-01-12,15.699999809265137,15.699999809265137,15.300000190734863,15.300000190734863,11.548112869262695,3488600,
2017-01-16,15.399999618530273,15.399999618530273,15.0,15.199999809265137,11.472637176513672,3126400,
2017-01-17,15.100000381469727,15.300000190734863,15.0,15.0,11.32167911529541,3390600,
2017-01-18,15.199999809265137,15.399999618530273,15.0,15.399999618530273,11.623588562011719,8332800,
2017-01-19,15.399999618530273,15.5,15.100000381469727,15.199999809265137,11.472637176513672,5436400,
2017-01-20,15.199999809265137,16.100000381469727,15.199999809265137,15.699999809265137,11.85002326965332,14630200,
2017-01-23,15.600000381469727,15.699999809265137,15.199999809265137,15.399999618530273,11.623588562011719,8906800,
2017-01-24,15.399999618530273,15.600000381469727,15.199999809265137,15.399999618530273,11.623588562011719,5714800,
2017-01-25,15.399999618530273,15.5,15.100000381469727,15.199999809265137,11.472637176513672,5787000,
2017-01-26,15.199999809265137,15.399999618530273,14.899999618530273,14.899999618530273,11.246200561523438,8275100,
2017-01-27,14.899999618530273,14.899999618530273,14.399999618530273,14.699999809265137,11.095244407653809,18194700,
2017-01-30,14.600000381469727,14.699999809265137,14.300000190734863,14.600000381469727,11.019766807556152,15036800,
2017-01-31,14.600000381469727,14.800000190734863,14.5,14.800000190734863,11.170722961425781,5272700,
2017-02-01,14.899999618530273,15.199999809265137,13.699999809265137,14.0,10.566899299621582,51675600,
2017-02-02,14.0,14.100000381469727,13.399999618530273,13.5,10.189509391784668,58469200,
2017-02-03,13.600000381469727,14.0,13.600000381469727,14.0,10.566899299621582,24258600,
2017-02-06,14.0,14.100000381469727,13.899999618530273,13.899999618530273,10.491421699523926,7724200,
2017-02-07,14.0,14.0,13.600000381469727,13.699999809265137,10.340463638305664,9161700,
2017-02-08,13.699999809265137,13.699999809265137,13.0,13.300000190734863,10.038554191589355,28609900,
2017-02-09,13.300000190734863,13.399999618530273,13.199999809265137,13.300000190734863,10.038554191589355,12966000,
2017-02-10,13.5,13.899999618530273,13.399999618530273,13.899999618530273,10.491421699523926,14757700,
2017-02-14,13.800000190734863,14.100000381469727,13.600000381469727,14.0,10.566899299621582,11454300,
2017-02-15,14.100000381469727,14.199999809265137,13.800000190734863,13.899999618530273,10.491421699523926,6933000,
2017-02-16,13.800000190734863,14.100000381469727,13.800000190734863,13.800000190734863,10.415943145751953,3558600,
2017-02-17,13.800000190734863,14.199999809265137,13.800000190734863,14.199999809265137,10.717855453491211,6107200,
2017-02-20,14.199999809265137,14.199999809265137,13.800000190734863,14.0,10.566899299621582,8939300,
2017-02-21,13.899999618530273,13.899999618530273,13.5,13.699999809265137,10.340463638305664,11549500,
2017-02-22,13.699999809265137,13.800000190734863,13.399999618530273,13.600000381469727,10.264986038208008,6815200,
2017-02-23,13.600000381469727,14.0,13.5,13.800000190734863,10.415943145751953,9638100,
2017-02-24,13.800000190734863,14.0,13.600000381469727,13.600000381469727,10.264986038208008,3602200,
2017-02-27,13.600000381469727,13.800000190734863,13.5,13.600000381469727,10.264986038208008,2817400,
2017-02-28,13.600000381469727,13.600000381469727,12.600000381469727,13.0,9.812121391296387,31140900,
2017-03-01,12.800000190734863,13.199999809265137,12.600000381469727,12.800000190734863,9.661166191101074,29276600,
2017-03-02,12.899999618530273,13.100000381469727,12.800000190734863,13.0,9.812121391296387,7681900,
2017-03-03,13.0,13.0,12.699999809265137,12.800000190734863,9.661166191101074,8782300,
2017-03-06,12.899999618530273,13.0,12.699999809265137,12.699999809265137,9.585687637329102,10109600,
2017-03-07,12.699999809265137,12.899999618530273,12.699999809265137,12.800000190734863,9.661166191101074,8997300,
2017-03-08,12.800000190734863,12.899999618530273,12.399999618530273,12.600000381469727,9.510209083557129,12090300,
2017-03-09,12.600000381469727,12.699999809265137,12.300000190734863,12.399999618530273,9.359251976013184,9955700,
2017-03-10,12.399999618530273,12.800000190734863,12.199999809265137,12.600000381469727,9.510209083557129,7101100,
2017-03-13,12.5,12.600000381469727,12.100000381469727,12.100000381469727,9.132819175720215,8946100,
2017-03-14,12.100000381469727,12.899999618530273,12.100000381469727,12.699999809265137,9.585687637329102,9488800,
2017-03-15,12.699999809265137,13.100000381469727,12.600000381469727,13.100000381469727,9.887598037719727,11589900,
2017-03-16,13.0,13.100000381469727,12.800000190734863,12.899999618530273,9.73664379119873,7887600,
2017-03-17,12.899999618530273,13.100000381469727,12.800000190734863,13.100000381469727,9.887598037719727,6516300,
2017-03-20,13.100000381469727,13.600000381469727,13.100000381469727,13.600000381469727,10.264986038208008,20656300,
2017-03-21,13.5,13.5,13.100000381469727,13.5,10.189509391784668,13422400,
2017-03-22,13.300000190734863,13.5,13.100000381469727,13.199999809265137,9.9630765914917,5286200,
2017-03-23,13.300000190734863,13.399999618530273,13.100000381469727,13.199999809265137,9.9630765914917,4284600,
2017-03-24,13.300000190734863,13.300000190734863,12.800000190734863,13.0,9.812121391296387,8031500,
2017-03-27,12.899999618530273,13.100000381469727,12.800000190734863,12.899999618530273,9.73664379119873,8253400,
2017-03-28,12.899999618530273,13.300000190734863,12.899999618530273,13.199999809265137,9.9630765914917,4758700,
2017-03-29,13.300000190734863,13.300000190734863,12.899999618530273,13.199999809265137,9.9630765914917,6225900,
2017-03-30,13.199999809265137,13.300000190734863,13.0,13.100000381469727,9.887598037719727,5627500,
2017-03-31,13.100000381469727,13.300000190734863,13.0,13.0,9.812121391296387,4728400,
2017-04-03,13.0,13.199999809265137,13.0,13.100000381469727,9.887598037719727,7028700,
2017-04-04,13.0,13.199999809265137,13.0,13.100000381469727,9.887598037719727,2899800,
2017-04-05,13.100000381469727,13.199999809265137,12.899999618530273,13.0,9.812121391296387,4658600,
2017-04-07,13.0,13.100000381469727,13.0,13.100000381469727,9.887598037719727,1334100,
2017-04-10,13.100000381469727,13.300000190734863,13.0,13.100000381469727,9.887598037719727,4187600,
2017-04-11,13.100000381469727,13.100000381469727,13.0,13.0,9.812121391296387,3370300,
2017-04-12,13.100000381469727,13.199999809265137,13.0,13.0,9.812121391296387,3284400,
2017-04-17,13.0,13.100000381469727,13.0,13.0,9.812121391296387,2455700,
2017-04-18,13.0,13.199999809265137,12.899999618530273,13.0,9.812121391296387,9366600,
2017-04-19,13.0,13.100000381469727,12.899999618530273,13.0,9.812121391296387,4924400,
2017-04-20,13.100000381469727,13.100000381469727,12.899999618530273,13.0,9.812121391296387,7890100,
2017-04-21,13.0,13.300000190734863,12.899999618530273,13.300000190734863,10.038554191589355,7505500,
2017-04-24,13.300000190734863,13.600000381469727,13.300000190734863,13.5,10.189509391784668,11973300,
2017-04-25,13.5,13.5,13.199999809265137,13.300000190734863,10.038554191589355,4369500,
2017-04-26,13.300000190734863,13.300000190734863,13.100000381469727,13.300000190734863,10.038554191589355,5721000,
2017-04-27,13.300000190734863,13.300000190734863,13.100000381469727,13.100000381469727,9.887598037719727,2267500,
2017-04-28,13.199999809265137,13.199999809265137,13.100000381469727,13.100000381469727,9.887598037719727,1484000,
2017-05-02,13.100000381469727,13.199999809265137,13.100000381469727,13.100000381469727,9.887598037719727,1697400,
2017-05-03,13.100000381469727,13.300000190734863,13.100000381469727,13.100000381469727,9.887598037719727,1681300,
2017-05-04,13.100000381469727,13.300000190734863,13.100000381469727,13.199999809265137,9.9630765914917,3196300,
2017-05-08,13.199999809265137,13.199999809265137,12.899999618530273,13.100000381469727,9.963075637817383,7509600,0.1
2017-05-09,13.0,13.0,12.899999618530273,13.0,9.887022972106934,2953600,
2017-05-11,12.899999618530273,13.199999809265137,12.899999618530273,13.0,9.887022972106934,8275500,
2017-05-12,13.0,13.0,12.899999618530273,13.0,9.887022972106934,3530500,
2017-05-15,12.800000190734863,12.800000190734863,12.800000190734863,12.800000190734863,9.734915733337402,789700,
2017-05-16,12.800000190734863,12.899999618530273,12.600000381469727,12.699999809265137,9.65886116027832,7570600,
2017-05-17,12.699999809265137,12.699999809265137,11.899999618530273,12.300000190734863,9.354645729064941,21054700,
2017-05-18,12.199999809265137,12.199999809265137,12.0,12.100000381469727,9.202535629272461,9111300,
2017-05-19,12.100000381469727,12.300000190734863,12.0,12.199999809265137,9.278590202331543,9015700,
2017-05-22,12.100000381469727,12.199999809265137,11.800000190734863,11.899999618530273,9.050426483154297,8835900,
2017-05-23,11.899999618530273,12.399999618530273,11.800000190734863,12.199999809265137,9.278590202331543,9345800,
2017-05-24,12.199999809265137,12.300000190734863,12.100000381469727,12.100000381469727,9.202535629272461,2705300,
2017-05-25,12.199999809265137,12.300000190734863,11.899999618530273,12.100000381469727,9.202535629272461,8329200,
2017-05-26,12.300000190734863,12.5,12.199999809265137,12.399999618530273,9.430696487426758,17676700,
2017-05-29,12.399999618530273,12.399999618530273,12.199999809265137,12.399999618530273,9.430696487426758,3270300,
2017-05-30,12.399999618530273,12.399999618530273,12.300000190734863,12.300000190734863,9.354645729064941,1216900,
2017-05-31,12.399999618530273,12.5,12.300000190734863,12.399999618530273,9.430696487426758,3210800,
2017-06-01,12.300000190734863,12.5,12.100000381469727,12.5,9.50675106048584,7888000,
2017-06-02,12.600000381469727,13.199999809265137,12.600000381469727,13.0,9.887022972106934,20976500,
2017-06-05,13.0,13.100000381469727,12.899999618530273,13.0,9.887022972106934,9370100,
2017-06-06,13.0,13.600000381469727,12.899999618530273,13.5,10.267292022705078,19040900,
2017-06-07,13.699999809265137,14.199999809265137,13.5,13.899999618530273,10.571508407592773,33322600,
2017-06-08,13.800000190734863,13.899999618530273,13.600000381469727,13.800000190734863,10.495453834533691,9049100,
2017-06-09,13.800000190734863,13.800000190734863,13.199999809265137,13.600000381469727,10.343344688415527,11978900,
2017-06-12,13.600000381469727,13.699999809265137,13.5,13.5,10.267292022705078,2644400,
2017-06-13,13.5,13.699999809265137,13.300000190734863,13.300000190734863,10.11518383026123,5578800,
2017-06-14,13.5,13.899999618530273,13.399999618530273,13.699999809265137,10.419398307800293,9827200,
2017-06-15,13.800000190734863,13.899999618530273,13.5,13.699999809265137,10.419398307800293,6588800,
2017-06-16,13.699999809265137,13.800000190734863,13.5,13.600000381469727,10.343344688415527,4073900,
2017-06-19,13.600000381469727,13.600000381469727,13.399999618530273,13.399999618530273,10.191238403320312,4260300,
2017-06-20,13.399999618530273,13.800000190734863,13.399999618530273,13.5,10.267292022705078,5935100,
2017-06-21,13.5,13.699999809265137,13.399999618530273,13.600000381469727,10.343344688415527,1984700,
2017-06-22,13.600000381469727,13.699999809265137,13.399999618530273,13.5,10.267292022705078,2804900,
2017-06-23,13.5,13.899999618530273,13.399999618530273,13.600000381469727,10.343344688415527,7189200,
2017-06-26,13.600000381469727,13.899999618530273,13.600000381469727,13.800000190734863,10.495453834533691,4057400,
2017-06-27,13.899999618530273,14.0,13.600000381469727,13.699999809265137,10.419398307800293,5935300,
2017-06-28,13.699999809265137,13.899999618530273,13.300000190734863,13.600000381469727,10.343344688415527,7111800,
2017-06-29,13.5,13.800000190734863,13.5,13.699999809265137,10.419398307800293,5515800,
2017-06-30,13.600000381469727,13.699999809265137,13.300000190734863,13.600000381469727,10.343344688415527,4661200,
2017-07-03,13.399999618530273,13.699999809265137,13.399999618530273,13.600000381469727,10.343344688415527,4711400,
2017-07-04,13.600000381469727,13.699999809265137,13.5,13.5,10.267292022705078,3843600,
2017-07-05,13.5,13.600000381469727,13.399999618530273,13.5,10.267292022705078,3258400,
2017-07-06,13.399999618530273,13.5,13.100000381469727,13.199999809265137,10.039130210876465,8740600,
2017-07-07,13.199999809265137,13.399999618530273,13.100000381469727,13.300000190734863,10.11518383026123,14867400,
2017-07-11,13.199999809265137,13.300000190734863,13.100000381469727,13.199999809265137,10.039130210876465,7276500,
2017-07-12,13.199999809265137,13.199999809265137,12.800000190734863,13.0,9.887022972106934,5168100,
2017-07-13,13.0,13.0,12.699999809265137,12.899999618530273,9.810969352722168,6509400,
2017-07-14,12.899999618530273,13.199999809265137,12.899999618530273,13.0,9.887022972106934,8509200,
2017-07-17,13.0,13.800000190734863,13.0,13.5,10.267292022705078,20290700,
2017-07-18,13.5,13.699999809265137,13.5,13.600000381469727,10.343344688415527,5997300,
2017-07-19,13.699999809265137,13.699999809265137,13.399999618530273,13.5,10.267292022705078,4316100,
2017-07-20,13.600000381469727,13.600000381469727,13.5,13.5,10.267292022705078,4240300,
2017-07-21,13.5,14.100000381469727,13.5,14.100000381469727,10.72361946105957,19306700,
2017-07-24,14.199999809265137,14.699999809265137,14.100000381469727,14.300000190734863,10.875726699829102,21720700,
2017-07-25,13.899999618530273,14.100000381469727,13.800000190734863,14.100000381469727,10.72361946105957,14205700,
2017-07-26,14.100000381469727,14.300000190734863,13.899999618530273,14.300000190734863,10.875726699829102,6283900,
2017-07-27,14.300000190734863,14.300000190734863,14.0,14.300000190734863,10.875726699829102,9116000,
2017-07-31,14.399999618530273,14.399999618530273,13.800000190734863,14.0,10.647562980651855,11329000,
2017-08-01,14.0,14.300000190734863,13.899999618530273,14.0,10.647562980651855,8188000,
2017-08-02,14.0,14.199999809265137,14.0,14.100000381469727,10.72361946105957,7252900,
2017-08-03,14.199999809265137,14.600000381469727,14.100000381469727,14.399999618530273,10.951777458190918,20348700,
2017-08-04,14.5,14.5,14.199999809265137,14.300000190734863,10.875726699829102,7774600,
2017-08-07,14.300000190734863,14.300000190734863,13.800000190734863,14.0,10.647562980651855,10468800,
2017-08-08,14.0,14.199999809265137,13.899999618530273,14.100000381469727,10.72361946105957,9058700,
2017-08-09,14.100000381469727,14.100000381469727,13.5,13.600000381469727,10.343344688415527,15060200,
2017-08-10,13.5,13.899999618530273,13.5,13.699999809265137,10.419398307800293,6186700,
2017-08-11,13.600000381469727,13.899999618530273,13.5,13.699999809265137,10.419398307800293,5155400,
2017-08-15,13.699999809265137,13.800000190734863,13.5,13.800000190734863,10.495453834533691,6355500,
2017-08-16,13.800000190734863,14.199999809265137,13.600000381469727,14.100000381469727,10.72361946105957,20973900,
2017-08-17,14.100000381469727,14.199999809265137,14.0,14.100000381469727,10.72361946105957,6189800,
2017-08-18,14.100000381469727,14.100000381469727,13.899999618530273,14.100000381469727,10.72361946105957,4976300,
2017-08-21,14.100000381469727,14.399999618530273,14.0,14.300000190734863,10.875726699829102,5841500,
2017-08-22,14.399999618530273,14.600000381469727,14.300000190734863,14.399999618530273,10.951777458190918,12991800,
2017-08-23,14.399999618530273,14.600000381469727,14.199999809265137,14.300000190734863,10.875726699829102,7692700,
2017-08-24,14.399999618530273,14.699999809265137,14.300000190734863,14.699999809265137,11.179941177368164,13809700,
2017-08-25,14.699999809265137,14.800000190734863,14.300000190734863,14.5,11.02783203125,13006000,
2017-08-28,14.399999618530273,14.399999618530273,14.399999618530273,14.399999618530273,11.012537956237793,741500,0.08
2017-08-29,14.399999618530273,15.0,14.399999618530273,14.800000190734863,11.318442344665527,31621400,
2017-08-30,15.100000381469727,15.199999809265137,14.600000381469727,14.699999809265137,11.241964340209961,17009900,
2017-08-31,14.800000190734863,14.899999618530273,14.600000381469727,14.800000190734863,11.318442344665527,6690700,
2017-09-01,14.899999618530273,14.899999618530273,14.699999809265137,14.699999809265137,11.241964340209961,3079600,
2017-09-04,14.699999809265137,14.800000190734863,14.399999618530273,14.699999809265137,11.241964340209961,6383800,
2017-09-05,14.800000190734863,15.100000381469727,14.800000190734863,14.899999618530273,11.394919395446777,11448000,
2017-09-06,15.0,15.199999809265137,14.800000190734863,15.0,11.471395492553711,8216200,
2017-09-07,15.0,15.100000381469727,14.800000190734863,14.899999618530273,11.394919395446777,10555700,
2017-09-08,14.899999618530273,15.100000381469727,14.800000190734863,14.899999618530273,11.394919395446777,7764100,
2017-09-11,14.899999618530273,15.0,14.5,14.699999809265137,11.241964340209961,6956500,
2017-09-12,14.699999809265137,15.300000190734863,14.5,15.0,11.471395492553711,20773700,
2017-09-13,15.100000381469727,15.199999809265137,14.800000190734863,14.800000190734863,11.318442344665527,16114800,
2017-09-14,14.899999618530273,14.899999618530273,14.600000381469727,14.699999809265137,11.241964340209961,6759700,
2017-09-15,14.800000190734863,15.199999809265137,14.600000381469727,15.0,11.471395492553711,19192300,
2017-09-18,15.100000381469727,15.5,15.100000381469727,15.199999809265137,11.624344825744629,13311200,
2017-09-19,15.199999809265137,15.300000190734863,15.0,15.199999809265137,11.624344825744629,7951300,
2017-09-20,15.100000381469727,15.199999809265137,14.899999618530273,15.199999809265137,11.624344825744629,8504100,
2017-09-21,15.199999809265137,15.399999618530273,15.199999809265137,15.199999809265137,11.624344825744629,6320100,
2017-09-22,15.100000381469727,15.300000190734863,14.800000190734863,15.0,11.471395492553711,9244300,
2017-09-25,15.0,15.199999809265137,15.0,15.0,11.471395492553711,1979100,
2017-09-26,15.100000381469727,15.300000190734863,15.0,15.100000381469727,11.547868728637695,4674100,
2017-09-27,15.199999809265137,15.199999809265137,15.0,15.100000381469727,11.547868728637695,2262600,
2017-09-28,15.100000381469727,15.199999809265137,15.0,15.100000381469727,11.547868728637695,4149400,
2017-09-29,15.100000381469727,15.600000381469727,15.0,15.199999809265137,11.624344825744629,17728200,
2017-10-02,15.199999809265137,15.300000190734863,15.100000381469727,15.199999809265137,11.624344825744629,6086500,
2017-10-03,15.199999809265137,16.100000381469727,15.199999809265137,15.899999618530273,12.159679412841797,38634000,
2017-10-04,16.0,16.200000762939453,15.800000190734863,15.899999618530273,12.159679412841797,12266900,
2017-10-05,16.100000381469727,16.100000381469727,15.899999618530273,15.899999618530273,12.159679412841797,2955100,
2017-10-06,16.100000381469727,16.299999237060547,16.0,16.0,12.236152648925781,6817800,
2017-10-09,16.0,16.100000381469727,16.0,16.0,12.236152648925781,3427500,
2017-10-10,16.100000381469727,16.100000381469727,15.800000190734863,15.899999618530273,12.159679412841797,6498400,
2017-10-11,16.0,16.5,15.899999618530273,16.399999618530273,12.542057037353516,7506200,
2017-10-12,16.600000381469727,16.600000381469727,16.100000381469727,16.399999618530273,12.542057037353516,5481100,
2017-10-16,16.5,16.5,16.5,16.5,12.618532180786133,630500,
2017-10-17,16.5,17.0,16.299999237060547,16.299999237060547,12.465580940246582,12301900,
2017-10-18,16.5,16.5,16.0,16.0,12.236152648925781,6819800,
2017-10-19,16.0,16.100000381469727,15.600000381469727,15.899999618530273,12.159679412841797,11696700,
2017-10-20,15.899999618530273,16.299999237060547,15.699999809265137,16.100000381469727,12.312629699707031,11742600,
2017-10-24,16.0,16.700000762939453,16.0,16.399999618530273,12.542057037353516,7116500,
2017-10-25,16.5,16.600000381469727,16.299999237060547,16.299999237060547,12.465580940246582,7378800,
2017-10-27,16.5,16.600000381469727,16.399999618530273,16.399999618530273,12.542057037353516,3244700,
2017-10-30,16.5,16.899999618530273,16.5,16.700000762939453,12.771483421325684,11691400,
2017-10-31,16.700000762939453,16.700000762939453,16.5,16.5,12.618532180786133,5451100,
2017-11-01,16.5,16.600000381469727,16.399999618530273,16.5,12.618532180786133,4058400,
2017-11-02,16.700000762939453,16.700000762939453,16.299999237060547,16.299999237060547,12.465580940246582,9043500,
2017-11-03,16.299999237060547,16.600000381469727,16.299999237060547,16.5,12.618532180786133,6460600,
2017-11-06,16.5,16.600000381469727,16.399999618530273,16.600000381469727,12.695008277893066,4052100,
2017-11-07,16.700000762939453,17.299999237060547,16.700000762939453,16.899999618530273,12.924436569213867,29432300,
2017-11-08,16.899999618530273,17.200000762939453,16.799999237060547,17.100000381469727,13.077387809753418,19183100,
2017-11-09,16.799999237060547,16.899999618530273,16.200000762939453,16.399999618530273,12.542057037353516,41272200,
2017-11-10,16.399999618530273,16.5,16.200000762939453,16.299999237060547,12.465580940246582,11054200,
2017-11-13,16.299999237060547,16.399999618530273,16.0,16.200000762939453,12.389105796813965,8432000,
2017-11-14,16.200000762939453,16.5,16.100000381469727,16.299999237060547,12.465580940246582,11175900,
2017-11-15,16.200000762939453,16.399999618530273,16.200000762939453,16.299999237060547,12.465580940246582,5708200,
2017-11-16,16.399999618530273,16.399999618530273,16.100000381469727,16.200000762939453,12.389105796813965,2895900,
2017-11-17,16.299999237060547,16.399999618530273,16.100000381469727,16.200000762939453,12.389105796813965,5359900,
2017-11-20,16.299999237060547,16.299999237060547,15.800000190734863,16.0,12.236152648925781,9819700,
2017-11-21,15.699999809265137,15.699999809265137,15.699999809265137,15.699999809265137,12.006725311279297,21566700,
2017-11-22,15.699999809265137,16.0,15.699999809265137,15.800000190734863,12.08320140838623,9693400,
2017-11-23,15.699999809265137,15.800000190734863,15.100000381469727,15.300000190734863,11.700821876525879,13267400,
2017-11-24,15.199999809265137,15.300000190734863,15.0,15.199999809265137,11.624344825744629,6551900,
2017-11-27,15.199999809265137,15.300000190734863,14.600000381469727,15.0,11.471395492553711,12622300,
2017-11-28,15.100000381469727,15.800000190734863,14.899999618530273,15.600000381469727,11.93025016784668,11978400,
2017-11-29,15.800000190734863,16.200000762939453,15.699999809265137,16.0,12.236152648925781,19255300,
2017-11-30,16.0,16.0,15.699999809265137,15.699999809265137,12.006725311279297,16606200,
2017-12-01,15.899999618530273,16.100000381469727,15.5,15.699999809265137,12.006725311279297,7840500,
2017-12-04,15.699999809265137,15.899999618530273,15.600000381469727,15.800000190734863,12.08320140838623,2856700,
2017-12-06,15.800000190734863,15.800000190734863,15.600000381469727,15.699999809265137,12.006725311279297,4810800,
2017-12-07,15.800000190734863,16.100000381469727,15.800000190734863,16.0,12.236152648925781,8957100,
2017-12-08,16.0,16.0,15.800000190734863,15.899999618530273,12.159679412841797,3585300,
2017-12-12,16.0,16.0,15.699999809265137,15.699999809265137,12.006725311279297,4948900,
2017-12-13,15.800000190734863,16.0,15.800000190734863,15.800000190734863,12.08320140838623,2766200,
2017-12-14,15.800000190734863,15.899999618530273,15.699999809265137,15.899999618530273,12.159679412841797,1877100,
2017-12-15,15.899999618530273,15.899999618530273,15.600000381469727,15.699999809265137,12.006725311279297,1981400,
2017-12-18,15.800000190734863,15.800000190734863,15.399999618530273,15.5,11.85377311706543,7363200,
2017-12-19,15.5,15.800000190734863,15.5,15.600000381469727,11.93025016784668,4157800,
2017-12-20,15.600000381469727,16.0,15.5,15.899999618530273,12.159679412841797,5633700,
2017-12-21,15.899999618530273,16.100000381469727,15.899999618530273,16.0,12.236152648925781,4480600,
2017-12-22,16.0,16.100000381469727,15.800000190734863,16.0,12.236152648925781,1943400,
2017-12-25,16.100000381469727,16.100000381469727,15.899999618530273,16.0,12.236152648925781,2495900,
2017-12-26,16.0,16.100000381469727,15.899999618530273,15.899999618530273,12.159679412841797,5362500,
2017-12-27,15.899999618530273,16.0,15.699999809265137,15.899999618530273,12.159679412841797,3816400,
2017-12-28,15.899999618530273,16.100000381469727,15.600000381469727,16.100000381469727,12.312629699707031,6615900,
2017-12-29,16.100000381469727,16.399999618530273,15.699999809265137,16.200000762939453,12.389105796813965,16080700,
2018-01-03,16.200000762939453,16.5,16.0,16.200000762939453,12.389105796813965,7303000,
2018-01-04,16.299999237060547,16.299999237060547,15.699999809265137,15.899999618530273,12.159679412841797,11747000,
2018-01-05,15.699999809265137,15.899999618530273,15.5,15.600000381469727,11.93025016784668,9197700,
2018-01-08,15.600000381469727,15.899999618530273,15.300000190734863,15.399999618530273,11.777297973632812,12998300,
2018-01-09,15.399999618530273,15.399999618530273,15.0,15.300000190734863,11.700821876525879,8876800,
2018-01-10,15.300000190734863,15.600000381469727,15.300000190734863,15.399999618530273,11.777297973632812,10642000,
2018-01-11,15.600000381469727,15.899999618530273,15.5,15.699999809265137,12.006725311279297,12631600,
2018-01-12,15.600000381469727,15.800000190734863,15.600000381469727,15.600000381469727,11.93025016784668,5979400,
2018-01-15,15.600000381469727,15.800000190734863,15.399999618530273,15.5,11.85377311706543,7897600,
2018-01-16,15.5,15.699999809265137,15.5,15.699999809265137,12.006725311279297,4017600,
2018-01-17,15.600000381469727,15.699999809265137,15.399999618530273,15.5,11.85377311706543,5143100,
2018-01-18,15.600000381469727,16.100000381469727,15.5,15.899999618530273,12.159679412841797,9778000,
2018-01-19,15.899999618530273,15.899999618530273,15.600000381469727,15.800000190734863,12.08320140838623,3381700,
2018-01-22,15.800000190734863,16.100000381469727,15.699999809265137,15.899999618530273,12.159679412841797,5894600,
2018-01-23,15.899999618530273,16.100000381469727,15.699999809265137,15.800000190734863,12.08320140838623,4809600,
2018-01-24,15.899999618530273,16.299999237060547,15.800000190734863,16.100000381469727,12.312629699707031,15031800,
2018-01-25,16.100000381469727,16.200000762939453,15.699999809265137,15.699999809265137,12.006725311279297,16651000,
2018-01-26,15.699999809265137,16.100000381469727,15.699999809265137,15.899999618530273,12.159679412841797,7001200,
2018-01-29,15.899999618530273,16.299999237060547,15.899999618530273,16.100000381469727,12.312629699707031,7040800,
2018-01-30,16.100000381469727,16.100000381469727,15.899999618530273,16.0,12.236152648925781,4982200,
2018-01-31,15.899999618530273,16.299999237060547,15.899999618530273,16.200000762939453,12.389105796813965,10151800,
2018-02-01,16.200000762939453,16.899999618530273,16.200000762939453,16.899999618530273,12.924436569213867,32432700,
2018-02-02,16.899999618530273,16.899999618530273,16.399999618530273,16.5,12.618532180786133,13842400,
2018-02-05,16.100000381469727,16.399999618530273,16.0,16.399999618530273,12.542057037353516,10972800,
2018-02-06,15.899999618530273,16.200000762939453,15.600000381469727,16.100000381469727,12.312629699707031,24375300,
2018-02-07,16.100000381469727,16.299999237060547,16.0,16.100000381469727,12.312629699707031,6000100,
2018-02-08,16.100000381469727,16.399999618530273,16.100000381469727,16.200000762939453,12.389105796813965,7993300,
2018-02-09,16.0,16.200000762939453,15.899999618530273,16.200000762939453,12.389105796813965,2559700,
2018-02-12,16.200000762939453,16.5,16.200000762939453,16.5,12.618532180786133,5211600,
2018-02-13,16.5,16.700000762939453,16.399999618530273,16.700000762939453,12.771483421325684,6547100,
2018-02-14,16.700000762939453,16.700000762939453,16.200000762939453,16.399999618530273,12.542057037353516,9603400,
2018-02-15,16.5,16.600000381469727,16.200000762939453,16.5,12.618532180786133,7846800,
2018-02-16,16.5,16.600000381469727,16.399999618530273,16.600000381469727,12.695008277893066,3269600,
2018-02-19,16.600000381469727,16.799999237060547,16.5,16.700000762939453,12.771483421325684,7029200,
2018-02-20,16.799999237060547,16.799999237060547,16.399999618530273,16.5,12.618532180786133,4115000,
2018-02-21,16.5,16.5,16.100000381469727,16.299999237060547,12.465580940246582,5980500,
2018-02-22,16.200000762939453,16.299999237060547,16.0,16.100000381469727,12.312629699707031,3706600,
2018-02-23,16.200000762939453,16.399999618530273,16.100000381469727,16.299999237060547,12.465580940246582,2869100,
2018-02-26,16.299999237060547,16.600000381469727,16.200000762939453,16.399999618530273,12.542057037353516,3359400,
2018-02-27,16.600000381469727,16.700000762939453,15.899999618530273,16.299999237060547,12.465580940246582,10754000,
2018-02-28,16.399999618530273,16.399999618530273,15.899999618530273,15.899999618530273,12.159679412841797,7152500,
2018-03-02,15.899999618530273,16.600000381469727,15.800000190734863,16.399999618530273,12.542057037353516,13604000,
2018-03-05,16.299999237060547,16.5,16.200000762939453,16.399999618530273,12.542057037353516,5315900,
2018-03-06,16.5,16.5,16.5,16.5,12.618532180786133,1581400,
2018-03-07,16.5,16.600000381469727,16.299999237060547,16.399999618530273,12.542057037353516,4940400,
2018-03-08,16.5,16.799999237060547,16.299999237060547,16.5,12.618532180786133,10327900,
2018-03-09,16.5,16.600000381469727,16.200000762939453,16.299999237060547,12.465580940246582,4020800,
2018-03-12,16.299999237060547,16.600000381469727,16.299999237060547,16.299999237060547,12.465580940246582,2980600,
2018-03-13,16.299999237060547,16.5,16.100000381469727,16.200000762939453,12.389105796813965,3811200,
2018-03-14,16.200000762939453,16.5,16.200000762939453,16.399999618530273,12.542057037353516,4444700,
2018-03-15,16.399999618530273,16.600000381469727,16.200000762939453,16.399999618530273,12.542057037353516,7214100,
2018-03-16,16.5,16.899999618530273,16.399999618530273,16.700000762939453,12.771483421325684,14368100,
2018-03-19,16.799999237060547,17.399999618530273,16.700000762939453,17.0,13.000914573669434,39699700,
2018-03-20,17.0,17.200000762939453,16.899999618530273,17.0,13.000914573669434,5869400,
2018-03-21,17.0,17.100000381469727,16.799999237060547,16.899999618530273,12.924436569213867,4348900,
2018-03-22,16.899999618530273,17.100000381469727,16.5,16.700000762939453,12.771483421325684,8888000,
2018-03-23,16.5,17.0,16.5,16.799999237060547,12.84796142578125,7537500,
2018-03-26,16.799999237060547,17.0,16.700000762939453,16.700000762939453,12.771483421325684,2721300,
2018-03-27,16.799999237060547,17.0,16.799999237060547,16.899999618530273,12.924436569213867,3897800,
2018-03-28,16.899999618530273,17.0,16.5,16.600000381469727,12.695008277893066,7121000,
2018-03-29,16.600000381469727,17.0,16.600000381469727,16.899999618530273,12.924436569213867,11456800,
2018-03-30,16.799999237060547,17.100000381469727,16.700000762939453,17.100000381469727,13.077387809753418,9210900,
2018-04-02,17.200000762939453,17.700000762939453,17.100000381469727,17.700000762939453,13.536245346069336,16612800,
2018-04-03,17.600000381469727,17.700000762939453,17.200000762939453,17.5,13.383296012878418,7781300,
2018-04-04,17.5,17.5,16.700000762939453,16.899999618530273,12.924436569213867,11993900,
2018-04-05,17.0,17.200000762939453,16.799999237060547,16.899999618530273,12.924436569213867,8453900,
2018-04-09,16.899999618530273,17.700000762939453,16.899999618530273,17.5,13.383296012878418,11117500,
2018-04-10,17.600000381469727,17.700000762939453,17.299999237060547,17.5,13.383296012878418,7089600,
2018-04-11,17.600000381469727,18.299999237060547,17.5,17.799999237060547,13.61271858215332,18045900,
2018-04-12,17.700000762939453,17.799999237060547,17.5,17.600000381469727,13.459771156311035,6156900,
2018-04-17,17.600000381469727,18.0,17.600000381469727,17.799999237060547,13.61271858215332,5920600,
2018-04-18,17.799999237060547,18.200000762939453,17.5,17.700000762939453,13.536245346069336,12140800,
2018-04-19,17.700000762939453,17.899999618530273,17.399999618530273,17.600000381469727,13.459771156311035,14712500,
2018-04-20,17.399999618530273,17.799999237060547,17.200000762939453,17.5,13.383296012878418,13325300,
2018-04-23,17.5,17.600000381469727,17.0,17.200000762939453,13.153863906860352,17061700,
2018-04-24,17.100000381469727,18.100000381469727,17.100000381469727,17.5,13.383296012878418,18924700,
2018-04-25,17.600000381469727,18.100000381469727,17.5,17.899999618530273,13.68919563293457,20437800,
2018-04-26,17.899999618530273,18.100000381469727,17.799999237060547,18.0,13.76567268371582,12105700,
2018-04-27,17.799999237060547,17.799999237060547,17.0,17.200000762939453,13.153863906860352,22020600,
2018-04-30,17.200000762939453,17.600000381469727,17.100000381469727,17.399999618530273,13.306816101074219,15342200,
2018-05-02,17.399999618530273,17.700000762939453,17.200000762939453,17.299999237060547,13.230339050292969,9870400,
2018-05-03,17.299999237060547,17.700000762939453,17.299999237060547,17.600000381469727,13.459771156311035,5709400,
2018-05-04,17.600000381469727,17.700000762939453,17.200000762939453,17.299999237060547,13.230339050292969,10988300,
2018-05-07,17.399999618530273,17.600000381469727,16.799999237060547,17.0,13.000914573669434,9555100,
2018-05-08,16.899999618530273,17.100000381469727,16.700000762939453,16.799999237060547,12.84796142578125,9085500,
2018-05-09,16.700000762939453,17.0,16.600000381469727,16.799999237060547,12.940390586853027,5801700,0.12
2018-05-10,17.0,17.399999618530273,16.799999237060547,17.0,13.094443321228027,17784000,
2018-05-11,17.0,17.5,17.0,17.299999237060547,13.325523376464844,8558900,
2018-05-14,17.399999618530273,17.799999237060547,17.399999618530273,17.700000762939453,13.633627891540527,8900000,
2018-05-15,17.5,17.600000381469727,16.100000381469727,16.600000381469727,12.786340713500977,45975600,
2018-05-16,16.5,16.600000381469727,16.100000381469727,16.299999237060547,12.55526351928711,10759900,
2018-05-17,16.299999237060547,16.700000762939453,16.200000762939453,16.600000381469727,12.786340713500977,10560300,
2018-05-18,16.600000381469727,16.600000381469727,16.299999237060547,16.399999618530273,12.632288932800293,6471300,
2018-05-21,16.5,16.799999237060547,16.399999618530273,16.5,12.709315299987793,11821700,
2018-05-22,16.399999618530273,16.5,16.100000381469727,16.299999237060547,12.55526351928711,6467700,
2018-05-23,16.299999237060547,16.600000381469727,16.299999237060547,16.399999618530273,12.632288932800293,7874700,
2018-05-24,16.299999237060547,16.799999237060547,16.299999237060547,16.5,12.709315299987793,11155800,
2018-05-25,16.5,16.700000762939453,16.399999618530273,16.600000381469727,12.786340713500977,7602900,
2018-05-28,16.600000381469727,16.700000762939453,16.399999618530273,16.700000762939453,12.863365173339844,7782700,
2018-05-30,16.5,16.799999237060547,16.299999237060547,16.399999618530273,12.632288932800293,17004200,
2018-05-31,16.399999618530273,16.5,16.100000381469727,16.399999618530273,12.632288932800293,15992100,
2018-06-01,16.399999618530273,16.5,16.0,16.200000762939453,12.47823715209961,8019500,
2018-06-04,16.200000762939453,16.399999618530273,16.100000381469727,16.200000762939453,12.47823715209961,4398100,
2018-06-05,16.299999237060547,16.5,16.100000381469727,16.299999237060547,12.55526351928711,8496700,
2018-06-06,16.299999237060547,16.399999618530273,15.899999618530273,16.0,12.32418155670166,16014800,
2018-06-07,16.0,16.100000381469727,15.899999618530273,15.899999618530273,12.24715805053711,9475000,
2018-06-08,15.899999618530273,15.899999618530273,15.600000381469727,15.899999618530273,12.24715805053711,11006800,
2018-06-11,15.899999618530273,16.200000762939453,15.800000190734863,16.0,12.32418155670166,13157100,
2018-06-12,16.100000381469727,16.5,16.0,16.399999618530273,12.632288932800293,14642100,
2018-06-13,16.299999237060547,16.399999618530273,16.100000381469727,16.200000762939453,12.47823715209961,2503500,
2018-06-14,16.299999237060547,16.399999618530273,16.100000381469727,16.200000762939453,12.47823715209961,6164800,
2018-06-15,16.200000762939453,16.399999618530273,16.200000762939453,16.299999237060547,12.55526351928711,3039200,
2018-06-18,16.200000762939453,16.299999237060547,15.699999809265137,15.800000190734863,12.17013168334961,10317500,
2018-06-19,15.699999809265137,15.899999618530273,15.5,15.600000381469727,12.016079902648926,7864900,
2018-06-20,15.600000381469727,15.800000190734863,15.399999618530273,15.800000190734863,12.17013168334961,4367100,
2018-06-21,15.800000190734863,15.800000190734863,15.300000190734863,15.5,11.939053535461426,5349600,
2018-06-22,15.5,15.600000381469727,15.199999809265137,15.5,11.939053535461426,4456600,
2018-06-25,15.5,15.600000381469727,15.399999618530273,15.399999618530273,11.862025260925293,3752900,
2018-06-26,15.300000190734863,15.5,15.100000381469727,15.399999618530273,11.862025260925293,6207000,
2018-06-27,15.399999618530273,15.399999618530273,14.899999618530273,15.100000381469727,11.630948066711426,6714800,
2018-06-28,15.300000190734863,15.5,15.300000190734863,15.300000190734863,11.784997940063477,4717400,
2018-06-29,15.300000190734863,15.5,15.100000381469727,15.300000190734863,11.784997940063477,5079800,
2018-07-02,15.300000190734863,15.699999809265137,15.199999809265137,15.5,11.939053535461426,7414300,
2018-07-03,15.5,16.399999618530273,15.399999618530273,16.200000762939453,12.47823715209961,13108100,
2018-07-04,16.200000762939453,16.399999618530273,15.899999618530273,16.299999237060547,12.55526351928711,8330700,
2018-07-05,16.299999237060547,16.399999618530273,16.0,16.100000381469727,12.401209831237793,2529800,
2018-07-06,16.100000381469727,16.200000762939453,15.899999618530273,16.100000381469727,12.401209831237793,6226200,
2018-07-09,16.299999237060547,16.5,16.100000381469727,16.299999237060547,12.55526351928711,5943500,
2018-07-10,16.399999618530273,16.399999618530273,15.800000190734863,16.200000762939453,12.47823715209961,10962200,
2018-07-11,15.899999618530273,16.0,15.5,15.699999809265137,12.093104362487793,18329100,
2018-07-12,15.699999809265137,16.0,15.5,15.699999809265137,12.093104362487793,8888900,
2018-07-13,15.699999809265137,15.800000190734863,15.699999809265137,15.699999809265137,12.093104362487793,1705900,
2018-07-16,15.699999809265137,15.800000190734863,15.5,15.5,11.939053535461426,6337000,
2018-07-17,15.600000381469727,15.899999618530273,15.5,15.699999809265137,12.093104362487793,7980400,
2018-07-18,15.699999809265137,16.200000762939453,15.699999809265137,15.899999618530273,12.24715805053711,5489500,
2018-07-19,15.899999618530273,16.200000762939453,15.800000190734863,16.0,12.32418155670166,3068000,
2018-07-20,16.100000381469727,16.200000762939453,16.0,16.0,12.32418155670166,4744800,
2018-07-23,16.100000381469727,16.399999618530273,16.100000381469727,16.200000762939453,12.47823715209961,10919100,
2018-07-24,16.200000762939453,16.299999237060547,16.0,16.200000762939453,12.47823715209961,4501300,
2018-07-25,16.200000762939453,16.799999237060547,16.100000381469727,16.600000381469727,12.786340713500977,13422600,
2018-07-26,16.700000762939453,16.899999618530273,16.399999618530273,16.600000381469727,12.786340713500977,7162600,
2018-07-31,16.5,16.600000381469727,16.100000381469727,16.299999237060547,12.55526351928711,6383900,
2018-08-01,16.299999237060547,16.600000381469727,16.200000762939453,16.600000381469727,12.786340713500977,5011200,
2018-08-02,16.5,16.600000381469727,16.200000762939453,16.399999618530273,12.632288932800293,7046900,
2018-08-03,16.399999618530273,16.5,16.200000762939453,16.299999237060547,12.55526351928711,6005500,
2018-08-06,16.399999618530273,16.600000381469727,16.200000762939453,16.299999237060547,12.55526351928711,7498300,
2018-08-07,16.299999237060547,16.299999237060547,16.0,16.200000762939453,12.47823715209961,6490700,
2018-08-08,16.200000762939453,16.899999618530273,16.200000762939453,16.799999237060547,12.940390586853027,25840200,
2018-08-09,16.799999237060547,17.799999237060547,16.799999237060547,17.5,13.479574203491211,39132300,
2018-08-10,17.399999618530273,17.700000762939453,17.399999618530273,17.700000762939453,13.633627891540527,13497800,
2018-08-14,17.700000762939453,18.0,17.600000381469727,17.700000762939453,13.633627891540527,17341700,
2018-08-15,17.700000762939453,17.799999237060547,17.200000762939453,17.5,13.479574203491211,12638800,
2018-08-16,17.5,17.899999618530273,17.200000762939453,17.700000762939453,13.633627891540527,13990500,
2018-08-17,17.700000762939453,18.299999237060547,17.700000762939453,17.899999618530273,13.787678718566895,17354100,
2018-08-20,17.899999618530273,18.399999618530273,17.899999618530273,18.399999618530273,14.172809600830078,15055600,
2018-08-21,18.5,18.799999237060547,18.200000762939453,18.5,14.249835968017578,16874600,
2018-08-22,18.5,18.600000381469727,18.399999618530273,18.5,14.249835968017578,2428700,
2018-08-23,18.600000381469727,18.600000381469727,18.0,18.299999237060547,14.095782279968262,8445000,
2018-08-24,18.200000762939453,18.700000762939453,18.200000762939453,18.600000381469727,14.413501739501953,11225900,0.11
2018-08-27,18.700000762939453,19.200000762939453,18.600000381469727,18.799999237060547,14.568483352661133,21266700,
2018-08-28,19.0,19.100000381469727,18.799999237060547,19.100000381469727,14.800963401794434,23012300,
2018-08-29,19.100000381469727,19.100000381469727,18.399999618530273,18.600000381469727,14.413501739501953,17978300,
2018-08-30,18.799999237060547,19.0,18.700000762939453,18.899999618530273,14.645979881286621,12489800,
2018-08-31,18.899999618530273,19.299999237060547,18.799999237060547,19.100000381469727,14.800963401794434,13278300,
2018-09-03,19.100000381469727,19.399999618530273,18.700000762939453,19.0,14.723469734191895,11952000,
2018-09-04,19.0,19.100000381469727,18.799999237060547,18.899999618530273,14.645979881286621,6084200,
2018-09-05,18.799999237060547,19.200000762939453,18.5,18.600000381469727,14.413501739501953,15855900,
2018-09-06,18.600000381469727,19.0,18.600000381469727,19.0,14.723469734191895,12632000,
2018-09-07,18.899999618530273,19.700000762939453,18.899999618530273,19.399999618530273,15.033435821533203,25404500,
2018-09-10,19.200000762939453,19.399999618530273,19.100000381469727,19.200000762939453,14.87845230102539,5964300,
2018-09-11,19.200000762939453,19.5,19.200000762939453,19.200000762939453,14.87845230102539,7771700,
2018-09-12,19.200000762939453,19.299999237060547,19.0,19.200000762939453,14.87845230102539,11674200,
2018-09-13,19.200000762939453,19.399999618530273,19.100000381469727,19.299999237060547,14.95594596862793,12496400,
2018-09-14,19.299999237060547,19.399999618530273,19.100000381469727,19.200000762939453,14.87845230102539,5581900,
2018-09-17,19.100000381469727,19.200000762939453,18.899999618530273,18.899999618530273,14.645979881286621,5134400,
2018-09-18,19.0,20.0,19.0,19.399999618530273,15.033435821533203,29745600,
2018-09-19,19.399999618530273,20.0,19.299999237060547,20.0,15.498392105102539,20551800,
2018-09-20,20.0,21.100000381469727,19.899999618530273,20.100000381469727,15.575881958007812,23993300,
2018-09-21,20.100000381469727,20.399999618530273,19.799999237060547,20.200000762939453,15.653374671936035,14318700,
2018-09-24,20.0,20.200000762939453,19.5,19.600000381469727,15.188422203063965,7944400,
2018-09-25,19.600000381469727,20.100000381469727,19.600000381469727,19.700000762939453,15.265913009643555,8925100,
2018-09-26,19.700000762939453,20.100000381469727,19.700000762939453,20.0,15.498392105102539,8456200,
2018-09-27,20.0,20.299999237060547,19.899999618530273,20.299999237060547,15.730863571166992,10831000,
2018-09-28,20.299999237060547,20.799999237060547,20.299999237060547,20.799999237060547,16.11832046508789,14903300,
2018-10-01,20.799999237060547,20.899999618530273,19.299999237060547,19.600000381469727,15.188422203063965,32738500,
2018-10-02,19.700000762939453,19.799999237060547,19.100000381469727,19.200000762939453,14.87845230102539,19742100,
2018-10-03,19.5,19.700000762939453,19.200000762939453,19.200000762939453,14.87845230102539,13325300,
2018-10-04,19.299999237060547,19.600000381469727,19.100000381469727,19.5,15.110931396484375,13479800,
2018-10-05,19.399999618530273,19.5,19.200000762939453,19.200000762939453,14.87845230102539,4181200,
2018-10-08,19.299999237060547,19.700000762939453,18.799999237060547,18.899999618530273,14.645979881286621,12122100,
2018-10-09,18.799999237060547,19.399999618530273,18.600000381469727,18.899999618530273,14.645979881286621,11077900,
2018-10-10,18.899999618530273,19.799999237060547,18.899999618530273,19.600000381469727,15.188422203063965,17099400,
2018-10-11,19.100000381469727,19.600000381469727,18.299999237060547,18.799999237060547,14.568483352661133,25597700,
2018-10-12,18.899999618530273,19.100000381469727,18.799999237060547,19.0,14.723469734191895,10116800,
2018-10-16,19.100000381469727,19.700000762939453,19.0,19.700000762939453,15.265913009643555,11083100,
2018-10-17,19.700000762939453,20.100000381469727,19.600000381469727,19.799999237060547,15.343402862548828,12523900,
2018-10-18,19.700000762939453,20.0,19.299999237060547,19.399999618530273,15.033435821533203,9282000,
2018-10-19,19.299999237060547,19.399999618530273,19.0,19.299999237060547,14.95594596862793,11308200,
2018-10-22,19.200000762939453,19.299999237060547,18.899999618530273,19.100000381469727,14.800963401794434,5794200,
2018-10-24,18.899999618530273,19.200000762939453,18.899999618530273,19.100000381469727,14.800963401794434,9316100,
2018-10-25,19.0,19.600000381469727,18.899999618530273,19.200000762939453,14.87845230102539,12085700,
2018-10-26,19.399999618530273,19.600000381469727,19.200000762939453,19.399999618530273,15.033435821533203,11035800,
2018-10-29,19.399999618530273,19.700000762939453,19.200000762939453,19.299999237060547,14.95594596862793,4160600,
2018-10-30,19.299999237060547,19.799999237060547,19.0,19.299999237060547,14.95594596862793,11692000,
2018-10-31,19.5,19.600000381469727,19.299999237060547,19.5,15.110931396484375,4331700,
2018-11-01,19.600000381469727,19.700000762939453,19.299999237060547,19.399999618530273,15.033435821533203,4123800,
2018-11-02,19.5,19.799999237060547,19.399999618530273,19.399999618530273,15.033435821533203,8797300,
2018-11-05,19.399999618530273,19.399999618530273,19.100000381469727,19.299999237060547,14.95594596862793,6808500,
2018-11-06,19.399999618530273,19.5,19.200000762939453,19.299999237060547,14.95594596862793,3487900,
2018-11-07,19.299999237060547,19.399999618530273,18.799999237060547,19.100000381469727,14.800963401794434,12442000,
2018-11-08,19.200000762939453,19.399999618530273,18.899999618530273,19.0,14.723469734191895,4598400,
2018-11-09,18.799999237060547,18.899999618530273,18.0,18.399999618530273,14.258517265319824,24224400,
2018-11-12,18.5,18.799999237060547,18.399999618530273,18.799999237060547,14.568483352661133,5374000,
2018-11-13,18.5,18.5,18.0,18.299999237060547,14.181024551391602,19190100,
2018-11-14,18.399999618530273,18.600000381469727,18.299999237060547,18.399999618530273,14.258517265319824,4861600,
2018-11-15,18.399999618530273,18.899999618530273,18.299999237060547,18.700000762939453,14.490994453430176,12569800,
2018-11-16,18.5,18.700000762939453,18.299999237060547,18.600000381469727,14.413501739501953,5108800,
2018-11-19,18.299999237060547,18.600000381469727,18.299999237060547,18.399999618530273,14.258517265319824,4190000,
2018-11-20,18.299999237060547,18.299999237060547,17.5,17.5,13.561089515686035,10761200,
2018-11-21,17.399999618530273,18.100000381469727,17.399999618530273,18.0,13.948551177978516,7692500,
2018-11-22,18.100000381469727,18.299999237060547,17.899999618530273,18.0,13.948551177978516,5718500,
2018-11-23,17.899999618530273,18.200000762939453,17.799999237060547,18.200000762939453,14.103534698486328,3426600,
2018-11-26,18.299999237060547,18.5,18.100000381469727,18.399999618530273,14.258517265319824,11362600,
2018-11-27,18.200000762939453,18.5,18.200000762939453,18.5,14.33600902557373,4117400,
2018-11-28,18.399999618530273,18.5,18.200000762939453,18.299999237060547,14.181024551391602,6576200,
2018-11-29,18.299999237060547,18.5,18.100000381469727,18.399999618530273,14.258517265319824,10055000,
2018-11-30,18.299999237060547,18.399999618530273,17.899999618530273,18.299999237060547,14.181024551391602,11866300,
2018-12-03,18.299999237060547,18.899999618530273,18.200000762939453,18.799999237060547,14.568483352661133,16071500,
2018-12-04,18.899999618530273,19.100000381469727,18.799999237060547,18.899999618530273,14.645979881286621,9456100,
2018-12-06,18.600000381469727,19.0,18.5,18.899999618530273,14.645979881286621,5284900,
2018-12-07,18.899999618530273,19.0,18.700000762939453,19.0,14.723469734191895,2128300,
2018-12-11,19.0,19.299999237060547,18.700000762939453,19.200000762939453,14.87845230102539,12001400,
2018-12-12,19.0,19.100000381469727,18.899999618530273,19.0,14.723469734191895,4461500,
2018-12-13,19.0,19.100000381469727,18.700000762939453,18.799999237060547,14.568483352661133,4764300,
2018-12-14,18.5,18.600000381469727,18.299999237060547,18.5,14.33600902557373,10411700,
2018-12-17,18.5,18.700000762939453,18.299999237060547,18.600000381469727,14.413501739501953,7180400,
2018-12-18,18.399999618530273,18.600000381469727,18.200000762939453,18.600000381469727,14.413501739501953,4283900,
2018-12-19,18.600000381469727,18.700000762939453,18.299999237060547,18.600000381469727,14.413501739501953,2406200,
2018-12-20,18.399999618530273,18.700000762939453,18.399999618530273,18.5,14.33600902557373,2707100,
2018-12-21,18.600000381469727,18.700000762939453,18.200000762939453,18.200000762939453,14.103534698486328,8958800,
2018-12-24,18.299999237060547,18.600000381469727,18.200000762939453,18.5,14.33600902557373,7033300,
2018-12-25,18.299999237060547,18.5,17.899999618530273,18.0,13.948551177978516,3635800,
2018-12-26,18.0,18.100000381469727,17.700000762939453,18.0,13.948551177978516,8936700,
2018-12-27,18.200000762939453,18.299999237060547,17.0,17.0,13.173629760742188,11189300,
2018-12-28,16.700000762939453,17.0,16.299999237060547,16.700000762939453,12.941155433654785,17289900,
2019-01-02,16.700000762939453,16.700000762939453,15.800000190734863,16.200000762939453,12.553696632385254,31022500,
2019-01-03,16.200000762939453,16.5,15.899999618530273,16.0,12.398710250854492,15601100,
2019-01-04,15.899999618530273,15.899999618530273,14.899999618530273,15.5,12.011252403259277,55437700,
2019-01-07,15.699999809265137,16.399999618530273,15.699999809265137,16.299999237060547,12.63118839263916,34577300,
2019-01-08,16.399999618530273,16.5,16.200000762939453,16.399999618530273,12.70867919921875,12801000,
2019-01-09,16.600000381469727,16.799999237060547,15.5,15.800000190734863,12.243728637695312,40255200,
2019-01-10,15.5,15.699999809265137,14.899999618530273,15.600000381469727,12.0887451171875,64753700,
2019-01-11,15.699999809265137,16.299999237060547,15.5,16.299999237060547,12.63118839263916,27779800,
2019-01-14,16.299999237060547,16.600000381469727,15.899999618530273,16.100000381469727,12.476202964782715,17761500,
2019-01-15,16.299999237060547,16.299999237060547,15.699999809265137,15.800000190734863,12.243728637695312,16731000,
2019-01-16,15.800000190734863,16.0,15.399999618530273,15.600000381469727,12.0887451171875,13954700,
2019-01-17,15.600000381469727,15.699999809265137,15.199999809265137,15.399999618530273,11.933757781982422,8592500,
2019-01-18,15.5,15.699999809265137,15.100000381469727,15.199999809265137,11.778775215148926,13344400,
2019-01-21,15.100000381469727,15.300000190734863,14.5,14.600000381469727,11.313823699951172,16463200,
2019-01-22,14.600000381469727,15.899999618530273,14.5,15.899999618530273,12.321219444274902,58733500,
2019-01-23,16.100000381469727,16.600000381469727,16.0,16.5,12.786171913146973,34599100,
2019-01-24,16.5,16.700000762939453,16.299999237060547,16.399999618530273,12.70867919921875,16393700,
2019-01-25,16.600000381469727,16.600000381469727,16.200000762939453,16.5,12.786171913146973,10936200,
2019-01-28,16.399999618530273,16.700000762939453,16.299999237060547,16.399999618530273,12.70867919921875,18580800,
2019-01-29,16.299999237060547,16.399999618530273,16.0,16.299999237060547,12.63118839263916,13628500,
2019-01-30,16.200000762939453,16.5,16.100000381469727,16.299999237060547,12.63118839263916,11826500,
2019-01-31,16.600000381469727,16.600000381469727,16.200000762939453,16.299999237060547,12.63118839263916,14849700,
2019-02-01,16.299999237060547,16.399999618530273,16.0,16.200000762939453,12.553696632385254,18351000,
2019-02-04,16.100000381469727,16.200000762939453,16.0,16.100000381469727,12.476202964782715,4962900,
2019-02-05,16.100000381469727,16.299999237060547,16.100000381469727,16.100000381469727,12.476202964782715,13710000,
2019-02-06,16.100000381469727,16.899999618530273,16.100000381469727,16.899999618530273,13.096138000488281,27102300,
2019-02-07,16.799999237060547,16.899999618530273,16.5,16.700000762939453,12.941155433654785,20902800,
2019-02-08,16.5,16.799999237060547,16.399999618530273,16.700000762939453,12.941155433654785,12566700,
2019-02-11,16.700000762939453,16.799999237060547,16.5,16.600000381469727,12.863662719726562,5751900,
2019-02-12,16.600000381469727,16.700000762939453,16.5,16.600000381469727,12.863662719726562,6959400,
2019-02-13,16.600000381469727,16.899999618530273,16.600000381469727,16.799999237060547,13.018645286560059,10682400,
2019-02-14,16.799999237060547,17.299999237060547,16.700000762939453,17.100000381469727,13.251120567321777,23939500,
2019-02-15,17.100000381469727,17.399999618530273,16.799999237060547,17.100000381469727,13.251120567321777,18488400,
2019-02-18,17.100000381469727,17.200000762939453,16.799999237060547,16.899999618530273,13.096138000488281,5949300,
2019-02-20,16.899999618530273,17.200000762939453,16.899999618530273,17.0,13.173629760742188,12288600,
2019-02-21,17.100000381469727,17.100000381469727,16.799999237060547,16.899999618530273,13.096138000488281,7816700,
2019-02-22,16.799999237060547,17.0,16.700000762939453,16.799999237060547,13.018645286560059,8037700,
2019-02-25,16.799999237060547,17.100000381469727,16.700000762939453,16.799999237060547,13.018645286560059,12732100,
2019-02-26,16.799999237060547,16.899999618530273,16.600000381469727,16.700000762939453,12.941155433654785,11869200,
2019-02-27,16.700000762939453,16.700000762939453,16.100000381469727,16.299999237060547,12.63118839263916,22000400,
2019-02-28,16.299999237060547,16.299999237060547,16.100000381469727,16.299999237060547,12.63118839263916,10131900,
2019-03-01,16.299999237060547,16.299999237060547,16.0,16.100000381469727,12.476202964782715,12969600,
2019-03-04,16.100000381469727,16.200000762939453,15.399999618530273,15.600000381469727,12.0887451171875,29383700,
2019-03-05,15.5,15.800000190734863,15.399999618530273,15.699999809265137,12.16623592376709,16757600,
2019-03-06,15.800000190734863,16.100000381469727,15.699999809265137,15.699999809265137,12.16623592376709,19070400,
2019-03-07,15.699999809265137,15.899999618530273,15.300000190734863,15.699999809265137,12.16623592376709,14820400,
2019-03-08,15.699999809265137,15.800000190734863,15.5,15.699999809265137,12.16623592376709,8981700,
2019-03-11,15.800000190734863,16.0,15.699999809265137,15.899999618530273,12.321219444274902,10652100,
2019-03-12,15.899999618530273,16.399999618530273,15.800000190734863,16.200000762939453,12.553696632385254,21808100,
2019-03-13,16.200000762939453,16.399999618530273,16.100000381469727,16.399999618530273,12.70867919921875,13345800,
2019-03-14,16.5,16.700000762939453,16.299999237060547,16.600000381469727,12.863662719726562,24136000,
2019-03-15,16.600000381469727,16.700000762939453,16.299999237060547,16.5,12.786171913146973,19339000,
2019-03-18,16.600000381469727,16.600000381469727,16.200000762939453,16.299999237060547,12.63118839263916,10062700,
2019-03-19,16.399999618530273,16.5,16.299999237060547,16.399999618530273,12.70867919921875,7243700,
2019-03-20,16.399999618530273,16.700000762939453,16.399999618530273,16.5,12.786171913146973,12155900,
2019-03-21,16.600000381469727,17.0,16.5,16.899999618530273,13.096138000488281,27908900,
2019-03-22,17.0,17.0,16.600000381469727,16.899999618530273,13.096138000488281,12241200,
2019-03-25,16.799999237060547,16.899999618530273,16.5,16.700000762939453,12.941155433654785,7279200,
2019-03-26,16.799999237060547,17.200000762939453,16.700000762939453,17.100000381469727,13.251120567321777,16158400,
2019-03-27,17.0,17.200000762939453,16.899999618530273,17.0,13.173629760742188,16951400,
2019-03-28,17.0,17.0,16.799999237060547,17.0,13.173629760742188,8648500,
2019-03-29,16.899999618530273,17.100000381469727,16.899999618530273,17.0,13.173629760742188,10894700,
2019-04-01,17.200000762939453,17.5,17.100000381469727,17.200000762939453,13.32861614227295,20248900,
2019-04-02,17.200000762939453,17.5,17.100000381469727,17.299999237060547,13.406106948852539,12375000,
2019-04-03,17.399999618530273,17.399999618530273,17.100000381469727,17.100000381469727,13.251120567321777,10363200,
2019-04-04,17.100000381469727,17.299999237060547,17.100000381469727,17.200000762939453,13.32861614227295,12392900,
2019-04-05,17.200000762939453,17.399999618530273,17.100000381469727,17.200000762939453,13.32861614227295,7778700,
2019-04-09,17.200000762939453,17.5,17.100000381469727,17.299999237060547,13.406106948852539,7294500,
2019-04-10,17.399999618530273,17.399999618530273,17.200000762939453,17.200000762939453,13.32861614227295,9030700,
2019-04-11,17.299999237060547,17.299999237060547,17.0,17.0,13.173629760742188,9953000,
2019-04-12,17.0,17.299999237060547,17.0,17.200000762939453,13.32861614227295,7074800,
2019-04-17,17.299999237060547,17.799999237060547,17.200000762939453,17.5,13.561089515686035,12713400,
2019-04-18,17.600000381469727,17.899999618530273,17.399999618530273,17.700000762939453,13.71607494354248,12985800,
2019-04-19,17.700000762939453,18.0,17.600000381469727,17.700000762939453,13.71607494354248,11684900,
2019-04-22,17.700000762939453,17.899999618530273,17.600000381469727,17.600000381469727,13.638582229614258,8492100,
2019-04-23,17.600000381469727,18.0,17.600000381469727,17.700000762939453,13.71607494354248,7072600,
2019-04-24,17.799999237060547,17.899999618530273,17.700000762939453,17.799999237060547,13.793567657470703,6349400,
2019-04-25,17.799999237060547,17.899999618530273,17.700000762939453,17.799999237060547,13.793567657470703,5340300,
2019-04-26,17.899999618530273,18.0,17.700000762939453,17.799999237060547,13.793567657470703,5216100,
2019-04-29,18.0,18.399999618530273,17.899999618530273,18.200000762939453,14.103534698486328,12593900,
2019-04-30,18.200000762939453,18.399999618530273,18.0,18.200000762939453,14.103534698486328,8998900,
2019-05-02,18.200000762939453,18.399999618530273,17.799999237060547,18.0,13.948551177978516,11339400,
2019-05-03,18.0,18.5,18.0,18.200000762939453,14.103534698486328,10325100,
2019-05-07,18.200000762939453,18.399999618530273,17.899999618530273,18.100000381469727,14.026042938232422,10862400,
2019-05-08,18.0,18.100000381469727,17.700000762939453,18.0,13.948551177978516,14908200,
2019-05-09,17.899999618530273,17.899999618530273,17.299999237060547,17.600000381469727,13.730116844177246,30431100,0.12
2019-05-10,17.600000381469727,17.899999618530273,17.399999618530273,17.700000762939453,13.80812931060791,10503600,
2019-05-13,17.700000762939453,17.799999237060547,17.0,17.299999237060547,13.496078491210938,14002600,
2019-05-14,17.299999237060547,17.299999237060547,16.899999618530273,17.200000762939453,13.418067932128906,18175200,
2019-05-15,17.299999237060547,17.600000381469727,17.200000762939453,17.299999237060547,13.496078491210938,9143000,
2019-05-16,17.299999237060547,17.299999237060547,17.0,17.200000762939453,13.418067932128906,5454500,
2019-05-17,17.200000762939453,17.5,17.200000762939453,17.299999237060547,13.496078491210938,6211800,
2019-05-21,17.200000762939453,17.200000762939453,16.799999237060547,16.899999618530273,13.18403434753418,11817400,
2019-05-22,16.799999237060547,17.0,16.600000381469727,16.899999618530273,13.18403434753418,19160500,
2019-05-23,16.899999618530273,17.0,16.799999237060547,16.799999237060547,13.106019020080566,9010900,
2019-05-24,16.799999237060547,16.899999618530273,16.600000381469727,16.899999618530273,13.18403434753418,6561500,
2019-05-27,16.899999618530273,17.200000762939453,16.899999618530273,17.0,13.262042999267578,13928400,
2019-05-28,17.0,17.100000381469727,16.399999618530273,16.5,12.87198257446289,24882900,
2019-05-29,16.299999237060547,16.399999618530273,15.800000190734863,15.800000190734863,12.32590103149414,37294300,
2019-05-30,15.899999618530273,16.200000762939453,15.899999618530273,16.0,12.48192310333252,15540600,
2019-05-31,16.0,16.299999237060547,15.899999618530273,16.100000381469727,12.5599365234375,11671900,
2019-06-04,16.100000381469727,16.299999237060547,16.0,16.200000762939453,12.63794994354248,7744900,
2019-06-05,16.399999618530273,16.799999237060547,16.299999237060547,16.700000762939453,13.028008460998535,21887200,
2019-06-06,16.700000762939453,16.799999237060547,16.5,16.700000762939453,13.028008460998535,17177100,
2019-06-07,16.700000762939453,16.799999237060547,16.5,16.600000381469727,12.949995994567871,6487400,
2019-06-10,16.700000762939453,16.899999618530273,16.5,16.700000762939453,13.028008460998535,20680200,
2019-06-11,16.700000762939453,16.799999237060547,16.5,16.700000762939453,13.028008460998535,15728700,
2019-06-12,16.600000381469727,17.0,16.5,16.799999237060547,13.106019020080566,10576300,
2019-06-13,16.799999237060547,16.799999237060547,16.5,16.700000762939453,13.028008460998535,4165700,
2019-06-14,16.600000381469727,16.700000762939453,16.5,16.700000762939453,13.028008460998535,3961600,
2019-06-17,16.700000762939453,16.899999618530273,16.600000381469727,16.700000762939453,13.028008460998535,10389800,
2019-06-18,16.799999237060547,16.799999237060547,16.600000381469727,16.799999237060547,13.106019020080566,12393300,
2019-06-19,16.799999237060547,16.899999618530273,16.700000762939453,16.700000762939453,13.028008460998535,16275600,
2019-06-20,16.700000762939453,16.899999618530273,16.700000762939453,16.799999237060547,13.106019020080566,15301200,
2019-06-21,16.899999618530273,16.899999618530273,16.700000762939453,16.700000762939453,13.028008460998535,8920700,
2019-06-24,16.799999237060547,16.799999237060547,16.5,16.600000381469727,12.949995994567871,5642500,
2019-06-25,16.5,16.600000381469727,16.299999237060547,16.5,12.87198257446289,8883300,
2019-06-26,16.399999618530273,16.600000381469727,16.299999237060547,16.5,12.87198257446289,8988900,
2019-06-27,16.5,16.600000381469727,16.399999618530273,16.399999618530273,12.79397201538086,7455100,
2019-06-28,16.5,16.799999237060547,16.399999618530273,16.600000381469727,12.949995994567871,11409500,
2019-07-01,16.600000381469727,16.799999237060547,16.399999618530273,16.5,12.87198257446289,10209700,
2019-07-02,16.5,16.600000381469727,16.299999237060547,16.399999618530273,12.79397201538086,7714000,
2019-07-03,16.399999618530273,16.5,16.299999237060547,16.399999618530273,12.79397201538086,3818100,
2019-07-04,16.399999618530273,16.600000381469727,15.899999618530273,16.200000762939453,12.63794994354248,13450100,
2019-07-05,16.299999237060547,16.299999237060547,16.100000381469727,16.200000762939453,12.63794994354248,5105400,
2019-07-08,16.200000762939453,16.299999237060547,16.0,16.100000381469727,12.5599365234375,6113200,
2019-07-09,16.100000381469727,16.299999237060547,16.0,16.100000381469727,12.5599365234375,6655300,
2019-07-10,16.100000381469727,16.399999618530273,16.100000381469727,16.299999237060547,12.715960502624512,12705300,
2019-07-11,16.399999618530273,16.5,16.100000381469727,16.100000381469727,12.5599365234375,11196300,
2019-07-12,16.100000381469727,16.200000762939453,15.600000381469727,15.800000190734863,12.32590103149414,19747300,
2019-07-15,15.800000190734863,15.800000190734863,14.699999809265137,15.0,11.701802253723145,41641100,
2019-07-17,14.800000190734863,15.0,14.600000381469727,14.899999618530273,11.623791694641113,24374100,
2019-07-18,15.100000381469727,15.600000381469727,15.100000381469727,15.300000190734863,11.935839653015137,40432000,
2019-07-19,15.300000190734863,15.5,15.199999809265137,15.399999618530273,12.013851165771484,14166500,
2019-07-22,15.399999618530273,15.5,15.199999809265137,15.5,12.091865539550781,13557900,
2019-07-23,15.5,15.5,15.300000190734863,15.5,12.091865539550781,6247700,
2019-07-24,15.5,15.600000381469727,15.300000190734863,15.5,12.091865539550781,6238100,
2019-07-25,15.5,15.899999618530273,15.5,15.800000190734863,12.32590103149414,15763300,
2019-07-26,15.800000190734863,15.899999618530273,15.600000381469727,15.699999809265137,12.24788761138916,5156700,
2019-07-30,15.600000381469727,15.699999809265137,15.100000381469727,15.300000190734863,11.935839653015137,13002400,
2019-07-31,15.300000190734863,15.600000381469727,15.300000190734863,15.399999618530273,12.013851165771484,6244100,
2019-08-01,15.5,15.600000381469727,15.199999809265137,15.399999618530273,12.013851165771484,7891600,
2019-08-02,15.100000381469727,15.5,15.100000381469727,15.399999618530273,12.013851165771484,8630500,
2019-08-05,15.399999618530273,15.399999618530273,14.899999618530273,15.0,11.701802253723145,11261700,
2019-08-06,14.800000190734863,15.300000190734863,14.699999809265137,15.199999809265137,11.857828140258789,7851700,
2019-08-07,15.199999809265137,15.300000190734863,15.0,15.199999809265137,11.857828140258789,9024700,
2019-08-08,15.199999809265137,15.399999618530273,15.199999809265137,15.199999809265137,11.857828140258789,3893000,
2019-08-09,15.300000190734863,15.300000190734863,14.800000190734863,15.0,11.701802253723145,9449600,
2019-08-13,14.899999618530273,15.100000381469727,14.5,14.800000190734863,11.54577922821045,12966900,
2019-08-14,14.899999618530273,15.100000381469727,14.600000381469727,14.800000190734863,11.54577922821045,11398200,
2019-08-15,14.699999809265137,14.800000190734863,14.199999809265137,14.600000381469727,11.389755249023438,20149000,
2019-08-16,14.600000381469727,15.0,14.600000381469727,14.899999618530273,11.623791694641113,9238800,
2019-08-19,15.0,15.800000190734863,15.0,15.699999809265137,12.24788761138916,26366300,
2019-08-20,16.100000381469727,16.299999237060547,15.699999809265137,15.800000190734863,12.32590103149414,45646900,
2019-08-21,15.800000190734863,16.100000381469727,15.800000190734863,16.0,12.48192310333252,14142400,
2019-08-22,15.899999618530273,16.100000381469727,15.600000381469727,15.800000190734863,12.32590103149414,16737700,
2019-08-23,15.899999618530273,16.0,15.800000190734863,15.899999618530273,12.403912544250488,7522200,
2019-08-26,15.5,15.800000190734863,15.5,15.699999809265137,12.325406074523926,8672000,0.1
2019-08-27,15.699999809265137,15.899999618530273,15.699999809265137,15.699999809265137,12.325406074523926,6958100,
2019-08-28,15.800000190734863,16.100000381469727,15.800000190734863,15.899999618530273,12.482416152954102,8618400,
2019-08-29,15.899999618530273,16.200000762939453,15.800000190734863,16.200000762939453,12.717935562133789,13754900,
2019-08-30,16.299999237060547,16.399999618530273,15.899999618530273,16.0,12.56092357635498,12440300,
2019-09-02,16.0,16.399999618530273,16.0,16.200000762939453,12.717935562133789,15166900,
2019-09-03,16.299999237060547,16.399999618530273,16.0,16.100000381469727,12.63942813873291,6770000,
2019-09-04,16.200000762939453,16.200000762939453,15.899999618530273,16.100000381469727,12.63942813873291,13864100,
2019-09-05,16.200000762939453,16.299999237060547,16.100000381469727,16.200000762939453,12.717935562133789,9995000,
2019-09-06,16.399999618530273,16.5,16.100000381469727,16.200000762939453,12.717935562133789,9835000,
2019-09-09,16.200000762939453,16.299999237060547,16.100000381469727,16.200000762939453,12.717935562133789,3908500,
2019-09-10,16.200000762939453,16.200000762939453,15.800000190734863,16.0,12.56092357635498,17720500,
2019-09-11,16.0,16.100000381469727,15.899999618530273,16.0,12.56092357635498,5926000,
2019-09-12,16.0,16.0,15.600000381469727,15.699999809265137,12.325406074523926,13307400,
2019-09-13,15.699999809265137,15.899999618530273,15.699999809265137,15.800000190734863,12.403913497924805,7490700,
2019-09-16,15.800000190734863,15.899999618530273,15.699999809265137,15.699999809265137,12.325406074523926,2157000,
2019-09-17,15.699999809265137,15.800000190734863,15.300000190734863,15.399999618530273,12.089888572692871,17647000,
2019-09-18,15.399999618530273,15.699999809265137,15.300000190734863,15.5,12.168396949768066,13127600,
2019-09-19,15.5,15.600000381469727,15.100000381469727,15.199999809265137,11.932876586914062,12476700,
2019-09-20,15.300000190734863,15.399999618530273,15.100000381469727,15.300000190734863,12.011383056640625,11020400,
2019-09-23,15.199999809265137,15.199999809265137,15.0,15.100000381469727,11.854372024536133,3832900,
2019-09-24,15.199999809265137,15.300000190734863,15.0,15.199999809265137,11.932876586914062,5803900,
2019-09-25,15.100000381469727,15.199999809265137,15.0,15.100000381469727,11.854372024536133,7406800,
2019-09-26,15.100000381469727,15.399999618530273,15.100000381469727,15.300000190734863,12.011383056640625,14461400,
2019-09-27,15.300000190734863,15.800000190734863,15.300000190734863,15.699999809265137,12.325406074523926,17485800,
2019-09-30,15.699999809265137,15.899999618530273,15.699999809265137,15.800000190734863,12.403913497924805,9809100,
2019-10-01,15.800000190734863,15.800000190734863,15.600000381469727,15.699999809265137,12.325406074523926,4594300,
2019-10-02,15.600000381469727,15.800000190734863,15.600000381469727,15.600000381469727,12.246901512145996,5098700,
2019-10-03,15.600000381469727,15.699999809265137,15.5,15.600000381469727,12.246901512145996,3430800,
2019-10-04,15.600000381469727,15.699999809265137,15.300000190734863,15.5,12.168396949768066,6466300,
2019-10-07,15.600000381469727,15.699999809265137,15.600000381469727,15.600000381469727,12.246901512145996,3083800,
2019-10-08,15.699999809265137,15.800000190734863,15.5,15.600000381469727,12.246901512145996,8244900,
2019-10-09,15.600000381469727,15.800000190734863,15.5,15.699999809265137,12.325406074523926,8256000,
2019-10-10,15.699999809265137,15.899999618530273,15.600000381469727,15.800000190734863,12.403913497924805,11554000,
2019-10-11,15.800000190734863,16.0,15.699999809265137,16.0,12.56092357635498,12735100,
2019-10-15,16.0,16.100000381469727,15.899999618530273,16.0,12.56092357635498,10153200,
2019-10-16,16.0,16.100000381469727,15.800000190734863,15.899999618530273,12.482416152954102,6632900,
2019-10-17,16.0,16.100000381469727,15.899999618530273,16.0,12.56092357635498,4454900,
2019-10-18,16.0,16.0,15.800000190734863,15.899999618530273,12.482416152954102,4567200,
2019-10-21,15.899999618530273,15.899999618530273,15.699999809265137,15.800000190734863,12.403913497924805,3513500,
2019-10-22,15.800000190734863,16.100000381469727,15.699999809265137,16.0,12.56092357635498,17612400,
2019-10-24,16.299999237060547,16.799999237060547,16.299999237060547,16.700000762939453,13.110464096069336,32812200,
2019-10-25,16.799999237060547,16.899999618530273,16.100000381469727,16.5,12.953451156616211,24796400,
2019-10-28,16.5,16.799999237060547,16.200000762939453,16.700000762939453,13.110464096069336,11995400,
2019-10-29,16.799999237060547,17.100000381469727,16.700000762939453,16.799999237060547,13.188968658447266,16911500,
2019-10-30,16.899999618530273,16.899999618530273,16.600000381469727,16.700000762939453,13.110464096069336,4692800,
2019-10-31,16.700000762939453,16.799999237060547,16.600000381469727,16.799999237060547,13.188968658447266,5081000,
2019-11-01,16.799999237060547,16.899999618530273,16.5,16.600000381469727,13.031959533691406,4582700,
2019-11-04,16.799999237060547,17.100000381469727,16.700000762939453,17.0,13.345979690551758,9318000,
2019-11-05,16.899999618530273,17.200000762939453,16.700000762939453,16.899999618530273,13.267476081848145,9153800,
2019-11-06,16.899999618530273,17.0,16.799999237060547,16.799999237060547,13.188968658447266,3818200,
2019-11-07,16.799999237060547,16.899999618530273,16.600000381469727,16.700000762939453,13.110464096069336,7701200,
2019-11-08,16.700000762939453,16.700000762939453,16.399999618530273,16.600000381469727,13.031959533691406,10541100,
2019-11-11,16.600000381469727,16.799999237060547,16.5,16.5,12.953451156616211,5238400,
2019-11-12,16.600000381469727,16.799999237060547,16.0,16.399999618530273,12.874945640563965,23721100,
2019-11-13,16.299999237060547,16.600000381469727,16.299999237060547,16.399999618530273,12.874945640563965,9583100,
2019-11-14,16.5,16.700000762939453,16.399999618530273,16.5,12.953451156616211,6278400,
2019-11-15,16.600000381469727,16.700000762939453,16.399999618530273,16.399999618530273,12.874945640563965,4512900,
2019-11-18,16.5,16.5,16.399999618530273,16.5,12.953451156616211,5865300,
2019-11-19,16.5,16.799999237060547,16.5,16.600000381469727,13.031959533691406,4811700,
2019-11-20,16.700000762939453,16.700000762939453,16.5,16.700000762939453,13.110464096069336,4520000,
2019-11-21,16.600000381469727,16.899999618530273,16.5,16.799999237060547,13.188968658447266,11936200,
2019-11-22,16.799999237060547,17.0,16.799999237060547,16.899999618530273,13.267476081848145,6881200,
2019-11-25,17.0,17.5,16.899999618530273,17.100000381469727,13.42448616027832,23146800,
2019-11-26,17.100000381469727,17.299999237060547,16.700000762939453,17.100000381469727,13.42448616027832,19202900,
2019-11-27,17.100000381469727,17.299999237060547,16.899999618530273,16.899999618530273,13.267476081848145,5274600,
2019-11-28,17.100000381469727,17.399999618530273,17.0,17.299999237060547,13.581496238708496,17957500,
2019-11-29,17.399999618530273,17.700000762939453,17.299999237060547,17.399999618530273,13.660004615783691,32614600,
2019-12-02,17.399999618530273,17.5,16.799999237060547,16.899999618530273,13.267476081848145,12837000,
2019-12-03,16.899999618530273,17.200000762939453,16.799999237060547,17.100000381469727,13.42448616027832,10330000,
2019-12-04,17.0,17.200000762939453,16.799999237060547,17.0,13.345979690551758,9243200,
2019-12-06,17.100000381469727,17.299999237060547,17.0,17.200000762939453,13.502992630004883,14895500,
2019-12-09,17.100000381469727,17.200000762939453,16.899999618530273,17.100000381469727,13.42448616027832,26550000,
2019-12-11,17.200000762939453,17.399999618530273,17.100000381469727,17.200000762939453,13.502992630004883,16534200,
2019-12-12,17.200000762939453,17.600000381469727,17.100000381469727,17.600000381469727,13.817015647888184,16773800,
2019-12-13,17.600000381469727,17.700000762939453,17.299999237060547,17.399999618530273,13.660004615783691,7620700,
2019-12-16,17.5,17.5,17.200000762939453,17.299999237060547,13.581496238708496,11682500,
2019-12-17,17.299999237060547,17.5,16.299999237060547,16.600000381469727,13.031959533691406,23040200,
2019-12-18,16.600000381469727,16.799999237060547,16.5,16.700000762939453,13.110464096069336,21635900,
2019-12-19,16.600000381469727,17.0,16.600000381469727,16.899999618530273,13.267476081848145,10263000,
2019-12-20,16.799999237060547,17.200000762939453,16.799999237060547,17.100000381469727,13.42448616027832,8455500,
2019-12-23,17.200000762939453,17.299999237060547,16.899999618530273,17.0,13.345979690551758,5919600,
2019-12-24,17.0,17.200000762939453,16.899999618530273,17.0,13.345979690551758,7697400,
2019-12-25,17.0,17.100000381469727,16.799999237060547,17.0,13.345979690551758,2121000,
2019-12-26,17.0,17.200000762939453,16.700000762939453,16.799999237060547,13.188968658447266,17505000,
2019-12-27,16.799999237060547,17.200000762939453,16.799999237060547,17.0,13.345979690551758,11283900,
2019-12-30,16.899999618530273,17.200000762939453,16.899999618530273,17.100000381469727,13.42448616027832,2760400,
2020-01-02,17.100000381469727,17.200000762939453,16.799999237060547,17.0,13.345979690551758,5806000,
2020-01-03,17.0,17.100000381469727,16.299999237060547,16.5,12.953451156616211,23787400,
2020-01-06,15.600000381469727,15.699999809265137,14.899999618530273,15.100000381469727,11.854372024536133,67175200,
2020-01-07,15.5,16.0,15.399999618530273,15.899999618530273,12.482416152954102,44607700,
2020-01-08,15.600000381469727,15.899999618530273,15.5,15.800000190734863,12.403913497924805,17988100,
2020-01-09,16.0,16.200000762939453,15.800000190734863,16.0,12.56092357635498,10959900,
2020-01-10,16.0,16.100000381469727,15.800000190734863,15.899999618530273,12.482416152954102,5543600,
2020-01-13,16.0,16.200000762939453,15.899999618530273,15.899999618530273,12.482416152954102,9645100,
2020-01-14,16.0,16.299999237060547,15.899999618530273,16.0,12.56092357635498,18257500,
2020-01-15,16.399999618530273,16.600000381469727,15.899999618530273,16.0,12.56092357635498,30075200,
2020-01-16,16.100000381469727,16.100000381469727,15.199999809265137,15.600000381469727,12.246901512145996,31963300,
2020-01-17,15.699999809265137,16.0,15.600000381469727,15.899999618530273,12.482416152954102,7858900,
2020-01-20,15.899999618530273,16.100000381469727,15.699999809265137,15.800000190734863,12.403913497924805,6524200,
2020-01-21,15.699999809265137,15.800000190734863,15.600000381469727,15.800000190734863,12.403913497924805,9857800,
2020-01-22,15.800000190734863,16.0,15.600000381469727,15.699999809265137,12.325406074523926,7892700,
2020-01-23,15.800000190734863,16.200000762939453,15.600000381469727,16.200000762939453,12.717935562133789,14598000,
2020-01-24,16.200000762939453,16.200000762939453,15.899999618530273,16.0,12.56092357635498,4611100,
2020-01-27,16.0,16.200000762939453,15.800000190734863,15.800000190734863,12.403913497924805,12064000,
2020-01-28,15.800000190734863,15.899999618530273,15.5,15.600000381469727,12.246901512145996,5925400,
2020-01-29,15.699999809265137,15.899999618530273,15.5,15.600000381469727,12.246901512145996,5658000,
2020-01-30,15.699999809265137,15.800000190734863,15.600000381469727,15.600000381469727,12.246901512145996,4954500,
2020-01-31,15.699999809265137,15.899999618530273,15.5,15.5,12.168396949768066,4660600,
2020-02-03,15.399999618530273,15.5,15.199999809265137,15.300000190734863,12.011383056640625,8126700,
2020-02-04,15.399999618530273,15.600000381469727,15.199999809265137,15.399999618530273,12.089888572692871,7543600,
2020-02-05,15.5,15.699999809265137,15.399999618530273,15.600000381469727,12.246901512145996,7821800,
2020-02-06,15.600000381469727,15.800000190734863,15.399999618530273,15.5,12.168396949768066,4689200,
2020-02-07,15.5,15.699999809265137,15.5,15.600000381469727,12.246901512145996,5221000,
2020-02-11,15.600000381469727,15.699999809265137,15.399999618530273,15.5,12.168396949768066,4458500,
2020-02-12,15.5,15.800000190734863,15.5,15.600000381469727,12.246901512145996,5578100,
2020-02-13,15.600000381469727,15.699999809265137,15.5,15.5,12.168396949768066,2359800,
2020-02-14,15.5,15.699999809265137,15.399999618530273,15.399999618530273,12.089888572692871,3228000,
2020-02-17,15.5,15.600000381469727,15.399999618530273,15.399999618530273,12.089888572692871,4179000,
2020-02-18,15.5,15.5,15.0,15.100000381469727,11.854372024536133,7579000,
2020-02-19,15.100000381469727,15.300000190734863,14.899999618530273,15.0,11.77586555480957,7285200,
2020-02-20,15.0,15.100000381469727,14.899999618530273,15.0,11.77586555480957,4597400,
2020-02-21,14.899999618530273,15.199999809265137,14.899999618530273,15.0,11.77586555480957,5949300,
2020-02-24,15.0,15.100000381469727,14.600000381469727,14.600000381469727,11.46184253692627,6887200,
2020-02-25,14.5,14.800000190734863,13.600000381469727,14.300000190734863,11.226325035095215,15908900,
2020-02-26,14.100000381469727,14.100000381469727,13.199999809265137,13.199999809265137,10.362762451171875,14914900,
2020-02-27,13.100000381469727,14.0,12.699999809265137,13.800000190734863,10.833796501159668,19203100,
2020-02-28,13.199999809265137,13.300000190734863,13.0,13.100000381469727,10.284255981445312,6292800,
2020-03-02,13.199999809265137,13.399999618530273,12.699999809265137,13.100000381469727,10.284255981445312,7329400,
2020-03-03,13.300000190734863,13.800000190734863,13.199999809265137,13.5,10.598278045654297,11631800,
2020-03-04,13.300000190734863,13.899999618530273,13.300000190734863,13.800000190734863,10.833796501159668,6651200,
2020-03-05,14.0,14.600000381469727,14.0,14.100000381469727,11.069315910339355,15824400,
2020-03-06,13.899999618530273,14.100000381469727,13.5,13.699999809265137,10.755290031433105,9878200,
2020-03-09,13.199999809265137,13.699999809265137,13.199999809265137,13.600000381469727,10.67678451538086,19529100,
2020-03-10,13.5,13.699999809265137,13.300000190734863,13.399999618530273,10.519773483276367,8020900,
2020-03-11,13.399999618530273,13.5,12.899999618530273,13.0,10.205750465393066,10538200,
2020-03-12,12.199999809265137,12.5,10.899999618530273,11.199999809265137,8.792645454406738,20452300,
2020-03-13,10.600000381469727,12.100000381469727,10.0,11.800000190734863,9.26368236541748,10813200,
2020-03-16,11.5,11.699999809265137,10.699999809265137,10.699999809265137,8.400117874145508,8816000,
2020-03-17,10.699999809265137,11.100000381469727,10.699999809265137,10.800000190734863,8.47862434387207,4383700,
2020-03-18,10.800000190734863,11.300000190734863,10.800000190734863,11.300000190734863,8.871152877807617,5830700,
2020-03-19,10.800000190734863,11.399999618530273,10.600000381469727,11.399999618530273,8.949657440185547,7377100,
2020-03-20,11.699999809265137,13.100000381469727,11.300000190734863,12.399999618530273,9.734713554382324,18615400,
2020-03-23,11.199999809265137,11.399999618530273,10.600000381469727,10.600000381469727,8.321612358093262,10528600,
2020-03-24,10.899999618530273,11.0,10.399999618530273,10.800000190734863,8.47862434387207,7030900,
2020-03-25,11.0,11.5,10.800000190734863,11.199999809265137,8.792645454406738,17564200,
2020-03-26,11.199999809265137,11.899999618530273,11.0,11.699999809265137,9.185176849365234,8465500,
2020-03-27,11.899999618530273,11.899999618530273,11.300000190734863,11.600000381469727,9.106669425964355,10824300,
2020-03-30,11.300000190734863,11.300000190734863,11.300000190734863,11.300000190734863,8.871152877807617,644300,
2020-03-31,11.399999618530273,11.800000190734863,11.300000190734863,11.399999618530273,8.949657440185547,10006100,
2020-04-01,11.5,11.899999618530273,11.399999618530273,11.600000381469727,9.106669425964355,8629600,
2020-04-02,11.600000381469727,11.899999618530273,11.5,11.800000190734863,9.26368236541748,4382900,
2020-04-03,11.899999618530273,12.300000190734863,11.800000190734863,11.899999618530273,9.34218692779541,8545100,
2020-04-07,12.5,13.399999618530273,12.300000190734863,13.100000381469727,10.284255981445312,18635600,
2020-04-08,13.100000381469727,13.5,12.699999809265137,13.100000381469727,10.284255981445312,9771000,
2020-04-09,13.300000190734863,13.399999618530273,12.800000190734863,12.899999618530273,10.12724494934082,9636100,
2020-04-10,13.0,13.399999618530273,12.800000190734863,13.399999618530273,10.519773483276367,7636100,
2020-04-13,13.399999618530273,13.399999618530273,13.0,13.100000381469727,10.284255981445312,7951300,
2020-04-14,13.300000190734863,14.199999809265137,13.100000381469727,13.899999618530273,10.912302017211914,23389300,
2020-04-15,14.100000381469727,14.300000190734863,13.100000381469727,13.199999809265137,10.362762451171875,16662200,
2020-04-16,13.0,13.0,12.300000190734863,12.5,9.813220024108887,17815500,
2020-04-17,12.800000190734863,13.199999809265137,12.600000381469727,13.100000381469727,10.284255981445312,10404300,
2020-04-20,13.199999809265137,13.399999618530273,12.899999618530273,13.199999809265137,10.362762451171875,5404900,
2020-04-21,12.899999618530273,13.100000381469727,12.800000190734863,13.100000381469727,10.284255981445312,8687000,
2020-04-22,13.0,13.399999618530273,12.800000190734863,13.199999809265137,10.362762451171875,9249800,
2020-04-23,13.300000190734863,13.5,13.199999809265137,13.300000190734863,10.441268920898438,7877100,
2020-04-24,13.199999809265137,13.199999809265137,12.899999618530273,13.0,10.306490898132324,7309500,0.13
2020-04-27,13.399999618530273,13.5,13.100000381469727,13.100000381469727,10.385771751403809,8253100,
2020-04-28,13.100000381469727,13.5,13.100000381469727,13.5,10.702896118164062,5739900,
2020-04-29,13.699999809265137,13.800000190734863,13.399999618530273,13.699999809265137,10.861455917358398,11004000,
2020-04-30,13.800000190734863,13.800000190734863,13.5,13.699999809265137,10.861455917358398,6406600,
2020-05-05,13.5,13.699999809265137,13.300000190734863,13.300000190734863,10.544332504272461,7914000,
2020-05-07,13.300000190734863,13.399999618530273,13.0,13.300000190734863,10.544332504272461,6349100,
2020-05-08,13.5,13.5,13.100000381469727,13.100000381469727,10.385771751403809,6021500,
2020-05-11,13.199999809265137,14.100000381469727,13.199999809265137,13.800000190734863,10.940736770629883,13140600,
2020-05-12,14.0,14.199999809265137,13.699999809265137,13.899999618530273,11.020015716552734,6286300,
2020-05-13,13.800000190734863,14.100000381469727,13.699999809265137,13.899999618530273,11.020015716552734,6197600,
2020-05-14,13.899999618530273,13.899999618530273,13.5,13.800000190734863,10.940736770629883,5538800,
2020-05-15,13.800000190734863,13.899999618530273,13.5,13.600000381469727,10.78217601776123,4122900,
2020-05-18,13.699999809265137,13.800000190734863,13.5,13.699999809265137,10.861455917358398,2709600,
2020-05-19,13.800000190734863,14.5,13.800000190734863,14.199999809265137,11.257858276367188,9842500,
2020-05-20,14.199999809265137,14.699999809265137,14.199999809265137,14.5,11.495702743530273,9518900,
2020-05-21,14.600000381469727,14.699999809265137,14.100000381469727,14.199999809265137,11.257858276367188,7608100,
2020-05-22,14.100000381469727,14.199999809265137,13.699999809265137,14.0,11.099299430847168,8910400,
2020-05-25,14.0,14.600000381469727,13.600000381469727,14.300000190734863,11.337139129638672,21365900,
2020-05-26,14.699999809265137,14.800000190734863,14.300000190734863,14.300000190734863,11.337139129638672,14214100,
2020-05-27,14.399999618530273,14.699999809265137,14.300000190734863,14.5,11.495702743530273,17313200,
2020-05-28,14.600000381469727,14.600000381469727,14.199999809265137,14.300000190734863,11.337139129638672,12616300,
2020-05-29,14.300000190734863,14.800000190734863,14.199999809265137,14.5,11.495702743530273,17173900,
2020-06-01,14.699999809265137,14.800000190734863,14.399999618530273,14.399999618530273,11.416420936584473,10832000,
2020-06-02,14.600000381469727,14.699999809265137,14.399999618530273,14.600000381469727,11.574981689453125,10793800,
2020-06-04,14.800000190734863,15.0,14.600000381469727,14.699999809265137,11.654261589050293,20090700,
2020-06-05,14.699999809265137,14.800000190734863,14.5,14.600000381469727,11.574981689453125,10213700,
2020-06-08,14.800000190734863,14.800000190734863,14.199999809265137,14.399999618530273,11.416420936584473,15870100,
2020-06-09,14.5,14.5,14.100000381469727,14.100000381469727,11.17857837677002,16271100,
2020-06-10,14.300000190734863,14.399999618530273,14.100000381469727,14.199999809265137,11.257858276367188,9354700,
2020-06-11,14.300000190734863,14.5,13.899999618530273,14.100000381469727,11.17857837677002,19986500,
2020-06-12,13.699999809265137,14.399999618530273,13.600000381469727,14.300000190734863,11.337139129638672,10857700,
2020-06-15,14.399999618530273,14.399999618530273,13.899999618530273,13.899999618530273,11.020015716552734,10402700,
2020-06-16,14.199999809265137,14.399999618530273,14.0,14.100000381469727,11.17857837677002,12811600,
2020-06-17,14.100000381469727,14.5,14.100000381469727,14.5,11.495702743530273,12007200,
2020-06-18,14.300000190734863,14.600000381469727,14.199999809265137,14.5,11.495702743530273,11541600,
2020-06-19,14.5,14.899999618530273,14.399999618530273,14.5,11.495702743530273,12916500,
2020-06-22,14.399999618530273,14.699999809265137,14.399999618530273,14.5,11.495702743530273,6332500,
2020-06-23,14.600000381469727,14.800000190734863,14.5,14.800000190734863,11.733542442321777,7136200,
2020-06-24,14.899999618530273,15.0,14.699999809265137,14.800000190734863,11.733542442321777,10793200,
2020-06-25,14.600000381469727,14.899999618530273,14.399999618530273,14.899999618530273,11.812822341918945,8238100,
2020-06-26,15.100000381469727,15.199999809265137,14.600000381469727,14.600000381469727,11.574981689453125,7607100,
2020-06-29,14.600000381469727,15.0,14.600000381469727,14.899999618530273,11.812822341918945,3746600,
2020-06-30,14.899999618530273,15.100000381469727,14.800000190734863,15.0,11.89210319519043,5955900,
2020-07-01,15.0,15.100000381469727,14.600000381469727,14.699999809265137,11.654261589050293,5551100,
2020-07-02,14.800000190734863,15.0,14.699999809265137,14.800000190734863,11.733542442321777,4329300,
2020-07-03,14.899999618530273,15.0,14.699999809265137,14.699999809265137,11.654261589050293,10079100,
2020-07-07,14.800000190734863,14.800000190734863,14.600000381469727,14.699999809265137,11.654261589050293,6047300,
2020-07-08,14.699999809265137,15.100000381469727,14.699999809265137,15.0,11.89210319519043,12488600,
2020-07-09,15.100000381469727,15.199999809265137,14.899999618530273,14.899999618530273,11.812822341918945,7081600,
2020-07-10,14.899999618530273,15.100000381469727,14.899999618530273,14.899999618530273,11.812822341918945,8367800,
2020-07-13,15.100000381469727,15.199999809265137,14.399999618530273,14.399999618530273,11.416420936584473,18010500,
2020-07-14,14.300000190734863,14.699999809265137,14.199999809265137,14.5,11.495702743530273,5336800,
2020-07-15,14.699999809265137,14.899999618530273,14.600000381469727,14.899999618530273,11.812822341918945,3979000,
2020-07-16,14.899999618530273,14.899999618530273,14.600000381469727,14.699999809265137,11.654261589050293,2867400,
2020-07-17,14.800000190734863,14.899999618530273,14.600000381469727,14.699999809265137,11.654261589050293,3601900,
2020-07-20,14.800000190734863,14.800000190734863,14.600000381469727,14.699999809265137,11.654261589050293,4199200,
2020-07-21,14.699999809265137,15.0,14.699999809265137,14.699999809265137,11.654261589050293,4904000,
2020-07-22,14.800000190734863,14.800000190734863,14.600000381469727,14.699999809265137,11.654261589050293,5194900,
2020-07-23,14.699999809265137,14.899999618530273,14.5,14.800000190734863,11.733542442321777,7940800,
2020-07-24,14.699999809265137,14.800000190734863,14.600000381469727,14.699999809265137,11.654261589050293,5594800,
2020-07-29,14.800000190734863,15.100000381469727,14.699999809265137,14.899999618530273,11.812822341918945,9482500,
2020-07-30,15.0,15.100000381469727,14.800000190734863,15.0,11.89210319519043,7593600,
2020-07-31,14.899999618530273,15.0,14.800000190734863,15.0,11.89210319519043,2648300,
2020-08-03,14.899999618530273,15.699999809265137,14.899999618530273,15.399999618530273,12.209226608276367,20401400,
2020-08-04,15.600000381469727,15.899999618530273,15.600000381469727,15.800000190734863,12.526350021362305,9460400,
2020-08-05,15.800000190734863,15.800000190734863,15.399999618530273,15.600000381469727,12.367790222167969,10078900,
2020-08-06,15.399999618530273,15.600000381469727,15.300000190734863,15.5,12.288506507873535,11522500,
2020-08-07,15.5,15.600000381469727,15.300000190734863,15.5,12.288506507873535,4734600,
2020-08-10,15.600000381469727,15.699999809265137,15.399999618530273,15.399999618530273,12.209226608276367,3607300,
2020-08-11,15.5,15.5,15.300000190734863,15.399999618530273,12.209226608276367,2902600,
2020-08-13,15.5,15.5,15.0,15.199999809265137,12.050667762756348,7462800,
2020-08-14,15.100000381469727,15.399999618530273,15.100000381469727,15.300000190734863,12.1299467086792,7158200,
2020-08-17,15.300000190734863,15.300000190734863,14.899999618530273,15.0,11.89210319519043,6059300,
2020-08-18,15.0,15.300000190734863,15.0,15.100000381469727,11.971385955810547,6946800,
2020-08-19,15.100000381469727,15.5,15.0,15.0,11.89210319519043,5438000,
2020-08-20,15.0,15.300000190734863,14.899999618530273,15.0,11.89210319519043,6161600,
2020-08-21,15.0,15.199999809265137,15.0,15.100000381469727,11.971385955810547,1653800,
2020-08-24,15.199999809265137,15.800000190734863,15.0,15.800000190734863,12.526350021362305,11348400,
2020-08-25,15.800000190734863,15.899999618530273,15.399999618530273,15.5,12.288506507873535,6400300,
2020-08-26,15.5,15.899999618530273,15.300000190734863,15.300000190734863,12.1299467086792,7861400,
2020-08-27,15.300000190734863,15.300000190734863,15.0,15.100000381469727,12.05014419555664,4540600,0.1
2020-08-28,15.199999809265137,15.199999809265137,14.899999618530273,15.0,11.970340728759766,7110700,
2020-08-31,15.0,15.600000381469727,14.899999618530273,15.600000381469727,12.449156761169434,12730900,
2020-09-01,15.399999618530273,15.5,15.0,15.0,11.970340728759766,7455500,
2020-09-02,15.0,15.199999809265137,14.899999618530273,15.0,11.970340728759766,6747100,
2020-09-03,15.0,15.399999618530273,15.0,15.100000381469727,12.05014419555664,5570500,
2020-09-08,15.0,15.199999809265137,14.899999618530273,14.899999618530273,11.890538215637207,7526500,
2020-09-09,14.800000190734863,15.199999809265137,14.699999809265137,15.0,11.970340728759766,5984000,
2020-09-10,15.0,15.399999618530273,14.899999618530273,15.300000190734863,12.209749221801758,6610400,
2020-09-11,15.199999809265137,15.399999618530273,14.699999809265137,14.800000190734863,11.810737609863281,8004600,
2020-09-14,14.699999809265137,14.800000190734863,14.399999618530273,14.600000381469727,11.651132583618164,5374200,
2020-09-15,14.5,14.600000381469727,13.800000190734863,14.199999809265137,11.331923484802246,13855200,
2020-09-16,14.199999809265137,14.5,14.199999809265137,14.399999618530273,11.491528511047363,7628500,
2020-09-17,14.399999618530273,14.699999809265137,14.199999809265137,14.5,11.571331977844238,6816300,
2020-09-18,14.600000381469727,14.699999809265137,14.399999618530273,14.600000381469727,11.651132583618164,3881000,
2020-09-21,14.699999809265137,15.100000381469727,14.699999809265137,14.800000190734863,11.810737609863281,8680200,
2020-09-22,14.699999809265137,15.0,14.5,14.600000381469727,11.651132583618164,8488100,
2020-09-23,14.600000381469727,14.699999809265137,14.5,14.600000381469727,11.651132583618164,2962400,
2020-09-24,14.600000381469727,14.800000190734863,14.300000190734863,14.600000381469727,11.651132583618164,4916900,
2020-09-25,14.600000381469727,14.699999809265137,14.399999618530273,14.600000381469727,11.651132583618164,2574200,
2020-09-28,14.600000381469727,14.699999809265137,14.5,14.5,11.571331977844238,2287400,
2020-09-29,14.5,14.699999809265137,14.5,14.600000381469727,11.651132583618164,1456900,
2020-09-30,14.5,14.5,13.800000190734863,13.899999618530273,11.09251594543457,21299100,
2020-10-01,14.100000381469727,14.199999809265137,13.600000381469727,13.800000190734863,11.012715339660645,8856000,
2020-10-02,13.800000190734863,14.0,13.699999809265137,13.699999809265137,10.93291187286377,6813100,
2020-10-05,13.800000190734863,14.100000381469727,13.699999809265137,13.699999809265137,10.93291187286377,9977500,
2020-10-06,13.899999618530273,14.300000190734863,13.899999618530273,14.199999809265137,11.331923484802246,6673300,
2020-10-07,14.100000381469727,14.300000190734863,13.899999618530273,14.100000381469727,11.252121925354004,7151900,
2020-10-08,14.0,14.199999809265137,13.800000190734863,13.899999618530273,11.09251594543457,7236000,
2020-10-09,14.0,14.300000190734863,14.0,14.300000190734863,11.411725044250488,7334200,
2020-10-12,14.300000190734863,14.600000381469727,14.199999809265137,14.300000190734863,11.411725044250488,5590300,
2020-10-14,14.300000190734863,14.399999618530273,14.100000381469727,14.199999809265137,11.331923484802246,4052200,
2020-10-15,14.199999809265137,14.5,14.100000381469727,14.399999618530273,11.491528511047363,5025600,
2020-10-16,14.399999618530273,14.399999618530273,13.899999618530273,14.0,11.172320365905762,3648300,
2020-10-19,13.800000190734863,13.899999618530273,13.100000381469727,13.600000381469727,10.853111267089844,7363200,
2020-10-20,13.5,13.699999809265137,13.300000190734863,13.600000381469727,10.853111267089844,4462300,
2020-10-21,13.699999809265137,13.800000190734863,13.600000381469727,13.699999809265137,10.93291187286377,2030300,
2020-10-22,13.800000190734863,13.899999618530273,13.600000381469727,13.800000190734863,11.012715339660645,2476200,
2020-10-26,13.800000190734863,13.899999618530273,13.5,13.800000190734863,11.012715339660645,2306500,
2020-10-27,13.800000190734863,14.0,13.600000381469727,13.800000190734863,11.012715339660645,2732500,
2020-10-28,13.800000190734863,14.0,13.800000190734863,14.0,11.172320365905762,1683500,
2020-10-29,14.0,14.199999809265137,13.699999809265137,13.699999809265137,10.93291187286377,3304200,
2020-10-30,13.699999809265137,14.0,13.600000381469727,13.800000190734863,11.012715339660645,7938200,
2020-11-02,13.800000190734863,13.899999618530273,13.600000381469727,13.699999809265137,10.93291187286377,5114100,
2020-11-03,13.699999809265137,13.699999809265137,13.5,13.600000381469727,10.853111267089844,6758300,
2020-11-04,13.600000381469727,13.699999809265137,13.399999618530273,13.5,10.773308753967285,3085600,
2020-11-05,13.600000381469727,13.899999618530273,13.5,13.899999618530273,11.09251594543457,8641900,
2020-11-06,13.899999618530273,14.0,13.5,13.699999809265137,10.93291187286377,6630200,
2020-11-09,13.800000190734863,14.100000381469727,13.699999809265137,14.100000381469727,11.252121925354004,7320700,
2020-11-10,14.399999618530273,14.5,14.100000381469727,14.300000190734863,11.411725044250488,17776400,
2020-11-11,14.399999618530273,14.600000381469727,14.100000381469727,14.399999618530273,11.491528511047363,9050300,
2020-11-12,14.399999618530273,14.699999809265137,14.300000190734863,14.600000381469727,11.651132583618164,11244100,
2020-11-13,14.600000381469727,14.800000190734863,14.399999618530273,14.699999809265137,11.730934143066406,5840600,
2020-11-16,15.0,15.0,14.600000381469727,14.600000381469727,11.651132583618164,8693400,
2020-11-17,14.699999809265137,14.899999618530273,14.5,14.600000381469727,11.651132583618164,9852200,
2020-11-18,14.5,14.699999809265137,14.300000190734863,14.699999809265137,11.730934143066406,6127000,
2020-11-19,14.699999809265137,14.800000190734863,14.5,14.699999809265137,11.730934143066406,5842300,
2020-11-20,14.699999809265137,14.899999618530273,14.600000381469727,14.800000190734863,11.810737609863281,6451900,
2020-11-23,14.899999618530273,15.100000381469727,14.800000190734863,15.0,11.970340728759766,11156300,
2020-11-24,15.100000381469727,15.199999809265137,14.600000381469727,14.699999809265137,11.730934143066406,8411900,
2020-11-25,14.699999809265137,14.899999618530273,14.199999809265137,14.399999618530273,11.491528511047363,21032700,
2020-11-26,14.5,14.600000381469727,14.100000381469727,14.300000190734863,11.411725044250488,19770900,
2020-11-27,14.199999809265137,14.5,14.199999809265137,14.300000190734863,11.411725044250488,23819900,
2020-11-30,14.300000190734863,14.399999618530273,13.899999618530273,14.0,11.172320365905762,33213000,
2020-12-01,14.100000381469727,14.100000381469727,13.699999809265137,13.800000190734863,11.012715339660645,24371500,
2020-12-02,13.800000190734863,14.0,13.800000190734863,13.800000190734863,11.012715339660645,9713000,
2020-12-03,13.800000190734863,14.0,13.699999809265137,14.0,11.172320365905762,17226600,
2020-12-04,14.0,14.100000381469727,13.899999618530273,14.0,11.172320365905762,12144000,
2020-12-08,14.0,14.199999809265137,13.899999618530273,14.0,11.172320365905762,10776700,
2020-12-09,14.100000381469727,14.100000381469727,13.699999809265137,13.699999809265137,10.93291187286377,19731000,
2020-12-14,13.699999809265137,13.899999618530273,13.600000381469727,13.699999809265137,10.93291187286377,14578700,
2020-12-15,13.699999809265137,14.0,13.699999809265137,13.800000190734863,11.012715339660645,10645000,
2020-12-16,13.899999618530273,14.0,13.800000190734863,13.800000190734863,11.012715339660645,5642600,
2020-12-17,13.899999618530273,14.100000381469727,13.800000190734863,13.899999618530273,11.09251594543457,19829600,
2020-12-18,13.899999618530273,14.0,13.699999809265137,13.699999809265137,10.93291187286377,14299100,
2020-12-21,13.300000190734863,13.600000381469727,13.0,13.0,10.374296188354492,35586200,
2020-12-22,13.100000381469727,13.199999809265137,12.800000190734863,13.100000381469727,10.45409870147705,15333600,
2020-12-23,13.0,13.399999618530273,13.0,13.100000381469727,10.45409870147705,7514800,
2020-12-24,13.100000381469727,13.5,13.100000381469727,13.300000190734863,10.613703727722168,10547500,
2020-12-25,13.300000190734863,13.600000381469727,13.300000190734863,13.5,10.773308753967285,8132400,
2020-12-28,13.600000381469727,13.800000190734863,13.5,13.600000381469727,10.853111267089844,11011700,
2020-12-29,13.699999809265137,13.800000190734863,13.5,13.600000381469727,10.853111267089844,4135200,
2020-12-30,13.699999809265137,13.800000190734863,13.5,13.600000381469727,10.853111267089844,5324700,
2021-01-04,13.5,13.800000190734863,13.300000190734863,13.800000190734863,11.012715339660645,8105000,
2021-01-05,13.800000190734863,13.899999618530273,13.600000381469727,13.899999618530273,11.09251594543457,7519700,
2021-01-06,13.899999618530273,14.0,13.699999809265137,13.699999809265137,10.93291187286377,6641500,
2021-01-07,13.800000190734863,14.0,13.699999809265137,13.899999618530273,11.09251594543457,8169100,
2021-01-08,14.0,14.100000381469727,13.899999618530273,14.0,11.172320365905762,20664500,
2021-01-11,14.0,14.100000381469727,13.800000190734863,13.800000190734863,11.012715339660645,9875200,
2021-01-12,13.800000190734863,13.899999618530273,13.600000381469727,13.699999809265137,10.93291187286377,9830100,
2021-01-13,13.800000190734863,13.899999618530273,13.699999809265137,13.699999809265137,10.93291187286377,6298300,
2021-01-14,13.800000190734863,13.899999618530273,13.699999809265137,13.800000190734863,11.012715339660645,5452500,
2021-01-15,13.899999618530273,13.899999618530273,13.699999809265137,13.800000190734863,11.012715339660645,6470700,
2021-01-18,13.699999809265137,13.800000190734863,13.600000381469727,13.699999809265137,10.93291187286377,4179200,
2021-01-19,13.699999809265137,13.899999618530273,13.600000381469727,13.800000190734863,11.012715339660645,7419800,
2021-01-20,13.899999618530273,14.199999809265137,13.800000190734863,14.100000381469727,11.252121925354004,20219500,
2021-01-21,14.300000190734863,14.800000190734863,14.199999809265137,14.600000381469727,11.651132583618164,49089800,
2021-01-22,14.699999809265137,14.800000190734863,14.399999618530273,14.699999809265137,11.730934143066406,26685100,
2021-01-25,14.800000190734863,15.0,14.800000190734863,14.800000190734863,11.810737609863281,21383400,
2021-01-26,14.800000190734863,14.899999618530273,14.399999618530273,14.699999809265137,11.730934143066406,21394800,
2021-01-27,14.600000381469727,14.699999809265137,14.399999618530273,14.5,11.571331977844238,9442100,
2021-01-28,14.399999618530273,14.5,14.199999809265137,14.300000190734863,11.411725044250488,8013400,
2021-01-29,14.399999618530273,14.5,14.100000381469727,14.5,11.571331977844238,7792700,
2021-02-01,14.600000381469727,15.0,14.5,14.699999809265137,11.730934143066406,11344100,
2021-02-02,14.800000190734863,14.899999618530273,14.600000381469727,14.600000381469727,11.651132583618164,7542600,
2021-02-03,14.699999809265137,14.699999809265137,14.300000190734863,14.5,11.571331977844238,13549100,
2021-02-04,14.600000381469727,14.699999809265137,14.399999618530273,14.5,11.571331977844238,8806300,
2021-02-05,14.5,14.600000381469727,14.399999618530273,14.600000381469727,11.651132583618164,4111700,
2021-02-08,14.699999809265137,14.699999809265137,14.399999618530273,14.600000381469727,11.651132583618164,5742900,
2021-02-09,14.600000381469727,14.699999809265137,14.300000190734863,14.399999618530273,11.491528511047363,13248200,
2021-02-10,14.399999618530273,14.5,14.300000190734863,14.300000190734863,11.411725044250488,3393400,
2021-02-11,14.300000190734863,14.5,14.199999809265137,14.300000190734863,11.411725044250488,5254300,
2021-02-15,14.300000190734863,14.399999618530273,14.199999809265137,14.300000190734863,11.411725044250488,4302000,
2021-02-16,14.399999618530273,14.600000381469727,14.300000190734863,14.399999618530273,11.491528511047363,4954300,
2021-02-17,14.5,14.600000381469727,14.300000190734863,14.399999618530273,11.491528511047363,4068400,
2021-02-18,14.5,14.600000381469727,14.399999618530273,14.399999618530273,11.491528511047363,3179400,
2021-02-19,14.399999618530273,14.5,14.100000381469727,14.300000190734863,11.411725044250488,10492000,
2021-02-22,14.199999809265137,14.300000190734863,13.899999618530273,14.199999809265137,11.331923484802246,8010300,
2021-02-23,14.100000381469727,14.300000190734863,14.0,14.100000381469727,11.252121925354004,4869200,
2021-02-24,14.100000381469727,14.300000190734863,13.899999618530273,13.899999618530273,11.09251594543457,7949900,
2021-02-25,14.0,14.300000190734863,13.800000190734863,13.800000190734863,11.012715339660645,12522400,
2021-03-01,13.800000190734863,14.300000190734863,13.800000190734863,13.800000190734863,11.012715339660645,9567500,
2021-03-02,14.399999618530273,14.399999618530273,13.899999618530273,14.0,11.172320365905762,10081900,
2021-03-03,14.100000381469727,14.5,14.0,14.399999618530273,11.491528511047363,13326400,
2021-03-04,14.399999618530273,14.600000381469727,14.300000190734863,14.5,11.571331977844238,13220200,
2021-03-05,14.5,14.600000381469727,14.300000190734863,14.5,11.571331977844238,8812700,
2021-03-08,14.5,14.600000381469727,14.300000190734863,14.399999618530273,11.491528511047363,7902600,
2021-03-09,14.399999618530273,14.800000190734863,14.399999618530273,14.699999809265137,11.730934143066406,27815600,
2021-03-10,14.899999618530273,15.0,14.600000381469727,14.800000190734863,11.810737609863281,19759000,
2021-03-11,14.800000190734863,14.899999618530273,14.300000190734863,14.5,11.571331977844238,20226900,
2021-03-12,14.5,14.699999809265137,14.300000190734863,14.5,11.571331977844238,24335800,
2021-03-15,14.699999809265137,15.199999809265137,14.600000381469727,15.0,11.970340728759766,29567900,
2021-03-16,15.199999809265137,15.399999618530273,15.0,15.199999809265137,12.129947662353516,24534200,
2021-03-17,15.300000190734863,15.699999809265137,15.199999809265137,15.399999618530273,12.28955078125,35173700,
2021-03-18,15.600000381469727,15.699999809265137,15.199999809265137,15.199999809265137,12.129947662353516,20168700,
2021-03-19,15.199999809265137,15.399999618530273,15.100000381469727,15.199999809265137,12.129947662353516,15261600,
2021-03-22,15.199999809265137,15.300000190734863,15.0,15.199999809265137,12.129947662353516,7629100,
2021-03-23,15.199999809265137,15.300000190734863,15.0,15.199999809265137,12.129947662353516,10763400,
2021-03-24,15.100000381469727,15.199999809265137,14.800000190734863,15.0,11.970340728759766,9110700,
2021-03-25,14.899999618530273,15.0,14.800000190734863,14.800000190734863,11.810737609863281,8101000,
2021-03-26,14.800000190734863,15.100000381469727,14.699999809265137,14.899999618530273,11.890538215637207,13046400,
2021-03-29,15.0,15.0,14.800000190734863,14.899999618530273,11.890538215637207,4698000,
2021-03-30,15.0,15.0,14.699999809265137,15.0,11.970340728759766,9948700,
2021-03-31,15.0,15.0,14.699999809265137,14.699999809265137,11.730934143066406,10905100,
2021-04-01,14.699999809265137,15.0,14.699999809265137,14.899999618530273,11.890538215637207,12023800,
2021-04-02,15.0,15.0,14.800000190734863,14.800000190734863,11.810737609863281,3581900,
2021-04-05,14.899999618530273,14.899999618530273,14.5,14.699999809265137,11.730934143066406,12474700,
2021-04-07,14.5,14.600000381469727,14.300000190734863,14.600000381469727,11.651132583618164,17704100,
2021-04-08,14.800000190734863,15.300000190734863,14.800000190734863,15.199999809265137,12.129947662353516,36061300,
2021-04-09,15.399999618530273,16.299999237060547,15.300000190734863,16.100000381469727,12.848167419433594,122003200,
2021-04-12,16.600000381469727,17.299999237060547,16.299999237060547,16.600000381469727,13.24717903137207,91249900,
2021-04-16,16.700000762939453,17.100000381469727,16.299999237060547,16.899999618530273,13.486583709716797,55044000,
2021-04-19,17.0,17.200000762939453,16.799999237060547,17.0,13.566387176513672,23616000,
2021-04-20,17.0,17.0,16.600000381469727,16.799999237060547,13.406783103942871,19036200,
2021-04-21,16.799999237060547,17.0,16.700000762939453,16.700000762939453,13.326980590820312,25513000,
2021-04-22,16.799999237060547,16.899999618530273,16.600000381469727,16.600000381469727,13.24717903137207,14164700,
2021-04-23,16.600000381469727,17.700000762939453,16.600000381469727,17.700000762939453,14.125003814697266,90722400,
2021-04-26,17.600000381469727,19.299999237060547,17.399999618530273,19.100000381469727,15.242233276367188,141604900,
2021-04-27,18.899999618530273,19.0,18.5,18.600000381469727,14.843223571777344,50141300,
2021-04-28,18.600000381469727,18.799999237060547,18.200000762939453,18.399999618530273,14.683619499206543,31283500,
2021-04-29,18.399999618530273,18.700000762939453,18.399999618530273,18.5,14.763421058654785,11953200,
2021-04-30,18.5,18.5,17.899999618530273,18.100000381469727,14.44421100616455,32595300,
2021-05-05,18.799999237060547,19.0,18.200000762939453,18.200000762939453,14.524014472961426,51334800,
2021-05-06,18.299999237060547,18.399999618530273,17.899999618530273,18.299999237060547,14.603816986083984,21419200,
2021-05-07,18.399999618530273,18.600000381469727,18.299999237060547,18.399999618530273,14.683619499206543,15966700,
2021-05-10,18.399999618530273,18.399999618530273,18.0,18.200000762939453,14.627360343933105,12364200,0.13
2021-05-11,18.0,18.399999618530273,18.0,18.200000762939453,14.627360343933105,16686100,
2021-05-12,18.200000762939453,18.200000762939453,17.799999237060547,18.200000762939453,14.627360343933105,6968500,
2021-05-13,17.899999618530273,18.299999237060547,17.200000762939453,18.200000762939453,14.627360343933105,24743300,
2021-05-14,18.5,18.799999237060547,18.100000381469727,18.399999618530273,14.78809928894043,34448300,
2021-05-17,18.600000381469727,18.799999237060547,18.299999237060547,18.399999618530273,14.78809928894043,24770900,
2021-05-18,18.399999618530273,18.5,18.100000381469727,18.200000762939453,14.627360343933105,21252800,
2021-05-19,18.200000762939453,19.700000762939453,18.200000762939453,19.299999237060547,15.511430740356445,93622100,
2021-05-20,19.5,19.799999237060547,19.0,19.600000381469727,15.752541542053223,51881300,
2021-05-21,19.799999237060547,20.0,19.399999618530273,19.799999237060547,15.913281440734863,36502800,
2021-05-24,19.899999618530273,20.100000381469727,19.399999618530273,19.799999237060547,15.913281440734863,35981100,
2021-05-25,19.799999237060547,20.299999237060547,19.700000762939453,20.299999237060547,16.31513023376465,25256200,
2021-05-27,20.5,20.799999237060547,20.299999237060547,20.5,16.475873947143555,29756400,
2021-05-28,20.600000381469727,20.700000762939453,20.299999237060547,20.399999618530273,16.395503997802734,16318400,
2021-05-31,20.399999618530273,20.600000381469727,20.299999237060547,20.399999618530273,16.395503997802734,14166200,
2021-06-01,20.600000381469727,21.100000381469727,20.399999618530273,20.700000762939453,16.636613845825195,28540600,
2021-06-02,20.700000762939453,20.799999237060547,20.299999237060547,20.299999237060547,16.31513023376465,24619300,
2021-06-04,20.299999237060547,20.5,19.600000381469727,19.700000762939453,15.832914352416992,46381700,
2021-06-07,19.799999237060547,20.399999618530273,19.700000762939453,20.100000381469727,16.154394149780273,25703200,
2021-06-08,20.200000762939453,20.5,19.899999618530273,20.399999618530273,16.395503997802734,21665700,
2021-06-09,20.700000762939453,21.200000762939453,20.200000762939453,20.299999237060547,16.31513023376465,50284700,
2021-06-10,20.399999618530273,20.700000762939453,20.200000762939453,20.399999618530273,16.395503997802734,19653700,
2021-06-11,20.399999618530273,20.5,20.100000381469727,20.200000762939453,16.234764099121094,9043100,
2021-06-14,20.299999237060547,20.5,20.200000762939453,20.299999237060547,16.31513023376465,11094100,
2021-06-15,20.5,20.799999237060547,20.399999618530273,20.600000381469727,16.556241989135742,17329900,
2021-06-16,20.600000381469727,20.899999618530273,20.399999618530273,20.600000381469727,16.556241989135742,17869200,
2021-06-17,20.600000381469727,21.299999237060547,20.5,21.200000762939453,17.03846549987793,32210500,
2021-06-18,21.299999237060547,21.299999237060547,20.5,20.899999618530273,16.797351837158203,15179800,
2021-06-21,20.799999237060547,21.0,20.600000381469727,20.700000762939453,16.636613845825195,13307000,
2021-06-22,20.799999237060547,21.600000381469727,20.799999237060547,21.5,17.27957534790039,27192800,
2021-06-23,21.700000762939453,21.899999618530273,21.299999237060547,21.799999237060547,17.52068328857422,22715800,
2021-06-24,21.899999618530273,22.200000762939453,21.399999618530273,22.0,17.681421279907227,30421500,
2021-06-25,22.200000762939453,22.299999237060547,21.600000381469727,21.799999237060547,17.52068328857422,26617200,
2021-06-28,21.799999237060547,23.799999237060547,21.700000762939453,22.700000762939453,18.2440185546875,70312600,
2021-06-29,22.700000762939453,23.600000381469727,22.700000762939453,23.5,18.88697624206543,27100900,
2021-06-30,23.5,24.0,22.799999237060547,23.200000762939453,18.64586639404297,47534100,
2021-07-01,23.399999618530273,23.700000762939453,23.200000762939453,23.700000762939453,19.047718048095703,20646800,
2021-07-02,23.799999237060547,23.899999618530273,23.299999237060547,23.5,18.88697624206543,14388700,
2021-07-05,23.5,24.0,23.399999618530273,23.600000381469727,18.967348098754883,24189100,
2021-07-06,23.700000762939453,23.799999237060547,23.299999237060547,23.600000381469727,18.967348098754883,15476200,
2021-07-07,23.600000381469727,24.799999237060547,23.5,24.600000381469727,19.771047592163086,43022300,
2021-07-08,25.25,25.5,24.600000381469727,24.899999618530273,20.012161254882812,36599200,
2021-07-09,25.0,25.25,24.799999237060547,25.25,20.293453216552734,20932300,
2021-07-12,24.799999237060547,25.0,22.5,23.5,18.88697624206543,92594500,
2021-07-13,23.700000762939453,23.899999618530273,22.899999618530273,23.299999237060547,18.72623634338379,34892500,
2021-07-14,23.299999237060547,24.100000381469727,23.299999237060547,23.899999618530273,19.208459854125977,25212300,
2021-07-15,24.5,24.5,23.5,24.0,19.28882598876953,31645700,
2021-07-16,24.100000381469727,25.25,23.799999237060547,25.25,20.293453216552734,61761300,
2021-07-19,25.25,26.5,25.0,26.0,20.89623260498047,31474100,
2021-07-20,26.25,26.75,25.75,26.25,21.097152709960938,27028100,
2021-07-21,26.25,26.5,25.75,25.75,20.69530487060547,14792100,
2021-07-22,26.0,26.25,25.25,25.5,20.4943790435791,13288100,
2021-07-23,25.5,26.25,25.25,25.75,20.69530487060547,13051600,
2021-07-27,26.25,26.25,25.5,26.0,20.89623260498047,14956400,
2021-07-29,26.0,26.5,25.75,26.0,20.89623260498047,22398600,
2021-07-30,26.0,26.5,25.75,26.25,21.097152709960938,12018000,
2021-08-02,26.5,26.75,25.0,25.5,20.4943790435791,29699700,
2021-08-03,25.5,25.5,23.899999618530273,24.100000381469727,19.369199752807617,51938000,
2021-08-04,24.299999237060547,25.25,24.200000762939453,24.5,19.6906795501709,38692200,
2021-08-05,24.600000381469727,25.0,24.200000762939453,24.5,19.6906795501709,21393400,
2021-08-06,24.600000381469727,24.799999237060547,24.299999237060547,24.5,19.6906795501709,16050700,
2021-08-09,24.399999618530273,24.5,23.600000381469727,23.799999237060547,19.128087997436523,24329200,
2021-08-10,23.799999237060547,24.600000381469727,23.700000762939453,23.899999618530273,19.208459854125977,26286000,
2021-08-11,24.100000381469727,24.600000381469727,23.899999618530273,24.299999237060547,19.529939651489258,22976000,
2021-08-13,24.5,24.799999237060547,23.600000381469727,24.100000381469727,19.369199752807617,44299800,
2021-08-16,24.100000381469727,24.200000762939453,23.600000381469727,23.899999618530273,19.208459854125977,25097800,
2021-08-17,24.100000381469727,24.799999237060547,23.5,24.799999237060547,19.93178939819336,86328400,
2021-08-18,24.5,24.899999618530273,23.299999237060547,23.399999618530273,18.806608200073242,96160900,
2021-08-19,23.299999237060547,23.799999237060547,22.899999618530273,23.399999618530273,18.806608200073242,59840400,
2021-08-20,23.5,23.600000381469727,23.200000762939453,23.299999237060547,18.72623634338379,37980500,
2021-08-23,23.299999237060547,23.399999618530273,22.299999237060547,22.799999237060547,18.324384689331055,62887300,
2021-08-24,22.700000762939453,23.5,22.5,23.0,18.485122680664062,54683800,
2021-08-25,22.899999618530273,23.200000762939453,22.600000381469727,22.799999237060547,18.324384689331055,37397900,
2021-08-26,22.700000762939453,23.299999237060547,22.600000381469727,22.799999237060547,18.324384689331055,32130300,
2021-08-27,22.899999618530273,23.0,22.600000381469727,22.700000762939453,18.2440185546875,29907400,
2021-08-30,22.799999237060547,22.899999618530273,22.5,22.600000381469727,18.163644790649414,27194900,
2021-08-31,22.399999618530273,22.700000762939453,22.299999237060547,22.5,18.244733810424805,27275100,0.2
2021-09-01,22.5,22.600000381469727,22.299999237060547,22.399999618530273,18.163644790649414,13820100,
2021-09-02,22.5,23.0,22.399999618530273,22.700000762939453,18.40690803527832,23281700,
2021-09-03,22.799999237060547,22.899999618530273,22.399999618530273,22.5,18.244733810424805,12098300,
2021-09-06,22.5,22.600000381469727,21.700000762939453,22.0,17.839296340942383,24513400,
2021-09-07,22.0,22.200000762939453,21.600000381469727,21.799999237060547,17.67711639404297,21510600,
2021-09-08,21.799999237060547,22.200000762939453,21.399999618530273,22.0,17.839296340942383,23606000,
2021-09-09,22.200000762939453,22.799999237060547,22.100000381469727,22.200000762939453,18.00147247314453,44713600,
2021-09-10,22.200000762939453,22.299999237060547,21.700000762939453,21.899999618530273,17.75820541381836,17044400,
2021-09-13,21.899999618530273,22.100000381469727,21.600000381469727,21.899999618530273,17.75820541381836,10529600,
2021-09-14,21.700000762939453,21.899999618530273,21.399999618530273,21.5,17.433856964111328,12004100,
2021-09-15,21.5,21.799999237060547,21.399999618530273,21.5,17.433856964111328,12440600,
2021-09-16,21.899999618530273,22.799999237060547,21.799999237060547,22.600000381469727,18.325820922851562,40074500,
2021-09-17,22.700000762939453,23.100000381469727,22.700000762939453,23.0,18.65017318725586,25316200,
2021-09-20,23.0,23.0,22.200000762939453,22.299999237060547,18.082557678222656,24825800,
2021-09-21,22.200000762939453,22.600000381469727,22.0,22.399999618530273,18.163644790649414,10680600,
2021-09-22,22.399999618530273,22.399999618530273,22.100000381469727,22.299999237060547,18.082557678222656,15114100,
2021-09-23,22.399999618530273,22.399999618530273,21.899999618530273,22.100000381469727,17.92038345336914,13159300,
2021-09-27,22.200000762939453,22.200000762939453,21.399999618530273,21.600000381469727,17.51494598388672,17349600,
2021-09-28,21.5,21.600000381469727,20.799999237060547,21.5,17.433856964111328,29285300,
2021-09-29,21.399999618530273,21.799999237060547,21.299999237060547,21.600000381469727,17.51494598388672,8118400,
2021-09-30,21.5,21.899999618530273,21.100000381469727,21.399999618530273,17.35276985168457,10868100,
2021-10-01,21.399999618530273,21.5,21.0,21.200000762939453,17.190593719482422,11967600,
2021-10-04,21.200000762939453,21.399999618530273,20.899999618530273,20.899999618530273,16.947328567504883,15068000,
2021-10-05,20.899999618530273,21.200000762939453,20.899999618530273,21.0,17.028413772583008,4020900,
2021-10-06,21.0,21.200000762939453,20.799999237060547,20.799999237060547,16.866243362426758,10591600,
2021-10-07,20.799999237060547,20.899999618530273,20.200000762939453,20.399999618530273,16.541889190673828,35760900,
2021-10-08,20.399999618530273,21.0,20.399999618530273,20.600000381469727,16.704069137573242,34569900,
2021-10-11,20.700000762939453,20.799999237060547,20.200000762939453,20.5,16.622982025146484,17230100,
2021-10-12,20.600000381469727,20.700000762939453,20.299999237060547,20.600000381469727,16.704069137573242,13854000,
2021-10-14,20.5,20.600000381469727,20.200000762939453,20.399999618530273,16.541889190673828,25008400,
2021-10-15,20.399999618530273,20.700000762939453,20.299999237060547,20.399999618530273,16.541889190673828,18859200,
2021-10-18,20.399999618530273,20.600000381469727,20.100000381469727,20.299999237060547,16.460803985595703,16723800,
2021-10-19,20.299999237060547,20.899999618530273,20.200000762939453,20.399999618530273,16.541889190673828,31752700,
2021-10-20,20.700000762939453,21.299999237060547,20.700000762939453,21.100000381469727,17.109506607055664,39713300,
2021-10-21,21.200000762939453,21.200000762939453,20.399999618530273,20.600000381469727,16.704069137573242,42736800,
2021-10-25,20.5,20.600000381469727,20.299999237060547,20.600000381469727,16.704069137573242,13945800,
2021-10-26,20.600000381469727,20.899999618530273,20.399999618530273,20.5,16.622982025146484,30657300,
2021-10-27,20.5,20.600000381469727,20.200000762939453,20.299999237060547,16.460803985595703,18192200,
2021-10-28,20.299999237060547,20.5,20.200000762939453,20.399999618530273,16.541889190673828,11737300,
2021-10-29,20.299999237060547,20.5,20.200000762939453,20.299999237060547,16.460803985595703,14892200,
2021-11-01,20.5,20.600000381469727,20.100000381469727,20.299999237060547,16.460803985595703,15902100,
2021-11-02,20.299999237060547,20.399999618530273,20.100000381469727,20.200000762939453,16.379714965820312,6624100,
2021-11-03,20.200000762939453,20.299999237060547,19.600000381469727,19.799999237060547,16.055362701416016,19183200,
2021-11-04,19.899999618530273,20.399999618530273,19.700000762939453,20.200000762939453,16.379714965820312,18515100,
2021-11-05,20.200000762939453,20.399999618530273,20.0,20.200000762939453,16.379714965820312,8998500,
2021-11-08,20.200000762939453,20.299999237060547,19.700000762939453,19.899999618530273,16.136451721191406,14306400,
2021-11-09,19.899999618530273,20.399999618530273,19.899999618530273,20.200000762939453,16.379714965820312,12559700,
2021-11-10,20.100000381469727,20.299999237060547,20.100000381469727,20.200000762939453,16.379714965820312,4465900,
2021-11-11,20.299999237060547,20.600000381469727,20.200000762939453,20.399999618530273,16.541889190673828,18009300,
2021-11-12,20.399999618530273,20.600000381469727,20.299999237060547,20.399999618530273,16.541889190673828,11945500,
2021-11-15,20.399999618530273,20.5,20.100000381469727,20.399999618530273,16.541889190673828,8562100,
2021-11-16,20.299999237060547,20.399999618530273,19.899999618530273,20.0,16.217540740966797,21579000,
2021-11-17,19.899999618530273,20.200000762939453,19.899999618530273,19.899999618530273,16.136451721191406,12117300,
2021-11-18,20.0,20.100000381469727,19.899999618530273,20.100000381469727,16.298627853393555,7702800,
2021-11-19,20.0,20.100000381469727,19.799999237060547,19.899999618530273,16.136451721191406,9366500,
2021-11-22,19.899999618530273,20.0,19.700000762939453,20.0,16.217540740966797,12244400,
2021-11-23,20.0,20.100000381469727,19.799999237060547,19.899999618530273,16.136451721191406,7683300,
2021-11-24,20.0,20.0,19.799999237060547,19.799999237060547,16.055362701416016,3907100,
2021-11-25,19.899999618530273,20.0,19.600000381469727,20.0,16.217540740966797,13862200,
2021-11-26,20.299999237060547,21.299999237060547,20.299999237060547,20.899999618530273,16.947328567504883,91636600,
2021-11-29,21.600000381469727,22.100000381469727,21.399999618530273,21.700000762939453,17.596033096313477,67698000,
2021-11-30,21.5,21.799999237060547,21.0,21.399999618530273,17.35276985168457,48940100,
2021-12-01,21.399999618530273,22.0,21.100000381469727,21.5,17.433856964111328,46349500,
2021-12-02,21.5,22.0,21.5,21.700000762939453,17.596033096313477,25387300,
2021-12-03,21.399999618530273,21.399999618530273,21.0,21.0,17.028413772583008,35721900,
2021-12-07,21.0,21.100000381469727,20.200000762939453,20.399999618530273,16.541889190673828,32856000,
2021-12-08,20.200000762939453,20.299999237060547,19.799999237060547,20.0,16.217540740966797,27423700,
2021-12-09,20.0,20.299999237060547,19.799999237060547,19.899999618530273,16.136451721191406,25246700,
2021-12-13,19.799999237060547,20.100000381469727,19.700000762939453,19.799999237060547,16.055362701416016,15387500,
2021-12-14,20.0,20.200000762939453,19.600000381469727,19.700000762939453,15.974282264709473,21685300,
2021-12-15,19.799999237060547,19.799999237060547,19.200000762939453,19.399999618530273,15.731014251708984,36898500,
2021-12-16,19.399999618530273,19.700000762939453,19.299999237060547,19.600000381469727,15.893189430236816,23230000,
2021-12-17,19.600000381469727,19.799999237060547,19.5,19.600000381469727,15.893189430236816,14246200,
2021-12-20,19.899999618530273,20.200000762939453,19.799999237060547,20.200000762939453,16.379714965820312,32468000,
2021-12-21,20.0,20.100000381469727,19.700000762939453,20.0,16.217540740966797,15535600,
2021-12-22,20.0,20.200000762939453,19.899999618530273,20.100000381469727,16.298627853393555,12135700,
2021-12-23,20.200000762939453,20.200000762939453,19.799999237060547,19.899999618530273,16.136451721191406,9376300,
2021-12-24,19.899999618530273,19.899999618530273,19.700000762939453,19.899999618530273,16.136451721191406,11525000,
2021-12-27,19.899999618530273,20.200000762939453,19.799999237060547,19.899999618530273,16.136451721191406,13471600,
2021-12-28,20.0,20.299999237060547,19.899999618530273,20.100000381469727,16.298627853393555,18598600,
2021-12-29,20.100000381469727,20.399999618530273,20.100000381469727,20.299999237060547,16.460803985595703,13762000,
2021-12-30,20.299999237060547,20.299999237060547,19.799999237060547,20.100000381469727,16.298627853393555,21359700,
2022-01-04,19.899999618530273,20.0,19.299999237060547,19.5,15.812102317810059,45083900,
2022-01-05,19.5,19.700000762939453,19.399999618530273,19.600000381469727,15.893189430236816,20655600,
2022-01-06,19.600000381469727,21.100000381469727,19.600000381469727,20.899999618530273,16.947328567504883,88327800,
2022-01-07,21.0,21.0,20.100000381469727,20.5,16.622982025146484,59545100,
2022-01-10,20.399999618530273,20.399999618530273,19.700000762939453,19.899999618530273,16.136451721191406,45239200,
2022-01-11,19.899999618530273,20.100000381469727,19.799999237060547,19.799999237060547,16.055362701416016,16430400,
2022-01-12,19.899999618530273,20.100000381469727,19.799999237060547,20.100000381469727,16.298627853393555,23396600,
2022-01-13,20.200000762939453,20.200000762939453,19.799999237060547,20.0,16.217540740966797,13456300,
2022-01-14,20.0,20.399999618530273,19.899999618530273,19.899999618530273,16.136451721191406,29349700,
2022-01-17,19.899999618530273,20.0,19.399999618530273,19.600000381469727,15.893189430236816,31404400,
2022-01-18,19.600000381469727,19.700000762939453,19.399999618530273,19.5,15.812102317810059,12360600,
2022-01-19,19.399999618530273,19.5,18.799999237060547,18.799999237060547,15.244488716125488,25870000,
2022-01-20,18.899999618530273,18.899999618530273,18.600000381469727,18.700000762939453,15.16340160369873,12073600,
2022-01-21,18.700000762939453,19.0,18.399999618530273,18.600000381469727,15.082311630249023,18422700,
2022-01-24,18.600000381469727,18.700000762939453,18.200000762939453,18.299999237060547,14.839048385620117,8979200,
2022-01-25,18.200000762939453,18.600000381469727,18.0,18.200000762939453,14.757963180541992,21615200,
2022-01-26,18.299999237060547,18.5,18.100000381469727,18.399999618530273,14.920138359069824,20289400,
2022-01-27,18.299999237060547,18.399999618530273,18.0,18.100000381469727,14.676875114440918,9730100,
2022-01-28,18.200000762939453,18.700000762939453,18.200000762939453,18.5,15.001226425170898,13783300,
2022-01-31,18.700000762939453,18.799999237060547,18.5,18.700000762939453,15.16340160369873,6651900,
2022-02-01,18.700000762939453,18.799999237060547,18.299999237060547,18.5,15.001226425170898,13499500,
2022-02-02,18.5,18.799999237060547,18.5,18.700000762939453,15.16340160369873,12045100,
2022-02-03,18.799999237060547,18.899999618530273,18.5,18.700000762939453,15.16340160369873,17144600,
2022-02-04,18.899999618530273,18.899999618530273,18.399999618530273,18.700000762939453,15.16340160369873,24089600,
2022-02-07,18.700000762939453,18.700000762939453,18.299999237060547,18.5,15.001226425170898,15606300,
2022-02-08,18.5,18.600000381469727,18.399999618530273,18.399999618530273,14.920138359069824,12910600,
2022-02-09,18.5,18.899999618530273,18.399999618530273,18.5,15.001226425170898,21233100,
2022-02-10,18.600000381469727,18.600000381469727,18.100000381469727,18.299999237060547,14.839048385620117,22683900,
2022-02-11,18.299999237060547,18.299999237060547,18.0,18.0,14.59578800201416,16457800,
2022-02-14,18.0,18.399999618530273,17.700000762939453,18.200000762939453,14.757963180541992,18612300,
2022-02-15,18.200000762939453,18.399999618530273,18.0,18.200000762939453,14.757963180541992,13012200,
2022-02-17,18.399999618530273,18.600000381469727,18.200000762939453,18.399999618530273,14.920138359069824,11911800,
2022-02-18,18.399999618530273,18.399999618530273,18.100000381469727,18.399999618530273,14.920138359069824,8899000,
2022-02-21,18.399999618530273,18.899999618530273,18.299999237060547,18.799999237060547,15.244488716125488,25233800,
2022-02-22,19.299999237060547,19.899999618530273,19.100000381469727,19.600000381469727,15.893189430236816,92619600,
2022-02-23,19.700000762939453,19.700000762939453,19.200000762939453,19.5,15.812102317810059,38495600,
2022-02-24,19.5,19.5,18.799999237060547,19.100000381469727,15.487753868103027,23973400,
2022-02-25,19.299999237060547,19.399999618530273,18.899999618530273,19.0,15.406661987304688,16918400,
2022-02-28,19.0,19.299999237060547,19.0,19.100000381469727,15.487753868103027,21760900,
2022-03-01,19.399999618530273,19.899999618530273,19.299999237060547,19.399999618530273,15.731014251708984,36246300,
2022-03-02,19.5,19.799999237060547,19.399999618530273,19.600000381469727,15.893189430236816,27525100,
2022-03-03,19.799999237060547,20.0,19.600000381469727,20.0,16.217540740966797,29217600,
2022-03-04,20.0,20.0,19.600000381469727,19.799999237060547,16.055362701416016,27165800,
2022-03-07,19.700000762939453,20.100000381469727,19.5,19.899999618530273,16.136451721191406,36439700,
2022-03-08,19.899999618530273,20.399999618530273,19.799999237060547,20.200000762939453,16.379714965820312,50981000,
2022-03-09,20.200000762939453,20.200000762939453,19.700000762939453,20.100000381469727,16.298627853393555,32524700,
2022-03-10,20.200000762939453,20.200000762939453,19.700000762939453,20.100000381469727,16.298627853393555,46135600,
2022-03-11,20.0,20.600000381469727,20.0,20.5,16.622982025146484,22968000,
2022-03-14,20.5,21.0,20.399999618530273,20.899999618530273,16.947328567504883,44295000,
2022-03-15,21.0,21.200000762939453,20.799999237060547,21.0,17.028413772583008,35638100,
2022-03-16,21.100000381469727,21.200000762939453,20.799999237060547,21.0,17.028413772583008,21343700,
2022-03-17,20.899999618530273,21.299999237060547,20.899999618530273,21.0,17.028413772583008,21164700,
2022-03-18,20.899999618530273,21.299999237060547,20.799999237060547,21.200000762939453,17.190593719482422,22128100,
2022-03-21,21.399999618530273,21.899999618530273,21.299999237060547,21.799999237060547,17.67711639404297,31991800,
2022-03-22,21.799999237060547,21.899999618530273,21.399999618530273,21.5,17.433856964111328,15422000,
2022-03-23,21.5,21.799999237060547,21.299999237060547,21.299999237060547,17.27168083190918,13651800,
2022-03-24,21.299999237060547,21.600000381469727,21.299999237060547,21.399999618530273,17.35276985168457,9585900,
2022-03-25,21.399999618530273,21.5,21.299999237060547,21.399999618530273,17.35276985168457,4318400,
2022-03-28,21.399999618530273,21.600000381469727,21.399999618530273,21.399999618530273,17.35276985168457,7603400,
2022-03-29,21.5,21.5,20.5,20.700000762939453,16.78515625,35032000,
2022-03-30,20.799999237060547,20.799999237060547,20.5,20.700000762939453,16.78515625,17817700,
2022-03-31,20.799999237060547,20.799999237060547,20.5,20.600000381469727,16.704069137573242,12262600,
2022-04-01,20.5,20.600000381469727,20.299999237060547,20.399999618530273,16.541889190673828,10781600,
2022-04-04,20.399999618530273,20.899999618530273,20.399999618530273,20.899999618530273,16.947328567504883,12593400,
2022-04-05,20.799999237060547,20.899999618530273,20.600000381469727,20.700000762939453,16.78515625,7974600,
2022-04-07,20.799999237060547,21.399999618530273,20.700000762939453,21.399999618530273,17.35276985168457,34137200,
2022-04-08,21.399999618530273,21.899999618530273,21.200000762939453,21.700000762939453,17.596033096313477,29618600,
2022-04-11,21.799999237060547,22.5,21.799999237060547,22.399999618530273,18.163644790649414,31543600,
2022-04-12,22.299999237060547,22.399999618530273,22.0,22.200000762939453,18.00147247314453,16326100,
2022-04-18,22.399999618530273,23.100000381469727,22.399999618530273,22.600000381469727,18.325820922851562,34120000,
2022-04-19,22.700000762939453,22.899999618530273,22.200000762939453,22.399999618530273,18.163644790649414,37058900,
2022-04-20,22.600000381469727,22.799999237060547,22.200000762939453,22.700000762939453,18.40690803527832,21299000,
2022-04-21,22.600000381469727,22.700000762939453,22.299999237060547,22.399999618530273,18.163644790649414,27731900,
2022-04-22,22.5,22.700000762939453,22.299999237060547,22.600000381469727,18.325820922851562,15466200,
2022-04-25,22.399999618530273,22.600000381469727,22.200000762939453,22.200000762939453,18.00147247314453,12508300,
2022-04-26,22.200000762939453,22.299999237060547,21.700000762939453,21.899999618530273,17.75820541381836,14993800,
2022-04-27,22.0,22.299999237060547,21.700000762939453,22.0,17.839296340942383,25057900,
2022-04-28,22.100000381469727,22.200000762939453,21.799999237060547,21.899999618530273,17.75820541381836,12730200,
2022-04-29,21.899999618530273,22.0,21.299999237060547,21.5,17.433856964111328,28218600,
2022-05-03,21.5,21.600000381469727,21.100000381469727,21.100000381469727,17.109506607055664,22363300,
2022-05-05,21.200000762939453,21.5,21.100000381469727,21.200000762939453,17.190593719482422,24583100,
2022-05-06,21.0,21.299999237060547,20.899999618530273,21.200000762939453,17.190593719482422,12735700,
2022-05-09,21.200000762939453,21.200000762939453,20.700000762939453,20.799999237060547,16.866243362426758,22244300,
2022-05-10,19.799999237060547,19.899999618530273,19.399999618530273,19.600000381469727,16.69587516784668,22277900,1.0
2022-05-11,19.600000381469727,19.700000762939453,19.100000381469727,19.200000762939453,16.35514259338379,21483100,
2022-05-12,19.200000762939453,19.5,19.0,19.0,16.18478012084961,18880800,
2022-05-13,19.200000762939453,20.0,19.200000762939453,20.0,17.036609649658203,21121500,
2022-05-17,19.899999618530273,20.0,18.600000381469727,18.799999237060547,16.0144100189209,60290600,
2022-05-18,18.899999618530273,19.0,18.5,18.700000762939453,15.929229736328125,21954700,
2022-05-19,18.5,18.700000762939453,18.299999237060547,18.600000381469727,15.844046592712402,19168800,
2022-05-20,18.799999237060547,18.899999618530273,18.600000381469727,18.799999237060547,16.0144100189209,15357700,
2022-05-23,19.0,19.0,18.700000762939453,18.799999237060547,16.0144100189209,13247000,
2022-05-24,18.799999237060547,18.899999618530273,18.600000381469727,18.799999237060547,16.0144100189209,14555600,
2022-05-25,18.899999618530273,18.899999618530273,18.5,18.700000762939453,15.929229736328125,25425300,
2022-05-26,18.799999237060547,18.799999237060547,18.5,18.600000381469727,15.844046592712402,10583700,
2022-05-27,18.600000381469727,19.200000762939453,18.5,19.0,16.18478012084961,22764900,
2022-05-30,19.200000762939453,20.0,19.200000762939453,19.899999618530273,16.95142364501953,26334000,
2022-05-31,19.799999237060547,20.299999237060547,19.799999237060547,20.299999237060547,17.292156219482422,19309800,
2022-06-01,20.299999237060547,20.299999237060547,20.0,20.200000762939453,17.20697593688965,9408200,
2022-06-02,20.100000381469727,20.200000762939453,19.799999237060547,19.899999618530273,16.95142364501953,12325900,
2022-06-06,20.0,20.100000381469727,19.600000381469727,19.899999618530273,16.95142364501953,6850500,
2022-06-07,19.799999237060547,19.899999618530273,19.200000762939453,19.299999237060547,16.440326690673828,14636700,
2022-06-08,19.5,19.700000762939453,19.299999237060547,19.299999237060547,16.440326690673828,15168200,
2022-06-09,19.299999237060547,19.399999618530273,19.200000762939453,19.299999237060547,16.440326690673828,7785400,
2022-06-10,19.200000762939453,19.299999237060547,18.899999618530273,19.100000381469727,16.269960403442383,14300600,
2022-06-13,18.899999618530273,19.0,18.700000762939453,18.700000762939453,15.929229736328125,6204200,
2022-06-14,18.700000762939453,19.100000381469727,18.700000762939453,18.899999618530273,16.099594116210938,6543600,
2022-06-15,19.0,19.0,18.5,18.700000762939453,15.929229736328125,12989800,
2022-06-16,18.799999237060547,18.899999618530273,18.299999237060547,18.399999618530273,15.673678398132324,16709300,
2022-06-17,18.299999237060547,18.399999618530273,18.0,18.100000381469727,15.418130874633789,16338400,
2022-06-20,18.200000762939453,18.399999618530273,18.0,18.200000762939453,15.503315925598145,7479200,
2022-06-21,18.299999237060547,18.299999237060547,18.0,18.100000381469727,15.418130874633789,7328800,
2022-06-22,18.100000381469727,18.100000381469727,17.799999237060547,18.0,15.332947731018066,10698300,
2022-06-23,18.200000762939453,18.5,17.899999618530273,18.299999237060547,15.58849811553955,12172900,
2022-06-24,18.399999618530273,18.899999618530273,18.299999237060547,18.899999618530273,16.099594116210938,19636200,
2022-06-27,18.700000762939453,19.0,18.600000381469727,18.799999237060547,16.0144100189209,20354300,
2022-06-28,18.899999618530273,19.0,18.700000762939453,18.799999237060547,16.0144100189209,10078600,
2022-06-29,18.700000762939453,19.0,18.600000381469727,18.799999237060547,16.0144100189209,8007500,
2022-06-30,18.799999237060547,19.200000762939453,18.399999618530273,18.700000762939453,15.929229736328125,22368100,
2022-07-01,18.700000762939453,18.899999618530273,18.600000381469727,18.799999237060547,16.0144100189209,7717100,
2022-07-04,19.0,19.5,19.0,19.299999237060547,16.440326690673828,24409000,
2022-07-05,19.600000381469727,20.600000381469727,19.600000381469727,20.399999618530273,17.377342224121094,54169600,
2022-07-06,20.399999618530273,20.600000381469727,20.0,20.5,17.4625244140625,46110200,
2022-07-07,20.5,20.600000381469727,20.299999237060547,20.299999237060547,17.292156219482422,13540400,
2022-07-08,20.5,20.5,20.0,20.200000762939453,17.20697593688965,18414800,
2022-07-11,20.100000381469727,20.100000381469727,19.600000381469727,19.799999237060547,16.866243362426758,27125400,
2022-07-12,20.0,20.399999618530273,20.0,20.299999237060547,17.292156219482422,22683700,
2022-07-14,20.200000762939453,20.5,20.0,20.100000381469727,17.121793746948242,17015500,
2022-07-15,20.100000381469727,20.399999618530273,19.899999618530273,20.399999618530273,17.377342224121094,21358900,
2022-07-18,20.600000381469727,20.600000381469727,20.0,20.299999237060547,17.292156219482422,11474100,
2022-07-19,20.200000762939453,20.299999237060547,19.799999237060547,20.100000381469727,17.121793746948242,17055400,
2022-07-20,20.200000762939453,20.399999618530273,20.0,20.200000762939453,17.20697593688965,9609200,
2022-07-21,20.200000762939453,20.299999237060547,20.0,20.200000762939453,17.20697593688965,6258300,
2022-07-22,20.200000762939453,20.299999237060547,19.899999618530273,20.100000381469727,17.121793746948242,8708000,
2022-07-25,20.100000381469727,20.100000381469727,19.600000381469727,19.899999618530273,16.95142364501953,14427200,
2022-07-26,19.799999237060547,20.100000381469727,19.799999237060547,20.0,17.036609649658203,6069200,
2022-07-27,20.0,20.299999237060547,19.799999237060547,20.299999237060547,17.292156219482422,11243200,
2022-08-01,20.299999237060547,20.299999237060547,20.100000381469727,20.200000762939453,17.20697593688965,5828000,
2022-08-02,20.200000762939453,20.799999237060547,20.100000381469727,20.600000381469727,17.547710418701172,29266400,
2022-08-03,20.799999237060547,21.0,20.600000381469727,20.799999237060547,17.718074798583984,22107800,
2022-08-04,20.799999237060547,20.899999618530273,20.100000381469727,20.200000762939453,17.20697593688965,22144400,
2022-08-05,20.200000762939453,20.5,20.200000762939453,20.299999237060547,17.292156219482422,13089600,
2022-08-08,20.299999237060547,20.5,20.200000762939453,20.299999237060547,17.292156219482422,8382300,
2022-08-09,20.299999237060547,20.399999618530273,20.200000762939453,20.299999237060547,17.292156219482422,7758100,
2022-08-10,20.299999237060547,20.399999618530273,20.0,20.299999237060547,17.292156219482422,10194100,
2022-08-11,20.299999237060547,20.799999237060547,20.299999237060547,20.600000381469727,17.547710418701172,24198000,
2022-08-15,20.600000381469727,20.799999237060547,20.5,20.600000381469727,17.547710418701172,8005200,
2022-08-16,20.600000381469727,20.799999237060547,20.399999618530273,20.5,17.4625244140625,10922300,
2022-08-17,20.399999618530273,20.600000381469727,20.0,20.200000762939453,17.20697593688965,22300800,
2022-08-18,20.100000381469727,20.200000762939453,19.700000762939453,19.799999237060547,16.866243362426758,25165900,
2022-08-19,19.5,19.5,19.0,19.0,16.18478012084961,52047700,
2022-08-22,19.0,19.100000381469727,18.600000381469727,18.799999237060547,16.0144100189209,23033200,
2022-08-23,18.700000762939453,19.5,18.700000762939453,19.399999618530273,16.525510787963867,37886700,
2022-08-24,19.5,19.5,19.0,19.100000381469727,16.269960403442383,22111900,
2022-08-25,19.100000381469727,19.200000762939453,19.0,19.0,16.18478012084961,17157100,
2022-08-26,19.100000381469727,19.200000762939453,18.899999618530273,19.0,16.18478012084961,14721800,
2022-08-29,18.799999237060547,19.0,18.5,18.600000381469727,15.844046592712402,29854600,
2022-08-30,18.700000762939453,18.899999618530273,18.700000762939453,18.899999618530273,16.099594116210938,16333800,
2022-08-31,18.5,18.700000762939453,18.399999618530273,18.700000762939453,16.273643493652344,27430500,0.4
2022-09-01,18.700000762939453,19.200000762939453,18.700000762939453,18.899999618530273,16.44769287109375,32038600,
2022-09-02,19.100000381469727,19.200000762939453,18.700000762939453,18.899999618530273,16.44769287109375,24946600,
2022-09-05,19.0,19.100000381469727,18.799999237060547,19.100000381469727,16.621746063232422,13120200,
2022-09-06,19.100000381469727,19.100000381469727,18.799999237060547,19.0,16.534719467163086,15638800,
2022-09-07,18.899999618530273,19.0,18.799999237060547,18.799999237060547,16.36067008972168,10670200,
2022-09-08,19.0,19.0,18.799999237060547,18.799999237060547,16.36067008972168,14277400,
2022-09-09,18.899999618530273,19.0,18.799999237060547,18.899999618530273,16.44769287109375,8967700,
2022-09-12,19.0,19.200000762939453,18.899999618530273,19.100000381469727,16.621746063232422,8726200,
2022-09-13,19.200000762939453,19.200000762939453,19.0,19.100000381469727,16.621746063232422,4861500,
2022-09-14,18.899999618530273,19.100000381469727,18.799999237060547,19.100000381469727,16.621746063232422,6503900,
2022-09-15,19.100000381469727,19.200000762939453,18.799999237060547,19.0,16.534719467163086,12566700,
2022-09-16,19.0,19.100000381469727,18.299999237060547,18.700000762939453,16.273643493652344,31536700,
2022-09-19,18.5,18.700000762939453,18.5,18.600000381469727,16.18661880493164,7490500,
2022-09-20,18.600000381469727,18.799999237060547,18.299999237060547,18.399999618530273,16.012569427490234,24344900,
2022-09-21,18.399999618530273,18.600000381469727,18.399999618530273,18.5,16.09959602355957,6798600,
2022-09-22,18.5,18.899999618530273,18.5,18.799999237060547,16.36067008972168,14842200,
2022-09-23,18.799999237060547,18.899999618530273,18.600000381469727,18.600000381469727,16.18661880493164,7231200,
2022-09-26,18.600000381469727,18.600000381469727,18.0,18.100000381469727,15.751495361328125,21373100,
2022-09-27,18.200000762939453,18.299999237060547,18.0,18.100000381469727,15.751495361328125,8278500,
2022-09-28,18.0,18.100000381469727,17.600000381469727,17.700000762939453,15.403399467468262,22167600,
2022-09-29,17.799999237060547,17.899999618530273,17.700000762939453,17.700000762939453,15.403399467468262,13081000,
2022-09-30,17.700000762939453,18.0,17.600000381469727,17.799999237060547,15.4904203414917,9577700,
2022-10-03,17.799999237060547,17.899999618530273,16.799999237060547,16.899999618530273,14.707197189331055,29446400,
2022-10-04,17.200000762939453,17.399999618530273,16.799999237060547,17.200000762939453,14.96827220916748,22606000,
2022-10-05,17.299999237060547,17.399999618530273,17.200000762939453,17.399999618530273,15.142319679260254,8820000,
2022-10-06,17.399999618530273,17.5,17.200000762939453,17.399999618530273,15.142319679260254,12861000,
2022-10-07,17.399999618530273,17.5,17.0,17.299999237060547,15.05529499053955,8772600,
2022-10-10,17.200000762939453,17.399999618530273,17.200000762939453,17.299999237060547,15.05529499053955,7509800,
2022-10-11,17.299999237060547,17.399999618530273,17.0,17.200000762939453,14.96827220916748,6460700,
2022-10-12,17.200000762939453,17.299999237060547,17.100000381469727,17.200000762939453,14.96827220916748,4311700,
2022-10-17,17.200000762939453,17.299999237060547,17.0,17.100000381469727,14.881246566772461,9684300,
2022-10-18,17.200000762939453,17.600000381469727,17.100000381469727,17.399999618530273,15.142319679260254,7548000,
2022-10-19,17.299999237060547,17.5,17.200000762939453,17.299999237060547,15.05529499053955,8416200,
2022-10-20,17.399999618530273,17.899999618530273,17.299999237060547,17.700000762939453,15.403399467468262,23858000,
2022-10-21,17.700000762939453,17.700000762939453,17.299999237060547,17.5,15.22934627532959,9561400,
2022-10-25,17.700000762939453,17.700000762939453,17.399999618530273,17.600000381469727,15.316370010375977,9617500,
2022-10-26,18.0,18.5,17.899999618530273,18.399999618530273,16.012569427490234,28580500,
2022-10-27,18.399999618530273,18.5,18.200000762939453,18.399999618530273,16.012569427490234,14816500,
2022-10-28,18.5,18.600000381469727,18.200000762939453,18.399999618530273,16.012569427490234,13274500,
2022-10-31,18.5,18.799999237060547,18.5,18.5,16.09959602355957,12843300,
2022-11-01,18.5,18.899999618530273,18.399999618530273,18.899999618530273,16.44769287109375,29389900,
2022-11-02,18.899999618530273,18.899999618530273,18.600000381469727,18.799999237060547,16.36067008972168,17447000,
2022-11-03,18.799999237060547,18.899999618530273,18.600000381469727,18.799999237060547,16.36067008972168,11719500,
2022-11-04,18.799999237060547,18.899999618530273,18.799999237060547,18.799999237060547,16.36067008972168,9535400,
2022-11-07,18.799999237060547,19.0,18.700000762939453,18.799999237060547,16.36067008972168,16580000,
2022-11-08,18.899999618530273,18.899999618530273,18.700000762939453,18.799999237060547,16.36067008972168,5879600,
2022-11-09,18.799999237060547,18.899999618530273,18.600000381469727,18.799999237060547,16.36067008972168,14853900,
2022-11-10,18.600000381469727,19.799999237060547,18.0,19.799999237060547,17.230915069580078,75615400,
2022-11-11,19.799999237060547,19.899999618530273,19.200000762939453,19.700000762939453,17.14389419555664,27476800,
2022-11-14,19.600000381469727,20.0,19.399999618530273,20.0,17.40496826171875,22469600,
2022-11-15,20.0,20.100000381469727,19.700000762939453,20.0,17.40496826171875,19505900,
2022-11-16,20.100000381469727,20.200000762939453,19.700000762939453,20.200000762939453,17.579015731811523,22114300,
2022-11-17,20.200000762939453,20.200000762939453,19.700000762939453,19.799999237060547,17.230915069580078,23300000,
2022-11-18,19.799999237060547,20.0,19.700000762939453,20.0,17.40496826171875,11704000,
2022-11-21,20.0,20.0,19.600000381469727,19.899999618530273,17.317941665649414,11856200,
2022-11-22,20.0,20.0,19.600000381469727,19.799999237060547,17.230915069580078,14604400,
2022-11-23,19.799999237060547,19.899999618530273,19.600000381469727,19.899999618530273,17.317941665649414,6852100,
2022-11-24,20.0,20.600000381469727,20.0,20.399999618530273,17.753067016601562,33964100,
2022-11-25,20.399999618530273,20.5,20.200000762939453,20.5,17.840091705322266,7917000,
2022-11-28,20.600000381469727,20.700000762939453,20.200000762939453,20.299999237060547,17.666040420532227,7316900,
2022-11-29,20.399999618530273,20.5,20.200000762939453,20.299999237060547,17.666040420532227,13495800,
2022-11-30,20.299999237060547,20.5,20.200000762939453,20.299999237060547,17.666040420532227,10815000,
2022-12-01,20.399999618530273,20.5,20.100000381469727,20.100000381469727,17.491992950439453,16635000,
2022-12-02,20.100000381469727,20.399999618530273,20.100000381469727,20.299999237060547,17.666040420532227,9655100,
2022-12-06,20.299999237060547,20.399999618530273,20.0,20.200000762939453,17.579015731811523,9757700,
2022-12-07,20.100000381469727,20.399999618530273,20.100000381469727,20.299999237060547,17.666040420532227,4954900,
2022-12-08,20.299999237060547,20.299999237060547,19.899999618530273,20.100000381469727,17.491992950439453,8481000,
2022-12-09,20.0,20.200000762939453,19.799999237060547,19.799999237060547,17.230915069580078,8855500,
2022-12-13,20.100000381469727,20.100000381469727,19.600000381469727,19.899999618530273,17.317941665649414,11388100,
2022-12-14,20.0,20.200000762939453,19.899999618530273,20.100000381469727,17.491992950439453,5209200,
2022-12-15,20.100000381469727,20.200000762939453,19.700000762939453,19.799999237060547,17.230915069580078,8331600,
2022-12-16,19.700000762939453,20.0,19.600000381469727,19.799999237060547,17.230915069580078,18103800,
2022-12-19,19.799999237060547,19.899999618530273,19.700000762939453,19.799999237060547,17.230915069580078,3690200,
2022-12-20,19.799999237060547,19.899999618530273,19.700000762939453,19.799999237060547,17.230915069580078,4277700,
2022-12-21,19.799999237060547,19.799999237060547,19.299999237060547,19.600000381469727,17.056867599487305,8437300,
2022-12-22,19.700000762939453,19.799999237060547,19.600000381469727,19.700000762939453,17.14389419555664,1821300,
2022-12-23,19.799999237060547,19.899999618530273,19.700000762939453,19.799999237060547,17.230915069580078,1611600,
2022-12-26,19.799999237060547,20.100000381469727,19.799999237060547,20.100000381469727,17.491992950439453,3198300,
2022-12-27,20.200000762939453,20.299999237060547,20.0,20.200000762939453,17.579015731811523,6353700,
2022-12-28,20.299999237060547,20.399999618530273,20.0,20.299999237060547,17.666040420532227,5918800,
2022-12-29,20.299999237060547,21.100000381469727,20.299999237060547,21.100000381469727,18.362241744995117,25507600,
2022-12-30,21.0,21.100000381469727,20.5,20.5,17.840091705322266,25899300,
2023-01-03,20.600000381469727,21.0,20.600000381469727,21.0,18.27521514892578,10395100,
2023-01-04,20.799999237060547,21.0,20.600000381469727,21.0,18.27521514892578,8112800,
2023-01-05,21.0,21.299999237060547,20.799999237060547,21.299999237060547,18.53628921508789,15858600,
2023-01-06,21.399999618530273,22.0,21.299999237060547,21.899999618530273,19.058441162109375,22545800,
2023-01-09,22.0,22.0,21.5,21.799999237060547,18.97141456604004,10333800,
2023-01-10,21.899999618530273,22.200000762939453,21.700000762939453,21.899999618530273,19.058441162109375,5830600,
2023-01-11,22.0,22.200000762939453,21.700000762939453,21.799999237060547,18.97141456604004,11508100,
2023-01-12,21.799999237060547,21.899999618530273,21.299999237060547,21.399999618530273,18.623315811157227,16274500,
2023-01-13,21.399999618530273,21.799999237060547,21.399999618530273,21.5,18.71034049987793,3533600,
2023-01-16,21.600000381469727,21.799999237060547,21.5,21.5,18.71034049987793,5645200,
2023-01-17,21.600000381469727,21.600000381469727,21.299999237060547,21.399999618530273,18.623315811157227,5904900,
2023-01-18,21.399999618530273,21.5,21.200000762939453,21.200000762939453,18.449268341064453,8698700,
2023-01-19,21.299999237060547,21.299999237060547,21.100000381469727,21.200000762939453,18.449268341064453,2886500,
2023-01-20,21.100000381469727,21.200000762939453,20.899999618530273,21.100000381469727,18.362241744995117,5406500,
2023-01-23,21.200000762939453,21.299999237060547,21.0,21.100000381469727,18.362241744995117,5239500,
2023-01-24,21.100000381469727,21.100000381469727,20.799999237060547,20.899999618530273,18.188190460205078,6847000,
2023-01-25,20.899999618530273,21.0,20.600000381469727,20.600000381469727,17.9271183013916,10968500,
2023-01-26,20.700000762939453,20.899999618530273,20.5,20.700000762939453,18.014142990112305,8885100,
2023-01-27,20.799999237060547,21.100000381469727,20.700000762939453,20.899999618530273,18.188190460205078,10455200,
2023-01-30,20.899999618530273,21.200000762939453,20.899999618530273,21.100000381469727,18.362241744995117,8198300,
2023-01-31,21.200000762939453,22.0,21.0,21.799999237060547,18.97141456604004,28252600,
2023-02-01,21.600000381469727,21.799999237060547,21.299999237060547,21.600000381469727,18.797365188598633,14087000,
2023-02-02,21.5,21.700000762939453,21.399999618530273,21.399999618530273,18.623315811157227,7720700,
2023-02-03,21.5,21.700000762939453,21.399999618530273,21.5,18.71034049987793,12418000,
2023-02-06,21.5,21.5,21.299999237060547,21.299999237060547,18.53628921508789,5909800,
2023-02-07,21.299999237060547,21.399999618530273,20.899999618530273,21.100000381469727,18.362241744995117,11021200,
2023-02-08,21.100000381469727,21.100000381469727,20.899999618530273,21.0,18.27521514892578,3154100,
2023-02-09,21.200000762939453,21.200000762939453,20.899999618530273,20.899999618530273,18.188190460205078,3951300,
2023-02-10,20.899999618530273,21.0,20.700000762939453,20.799999237060547,18.101163864135742,5767500,
2023-02-13,20.700000762939453,20.700000762939453,20.299999237060547,20.5,17.840091705322266,9350000,
2023-02-14,20.5,21.100000381469727,20.399999618530273,20.899999618530273,18.188190460205078,11083900,
2023-02-15,20.899999618530273,21.200000762939453,20.700000762939453,21.100000381469727,18.362241744995117,6473600,
2023-02-16,21.200000762939453,21.399999618530273,21.100000381469727,21.200000762939453,18.449268341064453,8614800,
2023-02-17,21.200000762939453,21.299999237060547,21.100000381469727,21.200000762939453,18.449268341064453,6856900,
2023-02-20,21.200000762939453,21.5,21.100000381469727,21.399999618530273,18.623315811157227,4082700,
2023-02-21,21.399999618530273,21.600000381469727,21.200000762939453,21.399999618530273,18.623315811157227,6565300,
2023-02-22,21.299999237060547,21.399999618530273,21.100000381469727,21.200000762939453,18.449268341064453,3728100,
2023-02-23,21.299999237060547,21.299999237060547,21.100000381469727,21.299999237060547,18.53628921508789,4127900,
2023-02-24,21.200000762939453,21.299999237060547,20.799999237060547,21.0,18.27521514892578,9914000,
2023-02-27,21.0,21.0,20.600000381469727,20.700000762939453,18.014142990112305,7470100,
2023-02-28,20.700000762939453,20.799999237060547,19.799999237060547,19.899999618530273,17.317941665649414,25691700,
2023-03-01,20.100000381469727,20.200000762939453,19.600000381469727,19.700000762939453,17.14389419555664,7083800,
2023-03-02,19.700000762939453,19.799999237060547,19.100000381469727,19.200000762939453,16.708768844604492,11181500,
2023-03-03,19.299999237060547,19.600000381469727,19.0,19.299999237060547,16.795791625976562,23613300,
2023-03-07,19.399999618530273,19.5,19.200000762939453,19.5,16.9698429107666,6898200,
2023-03-08,19.399999618530273,19.5,19.200000762939453,19.299999237060547,16.795791625976562,5544900,
2023-03-09,19.5,19.899999618530273,19.299999237060547,19.899999618530273,17.317941665649414,10825200,
2023-03-10,19.799999237060547,20.0,19.600000381469727,20.0,17.40496826171875,4966700,
2023-03-13,19.600000381469727,19.899999618530273,19.299999237060547,19.399999618530273,16.88282012939453,7745800,
2023-03-14,19.399999618530273,19.5,18.799999237060547,18.899999618530273,16.44769287109375,11773900,
2023-03-15,19.100000381469727,19.799999237060547,19.0,19.600000381469727,17.056867599487305,8712100,
2023-03-16,19.299999237060547,19.899999618530273,19.100000381469727,19.799999237060547,17.230915069580078,9090000,
2023-03-17,19.899999618530273,20.100000381469727,19.700000762939453,20.100000381469727,17.491992950439453,12135700,
2023-03-20,20.100000381469727,20.100000381469727,19.5,19.700000762939453,17.14389419555664,7034100,
2023-03-21,20.100000381469727,20.100000381469727,19.5,20.0,17.40496826171875,5295600,
2023-03-22,20.100000381469727,20.100000381469727,19.799999237060547,19.899999618530273,17.317941665649414,3874000,
2023-03-23,19.799999237060547,20.0,19.600000381469727,19.799999237060547,17.230915069580078,7770600,
2023-03-24,20.0,20.100000381469727,19.799999237060547,19.899999618530273,17.317941665649414,3717200,
2023-03-27,19.899999618530273,20.0,19.700000762939453,19.799999237060547,17.230915069580078,1808900,
2023-03-28,19.799999237060547,20.399999618530273,19.799999237060547,20.299999237060547,17.666040420532227,10488300,
2023-03-29,20.399999618530273,20.399999618530273,20.0,20.100000381469727,17.491992950439453,6424100,
2023-03-30,20.299999237060547,20.399999618530273,20.100000381469727,20.399999618530273,17.753067016601562,4523200,
2023-03-31,20.399999618530273,20.399999618530273,20.200000762939453,20.399999618530273,17.753067016601562,3001700,
2023-04-03,20.399999618530273,20.399999618530273,20.100000381469727,20.299999237060547,17.666040420532227,2505900,
2023-04-04,20.299999237060547,20.700000762939453,20.299999237060547,20.600000381469727,17.9271183013916,6447400,
2023-04-05,20.700000762939453,21.0,20.5,20.600000381469727,17.9271183013916,7954800,
2023-04-07,20.5,20.799999237060547,20.5,20.700000762939453,18.014142990112305,2959000,
2023-04-10,20.700000762939453,20.899999618530273,20.5,20.899999618530273,18.188190460205078,5395900,
2023-04-11,20.899999618530273,21.600000381469727,20.799999237060547,21.200000762939453,18.449268341064453,15817100,
2023-04-12,21.200000762939453,21.5,21.100000381469727,21.299999237060547,18.53628921508789,10786400,
2023-04-17,21.600000381469727,21.899999618530273,21.5,21.600000381469727,18.797365188598633,20348500,
2023-04-18,21.700000762939453,21.799999237060547,21.200000762939453,21.399999618530273,18.623315811157227,11432100,
2023-04-19,21.5,21.600000381469727,21.299999237060547,21.399999618530273,18.623315811157227,18400600,
2023-04-20,21.299999237060547,21.5,21.200000762939453,21.399999618530273,18.623315811157227,12761100,
2023-04-21,21.399999618530273,21.700000762939453,21.299999237060547,21.700000762939453,18.88439178466797,9303500,
2023-04-24,21.700000762939453,21.799999237060547,21.399999618530273,21.5,18.71034049987793,8723300,
2023-04-25,21.5,21.799999237060547,21.299999237060547,21.799999237060547,18.97141456604004,12996900,
2023-04-26,21.700000762939453,21.799999237060547,21.5,21.700000762939453,18.88439178466797,9403200,
2023-04-27,21.700000762939453,22.0,21.5,21.899999618530273,19.058441162109375,14519300,
2023-04-28,22.0,22.100000381469727,21.5,21.700000762939453,18.88439178466797,13805400,
2023-05-02,21.799999237060547,21.899999618530273,19.299999237060547,20.100000381469727,17.491992950439453,37481900,
2023-05-03,20.200000762939453,20.899999618530273,20.200000762939453,20.799999237060547,18.101163864135742,17293000,
2023-05-08,21.0,21.0,20.200000762939453,20.5,17.840091705322266,9071500,
2023-05-09,20.299999237060547,20.799999237060547,20.0,20.700000762939453,18.37263298034668,11030600,0.4
2023-05-10,20.600000381469727,20.899999618530273,20.299999237060547,20.799999237060547,18.46138572692871,10513600,
2023-05-11,20.200000762939453,20.200000762939453,18.600000381469727,18.799999237060547,16.686254501342773,60233100,
2023-05-12,18.700000762939453,18.700000762939453,18.100000381469727,18.299999237060547,16.242469787597656,40192600,
2023-05-15,18.299999237060547,18.399999618530273,18.0,18.100000381469727,16.064958572387695,15092000,
2023-05-16,18.0,18.100000381469727,17.5,17.600000381469727,15.621172904968262,13107300,
2023-05-17,17.600000381469727,17.899999618530273,17.399999618530273,17.5,15.532417297363281,17174300,
2023-05-18,17.799999237060547,18.0,17.600000381469727,17.600000381469727,15.621172904968262,15327000,
2023-05-19,17.5,17.5,17.100000381469727,17.299999237060547,15.354902267456055,10648600,
2023-05-22,17.299999237060547,17.700000762939453,17.0,17.600000381469727,15.621172904968262,11557600,
2023-05-23,17.600000381469727,18.200000762939453,17.5,18.0,15.976201057434082,47877500,
2023-05-24,18.0,18.200000762939453,17.799999237060547,17.899999618530273,15.887445449829102,20428600,
2023-05-25,17.899999618530273,18.0,17.5,17.799999237060547,15.798687934875488,12723600,
2023-05-26,17.899999618530273,17.899999618530273,17.399999618530273,17.700000762939453,15.709933280944824,17395400,
2023-05-29,18.0,18.700000762939453,17.899999618530273,18.600000381469727,16.50874137878418,26038000,
2023-05-30,18.700000762939453,19.100000381469727,18.600000381469727,18.899999618530273,16.77501106262207,25687900,
2023-05-31,18.899999618530273,18.899999618530273,18.5,18.5,16.419984817504883,16924800,
2023-06-01,18.700000762939453,18.899999618530273,18.200000762939453,18.299999237060547,16.242469787597656,11432800,
2023-06-02,18.299999237060547,18.399999618530273,18.100000381469727,18.299999237060547,16.242469787597656,8496600,
2023-06-06,18.399999618530273,18.700000762939453,18.299999237060547,18.399999618530273,16.331228256225586,18234800,
2023-06-07,18.399999618530273,18.5,18.200000762939453,18.399999618530273,16.331228256225586,6193300,
2023-06-08,18.399999618530273,18.399999618530273,18.100000381469727,18.399999618530273,16.331228256225586,8704600,
2023-06-09,18.399999618530273,18.600000381469727,18.299999237060547,18.299999237060547,16.242469787597656,12725700,
2023-06-12,18.399999618530273,18.5,18.299999237060547,18.399999618530273,16.331228256225586,5677800,
2023-06-13,18.299999237060547,18.600000381469727,18.100000381469727,18.399999618530273,16.331228256225586,15731700,
2023-06-14,18.399999618530273,18.5,18.200000762939453,18.299999237060547,16.242469787597656,11131400,
2023-06-15,18.200000762939453,18.299999237060547,18.100000381469727,18.299999237060547,16.242469787597656,6616300,
2023-06-16,18.299999237060547,18.5,17.700000762939453,18.0,15.976201057434082,18800000,
2023-06-19,17.899999618530273,18.299999237060547,17.799999237060547,18.100000381469727,16.064958572387695,6493300,
2023-06-20,18.100000381469727,18.299999237060547,18.0,18.100000381469727,16.064958572387695,3369200,
2023-06-21,18.100000381469727,18.100000381469727,17.399999618530273,17.600000381469727,15.621172904968262,15113100,
2023-06-22,17.600000381469727,17.799999237060547,17.5,17.799999237060547,15.798687934875488,6515600,
2023-06-23,17.700000762939453,17.700000762939453,17.5,17.600000381469727,15.621172904968262,8417100,
2023-06-26,17.5,17.600000381469727,17.100000381469727,17.200000762939453,15.26614761352539,9571100,
2023-06-27,17.299999237060547,17.399999618530273,17.0,17.100000381469727,15.177391052246094,6315900,
2023-06-28,17.100000381469727,17.100000381469727,16.600000381469727,16.700000762939453,14.82236385345459,13537400,
2023-06-29,16.700000762939453,17.600000381469727,16.700000762939453,17.399999618530273,15.443660736083984,13110200,
2023-06-30,17.399999618530273,17.799999237060547,17.399999618530273,17.700000762939453,15.709933280944824,7412100,
2023-07-03,17.600000381469727,17.899999618530273,17.5,17.899999618530273,15.887445449829102,3834900,
2023-07-04,17.899999618530273,17.899999618530273,17.5,17.700000762939453,15.709933280944824,2639300,
2023-07-05,17.600000381469727,17.899999618530273,17.600000381469727,17.5,15.532417297363281,4628500,
2023-07-06,17.5,17.600000381469727,17.200000762939453,17.399999618530273,15.443660736083984,3659900,
2023-07-07,17.5,17.600000381469727,17.299999237060547,17.399999618530273,15.443660736083984,2148200,
2023-07-10,17.399999618530273,17.799999237060547,17.399999618530273,17.700000762939453,15.709933280944824,3851400,
2023-07-11,17.700000762939453,17.799999237060547,17.299999237060547,17.600000381469727,15.621172904968262,4827400,
2023-07-12,17.399999618530273,17.600000381469727,17.100000381469727,17.200000762939453,15.26614761352539,6935400,
2023-07-13,17.100000381469727,17.299999237060547,17.100000381469727,17.299999237060547,15.354902267456055,1508200,
2023-07-14,17.299999237060547,17.600000381469727,17.299999237060547,17.5,15.532417297363281,2110100,
2023-07-17,17.5,18.0,17.5,17.799999237060547,15.798687934875488,5583200,
2023-07-18,17.799999237060547,17.899999618530273,17.600000381469727,17.799999237060547,15.798687934875488,1491300,
2023-07-19,17.799999237060547,18.0,17.600000381469727,17.799999237060547,15.798687934875488,3654900,
2023-07-20,17.700000762939453,17.799999237060547,17.5,17.700000762939453,15.709933280944824,2108500,
2023-07-21,17.799999237060547,17.799999237060547,17.600000381469727,17.700000762939453,15.709933280944824,2182700,
2023-07-24,17.799999237060547,17.799999237060547,17.5,17.799999237060547,15.798687934875488,2294500,
2023-07-25,17.799999237060547,17.799999237060547,17.5,17.799999237060547,15.798687934875488,2582300,
2023-07-26,17.700000762939453,18.0,17.600000381469727,17.799999237060547,15.798687934875488,4166000,
2023-07-27,17.899999618530273,18.299999237060547,17.799999237060547,18.100000381469727,16.064958572387695,7931000,
2023-07-31,17.600000381469727,17.700000762939453,17.5,17.799999237060547,15.798687934875488,3344100,
2023-08-02,17.700000762939453,17.899999618530273,17.5,17.799999237060547,15.798687934875488,8230400,
2023-08-03,17.799999237060547,18.299999237060547,17.700000762939453,18.100000381469727,16.064958572387695,15004500,
2023-08-04,18.100000381469727,18.200000762939453,17.899999618530273,18.100000381469727,16.064958572387695,3846700,
2023-08-07,18.100000381469727,18.100000381469727,17.600000381469727,17.899999618530273,15.887445449829102,6581000,
2023-08-08,17.899999618530273,17.899999618530273,17.600000381469727,17.600000381469727,15.621172904968262,4458400,
2023-08-09,17.799999237060547,18.200000762939453,17.799999237060547,18.100000381469727,16.064958572387695,15919800,
2023-08-10,18.0,18.700000762939453,18.0,18.399999618530273,16.331228256225586,28024600,
2023-08-11,18.399999618530273,18.5,18.299999237060547,18.5,16.419984817504883,6825900,
2023-08-15,18.5,18.600000381469727,18.299999237060547,18.399999618530273,16.331228256225586,6132400,
2023-08-16,18.299999237060547,18.5,18.200000762939453,18.399999618530273,16.331228256225586,9834000,
2023-08-17,18.399999618530273,19.100000381469727,18.399999618530273,18.700000762939453,16.597496032714844,21968900,
2023-08-18,18.799999237060547,18.799999237060547,18.5,18.700000762939453,16.597496032714844,9684700,
2023-08-21,18.700000762939453,18.700000762939453,18.5,18.5,16.419984817504883,3437500,
2023-08-22,18.700000762939453,19.0,18.600000381469727,18.799999237060547,16.686254501342773,7886800,
2023-08-23,18.899999618530273,19.299999237060547,18.799999237060547,19.200000762939453,17.041282653808594,13750000,
2023-08-24,19.299999237060547,19.399999618530273,19.200000762939453,19.200000762939453,17.041282653808594,11746400,
2023-08-25,19.299999237060547,19.5,19.200000762939453,19.399999618530273,17.218795776367188,3979700,
2023-08-28,19.5,19.700000762939453,19.5,19.5,17.30755043029785,7238400,
2023-08-29,19.600000381469727,19.700000762939453,19.399999618530273,19.600000381469727,17.396305084228516,14904900,
2023-08-30,19.600000381469727,19.799999237060547,19.600000381469727,19.799999237060547,17.573822021484375,8323100,
2023-08-31,19.700000762939453,19.700000762939453,19.200000762939453,19.299999237060547,17.216991424560547,12076200,0.1
2023-09-01,19.200000762939453,19.399999618530273,18.799999237060547,19.0,16.949373245239258,14700800,
2023-09-04,19.100000381469727,19.200000762939453,18.899999618530273,19.0,16.949373245239258,1112100,
2023-09-05,18.899999618530273,19.200000762939453,18.899999618530273,19.200000762939453,17.12778663635254,2754100,
2023-09-06,19.399999618530273,19.700000762939453,19.399999618530273,19.399999618530273,17.30620002746582,11786100,
2023-09-07,19.399999618530273,19.600000381469727,19.399999618530273,19.5,17.39540672302246,4162800,
2023-09-08,19.600000381469727,19.600000381469727,19.200000762939453,19.399999618530273,17.30620002746582,4849100,
2023-09-11,19.600000381469727,19.899999618530273,19.399999618530273,19.700000762939453,17.573823928833008,16247100,
2023-09-12,19.700000762939453,19.700000762939453,19.5,19.600000381469727,17.48461151123047,5118000,
2023-09-13,19.600000381469727,19.700000762939453,19.299999237060547,19.5,17.39540672302246,4399900,
2023-09-14,19.5,19.5,19.200000762939453,19.299999237060547,17.216991424560547,8674000,
2023-09-15,19.299999237060547,19.399999618530273,18.899999618530273,19.399999618530273,17.30620002746582,15598700,
2023-09-18,19.399999618530273,19.600000381469727,19.299999237060547,19.399999618530273,17.30620002746582,7199300,
2023-09-19,19.5,19.600000381469727,19.200000762939453,19.299999237060547,17.216991424560547,3465600,
2023-09-20,19.200000762939453,19.200000762939453,18.899999618530273,19.100000381469727,17.038578033447266,10650300,
2023-09-21,19.0,19.200000762939453,18.899999618530273,19.100000381469727,17.038578033447266,4481900,
2023-09-22,19.200000762939453,19.799999237060547,19.0,19.600000381469727,17.48461151123047,14702200,
2023-09-25,19.600000381469727,19.799999237060547,19.5,19.700000762939453,17.573823928833008,12024400,
2023-09-26,19.799999237060547,20.200000762939453,19.700000762939453,19.799999237060547,17.663026809692383,15445400,
2023-09-27,19.600000381469727,19.899999618530273,19.5,19.899999618530273,17.752233505249023,4452100,
2023-09-28,19.799999237060547,19.799999237060547,19.600000381469727,19.700000762939453,17.573823928833008,11625200,
2023-09-29,19.700000762939453,19.899999618530273,19.600000381469727,19.700000762939453,17.573823928833008,7153400,
2023-10-02,20.0,20.299999237060547,19.799999237060547,20.0,17.84144401550293,19445800,
2023-10-03,20.299999237060547,20.299999237060547,19.899999618530273,20.200000762939453,18.01985740661621,19817600,
2023-10-04,19.899999618530273,20.399999618530273,19.899999618530273,20.200000762939453,18.01985740661621,14281300,
2023-10-05,20.200000762939453,20.399999618530273,20.200000762939453,20.299999237060547,18.10906410217285,6763100,
2023-10-06,20.299999237060547,20.399999618530273,20.0,20.0,17.84144401550293,5066500,
2023-10-09,20.100000381469727,20.100000381469727,19.700000762939453,19.899999618530273,17.752233505249023,9344200,
2023-10-10,20.0,20.0,19.600000381469727,19.899999618530273,17.752233505249023,10688400,
2023-10-11,20.0,20.299999237060547,19.899999618530273,20.299999237060547,18.10906410217285,7798400,
2023-10-12,20.299999237060547,20.299999237060547,19.899999618530273,20.200000762939453,18.01985740661621,9988200,
2023-10-16,20.299999237060547,20.299999237060547,19.899999618530273,20.100000381469727,17.930648803710938,10276700,
2023-10-17,20.100000381469727,20.200000762939453,19.799999237060547,19.799999237060547,17.663026809692383,11161400,
2023-10-18,19.799999237060547,20.200000762939453,19.799999237060547,20.200000762939453,18.01985740661621,9533000,
2023-10-19,20.5,20.5,20.0,20.200000762939453,18.01985740661621,8995800,
2023-10-20,20.100000381469727,20.200000762939453,20.0,20.100000381469727,17.930648803710938,9852600,
2023-10-24,20.100000381469727,20.200000762939453,19.899999618530273,19.899999618530273,17.752233505249023,7977400,
2023-10-25,20.0,20.200000762939453,19.700000762939453,19.799999237060547,17.663026809692383,10796400,
2023-10-26,19.799999237060547,19.799999237060547,19.299999237060547,19.600000381469727,17.48461151123047,6807300,
2023-10-27,19.600000381469727,19.899999618530273,19.399999618530273,19.799999237060547,17.663026809692383,11216900,
2023-10-30,19.700000762939453,20.100000381469727,19.700000762939453,20.0,17.84144401550293,9971600,
2023-10-31,20.100000381469727,20.100000381469727,19.799999237060547,20.100000381469727,17.930648803710938,11751700,
2023-11-01,20.100000381469727,20.299999237060547,19.799999237060547,20.0,17.84144401550293,5685900,
2023-11-02,20.0,20.200000762939453,19.899999618530273,20.0,17.84144401550293,6145500,
2023-11-03,20.0,20.299999237060547,19.899999618530273,20.200000762939453,18.01985740661621,7562400,
2023-11-06,20.200000762939453,20.299999237060547,19.899999618530273,20.0,17.84144401550293,6271900,
2023-11-07,20.100000381469727,20.5,19.899999618530273,20.5,18.287479400634766,15593200,
2023-11-08,20.5,20.899999618530273,20.5,20.899999618530273,18.644306182861328,16764900,
2023-11-09,20.799999237060547,20.799999237060547,19.899999618530273,20.799999237060547,18.555097579956055,30931500,
2023-11-10,20.600000381469727,20.799999237060547,20.399999618530273,20.5,18.287479400634766,13141900,
2023-11-13,20.5,20.899999618530273,20.0,20.700000762939453,18.46589469909668,17641200,
2023-11-14,20.700000762939453,20.799999237060547,20.399999618530273,20.600000381469727,18.37668800354004,5246600,
2023-11-15,20.799999237060547,20.899999618530273,20.5,20.799999237060547,18.555097579956055,5289200,
2023-11-16,20.600000381469727,20.799999237060547,20.299999237060547,20.399999618530273,18.198270797729492,6448300,
2023-11-17,20.299999237060547,20.600000381469727,20.299999237060547,20.5,18.287479400634766,4789100,
2023-11-20,20.600000381469727,20.899999618530273,20.299999237060547,20.700000762939453,18.46589469909668,13112100,
2023-11-21,20.700000762939453,21.0,20.600000381469727,21.0,18.7335147857666,10146000,
2023-11-22,21.0,21.100000381469727,20.799999237060547,21.100000381469727,18.822723388671875,7973900,
2023-11-23,21.100000381469727,21.200000762939453,20.899999618530273,21.0,18.7335147857666,3884700,
2023-11-24,21.299999237060547,21.5,21.200000762939453,21.299999237060547,19.001134872436523,11543700,
2023-11-27,21.200000762939453,21.299999237060547,21.100000381469727,21.299999237060547,19.001134872436523,2931200,
2023-11-28,21.399999618530273,21.600000381469727,21.299999237060547,21.5,19.17955207824707,9856700,
2023-11-29,21.600000381469727,21.700000762939453,21.299999237060547,21.700000762939453,19.35796546936035,9063700,
2023-11-30,21.700000762939453,21.700000762939453,21.200000762939453,21.399999618530273,19.090343475341797,14767800,
2023-12-01,21.399999618530273,21.399999618530273,21.100000381469727,21.299999237060547,19.001134872436523,7947500,
2023-12-04,21.399999618530273,21.600000381469727,21.299999237060547,21.399999618530273,19.090343475341797,3639100,
2023-12-06,21.5,21.5,20.899999618530273,21.200000762939453,18.911930084228516,12341200,
2023-12-07,21.0,21.600000381469727,21.0,21.299999237060547,19.001134872436523,16869300,
2023-12-08,21.299999237060547,21.5,21.200000762939453,21.399999618530273,19.090343475341797,8073000,
2023-12-12,21.399999618530273,21.5,21.299999237060547,21.5,19.17955207824707,2982200,
2023-12-13,21.5,21.5,21.200000762939453,21.399999618530273,19.090343475341797,6614900,
2023-12-14,21.299999237060547,21.399999618530273,21.100000381469727,21.200000762939453,18.911930084228516,8180700,
2023-12-15,21.200000762939453,21.5,21.100000381469727,21.100000381469727,18.822723388671875,5865000,
2023-12-18,21.100000381469727,21.200000762939453,20.899999618530273,20.899999618530273,18.644306182861328,6814900,
2023-12-19,21.299999237060547,21.899999618530273,21.299999237060547,21.799999237060547,19.447172164916992,22834400,
2023-12-20,21.799999237060547,21.799999237060547,21.5,21.700000762939453,19.35796546936035,10009700,
2023-12-21,21.700000762939453,21.899999618530273,21.600000381469727,21.700000762939453,19.35796546936035,3625400,
2023-12-22,21.700000762939453,21.899999618530273,21.700000762939453,21.700000762939453,19.35796546936035,4811700,
2023-12-25,21.700000762939453,21.799999237060547,21.5,21.700000762939453,19.35796546936035,3534500,
2023-12-26,21.700000762939453,22.0,21.700000762939453,22.0,19.62558937072754,4992500,
2023-12-27,21.899999618530273,22.5,21.799999237060547,22.399999618530273,19.98241424560547,21282500,
2023-12-28,22.399999618530273,22.600000381469727,21.799999237060547,22.399999618530273,19.98241424560547,18063400,
2024-01-03,22.700000762939453,22.799999237060547,22.299999237060547,22.399999618530273,19.98241424560547,10741400,
2024-01-04,22.399999618530273,23.0,22.399999618530273,22.700000762939453,20.250038146972656,11949000,
2024-01-05,22.600000381469727,22.799999237060547,22.399999618530273,22.5,20.071622848510742,10665400,
2024-01-08,22.399999618530273,22.600000381469727,22.100000381469727,22.399999618530273,19.98241424560547,11424300,
2024-01-09,22.399999618530273,22.5,22.200000762939453,22.399999618530273,19.98241424560547,10675000,
2024-01-10,22.399999618530273,22.799999237060547,22.299999237060547,22.700000762939453,20.250038146972656,15445900,
2024-01-11,22.799999237060547,22.899999618530273,22.600000381469727,22.700000762939453,20.250038146972656,7608900,
2024-01-12,22.600000381469727,22.899999618530273,22.5,22.700000762939453,20.250038146972656,7376500,
2024-01-15,22.700000762939453,22.799999237060547,22.299999237060547,22.399999618530273,19.98241424560547,3824600,
2024-01-16,22.399999618530273,22.600000381469727,22.299999237060547,22.5,20.071622848510742,11129400,
2024-01-17,22.5,22.899999618530273,22.399999618530273,22.399999618530273,19.98241424560547,13224000,
2024-01-18,22.399999618530273,22.600000381469727,22.299999237060547,22.299999237060547,19.893207550048828,6284900,
2024-01-19,22.299999237060547,22.399999618530273,22.0,22.399999618530273,19.98241424560547,10081900,
2024-01-22,22.399999618530273,23.0,22.299999237060547,22.899999618530273,20.428451538085938,8506900,
2024-01-23,22.899999618530273,23.0,22.5,22.700000762939453,20.250038146972656,7335500,
2024-01-24,22.700000762939453,23.299999237060547,22.600000381469727,22.899999618530273,20.428451538085938,18219900,
2024-01-25,22.899999618530273,22.899999618530273,22.600000381469727,22.700000762939453,20.250038146972656,2921400,
2024-01-26,22.600000381469727,22.600000381469727,21.5,22.399999618530273,19.98241424560547,33942100,
2024-01-29,22.299999237060547,22.399999618530273,22.100000381469727,22.200000762939453,19.804000854492188,8082800,
2024-01-30,22.100000381469727,22.5,21.899999618530273,22.399999618530273,19.98241424560547,18785100,
2024-01-31,22.399999618530273,22.799999237060547,22.200000762939453,22.600000381469727,20.160831451416016,24987300,
2024-02-01,22.700000762939453,22.899999618530273,22.5,22.600000381469727,20.160831451416016,13873800,
2024-02-02,22.600000381469727,23.299999237060547,22.600000381469727,23.0,20.517658233642578,14183000,
2024-02-05,23.100000381469727,23.299999237060547,22.899999618530273,22.899999618530273,20.428451538085938,24733500,
2024-02-06,23.100000381469727,23.799999237060547,21.5,22.200000762939453,19.804000854492188,60200200,
2024-02-07,22.600000381469727,22.899999618530273,22.399999618530273,22.700000762939453,20.250038146972656,23700400,
2024-02-08,22.5,22.700000762939453,22.299999237060547,22.399999618530273,19.98241424560547,4689700,
2024-02-09,22.399999618530273,22.5,22.200000762939453,22.399999618530273,19.98241424560547,3195500,
2024-02-12,22.299999237060547,22.299999237060547,21.700000762939453,21.899999618530273,19.536380767822266,22761500,
2024-02-13,21.799999237060547,22.0,21.5,21.700000762939453,19.35796546936035,15707400,
2024-02-14,21.700000762939453,22.0,21.700000762939453,21.799999237060547,19.447172164916992,9252900,
2024-02-15,21.799999237060547,22.0,21.600000381469727,21.899999618530273,19.536380767822266,6615500,
2024-02-16,21.899999618530273,22.100000381469727,21.700000762939453,21.799999237060547,19.447172164916992,5083300,
2024-02-19,21.899999618530273,22.0,21.700000762939453,21.799999237060547,19.447172164916992,8229700,
2024-02-20,21.799999237060547,22.0,21.700000762939453,21.899999618530273,19.536380767822266,5732200,
2024-02-21,21.899999618530273,22.200000762939453,21.899999618530273,22.0,19.62558937072754,8485300,
2024-02-22,22.200000762939453,22.299999237060547,22.100000381469727,22.100000381469727,19.714792251586914,3071700,
2024-02-23,22.200000762939453,22.200000762939453,21.600000381469727,21.600000381469727,19.268756866455078,7724000,
2024-02-27,21.5,22.0,21.5,21.799999237060547,19.447172164916992,4177100,
2024-02-28,21.899999618530273,21.899999618530273,21.299999237060547,21.399999618530273,19.090343475341797,7107300,
2024-02-29,21.299999237060547,21.5,21.0,21.100000381469727,18.822723388671875,7887800,
2024-03-01,21.200000762939453,21.600000381469727,21.100000381469727,21.5,19.17955207824707,10113200,
2024-03-04,21.700000762939453,21.899999618530273,21.600000381469727,21.600000381469727,19.268756866455078,10223400,
2024-03-05,21.5,21.5,21.0,21.200000762939453,18.911930084228516,15865600,
2024-03-06,21.200000762939453,21.700000762939453,21.200000762939453,21.600000381469727,19.268756866455078,10654000,
2024-03-07,21.600000381469727,21.899999618530273,21.399999618530273,21.899999618530273,19.536380767822266,15642200,
2024-03-08,21.899999618530273,21.899999618530273,21.5,21.600000381469727,19.268756866455078,8971700,
2024-03-11,21.600000381469727,21.899999618530273,21.600000381469727,21.799999237060547,19.447172164916992,7679400,
2024-03-12,21.799999237060547,21.799999237060547,21.799999237060547,21.799999237060547,19.447172164916992,0,
2024-03-13,21.700000762939453,21.899999618530273,21.600000381469727,21.600000381469727,19.268756866455078,2484600,
2024-03-14,21.600000381469727,21.799999237060547,21.5,21.799999237060547,19.447172164916992,6256400,
2024-03-15,21.799999237060547,21.799999237060547,21.799999237060547,21.799999237060547,19.447172164916992,0,
2024-03-18,21.799999237060547,22.299999237060547,21.700000762939453,22.100000381469727,19.714792251586914,13902100,
2024-03-19,22.100000381469727,22.200000762939453,21.899999618530273,22.0,19.62558937072754,6284200,
2024-03-20,22.0,22.0,22.0,22.0,19.62558937072754,0,
2024-03-21,21.700000762939453,21.799999237060547,21.299999237060547,21.399999618530273,19.090343475341797,11024700,
2024-03-22,21.399999618530273,21.399999618530273,21.399999618530273,21.399999618530273,19.090343475341797,0,
2024-03-25,21.399999618530273,21.5,20.799999237060547,21.0,18.7335147857666,14021700,
2024-03-26,21.0,21.0,21.0,21.0,18.7335147857666,0,
2024-03-27,20.799999237060547,20.899999618530273,20.5,20.600000381469727,18.37668800354004,6867800,
2024-03-28,20.600000381469727,20.600000381469727,20.600000381469727,20.600000381469727,18.37668800354004,0,
2024-03-29,20.700000762939453,20.799999237060547,20.5,20.600000381469727,18.37668800354004,4053300,
2024-04-01,20.600000381469727,20.799999237060547,20.5,20.600000381469727,18.37668800354004,2499000,
2024-04-02,20.700000762939453,20.799999237060547,20.5,20.600000381469727,18.37668800354004,6981600,
2024-04-03,20.5,20.700000762939453,20.5,20.5,18.287479400634766,4264700,
2024-04-04,20.5,20.5,20.5,20.5,18.287479400634766,0,
2024-04-05,20.700000762939453,21.100000381469727,20.700000762939453,21.0,18.7335147857666,7006100,
2024-04-09,21.0,21.0,21.0,21.0,18.7335147857666,0,
2024-04-10,20.700000762939453,20.799999237060547,20.600000381469727,20.700000762939453,18.46589469909668,4245700,
2024-04-11,20.700000762939453,20.700000762939453,20.600000381469727,20.700000762939453,18.46589469909668,2529500,
2024-04-17,20.700000762939453,20.700000762939453,20.700000762939453,20.700000762939453,18.46589469909668,0,
2024-04-18,20.700000762939453,20.700000762939453,20.700000762939453,20.700000762939453,18.46589469909668,0,
2024-04-19,20.700000762939453,20.700000762939453,20.700000762939453,20.700000762939453,18.46589469909668,0,
2024-04-22,20.600000381469727,20.700000762939453,20.399999618530273,20.5,18.287479400634766,3411600,
2024-04-23,20.5,20.899999618530273,20.399999618530273,20.700000762939453,18.46589469909668,5609600,
2024-04-24,20.700000762939453,20.700000762939453,20.700000762939453,20.700000762939453,18.46589469909668,0,
2024-04-25,20.899999618530273,21.399999618530273,20.899999618530273,21.299999237060547,19.001134872436523,12589000,
2024-04-26,21.399999618530273,21.600000381469727,21.100000381469727,21.399999618530273,19.090343475341797,7315600,
2024-04-29,21.5,21.600000381469727,20.899999618530273,20.899999618530273,18.644306182861328,9566900,
2024-04-30,20.5,20.600000381469727,19.899999618530273,20.100000381469727,17.930648803710938,23727400,
2024-05-02,20.100000381469727,20.100000381469727,20.100000381469727,20.100000381469727,18.156476974487305,0,0.25
2024-05-03,19.600000381469727,19.799999237060547,19.5,19.700000762939453,17.795154571533203,5309700,
2024-05-07,19.700000762939453,19.700000762939453,19.700000762939453,19.700000762939453,17.795154571533203,0,
2024-05-08,19.799999237060547,19.799999237060547,19.5,19.700000762939453,17.795154571533203,8518300,
2024-05-09,19.799999237060547,20.200000762939453,19.700000762939453,20.0,18.066144943237305,19445400,
2024-05-10,20.0,20.200000762939453,19.899999618530273,20.100000381469727,18.156476974487305,4803300,
2024-05-13,20.100000381469727,20.100000381469727,19.899999618530273,20.100000381469727,18.156476974487305,3392300,
2024-05-14,20.200000762939453,20.200000762939453,20.0,20.0,18.066144943237305,6543000,
2024-05-15,20.100000381469727,20.200000762939453,20.0,20.100000381469727,18.156476974487305,4702600,
2024-05-16,20.100000381469727,20.100000381469727,20.100000381469727,20.100000381469727,18.156476974487305,0,
2024-05-17,20.0,20.0,19.700000762939453,19.700000762939453,17.795154571533203,10933600,
2024-05-20,19.700000762939453,19.700000762939453,19.700000762939453,19.700000762939453,17.795154571533203,0,
2024-05-21,19.299999237060547,19.5,19.200000762939453,19.5,17.614492416381836,10063000,
2024-05-23,19.299999237060547,19.299999237060547,19.0,19.200000762939453,17.3435001373291,13657600,
2024-05-24,19.200000762939453,19.200000762939453,19.200000762939453,19.200000762939453,17.3435001373291,0,
2024-05-27,19.200000762939453,19.200000762939453,19.200000762939453,19.200000762939453,17.3435001373291,0,
2024-05-28,19.5,19.700000762939453,19.399999618530273,19.700000762939453,17.795154571533203,9698200,
2024-05-29,19.700000762939453,19.700000762939453,19.399999618530273,19.5,17.614492416381836,8093700,
2024-05-30,19.5,19.5,19.0,19.200000762939453,17.3435001373291,14351500,
2024-05-31,19.200000762939453,19.200000762939453,19.200000762939453,19.200000762939453,17.3435001373291,0,
2024-06-04,18.899999618530273,19.600000381469727,18.899999618530273,19.600000381469727,17.70482063293457,13215100,
2024-06-05,19.5,19.5,19.200000762939453,19.200000762939453,17.3435001373291,6055900,
2024-06-06,19.299999237060547,19.399999618530273,19.0,19.0,17.162837982177734,5394300,
2024-06-07,19.0,19.100000381469727,18.700000762939453,19.100000381469727,17.253170013427734,5201700,
2024-06-10,19.100000381469727,19.100000381469727,18.600000381469727,18.700000762939453,16.891847610473633,4683200,
2024-06-11,18.700000762939453,19.0,18.600000381469727,18.899999618530273,17.072509765625,4052500,
2024-06-12,18.899999618530273,18.899999618530273,18.700000762939453,18.799999237060547,16.982177734375,5546100,
2024-06-13,18.799999237060547,18.799999237060547,18.299999237060547,18.5,16.711185455322266,9263200,
2024-06-14,18.299999237060547,18.399999618530273,18.100000381469727,18.200000762939453,16.440195083618164,5783400,
2024-06-17,18.200000762939453,18.200000762939453,18.200000762939453,18.200000762939453,16.440195083618164,0,
2024-06-18,18.200000762939453,18.200000762939453,18.200000762939453,18.200000762939453,16.440195083618164,0,
2024-06-19,18.200000762939453,18.200000762939453,18.200000762939453,18.200000762939453,16.440195083618164,0,
2024-06-20,17.899999618530273,18.200000762939453,17.700000762939453,17.700000762939453,15.988542556762695,5480900,
2024-06-21,17.700000762939453,17.899999618530273,17.399999618530273,17.899999618530273,16.169200897216797,20390800,
2024-06-24,17.899999618530273,17.899999618530273,17.899999618530273,17.899999618530273,16.169200897216797,0,
2024-06-25,17.899999618530273,17.899999618530273,17.899999618530273,17.899999618530273,16.169200897216797,0,
2024-06-26,17.899999618530273,17.899999618530273,17.899999618530273,17.899999618530273,16.169200897216797,0,
2024-06-27,18.0,18.0,17.5,17.700000762939453,15.988542556762695,7585900,
2024-06-28,17.700000762939453,17.700000762939453,17.0,17.100000381469727,15.446556091308594,20124800,
2024-07-01,17.100000381469727,17.299999237060547,16.899999618530273,17.100000381469727,15.446556091308594,9013300,
2024-07-02,17.200000762939453,17.200000762939453,16.799999237060547,16.799999237060547,15.175561904907227,5828200,
2024-07-03,16.899999618530273,17.100000381469727,16.799999237060547,17.0,15.356223106384277,5190300,
2024-07-04,17.0,17.299999237060547,17.0,17.200000762939453,15.536886215209961,5796500,
2024-07-05,17.299999237060547,17.399999618530273,17.100000381469727,17.200000762939453,15.536886215209961,2813800,
2024-07-08,17.200000762939453,17.5,17.200000762939453,17.5,15.807877540588379,3140600,
2024-07-09,17.5,17.5,17.5,17.5,15.807877540588379,0,
2024-07-10,17.200000762939453,17.600000381469727,17.200000762939453,17.399999618530273,15.717546463012695,4725200,
2024-07-11,17.5,17.5,17.200000762939453,17.399999618530273,15.717546463012695,3597400,
2024-07-12,17.399999618530273,17.399999618530273,17.399999618530273,17.399999618530273,15.717546463012695,0,
2024-07-15,17.399999618530273,17.399999618530273,17.399999618530273,17.399999618530273,15.717546463012695,0,
2024-07-16,17.700000762939453,17.799999237060547,17.399999618530273,17.399999618530273,15.717546463012695,8809700,
2024-07-17,17.399999618530273,17.399999618530273,17.399999618530273,17.399999618530273,15.717546463012695,0,
2024-07-18,17.5,17.799999237060547,17.399999618530273,17.700000762939453,15.988542556762695,7420800,
2024-07-19,17.700000762939453,17.799999237060547,17.5,17.600000381469727,15.89820671081543,4079100,
2024-07-23,17.700000762939453,17.799999237060547,17.399999618530273,17.399999618530273,15.717546463012695,6366000,
2024-07-24,17.5,17.5,17.200000762939453,17.200000762939453,15.536886215209961,2459900,
2024-07-25,17.200000762939453,17.5,16.799999237060547,16.799999237060547,15.175561904907227,10111700,
2024-07-26,16.799999237060547,17.399999618530273,16.700000762939453,17.200000762939453,15.536886215209961,4195900,
2024-07-30,17.200000762939453,17.200000762939453,17.200000762939453,17.200000762939453,15.536886215209961,0,
2024-07-31,17.100000381469727,17.299999237060547,17.0,17.200000762939453,15.536886215209961,5696600,
2024-08-01,17.200000762939453,17.299999237060547,17.0,17.0,15.356223106384277,4563200,
2024-08-02,17.0,17.0,17.0,17.0,15.356223106384277,0,
2024-08-05,16.700000762939453,16.799999237060547,16.200000762939453,16.299999237060547,14.723907470703125,7369500,
2024-08-06,16.5,16.600000381469727,16.200000762939453,16.299999237060547,14.723907470703125,5567500,
2024-08-07,16.200000762939453,16.299999237060547,15.600000381469727,15.699999809265137,14.181923866271973,18129300,
2024-08-08,15.699999809265137,15.699999809265137,15.699999809265137,15.699999809265137,14.181923866271973,0,
2024-08-09,15.899999618530273,16.0,15.699999809265137,15.899999618530273,14.362585067749023,20279500,
2024-08-13,15.899999618530273,16.0,15.5,15.800000190734863,14.272254943847656,8524100,
2024-08-14,15.800000190734863,15.800000190734863,15.100000381469727,15.300000190734863,13.820600509643555,15447500,
2024-08-15,15.399999618530273,15.5,14.800000190734863,15.0,13.549609184265137,21615400,
2024-08-16,15.0,15.100000381469727,14.800000190734863,14.800000190734863,13.368948936462402,21145600,
2024-08-19,14.800000190734863,14.800000190734863,14.800000190734863,14.800000190734863,13.368948936462402,0,
2024-08-20,15.100000381469727,15.300000190734863,15.0,15.300000190734863,13.820600509643555,16955600,
2024-08-21,15.399999618530273,15.600000381469727,15.199999809265137,15.399999618530273,13.910932540893555,41470300,
2024-08-22,15.399999618530273,15.399999618530273,15.399999618530273,15.399999618530273,13.910932540893555,0,
2024-08-23,15.899999618530273,16.200000762939453,15.800000190734863,16.100000381469727,14.543248176574707,39858100,
2024-08-26,16.100000381469727,16.100000381469727,15.800000190734863,16.0,14.452916145324707,20622100,
2024-08-27,16.0,16.0,15.800000190734863,15.899999618530273,14.362585067749023,20561400,
2024-08-28,15.899999618530273,15.899999618530273,15.300000190734863,15.399999618530273,13.910932540893555,37386500,
2024-08-29,15.399999618530273,15.800000190734863,15.199999809265137,15.699999809265137,14.29330062866211,46625300,0.12
2024-08-30,15.800000190734863,15.800000190734863,15.399999618530273,15.399999618530273,14.020180702209473,24773800,
2024-09-02,15.399999618530273,15.399999618530273,15.399999618530273,15.399999618530273,14.020180702209473,0,
2024-09-03,15.399999618530273,15.399999618530273,15.399999618530273,15.399999618530273,14.020180702209473,0,
2024-09-04,15.399999618530273,15.399999618530273,15.399999618530273,15.399999618530273,14.020180702209473,0,
2024-09-05,16.600000381469727,17.100000381469727,16.5,16.700000762939453,15.203702926635742,22633600,
2024-09-06,16.799999237060547,17.200000762939453,16.700000762939453,17.100000381469727,15.567864418029785,17703600,
2024-09-09,17.100000381469727,17.100000381469727,17.100000381469727,17.100000381469727,15.567864418029785,0,
2024-09-10,16.899999618530273,17.200000762939453,16.700000762939453,17.100000381469727,15.567864418029785,16940800,
2024-09-11,17.200000762939453,17.200000762939453,16.799999237060547,17.100000381469727,15.567864418029785,17705700,
2024-09-12,17.100000381469727,17.200000762939453,16.899999618530273,16.899999618530273,15.385781288146973,7497100,
2024-09-13,17.0,17.399999618530273,16.899999618530273,17.299999237060547,15.749942779541016,14263700,
2024-09-16,17.299999237060547,17.299999237060547,17.299999237060547,17.299999237060547,15.749942779541016,0,
2024-09-17,17.200000762939453,17.399999618530273,17.100000381469727,17.299999237060547,15.749942779541016,9720200,
2024-09-18,17.299999237060547,17.299999237060547,17.299999237060547,17.299999237060547,15.749942779541016,0,
2024-09-19,17.299999237060547,17.299999237060547,17.299999237060547,17.299999237060547,15.749942779541016,0,
2024-09-20,17.299999237060547,17.299999237060547,17.299999237060547,17.299999237060547,15.749942779541016,0,
2024-09-23,17.200000762939453,17.299999237060547,16.799999237060547,16.799999237060547,15.294742584228516,20524300,
2024-09-24,16.899999618530273,17.100000381469727,16.700000762939453,16.899999618530273,15.385781288146973,24171300,
2024-09-25,17.0,17.299999237060547,16.899999618530273,17.100000381469727,15.567864418029785,12655300,
2024-09-26,17.5,18.399999618530273,17.399999618530273,18.299999237060547,16.66034507751465,71472700,
2024-09-27,18.299999237060547,18.299999237060547,18.299999237060547,18.299999237060547,16.66034507751465,0,
2024-09-30,18.100000381469727,18.299999237060547,17.799999237060547,18.0,16.387224197387695,25964500,
2024-10-01,18.100000381469727,18.299999237060547,18.0,18.299999237060547,16.66034507751465,10311700,
2024-10-02,18.299999237060547,18.5,17.899999618530273,17.899999618530273,16.296184539794922,22850300,
2024-10-03,17.899999618530273,18.0,17.700000762939453,17.799999237060547,16.205142974853516,16990300,
2024-10-04,17.799999237060547,17.799999237060547,17.799999237060547,17.799999237060547,16.205142974853516,0,
2024-10-07,17.799999237060547,18.200000762939453,17.700000762939453,18.200000762939453,16.569307327270508,14647400,
2024-10-08,18.200000762939453,18.200000762939453,17.799999237060547,18.0,16.387224197387695,8989100,
2024-10-09,18.0,18.0,17.700000762939453,17.899999618530273,16.296184539794922,7155300,
2024-10-10,18.100000381469727,18.600000381469727,18.0,18.5,16.842426300048828,34168400,
2024-10-11,18.700000762939453,18.899999618530273,18.600000381469727,18.700000762939453,17.024505615234375,32724900,
2024-10-15,18.899999618530273,19.200000762939453,18.799999237060547,19.0,17.297624588012695,29641900,
2024-10-16,19.0,19.0,19.0,19.0,17.297624588012695,0,
2024-10-17,18.799999237060547,19.0,18.700000762939453,18.899999618530273,17.206586837768555,10599400,
2024-10-18,18.899999618530273,19.0,18.700000762939453,18.799999237060547,17.11554527282715,8615500,
2024-10-21,18.899999618530273,19.0,18.700000762939453,18.899999618530273,17.206586837768555,6311600,
2024-10-22,18.899999618530273,18.899999618530273,18.899999618530273,18.899999618530273,17.206586837768555,0,
2024-10-24,18.600000381469727,18.600000381469727,18.0,18.299999237060547,16.66034507751465,16848700,
2024-10-25,18.299999237060547,18.299999237060547,18.299999237060547,18.299999237060547,16.66034507751465,0,
2024-10-28,18.200000762939453,18.5,18.100000381469727,18.399999618530273,16.75138282775879,4552200,
2024-10-29,18.5,18.5,17.799999237060547,18.0,16.387224197387695,10944000,
2024-10-30,17.899999618530273,17.899999618530273,17.100000381469727,17.200000762939453,15.658904075622559,21746400,
2024-10-31,17.100000381469727,17.399999618530273,17.0,17.299999237060547,15.749942779541016,12673200,
2024-11-01,17.399999618530273,17.700000762939453,17.100000381469727,17.399999618530273,15.840983390808105,12764700,
2024-11-04,17.5,17.5,17.100000381469727,17.299999237060547,15.749942779541016,6738700,
2024-11-05,17.100000381469727,17.399999618530273,17.100000381469727,17.299999237060547,15.749942779541016,8142700,
2024-11-06,17.399999618530273,17.5,17.100000381469727,17.100000381469727,15.567864418029785,6933900,
2024-11-07,17.100000381469727,17.200000762939453,16.5,16.600000381469727,15.112662315368652,18044700,
2024-11-08,16.5,16.799999237060547,16.299999237060547,16.600000381469727,15.112662315368652,15990100,
2024-11-11,16.5,16.600000381469727,16.100000381469727,16.399999618530273,14.930581092834473,8578400,
2024-11-12,16.200000762939453,16.399999618530273,15.800000190734863,15.899999618530273,14.475380897521973,9837200,
2024-11-13,15.899999618530273,16.399999618530273,15.899999618530273,16.100000381469727,14.657462120056152,10102200,
2024-11-14,16.399999618530273,16.799999237060547,16.399999618530273,16.5,15.021621704101562,13778100,
2024-11-15,16.600000381469727,16.700000762939453,16.200000762939453,16.399999618530273,14.930581092834473,6644000,
2024-11-18,16.399999618530273,16.600000381469727,16.200000762939453,16.299999237060547,14.839540481567383,2796900,
2024-11-19,16.299999237060547,16.299999237060547,15.800000190734863,16.0,14.566421508789062,13564400,
2024-11-20,16.0,16.0,15.699999809265137,15.800000190734863,14.3843412399292,6237000,
2024-11-21,15.800000190734863,16.0,15.800000190734863,15.800000190734863,14.3843412399292,5233900,
2024-11-22,15.899999618530273,16.0,15.699999809265137,15.800000190734863,14.3843412399292,5600800,
2024-11-25,15.899999618530273,16.299999237060547,15.899999618530273,16.200000762939453,14.748502731323242,7768000,
2024-11-26,16.299999237060547,16.399999618530273,16.0,16.200000762939453,14.748502731323242,6258000,
2024-11-27,16.200000762939453,16.200000762939453,15.899999618530273,16.200000762939453,14.748502731323242,4148200,
2024-11-28,16.200000762939453,16.799999237060547,16.0,16.600000381469727,15.112662315368652,8932500,
2024-11-29,16.700000762939453,16.799999237060547,16.5,16.600000381469727,15.112662315368652,7336500,
2024-12-02,16.700000762939453,17.0,16.600000381469727,16.799999237060547,15.294742584228516,8220800,
2024-12-03,16.899999618530273,17.299999237060547,16.799999237060547,17.100000381469727,15.567864418029785,9651700,
2024-12-04,17.5,17.5,17.100000381469727,17.399999618530273,15.840983390808105,9207400,
2024-12-06,17.5,17.5,17.200000762939453,17.399999618530273,15.840983390808105,6537700,
2024-12-09,17.600000381469727,17.600000381469727,17.200000762939453,17.299999237060547,15.749942779541016,3783400,
2024-12-11,17.399999618530273,17.399999618530273,16.700000762939453,17.100000381469727,15.567864418029785,11795500,
2024-12-12,17.0,17.0,16.700000762939453,16.700000762939453,15.203702926635742,5513300,
2024-12-13,16.799999237060547,16.899999618530273,16.600000381469727,16.700000762939453,15.203702926635742,3710600,
2024-12-16,16.700000762939453,16.700000762939453,16.200000762939453,16.5,15.021621704101562,6883800,
2024-12-17,16.399999618530273,16.399999618530273,15.699999809265137,15.899999618530273,14.475380897521973,8678500,
2024-12-18,15.800000190734863,16.100000381469727,15.699999809265137,15.800000190734863,14.3843412399292,3871400,
2024-12-19,15.800000190734863,16.0,15.399999618530273,15.5,14.111221313476562,7480900,
2024-12-20,15.5,15.699999809265137,15.399999618530273,15.5,14.111221313476562,4643200,
2024-12-23,15.5,15.699999809265137,15.100000381469727,15.699999809265137,14.29330062866211,10156900,
2024-12-24,15.699999809265137,15.800000190734863,15.399999618530273,15.600000381469727,14.202261924743652,6979000,
2024-12-25,15.699999809265137,15.699999809265137,15.300000190734863,15.5,14.111221313476562,8567400,
2024-12-26,15.600000381469727,15.600000381469727,15.199999809265137,15.300000190734863,13.929140090942383,4817900,
2024-12-27,15.300000190734863,15.600000381469727,15.300000190734863,15.399999618530273,14.020180702209473,6478500,
2024-12-30,15.5,15.600000381469727,15.100000381469727,15.300000190734863,13.929140090942383,5498100,
2025-01-02,15.399999618530273,15.5,15.199999809265137,15.300000190734863,13.929140090942383,8287200,
2025-01-03,15.399999618530273,15.899999618530273,15.300000190734863,15.699999809265137,14.29330062866211,13334300,
2025-01-06,15.699999809265137,15.699999809265137,15.300000190734863,15.399999618530273,14.020180702209473,6173500,
2025-01-07,15.300000190734863,15.699999809265137,15.300000190734863,15.600000381469727,14.202261924743652,5012700,
2025-01-08,15.600000381469727,15.699999809265137,15.199999809265137,15.399999618530273,14.020180702209473,6806400,
2025-01-09,15.300000190734863,15.300000190734863,14.800000190734863,14.800000190734863,13.4739408493042,12851000,
2025-01-10,14.899999618530273,14.899999618530273,14.399999618530273,14.600000381469727,13.29185962677002,9261100,
2025-01-13,14.600000381469727,14.800000190734863,14.300000190734863,14.600000381469727,13.29185962677002,6795300,
2025-01-14,14.600000381469727,14.600000381469727,14.100000381469727,14.199999809265137,12.927699089050293,8358000,
2025-01-15,14.199999809265137,15.0,14.100000381469727,14.800000190734863,13.4739408493042,7372800,
2025-01-16,14.800000190734863,14.899999618530273,14.399999618530273,14.600000381469727,13.29185962677002,3685700,
2025-01-17,14.600000381469727,14.600000381469727,14.399999618530273,14.5,13.200819969177246,2092900,
2025-01-20,14.399999618530273,14.5,14.100000381469727,14.199999809265137,12.927699089050293,3570200,
2025-01-21,14.300000190734863,14.899999618530273,14.300000190734863,14.5,13.200819969177246,5403900,
2025-01-22,14.600000381469727,15.199999809265137,14.399999618530273,15.100000381469727,13.747060775756836,9506100,
2025-01-23,15.100000381469727,15.199999809265137,14.899999618530273,15.0,13.656020164489746,4233500,
2025-01-24,15.0,15.100000381469727,14.899999618530273,15.0,13.656020164489746,931600,
2025-01-27,15.199999809265137,15.199999809265137,14.600000381469727,14.899999618530273,13.564979553222656,3757700,
2025-01-28,14.800000190734863,14.899999618530273,14.399999618530273,14.800000190734863,13.4739408493042,5747400,
2025-01-29,14.800000190734863,14.800000190734863,14.100000381469727,14.199999809265137,12.927699089050293,9923800,
2025-01-30,14.199999809265137,14.600000381469727,14.199999809265137,14.300000190734863,13.018739700317383,5452400,
2025-01-31,14.300000190734863,14.5,14.199999809265137,14.300000190734863,13.018739700317383,3538500,
2025-02-03,14.0,14.399999618530273,13.699999809265137,14.300000190734863,13.018739700317383,6942000,
2025-02-04,14.399999618530273,14.399999618530273,13.899999618530273,14.0,12.74561882019043,3911700,
2025-02-05,14.0,14.199999809265137,13.800000190734863,14.0,12.74561882019043,5131100,
2025-02-06,14.0,14.0,13.600000381469727,13.699999809265137,12.472498893737793,5265900,
2025-02-07,13.699999809265137,13.899999618530273,13.600000381469727,13.899999618530273,12.654579162597656,3411300,
2025-02-10,14.0,14.0,13.399999618530273,13.399999618530273,12.199377059936523,4876700,
2025-02-11,13.399999618530273,14.5,13.399999618530273,14.199999809265137,12.927699089050293,6062300,
2025-02-13,14.0,14.199999809265137,13.600000381469727,13.800000190734863,12.563539505004883,6189700,
2025-02-14,13.800000190734863,13.899999618530273,13.600000381469727,13.699999809265137,12.472498893737793,3088500,
2025-02-17,13.800000190734863,14.600000381469727,13.699999809265137,14.399999618530273,13.109779357910156,7005100,
2025-02-18,14.5,15.199999809265137,14.300000190734863,15.0,13.656020164489746,13782900,
2025-02-19,15.199999809265137,15.699999809265137,15.199999809265137,15.699999809265137,14.29330062866211,14290900,
2025-02-20,15.800000190734863,15.899999618530273,15.5,15.699999809265137,14.29330062866211,6605200,
2025-02-21,15.399999618530273,15.800000190734863,15.399999618530273,15.600000381469727,14.202261924743652,4503500,
2025-02-24,15.600000381469727,15.699999809265137,15.100000381469727,15.5,14.111221313476562,6825800,
2025-02-25,15.399999618530273,15.5,14.800000190734863,14.899999618530273,13.564979553222656,6043700,
2025-02-26,14.800000190734863,15.600000381469727,14.800000190734863,15.399999618530273,14.020180702209473,7463300,
2025-02-27,15.5,15.800000190734863,15.399999618530273,15.699999809265137,14.29330062866211,4877500,
2025-02-28,14.600000381469727,16.5,14.600000381469727,16.200000762939453,14.748502731323242,24724600,
2025-03-03,16.0,16.299999237060547,15.899999618530273,16.100000381469727,14.657462120056152,4602700,
2025-03-04,16.100000381469727,16.100000381469727,15.699999809265137,16.0,14.566421508789062,5373600,
2025-03-05,16.0,16.0,15.300000190734863,15.699999809265137,14.29330062866211,12725400,
2025-03-06,15.699999809265137,15.800000190734863,15.399999618530273,15.399999618530273,14.020180702209473,5665100,
2025-03-07,15.300000190734863,15.800000190734863,15.300000190734863,15.699999809265137,14.29330062866211,1966000,
2025-03-10,15.600000381469727,15.800000190734863,15.300000190734863,15.300000190734863,13.929140090942383,1206700,
2025-03-11,15.399999618530273,16.0,15.300000190734863,15.800000190734863,14.3843412399292,6701500,
2025-03-12,15.899999618530273,16.100000381469727,15.699999809265137,15.899999618530273,14.475380897521973,4634300,
2025-03-13,15.800000190734863,15.899999618530273,15.399999618530273,15.600000381469727,14.202261924743652,3846400,
2025-03-14,15.800000190734863,16.100000381469727,15.699999809265137,15.899999618530273,14.475380897521973,7036900,
2025-03-17,16.100000381469727,16.100000381469727,15.199999809265137,15.5,14.111221313476562,5973900,
2025-03-18,15.600000381469727,15.699999809265137,15.300000190734863,15.399999618530273,14.020180702209473,3452800,
2025-03-19,15.399999618530273,15.5,15.199999809265137,15.399999618530273,14.020180702209473,9659200,
2025-03-20,15.399999618530273,15.399999618530273,15.100000381469727,15.300000190734863,13.929140090942383,5957700,
2025-03-21,15.199999809265137,15.300000190734863,14.5,14.899999618530273,13.564979553222656,15555800,
2025-03-24,14.800000190734863,15.100000381469727,14.699999809265137,14.899999618530273,13.564979553222656,2469800,
2025-03-25,14.899999618530273,15.0,14.399999618530273,14.5,13.200819969177246,5082400,
2025-03-26,14.600000381469727,14.699999809265137,14.199999809265137,14.399999618530273,13.109779357910156,6348700,
2025-03-27,14.399999618530273,14.5,14.100000381469727,14.300000190734863,13.018739700317383,3508900,
2025-03-28,14.300000190734863,14.300000190734863,13.899999618530273,14.0,12.74561882019043,1338900,
2025-03-31,14.0,14.100000381469727,13.800000190734863,14.0,12.74561882019043,3487500,
2025-04-01,13.899999618530273,14.199999809265137,13.899999618530273,14.0,12.74561882019043,2312700,
2025-04-02,14.0,14.5,14.0,14.399999618530273,13.109779357910156,4860300,
2025-04-03,14.199999809265137,14.5,14.199999809265137,14.5,13.200819969177246,2160600,
2025-04-04,14.5,14.5,14.0,14.199999809265137,12.927699089050293,3872100,
2025-04-08,13.800000190734863,14.0,13.5,14.0,12.74561882019043,3409600,
2025-04-09,14.0,14.199999809265137,13.800000190734863,14.100000381469727,12.83665943145752,5211900,
2025-04-10,14.399999618530273,14.699999809265137,14.100000381469727,14.399999618530273,13.109779357910156,5078800,
2025-04-11,14.399999618530273,14.5,14.0,14.300000190734863,13.018739700317383,4719100,
2025-04-16,14.300000190734863,14.600000381469727,14.300000190734863,14.5,13.200819969177246,2260400,
2025-04-17,14.399999618530273,14.800000190734863,14.399999618530273,14.600000381469727,13.29185962677002,2883600,
2025-04-18,14.600000381469727,15.0,14.600000381469727,14.899999618530273,13.564979553222656,5601500,
2025-04-21,14.899999618530273,15.100000381469727,14.600000381469727,14.699999809265137,13.382899284362793,3399500,
2025-04-22,14.699999809265137,14.899999618530273,14.600000381469727,14.800000190734863,13.4739408493042,1432400,
2025-04-23,15.0,15.100000381469727,14.699999809265137,14.800000190734863,13.4739408493042,3686800,
2025-04-24,14.800000190734863,14.800000190734863,14.199999809265137,14.399999618530273,13.109779357910156,3245700,
2025-04-25,14.699999809265137,14.899999618530273,14.600000381469727,14.800000190734863,13.4739408493042,3704500,
2025-04-28,14.800000190734863,14.899999618530273,14.399999618530273,14.399999618530273,13.109779357910156,2738200,
2025-04-29,14.399999618530273,14.899999618530273,14.399999618530273,14.800000190734863,13.4739408493042,6973200,
2025-04-30,14.800000190734863,15.300000190734863,14.800000190734863,15.100000381469727,13.747060775756836,7308000,
2025-05-02,14.800000190734863,15.0,14.699999809265137,14.800000190734863,13.728509902954102,1685000,0.28
2025-05-06,14.899999618530273,15.699999809265137,14.899999618530273,15.699999809265137,14.563350677490234,11100000,
2025-05-07,15.699999809265137,16.0,15.5,15.899999618530273,14.748870849609375,9712500,
2025-05-08,15.699999809265137,15.800000190734863,15.100000381469727,15.199999809265137,14.099550247192383,9099700,
2025-05-09,15.199999809265137,15.5,14.699999809265137,15.399999618530273,14.285069465637207,14258500,
2025-05-13,15.600000381469727,15.800000190734863,15.399999618530273,15.600000381469727,14.470590591430664,7626700,
2025-05-14,15.699999809265137,15.699999809265137,15.199999809265137,15.199999809265137,14.099550247192383,5617700,
2025-05-15,15.199999809265137,15.199999809265137,14.899999618530273,15.0,13.914029121398926,2107900,
2025-05-16,14.800000190734863,15.300000190734863,14.800000190734863,15.199999809265137,14.099550247192383,4636000,
2025-05-19,15.199999809265137,15.199999809265137,15.0,15.100000381469727,14.006790161132812,2799500,
2025-05-20,15.100000381469727,15.199999809265137,14.600000381469727,14.800000190734863,13.728509902954102,4405000,
2025-05-21,14.899999618530273,14.899999618530273,14.399999618530273,14.600000381469727,13.542988777160645,2548300,
2025-05-22,14.5,14.600000381469727,13.899999618530273,14.100000381469727,13.079187393188477,8022300,
2025-05-23,14.199999809265137,14.199999809265137,13.800000190734863,13.899999618530273,12.893667221069336,4134900,
2025-05-26,13.899999618530273,14.0,12.899999618530273,12.899999618530273,11.966065406799316,13709900,
2025-05-27,12.899999618530273,13.399999618530273,12.300000190734863,13.300000190734863,12.337105751037598,18518100,
2025-05-28,13.399999618530273,13.600000381469727,13.300000190734863,13.399999618530273,12.429864883422852,6112900,
2025-05-29,13.600000381469727,13.899999618530273,13.399999618530273,13.800000190734863,12.800907135009766,6907700,
2025-05-30,13.800000190734863,13.800000190734863,13.399999618530273,13.699999809265137,12.708147048950195,4847900,
2025-06-04,13.699999809265137,13.899999618530273,13.399999618530273,13.5,12.522626876831055,5370200,
2025-06-05,13.600000381469727,13.699999809265137,13.300000190734863,13.399999618530273,12.429864883422852,5480600,
2025-06-06,13.300000190734863,13.399999618530273,13.0,13.100000381469727,12.151585578918457,3608300,
2025-06-09,13.199999809265137,13.300000190734863,13.0,13.199999809265137,12.244345664978027,1899200,
2025-06-10,13.199999809265137,13.300000190734863,13.100000381469727,13.199999809265137,12.244345664978027,1143800,
2025-06-11,13.300000190734863,14.399999618530273,13.199999809265137,14.300000190734863,13.264707565307617,13685200,
2025-06-12,14.199999809265137,14.199999809265137,13.699999809265137,13.899999618530273,12.893667221069336,8900600,
2025-06-13,13.699999809265137,14.199999809265137,13.699999809265137,14.199999809265137,13.171947479248047,3418500,
2025-06-16,14.100000381469727,14.199999809265137,13.5,13.699999809265137,12.708147048950195,5536400,
2025-06-17,13.800000190734863,13.899999618530273,13.600000381469727,13.600000381469727,12.615386009216309,1913800,
2025-06-18,13.600000381469727,13.899999618530273,13.600000381469727,13.899999618530273,12.893667221069336,4253200,
2025-06-19,13.600000381469727,13.699999809265137,13.199999809265137,13.199999809265137,12.244345664978027,2605500,
2025-06-20,13.199999809265137,13.300000190734863,12.800000190734863,12.800000190734863,11.873305320739746,5459500,
2025-06-23,12.600000381469727,12.699999809265137,12.300000190734863,12.300000190734863,11.409503936767578,6364600,
2025-06-24,12.600000381469727,13.100000381469727,12.399999618530273,13.0,12.05882453918457,8624400,
2025-06-25,12.899999618530273,13.300000190734863,12.699999809265137,13.300000190734863,12.337105751037598,4143200,
2025-06-26,13.199999809265137,13.399999618530273,13.199999809265137,13.199999809265137,12.244345664978027,1784800,
2025-06-27,13.199999809265137,13.199999809265137,12.699999809265137,12.800000190734863,11.873305320739746,3575400,
2025-06-30,12.699999809265137,12.800000190734863,12.399999618530273,12.800000190734863,11.873305320739746,8547500,
2025-07-01,12.899999618530273,12.899999618530273,12.600000381469727,12.899999618530273,11.966065406799316,4372900,
2025-07-02,12.800000190734863,13.100000381469727,12.699999809265137,13.0,12.05882453918457,4046900,
2025-07-03,13.0,13.5,13.0,13.300000190734863,12.337105751037598,4972900,
2025-07-04,13.399999618530273,13.699999809265137,13.300000190734863,13.600000381469727,12.615386009216309,4096200,
2025-07-07,13.399999618530273,13.5,12.800000190734863,13.100000381469727,12.151585578918457,5533700,
2025-07-08,13.0,13.199999809265137,12.899999618530273,13.100000381469727,12.151585578918457,3031700,
2025-07-09,13.100000381469727,13.100000381469727,12.800000190734863,13.0,12.05882453918457,3273500,
2025-07-11,12.899999618530273,13.199999809265137,12.899999618530273,13.0,12.05882453918457,1455500,
2025-07-14,13.0,13.5,13.0,13.5,12.522626876831055,4337400,
2025-07-15,13.600000381469727,13.899999618530273,13.5,13.699999809265137,12.708147048950195,4275700,
2025-07-16,13.699999809265137,13.800000190734863,13.199999809265137,13.300000190734863,12.337105751037598,11300300,
2025-07-17,13.399999618530273,13.600000381469727,13.300000190734863,13.600000381469727,12.615386009216309,11378200,
2025-07-18,13.600000381469727,13.800000190734863,13.399999618530273,13.5,12.522626876831055,8424100,
2025-07-21,13.5,13.600000381469727,13.300000190734863,13.300000190734863,12.337105751037598,5070700,
2025-07-22,13.399999618530273,13.5,13.100000381469727,13.100000381469727,12.151585578918457,6271500,
2025-07-23,13.199999809265137,13.800000190734863,13.199999809265137,13.699999809265137,12.708147048950195,9482800,
2025-07-24,13.600000381469727,13.800000190734863,13.5,13.600000381469727,12.615386009216309,7110200,
2025-07-25,13.600000381469727,13.800000190734863,13.5,13.5,12.522626876831055,4490500,
2025-07-29,13.600000381469727,14.0,13.5,13.899999618530273,12.893667221069336,5581000,
2025-07-30,13.899999618530273,14.199999809265137,13.899999618530273,14.199999809265137,13.171947479248047,8471600,
2025-07-31,14.199999809265137,14.399999618530273,13.899999618530273,14.0,12.986427307128906,7256200,
2025-08-01,14.199999809265137,14.300000190734863,13.600000381469727,13.699999809265137,12.708147048950195,7231500,
2025-08-04,13.699999809265137,14.100000381469727,13.600000381469727,13.899999618530273,12.893667221069336,7312500,
2025-08-05,14.100000381469727,14.600000381469727,14.0,14.399999618530273,13.357467651367188,14870400,
2025-08-06,14.600000381469727,14.699999809265137,14.399999618530273,14.399999618530273,13.357467651367188,7365800,
2025-08-07,14.399999618530273,14.5,14.199999809265137,14.300000190734863,13.264707565307617,4867200,
2025-08-08,14.300000190734863,14.5,14.100000381469727,14.300000190734863,13.264707565307617,4210100,
2025-08-13,14.399999618530273,14.600000381469727,14.300000190734863,14.600000381469727,13.542988777160645,4988100,
2025-08-14,14.600000381469727,14.600000381469727,14.100000381469727,14.100000381469727,13.079187393188477,5254900,
2025-08-15,14.5,14.5,13.5,13.600000381469727,12.615386009216309,14579500,
2025-08-18,13.699999809265137,13.699999809265137,13.100000381469727,13.199999809265137,12.244345664978027,9748900,
2025-08-19,13.199999809265137,13.300000190734863,13.100000381469727,13.100000381469727,12.151585578918457,10763300,
2025-08-20,13.100000381469727,13.399999618530273,13.0,13.399999618530273,12.429864883422852,8825600,
2025-08-21,13.5,13.5,13.199999809265137,13.399999618530273,12.429864883422852,5927600,
2025-08-22,13.5,13.5,13.300000190734863,13.399999618530273,12.429864883422852,3265300,
2025-08-25,13.399999618530273,13.5,13.0,13.100000381469727,12.151585578918457,8308500,
2025-08-26,13.100000381469727,13.100000381469727,12.600000381469727,12.699999809265137,11.78054428100586,15280300,
2025-08-27,12.699999809265137,12.899999618530273,12.5,12.699999809265137,11.78054428100586,15365100,
2025-08-28,12.600000381469727,13.399999618530273,12.5,13.399999618530273,12.578429222106934,16807100,0.15
2025-08-29,13.399999618530273,13.399999618530273,12.899999618530273,13.0,12.202954292297363,8388800,
2025-09-01,13.0,13.0,12.800000190734863,13.0,12.202954292297363,5161800,
2025-09-02,13.0,13.100000381469727,12.800000190734863,13.0,12.202954292297363,5511100,
2025-09-03,13.0,13.100000381469727,12.800000190734863,12.899999618530273,12.109086036682129,2891000,
2025-09-04,12.899999618530273,13.100000381469727,12.600000381469727,12.699999809265137,11.921347618103027,15625200,
2025-09-05,12.899999618530273,13.199999809265137,12.800000190734863,13.0,12.202954292297363,9072100,
2025-09-08,13.100000381469727,13.199999809265137,12.899999618530273,13.100000381469727,12.296823501586914,7885200,
2025-09-09,13.199999809265137,13.399999618530273,13.199999809265137,13.300000190734863,12.4845609664917,6163200,
2025-09-10,13.399999618530273,13.5,13.199999809265137,13.199999809265137,12.390692710876465,8732400,
2025-09-11,13.199999809265137,13.399999618530273,13.100000381469727,13.100000381469727,12.296823501586914,3842100,
2025-09-12,13.199999809265137,13.300000190734863,13.0,13.100000381469727,12.296823501586914,7318000,
2025-09-15,13.199999809265137,13.399999618530273,13.199999809265137,13.399999618530273,12.578429222106934,9197100,
2025-09-16,13.5,13.699999809265137,13.5,13.600000381469727,12.766167640686035,12744000,
2025-09-17,13.5,13.600000381469727,13.399999618530273,13.5,12.6722993850708,4091400,
2025-09-18,13.600000381469727,13.699999809265137,13.399999618530273,13.600000381469727,12.766167640686035,14316700,
2025-09-19,13.899999618530273,14.300000190734863,13.699999809265137,13.800000190734863,12.953906059265137,43878400,
2025-09-22,13.800000190734863,13.899999618530273,13.399999618530273,13.5,12.6722993850708,11042500,
2025-09-23,13.399999618530273,13.5,13.0,13.100000381469727,12.296823501586914,12633100,
2025-09-24,13.100000381469727,13.199999809265137,12.899999618530273,13.199999809265137,12.390692710876465,12313000,
2025-09-25,13.300000190734863,13.300000190734863,13.100000381469727,13.199999809265137,12.390692710876465,5016000,
2025-09-26,13.199999809265137,13.199999809265137,13.0,13.100000381469727,12.296823501586914,2706700,
2025-09-29,13.100000381469727,13.199999809265137,13.0,13.100000381469727,12.296823501586914,6586300,
2025-09-30,13.100000381469727,13.199999809265137,12.899999618530273,13.0,12.202954292297363,5072400,
2025-10-01,12.899999618530273,12.899999618530273,12.600000381469727,12.800000190734863,12.015216827392578,16271100,
2025-10-02,12.800000190734863,13.0,12.800000190734863,12.800000190734863,12.015216827392578,3655300,
2025-10-03,12.899999618530273,12.899999618530273,12.600000381469727,12.800000190734863,12.015216827392578,6383400,
2025-10-06,12.600000381469727,12.699999809265137,12.5,12.699999809265137,11.921347618103027,6244700,
2025-10-07,12.699999809265137,12.699999809265137,12.699999809265137,12.699999809265137,11.921347618103027,0,
2025-10-08,12.899999618530273,12.899999618530273,12.699999809265137,12.699999809265137,11.921347618103027,2734500,
2025-10-09,12.800000190734863,12.800000190734863,12.600000381469727,12.600000381469727,11.827479362487793,3251000,
2025-10-10,12.600000381469727,12.800000190734863,12.600000381469727,12.699999809265137,11.921347618103027,7436200,
2025-10-14,12.699999809265137,12.699999809265137,12.5,12.5,11.733610153198242,2670200,
2025-10-15,12.5,12.699999809265137,12.300000190734863,12.699999809265137,11.921347618103027,8273400,
2025-10-16,12.600000381469727,12.699999809265137,12.5,12.600000381469727,11.827479362487793,3371200,
2025-10-17,12.600000381469727,12.600000381469727,12.100000381469727,12.199999809265137,11.452003479003906,8601400,
2025-10-20,12.100000381469727,12.199999809265137,11.800000190734863,11.899999618530273,11.17039680480957,9071500,
2025-10-21,11.899999618530273,12.100000381469727,11.899999618530273,11.899999618530273,11.17039680480957,3691400,
2025-10-22,11.899999618530273,12.0,11.5,11.5,10.794920921325684,14831100,
2025-10-24,11.600000381469727,11.699999809265137,11.199999809265137,11.399999618530273,10.701051712036133,7963900,
2025-10-27,11.399999618530273,11.699999809265137,10.699999809265137,10.699999809265137,10.043970108032227,18817800,
2025-10-28,10.699999809265137,11.199999809265137,10.699999809265137,11.100000381469727,10.419445991516113,11599500,
2025-10-29,11.100000381469727,11.100000381469727,10.899999618530273,11.0,10.325577735900879,4193400,
2025-10-30,11.0,11.199999809265137,10.899999618530273,11.0,10.325577735900879,9089400,
2025-10-31,11.0,11.300000190734863,10.800000190734863,11.300000190734863,10.607184410095215,5513900,
2025-11-03,11.300000190734863,11.300000190734863,10.699999809265137,10.800000190734863,10.137839317321777,6094900,
2025-11-04,10.800000190734863,10.800000190734863,10.600000381469727,10.699999809265137,10.043970108032227,6356800,
2025-11-05,10.600000381469727,10.800000190734863,10.5,10.600000381469727,9.950101852416992,3450700,
2025-11-06,10.699999809265137,10.699999809265137,10.5,10.699999809265137,10.043970108032227,3734600,
2025-11-07,10.600000381469727,10.800000190734863,10.5,10.600000381469727,9.950101852416992,2896000,
2025-11-10,10.600000381469727,10.899999618530273,10.600000381469727,10.800000190734863,10.137839317321777,4978100,
2025-11-11,10.899999618530273,10.899999618530273,10.699999809265137,10.899999618530273,10.231707572937012,3274200,
2025-11-12,10.899999618530273,11.100000381469727,10.699999809265137,10.699999809265137,10.043970108032227,8928000,
2025-11-13,10.800000190734863,11.300000190734863,10.800000190734863,11.100000381469727,10.419445991516113,13424900,
2025-11-14,10.899999618530273,11.199999809265137,10.800000190734863,10.899999618530273,10.231707572937012,9277300,
2025-11-17,10.899999618530273,11.0,10.5,10.699999809265137,10.043970108032227,8153100,
2025-11-18,10.600000381469727,10.699999809265137,10.100000381469727,10.300000190734863,9.668495178222656,10533900,
2025-11-19,10.199999809265137,10.399999618530273,10.100000381469727,10.100000381469727,9.480756759643555,3674400,
2025-11-20,10.199999809265137,10.300000190734863,10.0,10.199999809265137,9.574625968933105,7438500,
2025-11-21,10.100000381469727,10.199999809265137,9.75,9.800000190734863,9.199150085449219,14341400,
2025-11-24,9.899999618530273,10.100000381469727,9.800000190734863,9.850000381469727,9.246085166931152,6356400,
2025-11-25,9.899999618530273,10.300000190734863,9.899999618530273,10.300000190734863,9.668495178222656,5174200,
2025-11-26,10.300000190734863,10.300000190734863,10.0,10.100000381469727,9.480756759643555,3075700,
2025-11-27,10.100000381469727,10.300000190734863,9.899999618530273,9.899999618530273,9.29301929473877,10243700,
2025-11-28,9.949999809265137,10.0,9.850000381469727,9.949999809265137,9.339953422546387,5302400,
2025-12-01,10.0,10.199999809265137,9.949999809265137,10.0,9.38688850402832,9938600,
2025-12-02,10.0,10.100000381469727,9.800000190734863,10.0,9.38688850402832,11523300,
2025-12-03,10.199999809265137,10.600000381469727,10.100000381469727,10.300000190734863,9.668495178222656,27047200,
2025-12-04,10.300000190734863,10.300000190734863,9.850000381469727,9.949999809265137,9.339953422546387,22019800,
2025-12-08,9.949999809265137,10.100000381469727,9.899999618530273,9.899999618530273,9.29301929473877,4640600,
2025-12-09,9.949999809265137,10.199999809265137,9.899999618530273,10.100000381469727,9.480756759643555,6532900,
2025-12-11,10.100000381469727,10.199999809265137,10.0,10.100000381469727,9.480756759643555,6753300,
2025-12-12,10.100000381469727,10.399999618530273,10.0,10.300000190734863,9.668495178222656,13388600,
2025-12-15,10.399999618530273,10.399999618530273,10.0,10.300000190734863,9.668495178222656,13127600,
2025-12-16,10.199999809265137,10.300000190734863,10.100000381469727,10.100000381469727,9.480756759643555,9125300,
2025-12-17,10.199999809265137,10.300000190734863,10.100000381469727,10.199999809265137,9.574625968933105,8422900,
2025-12-18,10.100000381469727,10.199999809265137,9.899999618530273,9.949999809265137,9.339953422546387,10755600,
2025-12-19,9.949999809265137,10.199999809265137,9.949999809265137,10.199999809265137,9.574625968933105,8231200,
2025-12-22,10.199999809265137,10.300000190734863,10.0,10.0,9.38688850402832,12913800,
2025-12-23,10.100000381469727,10.199999809265137,10.0,10.100000381469727,9.480756759643555,7955900,
2025-12-24,10.199999809265137,10.300000190734863,10.100000381469727,10.300000190734863,9.668495178222656,10657300,
2025-12-25,10.300000190734863,10.300000190734863,10.0,10.100000381469727,9.480756759643555,5823100,
2025-12-26,10.199999809265137,10.600000381469727,10.100000381469727,10.5,9.856232643127441,13907500,
2025-12-29,10.399999618530273,10.600000381469727,10.300000190734863,10.399999618530273,9.76236343383789,5965100,
2025-12-30,10.399999618530273,10.600000381469727,10.199999809265137,10.399999618530273,9.76236343383789,14074200,
2026-01-05,10.399999618530273,10.5,10.199999809265137,10.399999618530273,9.76236343383789,8004900,
2026-01-06,10.399999618530273,10.5,10.300000190734863,10.399999618530273,9.76236343383789,4296400,
2026-01-07,10.399999618530273,11.0,10.399999618530273,10.899999618530273,10.231707572937012,27705800,
2026-01-08,10.800000190734863,10.800000190734863,10.199999809265137,10.300000190734863,9.668495178222656,27629700,
2026-01-09,10.300000190734863,10.300000190734863,9.800000190734863,9.899999618530273,9.29301929473877,28381900,
2026-01-12,9.850000381469727,9.850000381469727,9.449999809265137,9.649999618530273,9.05834674835205,20811500,
2026-01-13,9.75,9.75,9.199999809265137,9.399999618530273,8.823675155639648,17307700,
2026-01-14,9.449999809265137,9.649999618530273,9.399999618530273,9.649999618530273,9.05834674835205,9321500,
2026-01-15,9.649999618530273,9.899999618530273,9.550000190734863,9.850000381469727,9.246085166931152,7641300,
2026-01-16,9.800000190734863,10.0,9.75,10.0,9.38688850402832,6017700,
2026-01-19,9.949999809265137,10.199999809265137,9.800000190734863,10.100000381469727,9.480756759643555,19092500,
2026-01-20,10.199999809265137,10.399999618530273,10.100000381469727,10.300000190734863,9.668495178222656,14493300,
2026-01-21,10.300000190734863,10.600000381469727,10.199999809265137,10.5,9.856232643127441,15476600,
2026-01-22,10.5,10.5,10.199999809265137,10.399999618530273,9.76236343383789,18528300,
2026-01-23,10.300000190734863,10.5,10.199999809265137,10.199999809265137,9.574625968933105,18998400,
2026-01-26,10.199999809265137,10.300000190734863,10.100000381469727,10.199999809265137,9.574625968933105,8402600,
2026-01-27,10.199999809265137,10.399999618530273,10.100000381469727,10.100000381469727,9.480756759643555,13006000,
2026-01-28,10.100000381469727,10.199999809265137,10.0,10.100000381469727,9.480756759643555,5133200,
2026-01-29,10.0,10.100000381469727,10.0,10.0,9.38688850402832,3631700,
2026-01-30,10.100000381469727,10.100000381469727,9.899999618530273,10.100000381469727,9.480756759643555,8513400,
2026-02-02,10.0,10.0,9.850000381469727,9.899999618530273,9.29301929473877,7558500,
2026-02-03,9.949999809265137,10.0,9.899999618530273,9.899999618530273,9.29301929473877,7786100,
2026-02-04,9.899999618530273,10.100000381469727,9.850000381469727,9.949999809265137,9.339953422546387,13103700,
2026-02-05,9.949999809265137,10.300000190734863,9.949999809265137,10.100000381469727,9.480756759643555,15624900,
2026-02-06,10.100000381469727,10.399999618530273,10.0,10.100000381469727,9.480756759643555,18367300,
2026-02-09,10.399999618530273,10.600000381469727,10.199999809265137,10.399999618530273,9.76236343383789,30651000,
2026-02-10,10.399999618530273,10.699999809265137,10.399999618530273,10.600000381469727,9.950101852416992,13797200,
2026-02-11,10.600000381469727,10.699999809265137,10.5,10.699999809265137,10.043970108032227,11151700,
2026-02-12,10.600000381469727,10.899999618530273,10.600000381469727,10.800000190734863,10.137839317321777,11005000,
2026-02-13,10.699999809265137,10.899999618530273,10.5,10.699999809265137,10.043970108032227,30215100,
2026-02-16,10.699999809265137,10.899999618530273,10.600000381469727,10.699999809265137,10.043970108032227,17441100,
2026-02-17,10.699999809265137,11.0,10.600000381469727,10.899999618530273,10.231707572937012,18275600,
2026-02-18,10.899999618530273,11.199999809265137,10.899999618530273,11.100000381469727,10.419445991516113,14960000,
2026-02-19,11.300000190734863,11.699999809265137,11.300000190734863,11.600000381469727,10.88879108428955,37240200,
2026-02-20,11.5,11.600000381469727,11.199999809265137,11.300000190734863,10.607184410095215,19896000,
2026-02-23,11.300000190734863,11.5,10.800000190734863,11.100000381469727,10.419445991516113,21669300,
2026-02-24,11.0,11.0,10.600000381469727,11.0,10.325577735900879,14867400,
2026-02-25,11.100000381469727,11.399999618530273,10.899999618530273,11.199999809265137,10.513314247131348,22190100,
2026-02-26,11.300000190734863,11.399999618530273,11.100000381469727,11.399999618530273,10.701051712036133,18647600,
2026-02-27,10.899999618530273,11.100000381469727,10.800000190734863,11.0,10.325577735900879,17132100,
2026-03-02,10.600000381469727,10.699999809265137,10.100000381469727,10.300000190734863,9.668495178222656,29692500,
2026-03-04,9.5,9.800000190734863,9.300000190734863,9.800000190734863,9.199150085449219,32678900,
2026-03-05,10.0,10.0,9.649999618530273,9.75,9.152215957641602,15913300,
2026-03-06,9.550000190734863,9.699999809265137,9.5,9.550000190734863,8.964478492736816,11459800,
2026-03-09,9.199999809265137,9.699999809265137,9.199999809265137,9.699999809265137,9.105281829833984,12461700,
2026-03-10,9.899999618530273,10.100000381469727,9.699999809265137,9.850000381469727,9.246085166931152,14857700,
2026-03-11,9.850000381469727,9.949999809265137,9.75,9.75,9.152215957641602,11313000,
2026-03-12,9.800000190734863,9.899999618530273,9.699999809265137,9.899999618530273,9.29301929473877,9436800,
2026-03-13,9.899999618530273,10.100000381469727,9.850000381469727,10.100000381469727,9.480756759643555,13017600,
2026-03-16,10.199999809265137,10.199999809265137,10.0,10.199999809265137,9.574625968933105,10173100,
2026-03-17,10.199999809265137,10.300000190734863,10.0,10.0,9.38688850402832,6922200,
2026-03-18,10.100000381469727,10.199999809265137,10.0,10.100000381469727,9.480756759643555,4357600,
2026-03-19,10.0,10.100000381469727,9.699999809265137,9.699999809265137,9.105281829833984,12264100,
2026-03-20,9.800000190734863,9.899999618530273,9.600000381469727,9.699999809265137,9.105281829833984,19153700,
2026-03-23,9.600000381469727,9.649999618530273,9.25,9.350000381469727,8.776740074157715,19387500,
2026-03-24,9.449999809265137,9.5,9.25,9.350000381469727,8.776740074157715,11755700,
2026-03-25,9.449999809265137,9.550000190734863,9.300000190734863,9.449999809265137,8.870609283447266,23621800,
2026-03-26,9.350000381469727,9.399999618530273,9.300000190734863,9.399999618530273,8.823675155639648,13784300,
2026-03-27,9.399999618530273,9.5,9.350000381469727,9.449999809265137,8.870609283447266,12486200,
2026-03-30,9.350000381469727,9.550000190734863,9.300000190734863,9.550000190734863,8.964478492736816,11395700,
2026-03-31,9.600000381469727,9.75,9.550000190734863,9.699999809265137,9.105281829833984,18359200,
2026-04-01,9.850000381469727,9.850000381469727,9.649999618530273,9.800000190734863,9.199150085449219,24058500,
2026-04-02,9.699999809265137,10.0,9.649999618530273,9.949999809265137,9.339953422546387,15056000,
2026-04-03,10.0,10.100000381469727,9.75,9.75,9.152215957641602,14427400,
2026-04-07,9.800000190734863,9.800000190734863,9.649999618530273,9.800000190734863,9.199150085449219,7791200,
2026-04-08,9.899999618530273,10.100000381469727,9.899999618530273,10.0,9.38688850402832,12999000,
2026-04-09,10.0,10.0,9.800000190734863,9.850000381469727,9.246085166931152,11152300,
2026-04-10,9.899999618530273,9.899999618530273,9.75,9.850000381469727,9.246085166931152,4083100,
2026-04-16,9.850000381469727,10.100000381469727,9.800000190734863,9.899999618530273,9.29301929473877,12386300,
2026-04-17,9.899999618530273,9.949999809265137,9.75,9.800000190734863,9.199150085449219,8755700,
2026-04-20,9.800000190734863,9.850000381469727,9.699999809265137,9.850000381469727,9.246085166931152,4200700,
2026-04-21,9.850000381469727,9.949999809265137,9.75,9.800000190734863,9.199150085449219,7840900,
2026-04-22,9.800000190734863,9.899999618530273,9.800000190734863,9.850000381469727,9.246085166931152,2120700,
2026-04-23,9.850000381469727,9.899999618530273,9.75,9.75,9.152215957641602,4326700,
2026-04-24,9.800000190734863,9.800000190734863,9.699999809265137,9.75,9.152215957641602,4852600,
2026-04-27,9.800000190734863,9.850000381469727,9.75,9.75,9.152215957641602,3900500,
2026-04-28,9.75,9.75,9.449999809265137,9.5,8.917543411254883,16495500,
2026-04-29,9.300000190734863,9.399999618530273,9.25,9.399999618530273,9.111403465270996,11054600,0.3
2026-04-30,9.399999618530273,9.449999809265137,9.300000190734863,9.300000190734863,9.014473915100098,9563900,
2026-05-01,9.300000190734863,9.300000190734863,9.300000190734863,9.300000190734863,9.014473915100098,0,
2026-05-04,9.300000190734863,9.300000190734863,9.300000190734863,9.300000190734863,9.014473915100098,0,
2026-05-05,9.300000190734863,9.399999618530273,9.25,9.399999618530273,9.111403465270996,7423100,
2026-05-06,9.399999618530273,9.449999809265137,9.350000381469727,9.350000381469727,9.062938690185547,7029400,
2026-05-07,9.399999618530273,9.600000381469727,9.25,9.350000381469727,9.062938690185547,24681000,
2026-05-08,9.300000190734863,9.350000381469727,9.25,9.300000190734863,9.014473915100098,3001900,
2026-05-11,9.300000190734863,9.300000190734863,9.199999809265137,9.25,8.966009140014648,5990000,
2026-05-12,9.25,9.25,9.149999618530273,9.199999809265137,8.917543411254883,4403100,
2026-05-13,9.149999618530273,9.199999809265137,9.149999618530273,9.199999809265137,8.917543411254883,2648800,
2026-05-14,9.199999809265137,9.300000190734863,9.199999809265137,9.199999809265137,8.917543411254883,7552900,
2026-05-15,9.199999809265137,9.25,9.199999809265137,9.199999809265137,8.917543411254883,4802100,
2026-05-18,9.199999809265137,9.300000190734863,9.199999809265137,9.300000190734863,9.014473915100098,4053700,
2026-05-19,9.300000190734863,9.300000190734863,9.199999809265137,9.199999809265137,8.917543411254883,4640000,
2026-05-20,9.199999809265137,9.300000190734863,9.199999809265137,9.25,8.966009140014648,2429500,
2026-05-21,9.25,9.25,9.199999809265137,9.199999809265137,8.917543411254883,2596400,
2026-05-22,9.199999809265137,9.350000381469727,9.199999809265137,9.25,8.966009140014648,5032100,
2026-05-25,9.300000190734863,9.399999618530273,9.300000190734863,9.300000190734863,9.014473915100098,9807800,
2026-05-26,9.300000190734863,9.300000190734863,9.300000190734863,9.300000190734863,9.014473915100098,0,
2026-05-27,9.25,9.25,9.100000381469727,9.25,8.966009140014648,10452200,
2026-05-28,9.300000190734863,9.550000190734863,9.25,9.5,9.208333015441895,23185000,
2026-05-29,9.600000381469727,9.75,9.449999809265137,9.449999809265137,9.159868240356445,24992700,
2026-06-01,9.449999809265137,9.449999809265137,9.449999809265137,9.449999809265137,9.159868240356445,0,
2026-06-02,9.449999809265137,9.449999809265137,9.300000190734863,9.350000381469727,9.062938690185547,15527400,
2026-06-03,9.350000381469727,9.350000381469727,9.350000381469727,9.350000381469727,9.062938690185547,0,
2026-06-04,9.350000381469727,9.449999809265137,9.300000190734863,9.300000190734863,9.014473915100098,8611400,
2026-06-05,9.350000381469727,9.550000190734863,9.350000381469727,9.5,9.208333015441895,14378800,
2026-06-08,9.449999809265137,9.449999809265137,9.350000381469727,9.350000381469727,9.062938690185547,10191700,
2026-06-09,9.399999618530273,9.449999809265137,9.25,9.25,8.966009140014648,9336700,
2026-06-10,9.25,9.300000190734863,9.199999809265137,9.199999809265137,8.917543411254883,6380800,
2026-06-11,9.199999809265137,9.25,9.100000381469727,9.149999618530273,8.869078636169434,9328800,
2026-06-12,9.199999809265137,9.199999809265137,9.100000381469727,9.149999618530273,8.869078636169434,7787400,
2026-06-15,9.25,9.300000190734863,9.149999618530273,9.25,8.966009140014648,11273600,
2026-06-16,9.25,9.350000381469727,9.199999809265137,9.300000190734863,9.014473915100098,13389000,
2026-06-17,9.350000381469727,9.449999809265137,9.199999809265137,9.449999809265137,9.159868240356445,9980300,
2026-06-18,9.5,9.5,9.350000381469727,9.350000381469727,9.062938690185547,9614900,
2026-06-19,9.399999618530273,9.449999809265137,9.350000381469727,9.399999618530273,9.111403465270996,9386700,
2026-06-22,9.399999618530273,9.449999809265137,9.300000190734863,9.399999618530273,9.111403465270996,7181700,
2026-06-23,9.350000381469727,9.449999809265137,9.300000190734863,9.350000381469727,9.062938690185547,7853500,
2026-06-24,9.350000381469727,9.449999809265137,9.300000190734863,9.449999809265137,9.159868240356445,7544300,
2026-06-25,9.449999809265137,9.850000381469727,9.449999809265137,9.850000381469727,9.547588348388672,42656800,
2026-06-26,9.800000190734863,9.899999618530273,9.75,9.899999618530273,9.596052169799805,14998900,
2026-06-29,9.949999809265137,10.100000381469727,9.899999618530273,9.949999809265137,9.644516944885254,18276500,
2026-06-30,9.949999809265137,10.0,9.850000381469727,9.899999618530273,9.596052169799805,8751500,
2026-07-01,9.899999618530273,9.899999618530273,9.800000190734863,9.800000190734863,9.499122619628906,9520200,
2026-07-02,9.800000190734863,10.100000381469727,9.800000190734863,10.100000381469727,9.789912223815918,9478300,
2026-07-03,10.100000381469727,10.199999809265137,10.0,10.199999809265137,9.886841773986816,10686300,
2026-07-06,10.199999809265137,10.199999809265137,9.949999809265137,9.949999809265137,9.644516944885254,10586900,
2026-07-07,9.949999809265137,10.100000381469727,9.850000381469727,9.949999809265137,9.644516944885254,10326900,
2026-07-08,9.949999809265137,10.0,9.600000381469727,9.649999618530273,9.353727340698242,20670300,
2026-07-09,9.600000381469727,9.850000381469727,9.600000381469727,9.850000381469727,9.547588348388672,6583800,
2026-07-10,9.850000381469727,10.0,9.800000190734863,9.899999618530273,9.596052169799805,11199400,
2026-07-13,9.899999618530273,10.0,9.800000190734863,9.949999809265137,9.644516944885254,6391400,
2026-07-14,9.949999809265137,10.199999809265137,9.850000381469727,10.199999809265137,9.886841773986816,16132800,
2026-07-15,10.199999809265137,10.300000190734863,10.100000381469727,10.199999809265137,9.886841773986816,11791100,
2026-07-16,10.199999809265137,10.800000190734863,10.199999809265137,10.800000190734863,10.46842098236084,47630300,
2026-07-17,10.600000381469727,10.800000190734863,10.600000381469727,10.800000190734863,10.46842098236084,17645500,
2026-07-20,10.800000190734863,10.800000190734863,10.5,10.800000190734863,10.46842098236084,17253300,
2026-07-21,10.800000190734863,10.800000190734863,10.5,10.699999809265137,10.371491432189941,13642900,
2026-07-22,10.699999809265137,10.699999809265137,10.300000190734863,10.5,10.177631378173828,10114500,
2026-07-23,10.399999618530273,10.399999618530273,10.0,10.100000381469727,9.789912223815918,23145900,
2026-07-24,10.0,10.199999809265137,9.949999809265137,10.100000381469727,9.789912223815918,6878700,
2026-07-27,10.100000381469727,10.300000190734863,10.0,10.300000190734863,9.983772277832031,6979000,
2026-07-28,10.300000190734863,10.300000190734863,10.300000190734863,10.300000190734863,9.983772277832031,0,
2026-07-29,10.300000190734863,10.300000190734863,10.300000190734863,10.300000190734863,9.983772277832031,0,
2026-07-30,10.300000190734863,10.300000190734863,10.0,10.199999809265137,9.886841773986816,10530000,
2026-07-31,10.199999809265137,10.300000190734863,10.100000381469727,10.300000190734863,9.983772277832031,3648900,
2026-08-03,10.300000190734863,10.600000381469727,10.199999809265137,10.600000381469727,10.274561882019043,9491500,
2026-08-04,10.600000381469727,11.100000381469727,10.600000381469727,11.0,10.662281036376953,36157900,
2026-08-05,11.0,11.100000381469727,10.800000190734863,10.899999618530273,10.565350532531738,21114700,
2026-08-06,11.0,11.300000190734863,10.899999618530273,11.300000190734863,10.953070640563965,23360600,
2026-08-07,11.300000190734863,11.300000190734863,11.100000381469727,11.199999809265137,10.85614013671875,10257700,
2026-08-10,11.199999809265137,11.199999809265137,11.0,11.0,10.662281036376953,5465300,
2026-08-11,11.100000381469727,11.100000381469727,10.899999618530273,10.899999618530273,10.565350532531738,9219400,
2026-08-12,10.899999618530273,10.899999618530273,10.899999618530273,10.899999618530273,10.565350532531738,0,
2026-08-13,10.899999618530273,11.0,10.800000190734863,10.899999618530273,10.565350532531738,4682400,
2026-08-14,11.0,11.199999809265137,10.899999618530273,11.0,10.662281036376953,13428600,
2026-08-17,11.0,11.199999809265137,11.0,11.199999809265137,10.85614013671875,6244700,
2026-08-18,11.100000381469727,11.199999809265137,11.0,11.199999809265137,10.85614013671875,5843900,
2026-08-19,11.199999809265137,11.199999809265137,11.0,11.0,10.662281036376953,4756600,
2026-08-20,11.100000381469727,11.5,11.100000381469727,11.399999618530273,11.049999237060547,20808500,
2026-08-21,11.399999618530273,11.600000381469727,11.300000190734863,11.5,11.146929740905762,6110000,
2026-08-24,11.5,11.5,11.300000190734863,11.300000190734863,10.953070640563965,4775400,
2026-08-25,11.300000190734863,11.399999618530273,11.199999809265137,11.300000190734863,10.953070640563965,4485500,
2026-08-26,11.300000190734863,11.399999618530273,11.199999809265137,11.399999618530273,11.049999237060547,6953500,
2026-08-27,11.100000381469727,11.199999809265137,11.0,11.100000381469727,11.100000381469727,5826600,0.35
2026-08-28,11.199999809265137,11.199999809265137,11.0,11.100000381469727,11.100000381469727,2031700,
2026-08-31,11.0,11.100000381469727,10.699999809265137,10.699999809265137,10.699999809265137,10269200,
2026-09-01,10.800000190734863,11.199999809265137,10.800000190734863,11.100000381469727,11.100000381469727,20151800,
2026-09-02,11.100000381469727,11.199999809265137,10.800000190734863,10.800000190734863,10.800000190734863,5735300,
2026-09-03,10.899999618530273,11.300000190734863,10.899999618530273,11.199999809265137,11.199999809265137,22030600,
2026-09-04,11.199999809265137,11.300000190734863,10.899999618530273,10.899999618530273,10.899999618530273,8816900,
2026-09-07,10.899999618530273,11.100000381469727,10.899999618530273,11.0,11.0,4121700,
2026-09-08,11.100000381469727,11.100000381469727,10.899999618530273,11.0,11.0,4011200,
2026-09-09,11.0,11.0,10.800000190734863,10.899999618530273,10.899999618530273,3735200,
2026-09-10,10.899999618530273,11.199999809265137,10.899999618530273,11.0,11.0,6701700,
2026-09-11,10.899999618530273,11.100000381469727,10.899999618530273,10.899999618530273,10.899999618530273,7157700,
2026-09-14,11.0,11.100000381469727,10.899999618530273,11.0,11.0,1844900,
2026-09-15,11.0,11.100000381469727,11.0,11.0,11.0,1604200,
2026-09-16,11.100000381469727,11.399999618530273,11.100000381469727,11.300000190734863,11.300000190734863,25075400,
2026-09-17,11.399999618530273,11.5,11.300000190734863,11.5,11.5,13883000,
2026-09-18,11.5,11.5,11.199999809265137,11.399999618530273,11.399999618530273,6745000,
2026-09-21,11.399999618530273,11.399999618530273,11.100000381469727,11.100000381469727,11.100000381469727,9657500,
2026-09-22,11.199999809265137,11.300000190734863,11.100000381469727,11.199999809265137,11.199999809265137,7525100,
2026-09-23,11.199999809265137,11.399999618530273,11.199999809265137,11.199999809265137,11.199999809265137,5903500,
2026-09-24,11.199999809265137,11.300000190734863,11.100000381469727,11.300000190734863,11.300000190734863,7618300,
2026-09-25,11.5,11.699999809265137,11.300000190734863,11.399999618530273,11.399999618530273,38115400,
2026-09-28,11.399999618530273,11.5,11.199999809265137,11.5,11.5,3639575,
