Date,Open,High,Low,Close,AdjClose,Volume,Dividend
2018-10-30,11.699999809265137,12.300000190734863,11.5,11.600000381469727,10.074944496154785,158168500,
2018-10-31,11.800000190734863,12.100000381469727,11.699999809265137,11.800000190734863,10.248649597167969,69722600,
2018-11-01,11.899999618530273,12.600000381469727,11.899999618530273,12.399999618530273,10.769765853881836,105114800,
2018-11-02,12.5,12.600000381469727,12.300000190734863,12.300000190734863,10.682912826538086,36237800,
2018-11-05,12.199999809265137,12.399999618530273,12.100000381469727,12.199999809265137,10.596057891845703,19584900,
2018-11-06,12.300000190734863,12.800000190734863,12.300000190734863,12.600000381469727,10.943472862243652,27620000,
2018-11-07,12.5,12.600000381469727,12.100000381469727,12.300000190734863,10.682912826538086,18959900,
2018-11-08,12.399999618530273,12.399999618530273,12.199999809265137,12.199999809265137,10.596057891845703,6246500,
2018-11-09,12.199999809265137,12.199999809265137,11.899999618530273,11.899999618530273,10.335500717163086,10529500,
2018-11-12,12.0,12.199999809265137,11.899999618530273,11.899999618530273,10.335500717163086,7530300,
2018-11-13,11.899999618530273,12.100000381469727,11.800000190734863,12.0,10.422353744506836,6427200,
2018-11-14,12.0,12.100000381469727,11.699999809265137,11.699999809265137,10.161795616149902,10921900,
2018-11-15,11.699999809265137,11.899999618530273,11.699999809265137,11.800000190734863,10.248649597167969,5014900,
2018-11-16,11.699999809265137,11.800000190734863,11.5,11.600000381469727,10.074944496154785,9792200,
2018-11-19,11.600000381469727,11.699999809265137,11.600000381469727,11.600000381469727,10.074944496154785,1187600,
2018-11-20,11.600000381469727,11.600000381469727,11.5,11.600000381469727,10.074944496154785,2738800,
2018-11-21,11.600000381469727,11.800000190734863,11.5,11.699999809265137,10.161795616149902,2686200,
2018-11-22,11.699999809265137,12.0,11.600000381469727,11.600000381469727,10.074944496154785,5236400,
2018-11-23,11.600000381469727,11.899999618530273,11.600000381469727,11.600000381469727,10.074944496154785,2326000,
2018-11-26,11.699999809265137,11.699999809265137,11.5,11.600000381469727,10.074944496154785,1680200,
2018-11-27,11.699999809265137,11.699999809265137,11.600000381469727,11.600000381469727,10.074944496154785,758000,
2018-11-28,11.600000381469727,11.899999618530273,11.600000381469727,11.699999809265137,10.161795616149902,3885100,
2018-11-29,11.699999809265137,11.800000190734863,11.600000381469727,11.600000381469727,10.074944496154785,3078500,
2018-11-30,11.600000381469727,11.699999809265137,11.5,11.5,9.988091468811035,1141800,
2018-12-03,11.600000381469727,11.600000381469727,11.5,11.5,9.988091468811035,1631300,
2018-12-04,11.600000381469727,12.0,11.600000381469727,11.899999618530273,10.335500717163086,12683600,
2018-12-06,11.699999809265137,11.800000190734863,11.699999809265137,11.800000190734863,10.248649597167969,2489700,
2018-12-07,11.699999809265137,11.899999618530273,11.699999809265137,11.800000190734863,10.248649597167969,1796300,
2018-12-11,11.800000190734863,12.100000381469727,11.800000190734863,12.0,10.422353744506836,8896200,
2018-12-12,12.0,12.300000190734863,12.0,12.100000381469727,10.509206771850586,7124200,
2018-12-13,12.100000381469727,12.199999809265137,11.899999618530273,12.0,10.422353744506836,3999900,
2018-12-14,11.899999618530273,12.0,11.800000190734863,11.800000190734863,10.248649597167969,2002900,
2018-12-17,11.800000190734863,11.899999618530273,11.800000190734863,11.800000190734863,10.248649597167969,703100,
2018-12-18,11.800000190734863,11.899999618530273,11.600000381469727,11.699999809265137,10.161795616149902,3952600,
2018-12-19,11.699999809265137,11.800000190734863,11.600000381469727,11.699999809265137,10.161795616149902,1371900,
2018-12-20,11.699999809265137,11.800000190734863,11.600000381469727,11.800000190734863,10.248649597167969,2442300,
2018-12-21,11.699999809265137,11.800000190734863,11.600000381469727,11.600000381469727,10.074944496154785,1179400,
2018-12-24,11.699999809265137,11.699999809265137,11.5,11.699999809265137,10.161795616149902,998100,
2018-12-25,11.600000381469727,11.600000381469727,11.5,11.5,9.988091468811035,3102200,
2018-12-26,11.5,11.600000381469727,11.5,11.5,9.988091468811035,403000,
2018-12-27,11.600000381469727,11.600000381469727,11.100000381469727,11.199999809265137,9.727530479431152,2886200,
2018-12-28,11.199999809265137,11.300000190734863,11.100000381469727,11.199999809265137,9.727530479431152,868200,
2019-01-02,11.199999809265137,11.5,11.199999809265137,11.199999809265137,9.727530479431152,225700,
2019-01-03,11.300000190734863,11.399999618530273,11.199999809265137,11.199999809265137,9.727530479431152,147400,
2019-01-04,11.199999809265137,11.300000190734863,11.199999809265137,11.199999809265137,9.727530479431152,193800,
2019-01-07,11.300000190734863,11.399999618530273,11.199999809265137,11.300000190734863,9.814383506774902,676500,
2019-01-08,11.300000190734863,11.399999618530273,11.300000190734863,11.399999618530273,9.901237487792969,437300,
2019-01-09,11.399999618530273,11.399999618530273,11.199999809265137,11.300000190734863,9.814383506774902,1207900,
2019-01-10,11.0,11.199999809265137,10.600000381469727,10.800000190734863,9.380118370056152,2476000,
2019-01-11,10.699999809265137,10.699999809265137,10.5,10.600000381469727,9.206413269042969,1614600,
2019-01-14,10.699999809265137,10.699999809265137,10.5,10.5,9.119560241699219,997100,
2019-01-15,10.5,10.5,10.0,10.100000381469727,8.772148132324219,1363500,
2019-01-16,10.100000381469727,10.100000381469727,9.949999809265137,10.0,8.685295104980469,925400,
2019-01-17,10.0,10.199999809265137,10.0,10.0,8.685295104980469,483600,
2019-01-18,10.0,10.199999809265137,10.0,10.100000381469727,8.772148132324219,155000,
2019-01-21,10.100000381469727,10.100000381469727,10.0,10.0,8.685295104980469,340500,
2019-01-22,10.0,10.600000381469727,9.949999809265137,10.5,9.119560241699219,2354000,
2019-01-23,10.5,10.899999618530273,10.399999618530273,10.899999618530273,9.466971397399902,1679500,
2019-01-24,10.899999618530273,10.899999618530273,10.699999809265137,10.899999618530273,9.466971397399902,494300,
2019-01-25,10.800000190734863,10.899999618530273,10.699999809265137,10.699999809265137,9.293265342712402,558300,
2019-01-28,10.699999809265137,10.800000190734863,10.600000381469727,10.600000381469727,9.206413269042969,244500,
2019-01-29,10.600000381469727,10.699999809265137,10.5,10.600000381469727,9.206413269042969,235800,
2019-01-30,10.399999618530273,10.600000381469727,10.399999618530273,10.5,9.119560241699219,293400,
2019-01-31,10.5,10.800000190734863,10.5,10.600000381469727,9.206413269042969,557500,
2019-02-01,10.699999809265137,10.899999618530273,10.600000381469727,10.699999809265137,9.293265342712402,407900,
2019-02-04,10.899999618530273,10.899999618530273,10.699999809265137,10.899999618530273,9.466971397399902,221100,
2019-02-05,10.800000190734863,10.899999618530273,10.699999809265137,10.800000190734863,9.380118370056152,214000,
2019-02-06,10.800000190734863,11.300000190734863,10.699999809265137,11.199999809265137,9.727530479431152,1686100,
2019-02-07,11.300000190734863,11.600000381469727,11.300000190734863,11.600000381469727,10.074944496154785,3236800,
2019-02-08,12.0,12.199999809265137,11.699999809265137,12.0,10.422353744506836,13989900,
2019-02-11,11.300000190734863,11.600000381469727,11.199999809265137,11.600000381469727,10.074944496154785,3195900,
2019-02-12,11.399999618530273,11.600000381469727,11.399999618530273,11.600000381469727,10.074944496154785,1308400,
2019-02-13,11.600000381469727,11.699999809265137,11.399999618530273,11.699999809265137,10.161795616149902,1183000,
2019-02-14,11.600000381469727,11.699999809265137,11.5,11.5,9.988091468811035,961100,
2019-02-15,11.600000381469727,11.600000381469727,11.399999618530273,11.399999618530273,9.901237487792969,426400,
2019-02-18,11.5,11.5,11.399999618530273,11.399999618530273,9.901237487792969,139600,
2019-02-20,11.399999618530273,11.5,11.199999809265137,11.399999618530273,9.901237487792969,893300,
2019-02-21,11.399999618530273,11.5,11.300000190734863,11.399999618530273,9.901237487792969,360000,
2019-02-22,11.399999618530273,11.399999618530273,11.199999809265137,11.399999618530273,9.901237487792969,352100,
2019-02-25,11.399999618530273,11.800000190734863,11.300000190734863,11.600000381469727,10.074944496154785,1838300,
2019-02-26,11.600000381469727,11.600000381469727,11.300000190734863,11.300000190734863,9.814383506774902,1123600,
2019-02-27,11.399999618530273,11.399999618530273,11.100000381469727,11.300000190734863,9.814383506774902,1657400,
2019-02-28,11.300000190734863,11.399999618530273,11.199999809265137,11.199999809265137,9.727530479431152,298400,
2019-03-01,11.199999809265137,11.199999809265137,10.899999618530273,11.100000381469727,9.640678405761719,752600,
2019-03-04,11.100000381469727,11.100000381469727,10.800000190734863,11.0,9.553824424743652,626100,
2019-03-05,11.0,11.100000381469727,10.800000190734863,11.0,9.553824424743652,950800,
2019-03-06,11.0,11.0,10.899999618530273,10.899999618530273,9.466971397399902,258300,
2019-03-07,11.0,11.0,10.800000190734863,11.0,9.553824424743652,240300,
2019-03-08,11.100000381469727,11.199999809265137,11.0,11.0,9.553824424743652,145300,
2019-03-11,11.199999809265137,11.199999809265137,11.0,11.100000381469727,9.640678405761719,351700,
2019-03-12,11.100000381469727,11.199999809265137,11.0,11.100000381469727,9.640678405761719,285600,
2019-03-13,11.100000381469727,11.199999809265137,10.899999618530273,11.100000381469727,9.640678405761719,1410500,
2019-03-14,11.100000381469727,11.399999618530273,11.100000381469727,11.300000190734863,9.814383506774902,767900,
2019-03-15,11.399999618530273,11.399999618530273,11.100000381469727,11.100000381469727,9.640678405761719,127700,
2019-03-18,11.199999809265137,11.199999809265137,11.100000381469727,11.100000381469727,9.640678405761719,237500,
2019-03-19,11.100000381469727,11.399999618530273,11.100000381469727,11.300000190734863,9.814383506774902,212600,
2019-03-20,11.300000190734863,11.300000190734863,11.100000381469727,11.199999809265137,9.727530479431152,157100,
2019-03-21,11.100000381469727,11.399999618530273,11.100000381469727,11.300000190734863,9.814383506774902,1557400,
2019-03-22,11.399999618530273,11.399999618530273,11.100000381469727,11.199999809265137,9.727530479431152,380000,
2019-03-25,11.0,11.199999809265137,10.600000381469727,10.899999618530273,9.466971397399902,2105000,
2019-03-26,10.800000190734863,10.899999618530273,10.699999809265137,10.899999618530273,9.466971397399902,189400,
2019-03-27,10.899999618530273,11.0,10.800000190734863,10.800000190734863,9.380118370056152,237700,
2019-03-28,10.899999618530273,10.899999618530273,10.800000190734863,10.899999618530273,9.466971397399902,446300,
2019-03-29,10.899999618530273,11.0,10.899999618530273,10.899999618530273,9.466971397399902,38800,
2019-04-01,10.899999618530273,11.0,10.899999618530273,11.0,9.553824424743652,44400,
2019-04-02,11.0,11.0,10.899999618530273,10.899999618530273,9.466971397399902,211000,
2019-04-03,11.0,11.0,10.899999618530273,11.0,9.553824424743652,83500,
2019-04-04,11.0,11.0,10.899999618530273,10.899999618530273,9.466971397399902,205800,
2019-04-05,10.899999618530273,11.0,10.899999618530273,10.899999618530273,9.466971397399902,128800,
2019-04-09,10.899999618530273,11.0,10.800000190734863,10.899999618530273,9.466971397399902,151600,
2019-04-10,10.899999618530273,11.0,10.899999618530273,10.899999618530273,9.466971397399902,68400,
2019-04-11,11.0,11.0,10.899999618530273,10.899999618530273,9.466971397399902,59100,
2019-04-12,10.899999618530273,11.0,10.899999618530273,10.899999618530273,9.466971397399902,68000,
2019-04-17,11.0,11.0,10.800000190734863,10.899999618530273,9.466971397399902,329900,
2019-04-18,10.899999618530273,11.0,10.800000190734863,10.899999618530273,9.466971397399902,585200,
2019-04-19,10.899999618530273,10.899999618530273,10.800000190734863,10.800000190734863,9.380118370056152,357200,
2019-04-22,10.800000190734863,10.899999618530273,10.699999809265137,10.800000190734863,9.380118370056152,203300,
2019-04-23,10.800000190734863,10.899999618530273,10.800000190734863,10.800000190734863,9.380118370056152,276000,
2019-04-24,10.800000190734863,10.899999618530273,10.800000190734863,10.899999618530273,9.466971397399902,108100,
2019-04-25,10.800000190734863,10.899999618530273,10.800000190734863,10.899999618530273,9.466971397399902,70200,
2019-04-26,10.800000190734863,10.899999618530273,10.800000190734863,10.800000190734863,9.380118370056152,279400,
2019-04-29,10.800000190734863,10.899999618530273,10.800000190734863,10.800000190734863,9.380118370056152,409400,
2019-04-30,10.800000190734863,10.800000190734863,10.699999809265137,10.699999809265137,9.293265342712402,598500,
2019-05-02,10.800000190734863,10.800000190734863,10.5,10.600000381469727,9.206413269042969,2030300,
2019-05-03,10.600000381469727,10.600000381469727,10.5,10.5,9.119560241699219,280500,
2019-05-07,10.5,10.5,10.300000190734863,10.399999618530273,9.154769897460938,481600,0.14
2019-05-08,10.399999618530273,10.5,10.199999809265137,10.399999618530273,9.154769897460938,1816200,
2019-05-09,10.399999618530273,10.399999618530273,10.300000190734863,10.399999618530273,9.154769897460938,302700,
2019-05-10,10.5,10.600000381469727,10.399999618530273,10.5,9.242796897888184,388400,
2019-05-13,10.5,10.600000381469727,10.399999618530273,10.600000381469727,9.330822944641113,828100,
2019-05-14,10.5,10.600000381469727,10.399999618530273,10.5,9.242796897888184,600300,
2019-05-15,10.899999618530273,10.899999618530273,10.600000381469727,10.699999809265137,9.418850898742676,1017300,
2019-05-16,10.699999809265137,10.800000190734863,10.600000381469727,10.600000381469727,9.330822944641113,864000,
2019-05-17,10.699999809265137,10.699999809265137,10.600000381469727,10.600000381469727,9.330822944641113,115900,
2019-05-21,10.5,10.600000381469727,10.5,10.600000381469727,9.330822944641113,145600,
2019-05-22,10.5,10.600000381469727,10.5,10.5,9.242796897888184,141000,
2019-05-23,10.600000381469727,10.600000381469727,10.5,10.5,9.242796897888184,240900,
2019-05-24,10.5,10.5,10.399999618530273,10.399999618530273,9.154769897460938,393100,
2019-05-27,10.5,10.5,10.399999618530273,10.399999618530273,9.154769897460938,191100,
2019-05-28,10.5,10.5,10.300000190734863,10.399999618530273,9.154769897460938,397400,
2019-05-29,10.399999618530273,10.5,10.399999618530273,10.399999618530273,9.154769897460938,128700,
2019-05-30,10.5,10.5,10.399999618530273,10.399999618530273,9.154769897460938,25300,
2019-05-31,10.399999618530273,10.5,10.300000190734863,10.399999618530273,9.154769897460938,94300,
2019-06-04,10.5,10.5,10.300000190734863,10.300000190734863,9.066744804382324,528300,
2019-06-05,10.399999618530273,10.399999618530273,10.199999809265137,10.300000190734863,9.066744804382324,1357500,
2019-06-06,10.399999618530273,10.800000190734863,10.300000190734863,10.600000381469727,9.330822944641113,2332800,
2019-06-07,10.600000381469727,10.699999809265137,10.399999618530273,10.600000381469727,9.330822944641113,2152000,
2019-06-10,10.600000381469727,10.699999809265137,10.5,10.5,9.242796897888184,697500,
2019-06-11,10.5,10.699999809265137,10.5,10.699999809265137,9.418850898742676,533800,
2019-06-12,10.699999809265137,10.699999809265137,10.5,10.600000381469727,9.330822944641113,398800,
2019-06-13,10.600000381469727,10.600000381469727,10.399999618530273,10.5,9.242796897888184,649600,
2019-06-14,10.5,10.800000190734863,10.5,10.800000190734863,9.506876945495605,1368900,
2019-06-17,10.699999809265137,10.800000190734863,10.699999809265137,10.800000190734863,9.506876945495605,1178400,
2019-06-18,10.800000190734863,11.0,10.699999809265137,10.899999618530273,9.594902992248535,1233300,
2019-06-19,11.0,11.100000381469727,10.800000190734863,10.899999618530273,9.594902992248535,1683100,
2019-06-20,10.899999618530273,11.100000381469727,10.800000190734863,11.0,9.682929992675781,859300,
2019-06-21,11.0,11.100000381469727,10.899999618530273,10.899999618530273,9.594902992248535,1072500,
2019-06-24,11.0,11.0,10.800000190734863,10.800000190734863,9.506876945495605,260200,
2019-06-25,10.899999618530273,10.899999618530273,10.800000190734863,10.800000190734863,9.506876945495605,383600,
2019-06-26,10.800000190734863,10.899999618530273,10.699999809265137,10.699999809265137,9.418850898742676,428800,
2019-06-27,10.699999809265137,10.800000190734863,10.600000381469727,10.600000381469727,9.330822944641113,483500,
2019-06-28,10.600000381469727,10.699999809265137,10.600000381469727,10.699999809265137,9.418850898742676,855500,
2019-07-01,10.699999809265137,10.699999809265137,10.600000381469727,10.699999809265137,9.418850898742676,621500,
2019-07-02,10.600000381469727,10.699999809265137,10.600000381469727,10.699999809265137,9.418850898742676,573000,
2019-07-03,10.800000190734863,10.800000190734863,10.699999809265137,10.800000190734863,9.506876945495605,458100,
2019-07-04,10.899999618530273,10.899999618530273,10.600000381469727,10.600000381469727,9.330822944641113,635000,
2019-07-05,10.600000381469727,10.699999809265137,10.600000381469727,10.699999809265137,9.418850898742676,649400,
2019-07-08,10.699999809265137,10.800000190734863,10.600000381469727,10.699999809265137,9.418850898742676,295700,
2019-07-09,10.699999809265137,10.800000190734863,10.699999809265137,10.699999809265137,9.418850898742676,327500,
2019-07-10,10.699999809265137,10.800000190734863,10.699999809265137,10.699999809265137,9.418850898742676,426900,
2019-07-11,10.800000190734863,10.899999618530273,10.800000190734863,10.800000190734863,9.506876945495605,168400,
2019-07-12,10.899999618530273,11.0,10.800000190734863,10.800000190734863,9.506876945495605,682300,
2019-07-15,10.800000190734863,10.899999618530273,10.699999809265137,10.899999618530273,9.594902992248535,190400,
2019-07-17,10.800000190734863,10.899999618530273,10.699999809265137,10.800000190734863,9.506876945495605,148400,
2019-07-18,10.800000190734863,10.800000190734863,10.699999809265137,10.800000190734863,9.506876945495605,69400,
2019-07-19,10.899999618530273,11.199999809265137,10.899999618530273,10.899999618530273,9.594902992248535,1513500,
2019-07-22,10.899999618530273,10.899999618530273,10.800000190734863,10.899999618530273,9.594902992248535,360700,
2019-07-23,10.800000190734863,10.899999618530273,10.800000190734863,10.800000190734863,9.506876945495605,72200,
2019-07-24,10.800000190734863,11.399999618530273,10.699999809265137,11.399999618530273,10.03503704071045,2318700,
2019-07-25,11.300000190734863,11.399999618530273,11.199999809265137,11.300000190734863,9.94701099395752,2028800,
2019-07-26,11.399999618530273,11.600000381469727,11.199999809265137,11.5,10.123064041137695,2711200,
2019-07-30,11.5,11.5,11.300000190734863,11.300000190734863,9.94701099395752,911600,
2019-07-31,11.300000190734863,11.399999618530273,11.199999809265137,11.300000190734863,9.94701099395752,385400,
2019-08-01,11.199999809265137,11.199999809265137,11.0,11.100000381469727,9.77095890045166,598200,
2019-08-02,10.800000190734863,11.100000381469727,10.800000190734863,11.100000381469727,9.77095890045166,791500,
2019-08-05,11.0,11.0,10.800000190734863,10.800000190734863,9.506876945495605,725100,
2019-08-06,10.800000190734863,11.0,10.699999809265137,11.0,9.682929992675781,439700,
2019-08-07,10.899999618530273,11.0,10.800000190734863,11.0,9.682929992675781,313900,
2019-08-08,10.899999618530273,11.0,10.899999618530273,10.899999618530273,9.594902992248535,335800,
2019-08-09,10.899999618530273,10.899999618530273,10.699999809265137,10.699999809265137,9.418850898742676,1101900,
2019-08-13,10.699999809265137,10.699999809265137,10.5,10.600000381469727,9.330822944641113,540000,
2019-08-14,10.600000381469727,10.600000381469727,10.100000381469727,10.300000190734863,9.066744804382324,1598500,
2019-08-15,10.199999809265137,10.399999618530273,10.100000381469727,10.199999809265137,8.978716850280762,566100,
2019-08-16,10.300000190734863,10.399999618530273,10.199999809265137,10.399999618530273,9.154769897460938,344300,
2019-08-19,10.399999618530273,10.399999618530273,10.199999809265137,10.300000190734863,9.066744804382324,288300,
2019-08-20,10.399999618530273,10.399999618530273,10.199999809265137,10.199999809265137,8.978716850280762,229900,
2019-08-21,10.199999809265137,10.399999618530273,10.199999809265137,10.300000190734863,9.066744804382324,471500,
2019-08-22,10.300000190734863,10.399999618530273,10.199999809265137,10.300000190734863,9.066744804382324,222000,
2019-08-23,10.300000190734863,10.399999618530273,10.300000190734863,10.399999618530273,9.154769897460938,121000,
2019-08-26,10.199999809265137,10.199999809265137,10.100000381469727,10.199999809265137,8.978716850280762,556200,
2019-08-27,10.300000190734863,10.300000190734863,10.100000381469727,10.199999809265137,8.978716850280762,462600,
2019-08-28,10.199999809265137,10.300000190734863,10.100000381469727,10.100000381469727,8.890691757202148,395400,
2019-08-29,10.199999809265137,10.199999809265137,10.100000381469727,10.199999809265137,8.978716850280762,414600,
2019-08-30,10.199999809265137,10.300000190734863,10.199999809265137,10.199999809265137,8.978716850280762,364500,
2019-09-02,10.300000190734863,10.300000190734863,10.199999809265137,10.300000190734863,9.066744804382324,204900,
2019-09-03,10.300000190734863,10.300000190734863,10.100000381469727,10.199999809265137,8.978716850280762,1448600,
2019-09-04,10.199999809265137,10.199999809265137,10.100000381469727,10.100000381469727,8.890691757202148,986200,
2019-09-05,10.100000381469727,10.199999809265137,9.899999618530273,9.949999809265137,8.758649826049805,4002900,
2019-09-06,9.949999809265137,10.0,9.899999618530273,9.949999809265137,8.758649826049805,1014600,
2019-09-09,9.949999809265137,9.949999809265137,9.600000381469727,9.649999618530273,8.494571685791016,2331400,
2019-09-10,9.649999618530273,9.800000190734863,9.550000190734863,9.649999618530273,8.494571685791016,1132700,
2019-09-11,9.75,9.75,9.600000381469727,9.699999809265137,8.538583755493164,1198400,
2019-09-12,9.800000190734863,9.800000190734863,9.550000190734863,9.550000190734863,8.40654468536377,1373700,
2019-09-13,9.550000190734863,9.649999618530273,9.5,9.5,8.362530708312988,1465100,
2019-09-16,9.5,9.649999618530273,9.399999618530273,9.5,8.362530708312988,1090800,
2019-09-17,9.5,9.699999809265137,9.5,9.550000190734863,8.40654468536377,766700,
2019-09-18,9.600000381469727,9.600000381469727,9.5,9.550000190734863,8.40654468536377,221700,
2019-09-19,9.550000190734863,9.550000190734863,9.350000381469727,9.350000381469727,8.230490684509277,1344400,
2019-09-20,9.350000381469727,9.449999809265137,9.350000381469727,9.350000381469727,8.230490684509277,380000,
2019-09-23,9.350000381469727,9.350000381469727,9.100000381469727,9.100000381469727,8.010424613952637,626600,
2019-09-24,9.199999809265137,9.199999809265137,8.899999618530273,8.899999618530273,7.834370136260986,1654000,
2019-09-25,8.949999809265137,9.0,8.850000381469727,8.899999618530273,7.834370136260986,315900,
2019-09-26,8.949999809265137,9.050000190734863,8.75,8.850000381469727,7.790358543395996,1170600,
2019-09-27,8.850000381469727,9.0,8.800000190734863,8.850000381469727,7.790358543395996,529900,
2019-09-30,8.899999618530273,8.949999809265137,8.850000381469727,8.850000381469727,7.790358543395996,577100,
2019-10-01,8.899999618530273,8.899999618530273,8.75,8.800000190734863,7.746344566345215,497400,
2019-10-02,8.800000190734863,8.899999618530273,8.800000190734863,8.800000190734863,7.746344566345215,582700,
2019-10-03,8.800000190734863,8.800000190734863,8.649999618530273,8.75,7.702330589294434,330200,
2019-10-04,8.699999809265137,8.800000190734863,8.399999618530273,8.5,7.482264041900635,1438200,
2019-10-07,8.5,8.550000190734863,8.5,8.5,7.482264041900635,337800,
2019-10-08,8.550000190734863,8.550000190734863,8.449999809265137,8.5,7.482264041900635,339100,
2019-10-09,8.550000190734863,8.550000190734863,8.399999618530273,8.449999809265137,7.438251972198486,450800,
2019-10-10,8.449999809265137,8.550000190734863,8.449999809265137,8.5,7.482264041900635,292200,
2019-10-11,8.5,8.649999618530273,8.449999809265137,8.649999618530273,7.614304065704346,438700,
2019-10-15,8.699999809265137,8.699999809265137,8.649999618530273,8.649999618530273,7.614304065704346,188700,
2019-10-16,8.649999618530273,8.699999809265137,8.449999809265137,8.550000190734863,7.526278018951416,717600,
2019-10-17,8.600000381469727,8.649999618530273,8.550000190734863,8.600000381469727,7.570291042327881,285200,
2019-10-18,8.600000381469727,8.600000381469727,8.399999618530273,8.5,7.482264041900635,1093400,
2019-10-21,8.449999809265137,8.5,8.449999809265137,8.449999809265137,7.438251972198486,81800,
2019-10-22,8.449999809265137,8.649999618530273,8.449999809265137,8.649999618530273,7.614304065704346,310300,
2019-10-24,8.649999618530273,8.649999618530273,8.5,8.5,7.482264041900635,431400,
2019-10-25,8.550000190734863,8.550000190734863,8.350000381469727,8.399999618530273,7.394236087799072,402200,
2019-10-28,8.399999618530273,8.449999809265137,8.300000190734863,8.399999618530273,7.394236087799072,284400,
2019-10-29,8.399999618530273,8.449999809265137,8.350000381469727,8.399999618530273,7.394236087799072,373000,
2019-10-30,8.399999618530273,8.449999809265137,8.350000381469727,8.399999618530273,7.394236087799072,231900,
2019-10-31,8.399999618530273,8.600000381469727,8.350000381469727,8.350000381469727,7.35022497177124,609400,
2019-11-01,8.399999618530273,8.449999809265137,8.350000381469727,8.350000381469727,7.35022497177124,174900,
2019-11-04,8.350000381469727,8.5,8.350000381469727,8.449999809265137,7.438251972198486,319700,
2019-11-05,8.449999809265137,8.550000190734863,8.399999618530273,8.449999809265137,7.438251972198486,136800,
2019-11-06,8.449999809265137,8.699999809265137,8.449999809265137,8.600000381469727,7.570291042327881,648000,
2019-11-07,8.699999809265137,9.199999809265137,8.649999618530273,9.100000381469727,8.010424613952637,2523900,
2019-11-08,9.050000190734863,9.449999809265137,9.050000190734863,9.100000381469727,8.010424613952637,1644500,
2019-11-11,9.199999809265137,9.300000190734863,9.100000381469727,9.100000381469727,8.010424613952637,523600,
2019-11-12,9.25,9.300000190734863,9.149999618530273,9.199999809265137,8.098450660705566,505900,
2019-11-13,9.199999809265137,9.199999809265137,9.050000190734863,9.100000381469727,8.010424613952637,661100,
2019-11-14,9.149999618530273,9.199999809265137,9.050000190734863,9.050000190734863,7.966411113739014,130500,
2019-11-15,9.149999618530273,9.149999618530273,8.75,8.75,7.702330589294434,442700,
2019-11-18,8.75,8.800000190734863,8.699999809265137,8.800000190734863,7.746344566345215,195300,
2019-11-19,8.800000190734863,8.800000190734863,8.75,8.75,7.702330589294434,126900,
2019-11-20,8.800000190734863,8.850000381469727,8.649999618530273,8.649999618530273,7.614304065704346,195400,
2019-11-21,8.649999618530273,8.75,8.600000381469727,8.600000381469727,7.570291042327881,117300,
2019-11-22,8.600000381469727,8.699999809265137,8.550000190734863,8.699999809265137,7.658317565917969,162200,
2019-11-25,8.699999809265137,8.800000190734863,8.649999618530273,8.699999809265137,7.658317565917969,516000,
2019-11-26,8.75,8.75,8.600000381469727,8.649999618530273,7.614304065704346,101500,
2019-11-27,8.699999809265137,8.800000190734863,8.649999618530273,8.699999809265137,7.658317565917969,203500,
2019-11-28,8.699999809265137,8.699999809265137,8.600000381469727,8.649999618530273,7.614304065704346,576800,
2019-11-29,8.600000381469727,8.699999809265137,8.600000381469727,8.600000381469727,7.570291042327881,239300,
2019-12-02,8.600000381469727,8.649999618530273,8.550000190734863,8.600000381469727,7.570291042327881,382400,
2019-12-03,8.600000381469727,8.600000381469727,8.5,8.5,7.482264041900635,255200,
2019-12-04,8.550000190734863,8.550000190734863,8.449999809265137,8.550000190734863,7.526278018951416,152500,
2019-12-06,8.5,8.550000190734863,8.5,8.5,7.482264041900635,58300,
2019-12-09,8.5,8.5,8.350000381469727,8.350000381469727,7.35022497177124,492000,
2019-12-11,8.350000381469727,8.350000381469727,8.300000190734863,8.350000381469727,7.35022497177124,486300,
2019-12-12,8.350000381469727,8.399999618530273,8.300000190734863,8.350000381469727,7.35022497177124,565200,
2019-12-13,8.350000381469727,8.449999809265137,8.350000381469727,8.399999618530273,7.394236087799072,160700,
2019-12-16,8.399999618530273,8.399999618530273,8.300000190734863,8.350000381469727,7.35022497177124,174400,
2019-12-17,8.399999618530273,8.399999618530273,8.300000190734863,8.300000190734863,7.306210517883301,557400,
2019-12-18,8.300000190734863,8.399999618530273,8.25,8.300000190734863,7.306210517883301,364500,
2019-12-19,8.300000190734863,8.300000190734863,8.050000190734863,8.100000381469727,7.130157947540283,1700400,
2019-12-20,8.100000381469727,8.149999618530273,8.050000190734863,8.100000381469727,7.130157947540283,167200,
2019-12-23,8.100000381469727,8.100000381469727,7.949999809265137,8.0,7.042130947113037,1991700,
2019-12-24,8.0,8.050000190734863,7.949999809265137,8.0,7.042130947113037,295500,
2019-12-25,8.0,8.050000190734863,7.949999809265137,8.0,7.042130947113037,154700,
2019-12-26,8.0,8.0,7.800000190734863,7.900000095367432,6.954104900360107,1214300,
2019-12-27,7.900000095367432,8.0,7.849999904632568,7.900000095367432,6.954104900360107,503000,
2019-12-30,7.949999809265137,8.0,7.849999904632568,7.849999904632568,6.910090923309326,349800,
2020-01-02,8.0,8.25,7.949999809265137,8.199999809265137,7.218183994293213,494400,
2020-01-03,8.300000190734863,8.449999809265137,8.300000190734863,8.300000190734863,7.306210517883301,802600,
2020-01-06,8.25,8.300000190734863,8.149999618530273,8.149999618530273,7.174170970916748,773900,
2020-01-07,8.149999618530273,8.350000381469727,8.149999618530273,8.350000381469727,7.35022497177124,274100,
2020-01-08,8.149999618530273,8.25,8.149999618530273,8.149999618530273,7.174170970916748,198400,
2020-01-09,8.199999809265137,8.25,8.199999809265137,8.199999809265137,7.218183994293213,104700,
2020-01-10,8.25,8.25,8.199999809265137,8.199999809265137,7.218183994293213,123400,
2020-01-13,8.199999809265137,8.25,8.199999809265137,8.25,7.262197494506836,273800,
2020-01-14,8.25,8.25,8.149999618530273,8.199999809265137,7.218183994293213,375500,
2020-01-15,8.199999809265137,8.199999809265137,8.050000190734863,8.100000381469727,7.130157947540283,385700,
2020-01-16,8.149999618530273,8.199999809265137,8.050000190734863,8.100000381469727,7.130157947540283,148600,
2020-01-17,8.100000381469727,8.100000381469727,8.050000190734863,8.050000190734863,7.086144924163818,354500,
2020-01-20,8.050000190734863,8.149999618530273,8.0,8.0,7.042130947113037,222700,
2020-01-21,8.0,8.100000381469727,8.0,8.050000190734863,7.086144924163818,141900,
2020-01-22,8.050000190734863,8.100000381469727,8.0,8.050000190734863,7.086144924163818,22400,
2020-01-23,8.100000381469727,8.100000381469727,8.0,8.0,7.042130947113037,168500,
2020-01-24,8.100000381469727,8.149999618530273,8.050000190734863,8.100000381469727,7.130157947540283,104600,
2020-01-27,8.050000190734863,8.050000190734863,8.0,8.0,7.042130947113037,453800,
2020-01-28,7.949999809265137,8.050000190734863,7.949999809265137,7.949999809265137,6.998117923736572,139800,
2020-01-29,8.0,8.050000190734863,7.949999809265137,8.0,7.042130947113037,111000,
2020-01-30,7.949999809265137,8.0,7.949999809265137,8.0,7.042130947113037,62100,
2020-01-31,8.0,8.0,7.949999809265137,7.949999809265137,6.998117923736572,138500,
2020-02-03,7.949999809265137,8.0,7.849999904632568,7.849999904632568,6.910090923309326,190300,
2020-02-04,7.849999904632568,8.0,7.849999904632568,8.0,7.042130947113037,65800,
2020-02-05,7.949999809265137,8.0,7.900000095367432,7.900000095367432,6.954104900360107,176300,
2020-02-06,7.900000095367432,8.0,7.900000095367432,8.0,7.042130947113037,113900,
2020-02-07,8.0,8.050000190734863,7.949999809265137,8.0,7.042130947113037,101900,
2020-02-11,8.050000190734863,8.050000190734863,7.900000095367432,7.900000095367432,6.954104900360107,120200,
2020-02-12,8.0,8.050000190734863,7.949999809265137,8.0,7.042130947113037,88500,
2020-02-13,8.050000190734863,8.050000190734863,7.849999904632568,7.849999904632568,6.910090923309326,383400,
2020-02-14,7.900000095367432,7.949999809265137,7.800000190734863,7.900000095367432,6.954104900360107,1051400,
2020-02-17,7.900000095367432,7.949999809265137,7.849999904632568,7.900000095367432,6.954104900360107,106100,
2020-02-18,7.849999904632568,7.900000095367432,7.800000190734863,7.900000095367432,6.954104900360107,179800,
2020-02-19,7.949999809265137,8.0,7.849999904632568,7.900000095367432,6.954104900360107,557500,
2020-02-20,7.949999809265137,7.949999809265137,7.800000190734863,7.849999904632568,6.910090923309326,294400,
2020-02-21,7.849999904632568,7.900000095367432,7.849999904632568,7.900000095367432,6.954104900360107,191700,
2020-02-24,7.849999904632568,7.900000095367432,7.650000095367432,7.699999809265137,6.778050899505615,657000,
2020-02-25,7.599999904632568,7.650000095367432,7.300000190734863,7.599999904632568,6.690025329589844,597300,
2020-02-26,7.599999904632568,7.599999904632568,7.300000190734863,7.349999904632568,6.4699578285217285,433800,
2020-02-27,7.150000095367432,7.300000190734863,7.050000190734863,7.25,6.381931781768799,619300,
2020-02-28,7.099999904632568,7.349999904632568,7.050000190734863,7.25,6.381931781768799,217200,
2020-03-02,7.199999809265137,7.400000095367432,7.199999809265137,7.300000190734863,6.425944805145264,797100,
2020-03-03,7.5,7.550000190734863,7.400000095367432,7.550000190734863,6.6460113525390625,830100,
2020-03-04,7.550000190734863,7.650000095367432,7.5,7.599999904632568,6.690025329589844,109600,
2020-03-05,7.550000190734863,7.699999809265137,7.550000190734863,7.650000095367432,6.734038829803467,114900,
2020-03-06,7.599999904632568,7.599999904632568,7.300000190734863,7.550000190734863,6.6460113525390625,284800,
2020-03-09,7.449999809265137,7.550000190734863,7.449999809265137,7.550000190734863,6.6460113525390625,1121800,
2020-03-10,7.449999809265137,7.599999904632568,7.449999809265137,7.550000190734863,6.6460113525390625,191300,
2020-03-11,7.5,7.550000190734863,7.300000190734863,7.300000190734863,6.425944805145264,501300,
2020-03-12,7.099999904632568,7.300000190734863,6.699999809265137,6.699999809265137,5.897785186767578,1452700,
2020-03-13,6.199999809265137,6.550000190734863,5.5,6.349999904632568,5.589692115783691,1572100,
2020-03-16,6.449999809265137,6.5,6.099999904632568,6.150000095367432,5.413638591766357,487900,
2020-03-17,6.150000095367432,6.150000095367432,6.050000190734863,6.150000095367432,5.413638591766357,431500,
2020-03-18,6.199999809265137,6.449999809265137,6.199999809265137,6.199999809265137,5.4576520919799805,121400,
2020-03-19,6.099999904632568,6.25,6.050000190734863,6.199999809265137,5.4576520919799805,185800,
2020-03-20,6.199999809265137,6.699999809265137,6.150000095367432,6.349999904632568,5.589692115783691,450600,
2020-03-23,6.150000095367432,6.400000095367432,6.099999904632568,6.099999904632568,5.369624614715576,259700,
2020-03-24,6.199999809265137,6.199999809265137,6.0,6.050000190734863,5.325611591339111,375500,
2020-03-25,6.099999904632568,6.300000190734863,6.099999904632568,6.199999809265137,5.4576520919799805,282700,
2020-03-26,6.25,6.25,6.150000095367432,6.199999809265137,5.4576520919799805,271100,
2020-03-27,6.150000095367432,6.25,6.150000095367432,6.199999809265137,5.4576520919799805,319900,
2020-03-30,6.199999809265137,6.199999809265137,6.199999809265137,6.199999809265137,5.4576520919799805,9100,
2020-03-31,6.199999809265137,6.25,6.150000095367432,6.25,5.501664638519287,240400,
2020-04-01,6.25,6.25,6.199999809265137,6.25,5.501664638519287,117800,
2020-04-02,6.25,6.25,6.150000095367432,6.199999809265137,5.4576520919799805,197300,
2020-04-03,6.199999809265137,6.199999809265137,6.150000095367432,6.199999809265137,5.4576520919799805,141500,
2020-04-07,6.25,6.550000190734863,6.199999809265137,6.400000095367432,5.633706092834473,483400,
2020-04-08,6.400000095367432,6.400000095367432,6.199999809265137,6.300000190734863,5.545678615570068,545400,
2020-04-09,6.300000190734863,6.349999904632568,6.050000190734863,6.25,5.501664638519287,5847800,
2020-04-10,6.25,6.300000190734863,6.150000095367432,6.199999809265137,5.4576520919799805,919800,
2020-04-13,6.25,6.949999809265137,6.25,6.949999809265137,6.117851257324219,1903200,
2020-04-14,7.050000190734863,7.25,6.849999904632568,7.25,6.381931781768799,1403300,
2020-04-15,7.25,7.25,6.900000095367432,6.949999809265137,6.117851257324219,1938200,
2020-04-16,6.900000095367432,6.900000095367432,6.599999904632568,6.599999904632568,5.809757709503174,563700,
2020-04-17,6.699999809265137,6.800000190734863,6.550000190734863,6.699999809265137,5.897785186767578,681500,
2020-04-20,6.75,6.75,6.599999904632568,6.599999904632568,5.933747291564941,733600,0.14
2020-04-21,6.650000095367432,6.900000095367432,6.550000190734863,6.75,6.068604946136475,372800,
2020-04-22,6.800000190734863,6.800000190734863,6.650000095367432,6.75,6.068604946136475,171300,
2020-04-23,6.699999809265137,6.75,6.650000095367432,6.699999809265137,6.02365255355835,533500,
2020-04-24,6.699999809265137,6.699999809265137,6.550000190734863,6.650000095367432,5.978699684143066,913300,
2020-04-27,6.650000095367432,6.699999809265137,6.599999904632568,6.599999904632568,5.933747291564941,1076800,
2020-04-28,6.650000095367432,6.849999904632568,6.650000095367432,6.75,6.068604946136475,479400,
2020-04-29,6.800000190734863,7.0,6.75,6.900000095367432,6.203463077545166,1059500,
2020-04-30,6.949999809265137,6.949999809265137,6.699999809265137,6.900000095367432,6.203463077545166,1844400,
2020-05-05,6.900000095367432,6.949999809265137,6.650000095367432,6.800000190734863,6.113557815551758,1599800,
2020-05-07,6.75,6.800000190734863,6.5,6.599999904632568,5.933747291564941,1011200,
2020-05-08,6.599999904632568,6.650000095367432,6.5,6.599999904632568,5.933747291564941,572400,
2020-05-11,6.599999904632568,6.949999809265137,6.599999904632568,6.75,6.068604946136475,782900,
2020-05-12,6.800000190734863,6.849999904632568,6.75,6.800000190734863,6.113557815551758,666500,
2020-05-13,6.75,6.849999904632568,6.75,6.800000190734863,6.113557815551758,344000,
2020-05-14,6.800000190734863,6.900000095367432,6.75,6.75,6.068604946136475,192500,
2020-05-15,6.75,6.75,6.699999809265137,6.75,6.068604946136475,253100,
2020-05-18,6.75,6.75,6.599999904632568,6.650000095367432,5.978699684143066,404200,
2020-05-19,6.650000095367432,6.699999809265137,6.550000190734863,6.550000190734863,5.888794422149658,751500,
2020-05-20,6.650000095367432,6.699999809265137,6.650000095367432,6.699999809265137,6.02365255355835,558700,
2020-05-21,6.699999809265137,6.75,6.650000095367432,6.699999809265137,6.02365255355835,369200,
2020-05-22,6.699999809265137,6.699999809265137,6.599999904632568,6.699999809265137,6.02365255355835,1074100,
2020-05-25,6.650000095367432,6.75,6.650000095367432,6.699999809265137,6.02365255355835,897500,
2020-05-26,6.699999809265137,6.75,6.650000095367432,6.699999809265137,6.02365255355835,1276200,
2020-05-27,6.699999809265137,6.800000190734863,6.699999809265137,6.75,6.068604946136475,1561700,
2020-05-28,6.800000190734863,7.050000190734863,6.800000190734863,6.949999809265137,6.248415470123291,3218800,
2020-05-29,6.949999809265137,6.949999809265137,6.800000190734863,6.800000190734863,6.113557815551758,780800,
2020-06-01,6.800000190734863,7.300000190734863,6.800000190734863,7.0,6.293368339538574,3982100,
2020-06-02,7.0,7.099999904632568,6.949999809265137,7.050000190734863,6.338321208953857,1595600,
2020-06-04,7.199999809265137,7.199999809265137,7.050000190734863,7.099999904632568,6.383272647857666,1836100,
2020-06-05,7.099999904632568,7.199999809265137,7.050000190734863,7.099999904632568,6.383272647857666,1681100,
2020-06-08,7.050000190734863,7.25,7.050000190734863,7.099999904632568,6.383272647857666,2100200,
2020-06-09,7.150000095367432,7.400000095367432,7.099999904632568,7.099999904632568,6.383272647857666,2410800,
2020-06-10,7.199999809265137,7.199999809265137,7.050000190734863,7.099999904632568,6.383272647857666,609500,
2020-06-11,7.099999904632568,7.150000095367432,6.949999809265137,6.949999809265137,6.248415470123291,1089500,
2020-06-12,6.800000190734863,6.949999809265137,6.75,6.900000095367432,6.203463077545166,770100,
2020-06-15,6.900000095367432,6.900000095367432,6.699999809265137,6.699999809265137,6.02365255355835,823400,
2020-06-16,6.75,6.849999904632568,6.75,6.800000190734863,6.113557815551758,298000,
2020-06-17,6.75,6.900000095367432,6.75,6.900000095367432,6.203463077545166,309600,
2020-06-18,6.900000095367432,7.0,6.849999904632568,7.0,6.293368339538574,210800,
2020-06-19,7.050000190734863,7.050000190734863,7.0,7.0,6.293368339538574,168900,
2020-06-22,7.0,7.099999904632568,7.0,7.0,6.293368339538574,790300,
2020-06-23,7.050000190734863,7.050000190734863,6.949999809265137,7.0,6.293368339538574,274900,
2020-06-24,7.050000190734863,7.050000190734863,6.800000190734863,6.800000190734863,6.113557815551758,713900,
2020-06-25,6.75,6.949999809265137,6.699999809265137,6.949999809265137,6.248415470123291,413900,
2020-06-26,6.900000095367432,6.949999809265137,6.849999904632568,6.849999904632568,6.158510684967041,596700,
2020-06-29,6.800000190734863,6.900000095367432,6.800000190734863,6.900000095367432,6.203463077545166,100000,
2020-06-30,6.900000095367432,6.949999809265137,6.849999904632568,6.900000095367432,6.203463077545166,178900,
2020-07-01,6.900000095367432,6.900000095367432,6.849999904632568,6.900000095367432,6.203463077545166,94600,
2020-07-02,6.900000095367432,7.0,6.849999904632568,6.900000095367432,6.203463077545166,82800,
2020-07-03,6.900000095367432,7.0,6.849999904632568,6.900000095367432,6.203463077545166,286500,
2020-07-07,6.949999809265137,6.949999809265137,6.849999904632568,6.849999904632568,6.158510684967041,323300,
2020-07-08,6.849999904632568,6.849999904632568,6.800000190734863,6.849999904632568,6.158510684967041,287300,
2020-07-09,6.849999904632568,6.849999904632568,6.800000190734863,6.849999904632568,6.158510684967041,112800,
2020-07-10,6.849999904632568,6.849999904632568,6.75,6.800000190734863,6.113557815551758,243100,
2020-07-13,6.849999904632568,6.900000095367432,6.75,6.800000190734863,6.113557815551758,330200,
2020-07-14,6.800000190734863,6.849999904632568,6.75,6.75,6.068604946136475,261300,
2020-07-15,6.75,6.800000190734863,6.75,6.800000190734863,6.113557815551758,321300,
2020-07-16,6.800000190734863,6.800000190734863,6.699999809265137,6.75,6.068604946136475,645600,
2020-07-17,6.75,6.75,6.650000095367432,6.75,6.068604946136475,284000,
2020-07-20,6.75,6.849999904632568,6.75,6.800000190734863,6.113557815551758,363100,
2020-07-21,6.800000190734863,6.900000095367432,6.699999809265137,6.900000095367432,6.203463077545166,524500,
2020-07-22,6.900000095367432,6.900000095367432,6.800000190734863,6.849999904632568,6.158510684967041,114300,
2020-07-23,6.849999904632568,6.900000095367432,6.800000190734863,6.849999904632568,6.158510684967041,252500,
2020-07-24,6.849999904632568,6.849999904632568,6.800000190734863,6.800000190734863,6.113557815551758,192900,
2020-07-29,6.849999904632568,6.849999904632568,6.75,6.800000190734863,6.113557815551758,144900,
2020-07-30,6.800000190734863,6.800000190734863,6.699999809265137,6.75,6.068604946136475,271800,
2020-07-31,6.75,6.75,6.699999809265137,6.75,6.068604946136475,156400,
2020-08-03,6.75,6.800000190734863,6.650000095367432,6.75,6.068604946136475,293200,
2020-08-04,6.75,6.800000190734863,6.75,6.75,6.068604946136475,64800,
2020-08-05,6.75,6.800000190734863,6.699999809265137,6.75,6.068604946136475,34200,
2020-08-06,6.75,6.75,6.550000190734863,6.599999904632568,5.933747291564941,1352800,
2020-08-07,6.599999904632568,6.650000095367432,6.550000190734863,6.599999904632568,5.933747291564941,105700,
2020-08-10,6.599999904632568,6.599999904632568,6.5,6.5,5.843841552734375,344800,
2020-08-11,6.5,6.599999904632568,6.5,6.5,5.843841552734375,492700,
2020-08-13,6.650000095367432,6.800000190734863,6.550000190734863,6.599999904632568,5.933747291564941,1341100,
2020-08-14,6.650000095367432,6.650000095367432,6.449999809265137,6.550000190734863,5.888794422149658,1525700,
2020-08-17,6.5,6.550000190734863,6.449999809265137,6.5,5.843841552734375,245400,
2020-08-18,6.5,6.550000190734863,6.5,6.550000190734863,5.888794422149658,155200,
2020-08-19,6.5,6.550000190734863,6.449999809265137,6.449999809265137,5.79888916015625,316800,
2020-08-20,6.449999809265137,6.449999809265137,6.349999904632568,6.349999904632568,5.708984375,600100,
2020-08-21,6.349999904632568,6.449999809265137,6.300000190734863,6.400000095367432,5.753937244415283,378600,
2020-08-24,6.449999809265137,6.550000190734863,6.449999809265137,6.550000190734863,5.888794422149658,395700,
2020-08-25,6.599999904632568,6.699999809265137,6.550000190734863,6.650000095367432,5.978699684143066,360900,
2020-08-26,6.650000095367432,6.699999809265137,6.599999904632568,6.599999904632568,5.933747291564941,213800,
2020-08-27,6.599999904632568,6.75,6.599999904632568,6.599999904632568,5.933747291564941,651700,
2020-08-28,6.599999904632568,6.75,6.599999904632568,6.599999904632568,5.933747291564941,363000,
2020-08-31,6.650000095367432,6.800000190734863,6.599999904632568,6.599999904632568,5.933747291564941,738000,
2020-09-01,6.650000095367432,6.75,6.650000095367432,6.650000095367432,5.978699684143066,497100,
2020-09-02,6.699999809265137,6.699999809265137,6.599999904632568,6.650000095367432,5.978699684143066,94800,
2020-09-03,6.699999809265137,6.699999809265137,6.650000095367432,6.699999809265137,6.02365255355835,268700,
2020-09-08,6.650000095367432,6.699999809265137,6.599999904632568,6.599999904632568,5.933747291564941,186300,
2020-09-09,6.650000095367432,6.650000095367432,6.550000190734863,6.650000095367432,5.978699684143066,208500,
2020-09-10,6.699999809265137,6.75,6.650000095367432,6.650000095367432,5.978699684143066,381400,
2020-09-11,6.650000095367432,6.650000095367432,6.449999809265137,6.550000190734863,5.888794422149658,922600,
2020-09-14,6.5,6.599999904632568,6.5,6.5,5.843841552734375,277200,
2020-09-15,6.550000190734863,6.599999904632568,6.5,6.5,5.843841552734375,147700,
2020-09-16,6.550000190734863,6.599999904632568,6.550000190734863,6.599999904632568,5.933747291564941,186800,
2020-09-17,6.599999904632568,6.650000095367432,6.599999904632568,6.650000095367432,5.978699684143066,32100,
2020-09-18,6.599999904632568,6.699999809265137,6.550000190734863,6.599999904632568,5.933747291564941,190600,
2020-09-21,6.599999904632568,6.650000095367432,6.599999904632568,6.599999904632568,5.933747291564941,205400,
2020-09-22,6.599999904632568,6.650000095367432,6.599999904632568,6.650000095367432,5.978699684143066,114100,
2020-09-23,6.650000095367432,6.650000095367432,6.599999904632568,6.650000095367432,5.978699684143066,63100,
2020-09-24,6.650000095367432,6.650000095367432,6.5,6.550000190734863,5.888794422149658,362100,
2020-09-25,6.550000190734863,6.599999904632568,6.449999809265137,6.449999809265137,5.79888916015625,519600,
2020-09-28,6.5,6.550000190734863,6.449999809265137,6.5,5.843841552734375,247300,
2020-09-29,6.550000190734863,6.550000190734863,6.449999809265137,6.550000190734863,5.888794422149658,163800,
2020-09-30,6.599999904632568,7.150000095367432,6.599999904632568,7.0,6.293368339538574,2486800,
2020-10-01,7.050000190734863,7.150000095367432,6.949999809265137,7.099999904632568,6.383272647857666,1012500,
2020-10-02,7.099999904632568,7.099999904632568,6.849999904632568,6.849999904632568,6.158510684967041,667000,
2020-10-05,6.949999809265137,7.050000190734863,6.900000095367432,6.949999809265137,6.248415470123291,752700,
2020-10-06,7.0,7.050000190734863,6.949999809265137,6.949999809265137,6.248415470123291,597500,
2020-10-07,7.099999904632568,7.099999904632568,6.949999809265137,7.050000190734863,6.338321208953857,371100,
2020-10-08,7.050000190734863,7.050000190734863,6.949999809265137,7.0,6.293368339538574,337200,
2020-10-09,7.0,7.400000095367432,6.650000095367432,7.349999904632568,6.608036518096924,6689700,
2020-10-12,7.5,7.550000190734863,7.349999904632568,7.449999809265137,6.69794225692749,2310100,
2020-10-14,7.449999809265137,7.449999809265137,7.099999904632568,7.300000190734863,6.563083648681641,1073200,
2020-10-15,7.25,7.300000190734863,7.150000095367432,7.199999809265137,6.473178863525391,673700,
2020-10-16,7.199999809265137,7.25,6.949999809265137,7.050000190734863,6.338321208953857,904800,
2020-10-19,6.900000095367432,7.0,6.800000190734863,6.800000190734863,6.113557815551758,672100,
2020-10-20,6.800000190734863,6.949999809265137,6.800000190734863,6.849999904632568,6.158510684967041,272200,
2020-10-21,6.949999809265137,7.25,6.949999809265137,7.25,6.518131732940674,798900,
2020-10-22,7.25,7.949999809265137,7.150000095367432,7.75,6.967657566070557,6363700,
2020-10-26,7.75,7.849999904632568,7.550000190734863,7.699999809265137,6.922704696655273,1409300,
2020-10-27,7.650000095367432,7.949999809265137,7.550000190734863,7.949999809265137,7.147467613220215,1149700,
2020-10-28,7.949999809265137,8.5,7.949999809265137,8.350000381469727,7.507089614868164,7992200,
2020-10-29,8.300000190734863,8.5,8.25,8.5,7.641946315765381,3407800,
2020-10-30,8.649999618530273,8.699999809265137,8.300000190734863,8.449999809265137,7.5969953536987305,2086000,
2020-11-02,8.449999809265137,8.5,8.350000381469727,8.350000381469727,7.507089614868164,481200,
2020-11-03,8.350000381469727,8.449999809265137,8.100000381469727,8.100000381469727,7.2823262214660645,681000,
2020-11-04,8.149999618530273,8.199999809265137,7.849999904632568,8.199999809265137,7.3722310066223145,1503000,
2020-11-05,8.25,8.399999618530273,8.199999809265137,8.399999618530273,7.5520405769348145,2018800,
2020-11-06,8.449999809265137,8.449999809265137,8.100000381469727,8.199999809265137,7.3722310066223145,750300,
2020-11-09,8.199999809265137,8.300000190734863,8.149999618530273,8.25,7.417183876037598,504000,
2020-11-10,8.350000381469727,8.399999618530273,8.199999809265137,8.399999618530273,7.5520405769348145,1271100,
2020-11-11,8.399999618530273,8.850000381469727,8.399999618530273,8.649999618530273,7.776804447174072,5101500,
2020-11-12,8.699999809265137,8.899999618530273,8.649999618530273,8.850000381469727,7.956616401672363,3473500,
2020-11-13,8.699999809265137,8.699999809265137,8.5,8.550000190734863,7.686899185180664,3366800,
2020-11-16,8.600000381469727,8.699999809265137,8.5,8.5,7.641946315765381,1414800,
2020-11-17,8.699999809265137,8.800000190734863,8.550000190734863,8.75,7.8667097091674805,1448800,
2020-11-18,8.75,8.800000190734863,8.649999618530273,8.75,7.8667097091674805,547600,
2020-11-19,8.850000381469727,9.100000381469727,8.699999809265137,9.100000381469727,8.181379318237305,3712200,
2020-11-20,9.350000381469727,9.399999618530273,9.149999618530273,9.149999618530273,8.226330757141113,5247700,
2020-11-23,9.300000190734863,9.449999809265137,9.199999809265137,9.300000190734863,8.361188888549805,3170200,
2020-11-24,9.350000381469727,9.399999618530273,9.199999809265137,9.25,8.316237449645996,814600,
2020-11-25,9.300000190734863,9.399999618530273,9.100000381469727,9.399999618530273,8.451093673706055,1557400,
2020-11-26,9.399999618530273,9.899999618530273,9.350000381469727,9.850000381469727,8.855668067932129,3735100,
2020-11-27,9.899999618530273,9.899999618530273,9.699999809265137,9.699999809265137,8.720810890197754,913800,
2020-11-30,9.699999809265137,9.850000381469727,9.600000381469727,9.649999618530273,8.675859451293945,1468300,
2020-12-01,9.649999618530273,9.850000381469727,9.600000381469727,9.699999809265137,8.720810890197754,1799600,
2020-12-02,9.75,9.800000190734863,9.5,9.5,8.540999412536621,861000,
2020-12-03,9.550000190734863,9.600000381469727,9.300000190734863,9.399999618530273,8.451093673706055,1351600,
2020-12-04,9.350000381469727,9.5,9.25,9.300000190734863,8.361188888549805,2168900,
2020-12-08,9.449999809265137,9.600000381469727,9.350000381469727,9.600000381469727,8.630904197692871,523600,
2020-12-09,9.550000190734863,9.600000381469727,9.149999618530273,9.199999809265137,8.271284103393555,2319000,
2020-12-14,9.5,9.5,9.25,9.25,8.316237449645996,792000,
2020-12-15,9.25,9.600000381469727,9.25,9.600000381469727,8.630904197692871,1340600,
2020-12-16,9.699999809265137,9.699999809265137,9.449999809265137,9.449999809265137,8.496047973632812,1611200,
2020-12-17,9.5,9.5,9.399999618530273,9.399999618530273,8.451093673706055,465100,
2020-12-18,9.399999618530273,9.550000190734863,9.350000381469727,9.350000381469727,8.40614128112793,618100,
2020-12-21,9.25,9.699999809265137,8.75,8.75,7.8667097091674805,2491400,
2020-12-22,8.699999809265137,9.199999809265137,8.699999809265137,9.050000190734863,8.13642692565918,841200,
2020-12-23,9.0,9.399999618530273,8.850000381469727,9.399999618530273,8.451093673706055,2258900,
2020-12-24,9.399999618530273,9.600000381469727,9.25,9.25,8.316237449645996,2635500,
2020-12-25,9.300000190734863,9.399999618530273,9.149999618530273,9.199999809265137,8.271284103393555,407900,
2020-12-28,9.25,9.399999618530273,9.050000190734863,9.100000381469727,8.181379318237305,1019200,
2020-12-29,8.949999809265137,9.149999618530273,8.949999809265137,9.149999618530273,8.226330757141113,248300,
2020-12-30,9.149999618530273,9.199999809265137,8.949999809265137,9.0,8.091473579406738,467300,
2021-01-04,8.899999618530273,9.0,8.850000381469727,8.899999618530273,8.001567840576172,541300,
2021-01-05,8.899999618530273,9.300000190734863,8.899999618530273,9.300000190734863,8.361188888549805,1718800,
2021-01-06,9.350000381469727,9.399999618530273,9.100000381469727,9.25,8.316237449645996,589900,
2021-01-07,9.149999618530273,9.199999809265137,8.949999809265137,9.149999618530273,8.226330757141113,1156300,
2021-01-08,9.149999618530273,9.350000381469727,8.949999809265137,9.050000190734863,8.13642692565918,1089500,
2021-01-11,9.25,9.600000381469727,9.149999618530273,9.350000381469727,8.40614128112793,4344000,
2021-01-12,9.350000381469727,9.550000190734863,9.199999809265137,9.449999809265137,8.496047973632812,2928300,
2021-01-13,9.550000190734863,9.550000190734863,9.300000190734863,9.300000190734863,8.361188888549805,558000,
2021-01-14,9.300000190734863,9.350000381469727,9.149999618530273,9.300000190734863,8.361188888549805,676300,
2021-01-15,9.399999618530273,9.399999618530273,9.149999618530273,9.300000190734863,8.361188888549805,517300,
2021-01-18,9.25,9.300000190734863,9.199999809265137,9.25,8.316237449645996,220200,
2021-01-19,9.25,9.300000190734863,9.100000381469727,9.149999618530273,8.226330757141113,501500,
2021-01-20,9.25,9.399999618530273,9.149999618530273,9.300000190734863,8.361188888549805,1503800,
2021-01-21,9.350000381469727,9.399999618530273,9.25,9.350000381469727,8.40614128112793,531700,
2021-01-22,9.399999618530273,9.5,9.149999618530273,9.350000381469727,8.40614128112793,1918400,
2021-01-25,9.449999809265137,9.449999809265137,9.199999809265137,9.25,8.316237449645996,343200,
2021-01-26,9.25,9.25,9.149999618530273,9.199999809265137,8.271284103393555,219300,
2021-01-27,9.199999809265137,9.449999809265137,9.199999809265137,9.399999618530273,8.451093673706055,1797100,
2021-01-28,9.350000381469727,9.350000381469727,9.25,9.25,8.316237449645996,841600,
2021-01-29,9.25,10.100000381469727,9.199999809265137,10.100000381469727,9.080430030822754,12410200,
2021-02-01,10.100000381469727,10.100000381469727,9.899999618530273,9.949999809265137,8.945571899414062,2924500,
2021-02-02,9.949999809265137,10.0,9.449999809265137,9.699999809265137,8.720810890197754,6203000,
2021-02-03,9.699999809265137,10.199999809265137,9.699999809265137,9.949999809265137,8.945571899414062,4597100,
2021-02-04,9.899999618530273,10.399999618530273,9.899999618530273,10.199999809265137,9.170337677001953,5278200,
2021-02-05,10.199999809265137,10.300000190734863,9.850000381469727,9.850000381469727,8.855668067932129,2620100,
2021-02-08,9.949999809265137,10.199999809265137,9.949999809265137,10.0,8.99052619934082,1629300,
2021-02-09,10.199999809265137,10.199999809265137,9.949999809265137,9.949999809265137,8.945571899414062,1666100,
2021-02-10,9.949999809265137,10.100000381469727,9.949999809265137,9.949999809265137,8.945571899414062,563000,
2021-02-11,10.0,10.100000381469727,9.949999809265137,10.0,8.99052619934082,577700,
2021-02-15,10.100000381469727,10.100000381469727,9.75,9.899999618530273,8.90062141418457,955900,
2021-02-16,9.899999618530273,9.899999618530273,9.649999618530273,9.75,8.765763282775879,1338500,
2021-02-17,10.0,10.100000381469727,9.850000381469727,9.899999618530273,8.90062141418457,2636600,
2021-02-18,9.899999618530273,9.899999618530273,9.800000190734863,9.800000190734863,8.81071662902832,405000,
2021-02-19,9.899999618530273,9.899999618530273,9.699999809265137,9.850000381469727,8.855668067932129,904200,
2021-02-22,9.850000381469727,9.899999618530273,9.550000190734863,9.550000190734863,8.585951805114746,1563700,
2021-02-23,9.600000381469727,9.75,9.600000381469727,9.699999809265137,8.720810890197754,630200,
2021-02-24,9.800000190734863,9.850000381469727,9.600000381469727,9.600000381469727,8.630904197692871,936800,
2021-02-25,9.600000381469727,9.75,9.600000381469727,9.600000381469727,8.630904197692871,393500,
2021-03-01,9.5,9.649999618530273,9.399999618530273,9.600000381469727,8.630904197692871,740900,
2021-03-02,9.600000381469727,9.75,9.350000381469727,9.5,8.540999412536621,876200,
2021-03-03,9.5,9.600000381469727,9.449999809265137,9.600000381469727,8.630904197692871,217400,
2021-03-04,9.600000381469727,9.75,9.600000381469727,9.699999809265137,8.720810890197754,342800,
2021-03-05,9.75,9.949999809265137,9.5,9.850000381469727,8.855668067932129,4232300,
2021-03-08,9.949999809265137,10.0,9.800000190734863,9.850000381469727,8.855668067932129,1776900,
2021-03-09,9.850000381469727,9.850000381469727,9.699999809265137,9.800000190734863,8.81071662902832,828800,
2021-03-10,9.800000190734863,10.100000381469727,9.800000190734863,9.850000381469727,8.855668067932129,4100800,
2021-03-11,9.949999809265137,9.949999809265137,9.699999809265137,9.75,8.765763282775879,1002300,
2021-03-12,9.75,9.850000381469727,9.699999809265137,9.699999809265137,8.720810890197754,775400,
2021-03-15,9.699999809265137,9.800000190734863,9.699999809265137,9.800000190734863,8.81071662902832,283600,
2021-03-16,9.850000381469727,9.899999618530273,9.75,9.800000190734863,8.81071662902832,322500,
2021-03-17,9.800000190734863,10.300000190734863,9.800000190734863,10.199999809265137,9.170337677001953,5460800,
2021-03-18,10.399999618530273,10.5,10.0,10.0,8.99052619934082,2591200,
2021-03-19,10.0,10.100000381469727,9.899999618530273,10.0,8.99052619934082,870500,
2021-03-22,10.0,10.100000381469727,9.850000381469727,9.850000381469727,8.855668067932129,1055300,
2021-03-23,9.899999618530273,9.899999618530273,9.75,9.75,8.765763282775879,1169500,
2021-03-24,9.75,9.850000381469727,9.699999809265137,9.75,8.765763282775879,470800,
2021-03-25,9.800000190734863,9.850000381469727,9.649999618530273,9.699999809265137,8.720810890197754,925600,
2021-03-26,9.699999809265137,9.75,9.600000381469727,9.649999618530273,8.675859451293945,1542200,
2021-03-29,9.649999618530273,9.699999809265137,9.600000381469727,9.649999618530273,8.675859451293945,1354300,
2021-03-30,9.649999618530273,9.75,9.600000381469727,9.699999809265137,8.720810890197754,643900,
2021-03-31,9.699999809265137,9.75,9.649999618530273,9.699999809265137,8.720810890197754,290900,
2021-04-01,9.649999618530273,9.75,9.649999618530273,9.649999618530273,8.675859451293945,1118100,
2021-04-02,9.699999809265137,9.800000190734863,9.649999618530273,9.800000190734863,8.81071662902832,780400,
2021-04-05,9.850000381469727,9.899999618530273,9.649999618530273,9.800000190734863,8.81071662902832,498800,
2021-04-07,9.600000381469727,9.649999618530273,9.550000190734863,9.600000381469727,8.630904197692871,806600,
2021-04-08,9.699999809265137,9.850000381469727,9.649999618530273,9.800000190734863,8.81071662902832,1538200,
2021-04-09,9.949999809265137,10.600000381469727,9.699999809265137,10.300000190734863,9.260242462158203,13219200,
2021-04-12,10.600000381469727,10.699999809265137,9.949999809265137,9.949999809265137,8.945571899414062,6089500,
2021-04-16,9.800000190734863,9.949999809265137,9.699999809265137,9.850000381469727,8.855668067932129,1491000,
2021-04-19,9.899999618530273,9.949999809265137,9.800000190734863,9.850000381469727,8.855668067932129,576600,
2021-04-20,9.850000381469727,9.899999618530273,9.800000190734863,9.899999618530273,8.90062141418457,957800,
2021-04-21,9.899999618530273,10.0,9.899999618530273,9.899999618530273,8.90062141418457,1060300,
2021-04-22,9.899999618530273,9.949999809265137,9.800000190734863,9.800000190734863,8.81071662902832,603600,
2021-04-23,9.800000190734863,10.5,9.800000190734863,10.300000190734863,9.260242462158203,7963600,
2021-04-26,10.100000381469727,11.0,10.100000381469727,11.0,9.889578819274902,9535000,
2021-04-27,10.800000190734863,10.800000190734863,10.300000190734863,10.699999809265137,9.61986255645752,3980200,
2021-04-28,10.800000190734863,10.800000190734863,10.399999618530273,10.699999809265137,9.61986255645752,3039100,
2021-04-29,10.600000381469727,10.800000190734863,10.399999618530273,10.5,9.440051078796387,2819200,
2021-04-30,10.399999618530273,10.5,10.300000190734863,10.399999618530273,9.449137687683105,1260900,0.11
2021-05-05,10.399999618530273,10.699999809265137,10.399999618530273,10.399999618530273,9.449137687683105,2413200,
2021-05-06,10.300000190734863,10.5,10.199999809265137,10.300000190734863,9.358280181884766,983900,
2021-05-07,10.300000190734863,10.5,10.300000190734863,10.300000190734863,9.358280181884766,373800,
2021-05-10,10.300000190734863,10.399999618530273,10.100000381469727,10.100000381469727,9.176567077636719,765200,
2021-05-11,10.100000381469727,10.199999809265137,10.0,10.0,9.085709571838379,806100,
2021-05-12,10.0,10.100000381469727,9.949999809265137,10.100000381469727,9.176567077636719,373200,
2021-05-13,9.899999618530273,10.0,9.600000381469727,9.850000381469727,8.949422836303711,1263500,
2021-05-14,9.899999618530273,10.100000381469727,9.800000190734863,10.0,9.085709571838379,1049800,
2021-05-17,10.0,10.0,9.699999809265137,9.75,8.858567237854004,475000,
2021-05-18,9.850000381469727,9.850000381469727,9.5,9.75,8.858567237854004,2229200,
2021-05-19,9.649999618530273,10.199999809265137,9.600000381469727,10.100000381469727,9.176567077636719,1974000,
2021-05-20,10.300000190734863,10.699999809265137,10.100000381469727,10.600000381469727,9.630851745605469,3935600,
2021-05-21,10.600000381469727,10.600000381469727,10.199999809265137,10.300000190734863,9.358280181884766,711800,
2021-05-24,10.300000190734863,10.300000190734863,10.0,10.100000381469727,9.176567077636719,361400,
2021-05-25,10.199999809265137,10.199999809265137,10.0,10.100000381469727,9.176567077636719,722100,
2021-05-27,10.100000381469727,10.199999809265137,10.0,10.100000381469727,9.176567077636719,433800,
2021-05-28,10.100000381469727,10.100000381469727,9.850000381469727,9.899999618530273,8.994853019714355,1243500,
2021-05-31,9.899999618530273,10.0,9.899999618530273,10.0,9.085709571838379,249200,
2021-06-01,10.0,10.0,9.899999618530273,10.0,9.085709571838379,1051900,
2021-06-02,10.0,10.0,9.899999618530273,10.0,9.085709571838379,441800,
2021-06-04,10.0,10.0,9.899999618530273,9.949999809265137,9.04028034210205,214800,
2021-06-07,9.949999809265137,10.0,9.899999618530273,9.949999809265137,9.04028034210205,573600,
2021-06-08,10.0,10.100000381469727,9.949999809265137,9.949999809265137,9.04028034210205,521400,
2021-06-09,10.0,10.199999809265137,9.899999618530273,9.949999809265137,9.04028034210205,1029000,
2021-06-10,10.0,10.199999809265137,9.949999809265137,10.199999809265137,9.267423629760742,4201100,
2021-06-11,10.300000190734863,10.399999618530273,10.199999809265137,10.199999809265137,9.267423629760742,4098100,
2021-06-14,10.199999809265137,10.300000190734863,10.0,10.0,9.085709571838379,759600,
2021-06-15,10.0,10.100000381469727,9.949999809265137,10.0,9.085709571838379,520100,
2021-06-16,10.0,10.0,9.949999809265137,10.0,9.085709571838379,245900,
2021-06-17,10.0,10.0,9.949999809265137,10.0,9.085709571838379,155100,
2021-06-18,10.0,10.399999618530273,9.949999809265137,10.300000190734863,9.358280181884766,3626300,
2021-06-21,10.199999809265137,10.399999618530273,10.100000381469727,10.199999809265137,9.267423629760742,939400,
2021-06-22,10.199999809265137,10.5,10.100000381469727,10.399999618530273,9.449137687683105,2360400,
2021-06-23,10.399999618530273,10.699999809265137,10.199999809265137,10.600000381469727,9.630851745605469,7587100,
2021-06-24,10.5,10.899999618530273,10.300000190734863,10.800000190734863,9.812566757202148,4862700,
2021-06-25,10.800000190734863,10.800000190734863,10.5,10.699999809265137,9.721708297729492,1557200,
2021-06-28,10.699999809265137,11.300000190734863,10.600000381469727,10.600000381469727,9.630851745605469,5665500,
2021-06-29,10.600000381469727,10.800000190734863,10.399999618530273,10.699999809265137,9.721708297729492,1121500,
2021-06-30,10.699999809265137,11.0,10.5,11.0,9.994280815124512,3070200,
2021-07-01,11.100000381469727,11.100000381469727,10.800000190734863,10.899999618530273,9.903421401977539,757800,
2021-07-02,11.0,11.0,10.800000190734863,10.899999618530273,9.903421401977539,1285800,
2021-07-05,10.899999618530273,11.5,10.899999618530273,11.300000190734863,10.266851425170898,5225300,
2021-07-06,11.399999618530273,11.399999618530273,10.899999618530273,10.899999618530273,9.903421401977539,3615600,
2021-07-07,10.800000190734863,11.199999809265137,10.800000190734863,11.100000381469727,10.085139274597168,2275000,
2021-07-08,11.0,11.800000190734863,11.0,11.399999618530273,10.357707977294922,13689900,
2021-07-09,11.600000381469727,11.899999618530273,11.199999809265137,11.600000381469727,10.539424896240234,6950000,
2021-07-12,11.800000190734863,11.899999618530273,10.600000381469727,10.699999809265137,9.721708297729492,7783200,
2021-07-13,10.699999809265137,10.899999618530273,10.699999809265137,10.899999618530273,9.903421401977539,2358900,
2021-07-14,10.899999618530273,11.100000381469727,10.899999618530273,11.0,9.994280815124512,1150600,
2021-07-15,11.0,11.100000381469727,10.800000190734863,10.899999618530273,9.903421401977539,952700,
2021-07-16,10.899999618530273,11.100000381469727,10.800000190734863,11.100000381469727,10.085139274597168,975800,
2021-07-19,11.0,11.199999809265137,10.899999618530273,10.899999618530273,9.903421401977539,535700,
2021-07-20,10.800000190734863,11.0,10.699999809265137,10.699999809265137,9.721708297729492,763100,
2021-07-21,10.699999809265137,10.800000190734863,10.5,10.5,9.539994239807129,1491400,
2021-07-22,10.600000381469727,11.100000381469727,10.600000381469727,11.0,9.994280815124512,1705200,
2021-07-23,10.899999618530273,10.899999618530273,10.699999809265137,10.899999618530273,9.903421401977539,235200,
2021-07-27,11.0,11.0,10.600000381469727,10.699999809265137,9.721708297729492,327900,
2021-07-29,10.699999809265137,11.300000190734863,10.600000381469727,11.300000190734863,10.266851425170898,3186000,
2021-07-30,11.300000190734863,11.300000190734863,10.899999618530273,11.0,9.994280815124512,558600,
2021-08-02,11.0,11.0,10.699999809265137,10.699999809265137,9.721708297729492,988100,
2021-08-03,10.699999809265137,10.800000190734863,10.699999809265137,10.800000190734863,9.812566757202148,465200,
2021-08-04,10.699999809265137,10.699999809265137,10.600000381469727,10.699999809265137,9.721708297729492,829400,
2021-08-05,10.699999809265137,10.699999809265137,10.5,10.5,9.539994239807129,389800,
2021-08-06,10.5,10.600000381469727,10.399999618530273,10.5,9.539994239807129,246900,
2021-08-09,10.399999618530273,10.5,10.399999618530273,10.399999618530273,9.449137687683105,320900,
2021-08-10,10.399999618530273,10.600000381469727,10.300000190734863,10.399999618530273,9.449137687683105,634400,
2021-08-11,10.199999809265137,10.300000190734863,9.850000381469727,10.199999809265137,9.267423629760742,9038900,
2021-08-13,9.949999809265137,10.100000381469727,9.949999809265137,10.0,9.085709571838379,1156300,
2021-08-16,9.949999809265137,10.100000381469727,9.800000190734863,10.0,9.085709571838379,555000,
2021-08-17,10.0,10.0,9.850000381469727,9.949999809265137,9.04028034210205,666900,
2021-08-18,9.949999809265137,10.199999809265137,9.899999618530273,10.100000381469727,9.176567077636719,1289700,
2021-08-19,10.100000381469727,10.199999809265137,9.899999618530273,10.0,9.085709571838379,1100000,
2021-08-20,10.0,10.100000381469727,9.949999809265137,10.0,9.085709571838379,875300,
2021-08-23,9.949999809265137,10.100000381469727,9.850000381469727,10.0,9.085709571838379,2901100,
2021-08-24,10.0,10.100000381469727,9.850000381469727,10.0,9.085709571838379,2348200,
2021-08-25,10.100000381469727,10.199999809265137,10.0,10.199999809265137,9.267423629760742,979800,
2021-08-26,10.300000190734863,11.0,10.199999809265137,10.899999618530273,9.903421401977539,6514600,
2021-08-27,10.5,11.0,10.5,11.0,9.994280815124512,2150100,
2021-08-30,10.899999618530273,11.0,10.699999809265137,11.0,9.994280815124512,1640500,
2021-08-31,11.100000381469727,11.100000381469727,10.600000381469727,11.100000381469727,10.085139274597168,921500,
2021-09-01,11.100000381469727,11.100000381469727,10.699999809265137,10.800000190734863,9.812566757202148,337800,
2021-09-02,10.600000381469727,10.899999618530273,10.600000381469727,10.699999809265137,9.721708297729492,360400,
2021-09-03,10.899999618530273,11.100000381469727,10.699999809265137,10.800000190734863,9.812566757202148,2660100,
2021-09-06,10.800000190734863,10.800000190734863,10.5,10.5,9.539994239807129,581800,
2021-09-07,10.5,10.899999618530273,10.5,10.800000190734863,9.812566757202148,1892300,
2021-09-08,10.899999618530273,10.899999618530273,10.5,10.5,9.539994239807129,365800,
2021-09-09,10.699999809265137,10.800000190734863,10.600000381469727,10.699999809265137,9.721708297729492,401900,
2021-09-10,10.800000190734863,10.800000190734863,10.5,10.600000381469727,9.630851745605469,305900,
2021-09-13,10.699999809265137,10.699999809265137,10.5,10.5,9.539994239807129,125100,
2021-09-14,10.5,10.600000381469727,10.300000190734863,10.300000190734863,9.358280181884766,785600,
2021-09-15,10.300000190734863,10.5,10.300000190734863,10.399999618530273,9.449137687683105,446200,
2021-09-16,10.399999618530273,11.0,10.300000190734863,11.0,9.994280815124512,2057900,
2021-09-17,10.899999618530273,10.899999618530273,10.699999809265137,10.800000190734863,9.812566757202148,114000,
2021-09-20,10.600000381469727,10.800000190734863,10.5,10.5,9.539994239807129,259000,
2021-09-21,10.399999618530273,10.600000381469727,10.399999618530273,10.5,9.539994239807129,181500,
2021-09-22,10.600000381469727,10.600000381469727,10.399999618530273,10.399999618530273,9.449137687683105,1316300,
2021-09-23,10.399999618530273,10.5,10.300000190734863,10.399999618530273,9.449137687683105,204800,
2021-09-27,10.5,10.5,10.300000190734863,10.399999618530273,9.449137687683105,773800,
2021-09-28,10.300000190734863,10.399999618530273,10.300000190734863,10.300000190734863,9.358280181884766,527500,
2021-09-29,10.399999618530273,10.5,10.300000190734863,10.399999618530273,9.449137687683105,346400,
2021-09-30,10.399999618530273,10.699999809265137,10.300000190734863,10.699999809265137,9.721708297729492,1671000,
2021-10-01,10.699999809265137,10.800000190734863,10.300000190734863,10.300000190734863,9.358280181884766,2577500,
2021-10-04,10.399999618530273,10.699999809265137,10.399999618530273,10.5,9.539994239807129,3471800,
2021-10-05,10.699999809265137,10.699999809265137,10.399999618530273,10.5,9.539994239807129,351300,
2021-10-06,10.5,10.600000381469727,10.399999618530273,10.600000381469727,9.630851745605469,1556600,
2021-10-07,10.600000381469727,10.600000381469727,10.5,10.600000381469727,9.630851745605469,35000,
2021-10-08,10.5,10.600000381469727,10.5,10.600000381469727,9.630851745605469,39400,
2021-10-11,10.600000381469727,10.800000190734863,10.600000381469727,10.699999809265137,9.721708297729492,491900,
2021-10-12,10.800000190734863,10.800000190734863,10.699999809265137,10.800000190734863,9.812566757202148,315100,
2021-10-14,10.800000190734863,10.899999618530273,10.699999809265137,10.800000190734863,9.812566757202148,1071200,
2021-10-15,10.800000190734863,11.300000190734863,10.800000190734863,11.300000190734863,10.266851425170898,2517300,
2021-10-18,11.300000190734863,11.300000190734863,11.0,11.0,9.994280815124512,640400,
2021-10-19,11.0,11.100000381469727,10.899999618530273,11.0,9.994280815124512,234500,
2021-10-20,11.0,11.199999809265137,10.899999618530273,11.199999809265137,10.175995826721191,241100,
2021-10-21,11.199999809265137,11.5,11.199999809265137,11.5,10.448568344116211,2024000,
2021-10-25,11.5,11.5,11.100000381469727,11.300000190734863,10.266851425170898,603900,
2021-10-26,11.199999809265137,11.199999809265137,11.100000381469727,11.199999809265137,10.175995826721191,145300,
2021-10-27,11.199999809265137,11.199999809265137,11.100000381469727,11.199999809265137,10.175995826721191,160100,
2021-10-28,11.100000381469727,11.399999618530273,11.100000381469727,11.300000190734863,10.266851425170898,533200,
2021-10-29,11.199999809265137,11.300000190734863,11.100000381469727,11.300000190734863,10.266851425170898,300000,
2021-11-01,11.100000381469727,11.300000190734863,11.0,11.300000190734863,10.266851425170898,731600,
2021-11-02,11.199999809265137,11.300000190734863,11.100000381469727,11.300000190734863,10.266851425170898,291500,
2021-11-03,11.300000190734863,11.300000190734863,10.899999618530273,10.899999618530273,9.903421401977539,377200,
2021-11-04,10.899999618530273,11.100000381469727,10.899999618530273,11.100000381469727,10.085139274597168,192100,
2021-11-05,11.199999809265137,11.199999809265137,11.0,11.0,9.994280815124512,72100,
2021-11-08,11.100000381469727,11.100000381469727,10.800000190734863,11.0,9.994280815124512,667000,
2021-11-09,10.899999618530273,11.100000381469727,10.899999618530273,11.100000381469727,10.085139274597168,94500,
2021-11-10,11.199999809265137,11.199999809265137,10.899999618530273,11.100000381469727,10.085139274597168,38900,
2021-11-11,11.0,11.300000190734863,11.0,11.199999809265137,10.175995826721191,520100,
2021-11-12,11.100000381469727,11.100000381469727,11.0,11.100000381469727,10.085139274597168,203200,
2021-11-15,11.100000381469727,11.199999809265137,10.800000190734863,10.899999618530273,9.903421401977539,438700,
2021-11-16,10.899999618530273,11.0,10.699999809265137,10.899999618530273,9.903421401977539,1721100,
2021-11-17,11.0,11.0,10.800000190734863,10.899999618530273,9.903421401977539,280100,
2021-11-18,10.899999618530273,11.100000381469727,10.800000190734863,11.0,9.994280815124512,134800,
2021-11-19,11.100000381469727,11.100000381469727,10.899999618530273,11.0,9.994280815124512,234200,
2021-11-22,11.100000381469727,11.199999809265137,10.899999618530273,11.199999809265137,10.175995826721191,335900,
2021-11-23,11.100000381469727,11.199999809265137,11.100000381469727,11.199999809265137,10.175995826721191,234500,
2021-11-24,11.300000190734863,11.300000190734863,11.100000381469727,11.199999809265137,10.175995826721191,294900,
2021-11-25,11.199999809265137,11.199999809265137,10.899999618530273,11.0,9.994280815124512,214900,
2021-11-26,10.899999618530273,11.100000381469727,10.699999809265137,10.800000190734863,9.812566757202148,620900,
2021-11-29,11.0,11.0,10.699999809265137,10.899999618530273,9.903421401977539,259400,
2021-11-30,10.899999618530273,10.899999618530273,10.600000381469727,10.699999809265137,9.721708297729492,770400,
2021-12-01,10.600000381469727,11.0,10.600000381469727,10.699999809265137,9.721708297729492,468400,
2021-12-02,10.800000190734863,10.800000190734863,10.699999809265137,10.800000190734863,9.812566757202148,757400,
2021-12-03,10.800000190734863,10.899999618530273,10.699999809265137,10.800000190734863,9.812566757202148,131100,
2021-12-07,10.800000190734863,10.800000190734863,10.600000381469727,10.600000381469727,9.630851745605469,457000,
2021-12-08,10.699999809265137,10.800000190734863,10.699999809265137,10.699999809265137,9.721708297729492,115100,
2021-12-09,10.699999809265137,10.899999618530273,10.699999809265137,10.800000190734863,9.812566757202148,216100,
2021-12-13,10.899999618530273,10.899999618530273,10.600000381469727,10.800000190734863,9.812566757202148,195000,
2021-12-14,10.800000190734863,11.100000381469727,10.699999809265137,11.0,9.994280815124512,338400,
2021-12-15,11.0,11.0,10.800000190734863,10.899999618530273,9.903421401977539,244300,
2021-12-16,10.899999618530273,11.0,10.800000190734863,10.899999618530273,9.903421401977539,212700,
2021-12-17,11.0,11.0,10.800000190734863,10.899999618530273,9.903421401977539,156800,
2021-12-20,11.0,11.0,10.800000190734863,10.899999618530273,9.903421401977539,185900,
2021-12-21,10.800000190734863,11.0,10.800000190734863,10.899999618530273,9.903421401977539,122300,
2021-12-22,10.899999618530273,10.899999618530273,10.899999618530273,10.899999618530273,9.903421401977539,173200,
2021-12-23,10.899999618530273,10.899999618530273,10.600000381469727,10.699999809265137,9.721708297729492,413000,
2021-12-24,10.800000190734863,10.899999618530273,10.699999809265137,10.800000190734863,9.812566757202148,221500,
2021-12-27,10.800000190734863,10.899999618530273,10.800000190734863,10.800000190734863,9.812566757202148,72600,
2021-12-28,10.899999618530273,11.0,10.800000190734863,10.800000190734863,9.812566757202148,711900,
2021-12-29,10.899999618530273,11.100000381469727,10.899999618530273,11.0,9.994280815124512,361800,
2021-12-30,11.100000381469727,11.100000381469727,10.899999618530273,11.0,9.994280815124512,926100,
2022-01-04,10.800000190734863,10.899999618530273,10.800000190734863,10.800000190734863,9.812566757202148,133500,
2022-01-05,10.800000190734863,11.0,10.800000190734863,11.0,9.994280815124512,270200,
2022-01-06,11.0,11.100000381469727,10.899999618530273,10.899999618530273,9.903421401977539,356800,
2022-01-07,11.0,11.0,10.800000190734863,10.800000190734863,9.812566757202148,1637100,
2022-01-10,10.899999618530273,11.199999809265137,10.899999618530273,11.0,9.994280815124512,1277300,
2022-01-11,11.100000381469727,11.600000381469727,11.100000381469727,11.5,10.448568344116211,3292500,
2022-01-12,11.5,11.5,11.0,11.5,10.448568344116211,1246700,
2022-01-13,11.5,11.5,11.199999809265137,11.300000190734863,10.266851425170898,215100,
2022-01-14,11.300000190734863,11.800000190734863,11.300000190734863,11.800000190734863,10.721137046813965,1835500,
2022-01-17,11.800000190734863,11.800000190734863,11.399999618530273,11.600000381469727,10.539424896240234,388100,
2022-01-18,11.600000381469727,11.699999809265137,11.199999809265137,11.199999809265137,10.175995826721191,273600,
2022-01-19,11.199999809265137,11.300000190734863,11.100000381469727,11.100000381469727,10.085139274597168,123600,
2022-01-20,11.100000381469727,11.5,11.100000381469727,11.399999618530273,10.357707977294922,511500,
2022-01-21,11.399999618530273,11.5,11.199999809265137,11.199999809265137,10.175995826721191,197300,
2022-01-24,11.100000381469727,11.600000381469727,11.100000381469727,11.5,10.448568344116211,848100,
2022-01-25,11.800000190734863,11.800000190734863,11.199999809265137,11.5,10.448568344116211,625600,
2022-01-26,11.399999618530273,11.5,11.199999809265137,11.199999809265137,10.175995826721191,407700,
2022-01-27,11.300000190734863,11.300000190734863,10.899999618530273,10.899999618530273,9.903421401977539,1061700,
2022-01-28,10.899999618530273,11.5,10.899999618530273,11.199999809265137,10.175995826721191,693200,
2022-01-31,11.399999618530273,11.5,11.300000190734863,11.399999618530273,10.357707977294922,288000,
2022-02-01,11.399999618530273,11.5,11.399999618530273,11.399999618530273,10.357707977294922,163700,
2022-02-02,11.399999618530273,11.5,11.199999809265137,11.300000190734863,10.266851425170898,269900,
2022-02-03,11.399999618530273,11.800000190734863,11.399999618530273,11.600000381469727,10.539424896240234,1812600,
2022-02-04,11.600000381469727,11.600000381469727,11.399999618530273,11.5,10.448568344116211,212400,
2022-02-07,11.399999618530273,11.699999809265137,11.399999618530273,11.5,10.448568344116211,999900,
2022-02-08,11.5,11.5,11.399999618530273,11.5,10.448568344116211,210200,
2022-02-09,11.399999618530273,11.399999618530273,11.199999809265137,11.199999809265137,10.175995826721191,892200,
2022-02-10,11.199999809265137,11.300000190734863,11.0,11.0,9.994280815124512,2147400,
2022-02-11,11.0,11.199999809265137,10.899999618530273,11.0,9.994280815124512,636600,
2022-02-14,10.899999618530273,11.100000381469727,10.800000190734863,11.0,9.994280815124512,409500,
2022-02-15,10.899999618530273,11.300000190734863,10.899999618530273,11.300000190734863,10.266851425170898,460900,
2022-02-17,11.399999618530273,11.399999618530273,11.100000381469727,11.199999809265137,10.175995826721191,427600,
2022-02-18,11.800000190734863,11.899999618530273,11.5,11.600000381469727,10.539424896240234,5113200,
2022-02-21,11.600000381469727,11.899999618530273,11.399999618530273,11.899999618530273,10.811993598937988,1672100,
2022-02-22,11.800000190734863,11.899999618530273,11.699999809265137,11.699999809265137,10.630279541015625,662800,
2022-02-23,11.699999809265137,11.899999618530273,11.699999809265137,11.800000190734863,10.721137046813965,327600,
2022-02-24,11.800000190734863,11.800000190734863,11.399999618530273,11.600000381469727,10.539424896240234,1072900,
2022-02-25,11.399999618530273,11.800000190734863,11.399999618530273,11.600000381469727,10.539424896240234,1285400,
2022-02-28,11.5,11.899999618530273,11.399999618530273,11.899999618530273,10.811993598937988,1111200,
2022-03-01,11.899999618530273,12.199999809265137,11.800000190734863,12.199999809265137,11.084564208984375,8487400,
2022-03-02,12.100000381469727,12.199999809265137,11.899999618530273,11.899999618530273,10.811993598937988,2218100,
2022-03-03,12.100000381469727,12.199999809265137,12.0,12.199999809265137,11.084564208984375,947300,
2022-03-04,12.199999809265137,12.300000190734863,11.899999618530273,12.199999809265137,11.084564208984375,2032400,
2022-03-07,12.199999809265137,12.199999809265137,11.800000190734863,11.800000190734863,10.721137046813965,1954300,
2022-03-08,11.800000190734863,12.0,11.600000381469727,12.0,10.902851104736328,2838500,
2022-03-09,12.100000381469727,12.100000381469727,11.899999618530273,12.0,10.902851104736328,1917800,
2022-03-10,12.100000381469727,12.100000381469727,11.699999809265137,11.800000190734863,10.721137046813965,792800,
2022-03-11,11.699999809265137,11.899999618530273,11.699999809265137,11.800000190734863,10.721137046813965,906100,
2022-03-14,11.899999618530273,12.0,11.699999809265137,11.699999809265137,10.630279541015625,1208800,
2022-03-15,11.699999809265137,11.899999618530273,11.600000381469727,11.800000190734863,10.721137046813965,1191800,
2022-03-16,11.899999618530273,12.0,11.699999809265137,11.800000190734863,10.721137046813965,1422700,
2022-03-17,11.899999618530273,12.0,11.800000190734863,11.800000190734863,10.721137046813965,373300,
2022-03-18,11.899999618530273,12.5,11.800000190734863,12.5,11.357135772705078,6039900,
2022-03-21,12.600000381469727,12.699999809265137,11.899999618530273,12.0,10.902851104736328,5223400,
2022-03-22,12.0,12.5,11.899999618530273,12.199999809265137,11.084564208984375,1749100,
2022-03-23,12.199999809265137,12.300000190734863,12.100000381469727,12.199999809265137,11.084564208984375,735700,
2022-03-24,12.199999809265137,12.5,12.100000381469727,12.300000190734863,11.175423622131348,2176900,
2022-03-25,12.300000190734863,12.5,11.899999618530273,12.100000381469727,10.993708610534668,1368600,
2022-03-28,12.0,12.300000190734863,12.0,12.300000190734863,11.175423622131348,668100,
2022-03-29,12.300000190734863,12.300000190734863,12.0,12.0,10.902851104736328,914800,
2022-03-30,12.0,12.5,12.0,12.0,10.902851104736328,3174300,
2022-03-31,12.0,12.300000190734863,12.0,12.199999809265137,11.084564208984375,373100,
2022-04-01,12.199999809265137,12.199999809265137,12.100000381469727,12.100000381469727,10.993708610534668,684400,
2022-04-04,12.199999809265137,12.300000190734863,12.100000381469727,12.100000381469727,10.993708610534668,1327000,
2022-04-05,12.100000381469727,12.199999809265137,12.100000381469727,12.100000381469727,10.993708610534668,353700,
2022-04-07,12.100000381469727,12.300000190734863,12.100000381469727,12.300000190734863,11.175423622131348,2259100,
2022-04-08,12.300000190734863,12.600000381469727,12.300000190734863,12.600000381469727,11.44799518585205,3453100,
2022-04-11,12.600000381469727,13.699999809265137,12.100000381469727,12.5,11.357135772705078,19706100,
2022-04-12,12.699999809265137,13.0,12.399999618530273,12.899999618530273,11.720564842224121,3292700,
2022-04-18,13.100000381469727,13.399999618530273,12.899999618530273,13.100000381469727,11.9022798538208,4426100,
2022-04-19,13.199999809265137,13.199999809265137,12.899999618530273,12.899999618530273,11.720564842224121,2026700,
2022-04-20,13.0,13.899999618530273,13.0,13.600000381469727,12.35656452178955,14090500,
2022-04-21,13.5,13.600000381469727,13.399999618530273,13.600000381469727,12.35656452178955,2409200,
2022-04-22,13.600000381469727,13.600000381469727,13.399999618530273,13.399999618530273,12.17485237121582,1275000,
2022-04-25,13.399999618530273,14.300000190734863,13.100000381469727,14.300000190734863,12.992565155029297,8328500,
2022-04-26,14.300000190734863,14.699999809265137,13.5,14.300000190734863,12.992565155029297,9321300,
2022-04-27,14.199999809265137,14.199999809265137,13.699999809265137,13.899999618530273,12.629136085510254,3395800,
2022-04-28,13.899999618530273,14.0,13.600000381469727,13.800000190734863,12.53827953338623,3274400,
2022-04-29,13.800000190734863,14.0,13.699999809265137,14.0,12.719992637634277,714300,
2022-05-03,14.100000381469727,14.100000381469727,13.699999809265137,13.800000190734863,12.53827953338623,2333300,
2022-05-05,13.600000381469727,13.699999809265137,13.0,13.199999809265137,12.116052627563477,2922700,0.14
2022-05-06,12.699999809265137,13.399999618530273,12.699999809265137,13.399999618530273,12.299629211425781,1149800,
2022-05-09,13.199999809265137,13.399999618530273,13.100000381469727,13.300000190734863,12.207840919494629,1789100,
2022-05-10,13.0,13.5,12.800000190734863,13.5,12.39141845703125,2010800,
2022-05-11,13.5,13.5,13.199999809265137,13.5,12.39141845703125,282300,
2022-05-12,13.399999618530273,13.399999618530273,12.399999618530273,12.800000190734863,11.748900413513184,5102200,
2022-05-13,12.899999618530273,13.100000381469727,12.800000190734863,12.899999618530273,11.840688705444336,3041700,
2022-05-17,12.800000190734863,14.100000381469727,12.800000190734863,13.600000381469727,12.483206748962402,9819200,
2022-05-18,13.399999618530273,14.5,13.399999618530273,14.5,13.309300422668457,4661300,
2022-05-19,14.100000381469727,14.699999809265137,14.100000381469727,14.600000381469727,13.401089668273926,4983400,
2022-05-20,14.800000190734863,15.199999809265137,14.300000190734863,14.600000381469727,13.401089668273926,8376200,
2022-05-23,14.600000381469727,15.199999809265137,14.399999618530273,15.199999809265137,13.95181941986084,5468500,
2022-05-24,15.399999618530273,15.600000381469727,15.100000381469727,15.199999809265137,13.95181941986084,6744800,
2022-05-25,15.399999618530273,15.5,15.199999809265137,15.300000190734863,14.043608665466309,2819900,
2022-05-26,15.199999809265137,15.300000190734863,14.399999618530273,14.5,13.309300422668457,4022700,
2022-05-27,14.699999809265137,14.899999618530273,14.5,14.5,13.309300422668457,1575900,
2022-05-30,14.699999809265137,14.899999618530273,14.399999618530273,14.5,13.309300422668457,3163300,
2022-05-31,14.600000381469727,14.699999809265137,14.199999809265137,14.5,13.309300422668457,2773700,
2022-06-01,14.5,14.699999809265137,14.300000190734863,14.300000190734863,13.125723838806152,1568000,
2022-06-02,14.399999618530273,14.600000381469727,14.199999809265137,14.199999809265137,13.033935546875,1349800,
2022-06-06,14.199999809265137,14.300000190734863,13.800000190734863,14.0,12.850359916687012,2655000,
2022-06-07,13.899999618530273,14.399999618530273,13.800000190734863,14.399999618530273,13.217511177062988,2714200,
2022-06-08,14.5,14.5,14.199999809265137,14.199999809265137,13.033935546875,1115800,
2022-06-09,14.300000190734863,14.800000190734863,14.300000190734863,14.600000381469727,13.401089668273926,2243700,
2022-06-10,14.600000381469727,14.600000381469727,14.199999809265137,14.300000190734863,13.125723838806152,1554800,
2022-06-13,14.100000381469727,14.199999809265137,14.0,14.0,12.850359916687012,1211200,
2022-06-14,13.800000190734863,14.199999809265137,13.800000190734863,14.100000381469727,12.942148208618164,1044700,
2022-06-15,14.0,14.300000190734863,14.0,14.199999809265137,13.033935546875,1048900,
2022-06-16,14.199999809265137,14.5,13.899999618530273,14.100000381469727,12.942148208618164,3126400,
2022-06-17,14.100000381469727,14.5,13.899999618530273,14.399999618530273,13.217511177062988,1541500,
2022-06-20,14.399999618530273,14.600000381469727,14.399999618530273,14.5,13.309300422668457,853500,
2022-06-21,14.5,14.600000381469727,14.399999618530273,14.5,13.309300422668457,534100,
2022-06-22,14.5,14.600000381469727,14.300000190734863,14.600000381469727,13.401089668273926,1144400,
2022-06-23,14.600000381469727,14.600000381469727,14.300000190734863,14.300000190734863,13.125723838806152,730200,
2022-06-24,14.300000190734863,14.5,14.300000190734863,14.399999618530273,13.217511177062988,410600,
2022-06-27,14.5,14.899999618530273,14.399999618530273,14.699999809265137,13.492877006530762,1274100,
2022-06-28,14.800000190734863,15.5,14.600000381469727,15.199999809265137,13.95181941986084,4155800,
2022-06-29,15.100000381469727,15.199999809265137,14.600000381469727,14.899999618530273,13.676454544067383,3533900,
2022-06-30,14.800000190734863,15.399999618530273,14.699999809265137,15.399999618530273,14.135394096374512,3620800,
2022-07-01,15.399999618530273,16.0,15.199999809265137,15.899999618530273,14.594337463378906,6209200,
2022-07-04,16.0,16.100000381469727,15.800000190734863,15.899999618530273,14.594337463378906,2228200,
2022-07-05,16.0,16.600000381469727,15.699999809265137,16.100000381469727,14.777914047241211,5862500,
2022-07-06,16.100000381469727,16.299999237060547,15.800000190734863,16.0,14.686124801635742,2183200,
2022-07-07,16.100000381469727,16.299999237060547,15.899999618530273,16.0,14.686124801635742,875300,
2022-07-08,16.0,16.100000381469727,15.699999809265137,15.699999809265137,14.410759925842285,1378200,
2022-07-11,15.699999809265137,15.899999618530273,15.5,15.800000190734863,14.502547264099121,1909500,
2022-07-12,15.699999809265137,16.399999618530273,15.600000381469727,16.200000762939453,14.869701385498047,4319100,
2022-07-14,16.100000381469727,16.5,15.899999618530273,16.0,14.686124801635742,6779200,
2022-07-15,16.0,16.299999237060547,15.699999809265137,16.200000762939453,14.869701385498047,5969900,
2022-07-18,16.299999237060547,16.399999618530273,15.600000381469727,15.699999809265137,14.410759925842285,3702200,
2022-07-19,15.600000381469727,16.0,15.600000381469727,15.699999809265137,14.410759925842285,2657700,
2022-07-20,15.699999809265137,16.200000762939453,15.699999809265137,16.100000381469727,14.777914047241211,2421100,
2022-07-21,16.100000381469727,16.799999237060547,16.0,16.799999237060547,15.420430183410645,7008700,
2022-07-22,16.899999618530273,17.0,16.299999237060547,16.5,15.14506721496582,3939400,
2022-07-25,16.5,16.899999618530273,16.399999618530273,16.5,15.14506721496582,3739800,
2022-07-26,16.600000381469727,16.799999237060547,16.5,16.5,15.14506721496582,2316900,
2022-07-27,16.700000762939453,17.100000381469727,16.399999618530273,17.100000381469727,15.69579792022705,5172700,
2022-08-01,17.299999237060547,17.399999618530273,16.700000762939453,16.700000762939453,15.328644752502441,6101700,
2022-08-02,16.899999618530273,17.600000381469727,16.799999237060547,17.0,15.604005813598633,7931800,
2022-08-03,17.100000381469727,17.200000762939453,16.799999237060547,17.200000762939453,15.787585258483887,2804900,
2022-08-04,17.399999618530273,17.5,17.0,17.100000381469727,15.69579792022705,2430500,
2022-08-05,17.0,17.100000381469727,16.899999618530273,17.100000381469727,15.69579792022705,1132300,
2022-08-08,17.100000381469727,17.100000381469727,16.899999618530273,16.899999618530273,15.51222038269043,957800,
2022-08-09,16.899999618530273,17.0,16.600000381469727,16.600000381469727,15.23685359954834,1467200,
2022-08-10,16.600000381469727,16.700000762939453,16.0,16.600000381469727,15.23685359954834,3171100,
2022-08-11,16.700000762939453,17.0,16.399999618530273,16.600000381469727,15.23685359954834,2595400,
2022-08-15,16.399999618530273,17.0,16.100000381469727,17.0,15.604005813598633,5117200,
2022-08-16,17.0,17.100000381469727,16.700000762939453,16.799999237060547,15.420430183410645,3030900,
2022-08-17,16.799999237060547,17.299999237060547,16.700000762939453,17.100000381469727,15.69579792022705,3998700,
2022-08-18,17.100000381469727,17.200000762939453,16.799999237060547,16.799999237060547,15.420430183410645,2399100,
2022-08-19,16.899999618530273,17.0,16.799999237060547,16.899999618530273,15.51222038269043,2323800,
2022-08-22,16.899999618530273,17.299999237060547,16.899999618530273,17.100000381469727,15.69579792022705,3069200,
2022-08-23,17.200000762939453,17.799999237060547,17.100000381469727,17.799999237060547,16.33831214904785,5993400,
2022-08-24,17.899999618530273,18.0,17.600000381469727,18.0,16.521892547607422,2159300,
2022-08-25,17.899999618530273,18.0,17.700000762939453,18.0,16.521892547607422,1810700,
2022-08-26,18.100000381469727,18.100000381469727,17.600000381469727,17.600000381469727,16.15473747253418,2422900,
2022-08-29,17.399999618530273,17.799999237060547,17.399999618530273,17.5,16.06294822692871,2022200,
2022-08-30,17.5,17.799999237060547,17.5,17.600000381469727,16.15473747253418,1840000,
2022-08-31,17.5,17.799999237060547,17.200000762939453,17.799999237060547,16.33831214904785,3017300,
2022-09-01,17.700000762939453,18.0,17.600000381469727,18.0,16.521892547607422,3293400,
2022-09-02,17.899999618530273,18.399999618530273,17.799999237060547,18.399999618530273,16.88904571533203,2170800,
2022-09-05,18.5,19.0,18.200000762939453,19.0,17.43977165222168,2981400,
2022-09-06,19.100000381469727,19.200000762939453,18.799999237060547,18.899999618530273,17.347986221313477,2351300,
2022-09-07,18.799999237060547,18.899999618530273,18.200000762939453,18.399999618530273,16.88904571533203,4048900,
2022-09-08,18.5,18.5,18.200000762939453,18.299999237060547,16.797256469726562,2491600,
2022-09-09,18.399999618530273,18.5,18.299999237060547,18.299999237060547,16.797256469726562,1463100,
2022-09-12,18.5,18.600000381469727,18.399999618530273,18.600000381469727,17.072620391845703,815700,
2022-09-13,18.5,18.600000381469727,18.200000762939453,18.200000762939453,16.705467224121094,1043500,
2022-09-14,18.0,18.299999237060547,18.0,18.100000381469727,16.613677978515625,1351300,
2022-09-15,18.200000762939453,18.200000762939453,17.5,17.799999237060547,16.33831214904785,4023800,
2022-09-16,17.5,17.700000762939453,17.5,17.5,16.06294822692871,1234200,
2022-09-19,17.5,18.0,17.399999618530273,18.0,16.521892547607422,1450900,
2022-09-20,18.0,18.0,17.5,17.5,16.06294822692871,1532300,
2022-09-21,17.5,17.700000762939453,17.5,17.600000381469727,16.15473747253418,859800,
2022-09-22,17.600000381469727,17.799999237060547,17.5,17.700000762939453,16.24652671813965,685600,
2022-09-23,17.700000762939453,18.200000762939453,17.600000381469727,18.100000381469727,16.613677978515625,3246600,
2022-09-26,18.0,18.0,17.799999237060547,18.0,16.521892547607422,1520800,
2022-09-27,17.899999618530273,18.0,17.5,17.5,16.06294822692871,1919500,
2022-09-28,17.5,17.899999618530273,17.5,17.899999618530273,16.43010139465332,1066100,
2022-09-29,17.799999237060547,17.899999618530273,17.200000762939453,17.200000762939453,15.787585258483887,1750800,
2022-09-30,16.700000762939453,17.700000762939453,16.600000381469727,17.700000762939453,16.24652671813965,3615100,
2022-10-03,17.600000381469727,17.600000381469727,16.799999237060547,16.799999237060547,15.420430183410645,3448000,
2022-10-04,16.799999237060547,17.700000762939453,16.700000762939453,17.5,16.06294822692871,2937000,
2022-10-05,17.600000381469727,17.799999237060547,17.399999618530273,17.799999237060547,16.33831214904785,2214400,
2022-10-06,17.700000762939453,18.0,17.700000762939453,17.799999237060547,16.33831214904785,756800,
2022-10-07,17.799999237060547,17.799999237060547,17.399999618530273,17.399999618530273,15.971159934997559,500200,
2022-10-10,17.200000762939453,17.299999237060547,16.899999618530273,16.899999618530273,15.51222038269043,1436800,
2022-10-11,16.799999237060547,17.0,16.700000762939453,16.799999237060547,15.420430183410645,1977700,
2022-10-12,16.799999237060547,17.600000381469727,16.799999237060547,17.399999618530273,15.971159934997559,2957700,
2022-10-17,17.399999618530273,17.600000381469727,17.0,17.299999237060547,15.879371643066406,3755300,
2022-10-18,17.299999237060547,17.399999618530273,17.0,17.299999237060547,15.879371643066406,3555100,
2022-10-19,17.399999618530273,17.799999237060547,17.299999237060547,17.600000381469727,16.15473747253418,3553500,
2022-10-20,17.700000762939453,18.0,17.5,17.899999618530273,16.43010139465332,1333500,
2022-10-21,17.899999618530273,18.0,17.799999237060547,17.799999237060547,16.33831214904785,523700,
2022-10-25,17.899999618530273,18.100000381469727,17.700000762939453,17.899999618530273,16.43010139465332,1443000,
2022-10-26,18.0,18.100000381469727,17.799999237060547,17.899999618530273,16.43010139465332,1513900,
2022-10-27,18.0,18.0,17.799999237060547,17.799999237060547,16.33831214904785,736500,
2022-10-28,17.899999618530273,17.899999618530273,17.0,17.700000762939453,16.24652671813965,2695600,
2022-10-31,17.899999618530273,18.600000381469727,17.799999237060547,18.0,16.521892547607422,6138300,
2022-11-01,18.100000381469727,18.200000762939453,17.899999618530273,18.0,16.521892547607422,1246500,
2022-11-02,18.100000381469727,18.200000762939453,18.0,18.0,16.521892547607422,900400,
2022-11-03,18.0,18.200000762939453,18.0,18.200000762939453,16.705467224121094,1430800,
2022-11-04,18.299999237060547,18.399999618530273,18.100000381469727,18.299999237060547,16.797256469726562,1702700,
2022-11-07,18.299999237060547,18.299999237060547,17.799999237060547,18.0,16.521892547607422,1678600,
2022-11-08,17.899999618530273,17.899999618530273,17.5,17.600000381469727,16.15473747253418,2319400,
2022-11-09,17.5,17.600000381469727,17.299999237060547,17.5,16.06294822692871,1269000,
2022-11-10,17.399999618530273,17.899999618530273,17.399999618530273,17.799999237060547,16.33831214904785,1121500,
2022-11-11,18.0,18.0,17.399999618530273,17.600000381469727,16.15473747253418,3696700,
2022-11-14,17.700000762939453,18.0,17.600000381469727,17.899999618530273,16.43010139465332,1470000,
2022-11-15,17.899999618530273,18.0,17.5,17.700000762939453,16.24652671813965,1702200,
2022-11-16,17.700000762939453,18.0,17.600000381469727,17.799999237060547,16.33831214904785,1052700,
2022-11-17,17.799999237060547,17.799999237060547,17.5,17.600000381469727,16.15473747253418,1782400,
2022-11-18,17.5,17.700000762939453,17.5,17.600000381469727,16.15473747253418,385400,
2022-11-21,17.5,17.899999618530273,17.5,17.700000762939453,16.24652671813965,651200,
2022-11-22,17.799999237060547,17.799999237060547,17.399999618530273,17.5,16.06294822692871,732600,
2022-11-23,17.5,17.600000381469727,17.100000381469727,17.200000762939453,15.787585258483887,1469800,
2022-11-24,17.100000381469727,17.399999618530273,17.0,17.100000381469727,15.69579792022705,1981300,
2022-11-25,17.100000381469727,17.100000381469727,16.5,16.600000381469727,15.23685359954834,6107800,
2022-11-28,16.5,17.5,16.5,17.5,16.06294822692871,4081000,
2022-11-29,17.600000381469727,17.799999237060547,17.100000381469727,17.5,16.06294822692871,4757400,
2022-11-30,17.600000381469727,17.600000381469727,17.299999237060547,17.5,16.06294822692871,864800,
2022-12-01,17.5,18.200000762939453,17.299999237060547,18.0,16.521892547607422,5219700,
2022-12-02,17.899999618530273,18.0,17.5,17.600000381469727,16.15473747253418,866000,
2022-12-06,17.600000381469727,17.600000381469727,17.200000762939453,17.299999237060547,15.879371643066406,1544300,
2022-12-07,17.299999237060547,17.399999618530273,17.100000381469727,17.100000381469727,15.69579792022705,1526000,
2022-12-08,17.0,17.100000381469727,16.899999618530273,16.899999618530273,15.51222038269043,533300,
2022-12-09,16.899999618530273,17.399999618530273,16.799999237060547,17.299999237060547,15.879371643066406,1911800,
2022-12-13,17.200000762939453,17.299999237060547,16.799999237060547,16.799999237060547,15.420430183410645,1252100,
2022-12-14,16.799999237060547,17.100000381469727,16.700000762939453,17.0,15.604005813598633,817500,
2022-12-15,16.899999618530273,17.100000381469727,16.600000381469727,16.799999237060547,15.420430183410645,2135800,
2022-12-16,16.899999618530273,16.899999618530273,16.700000762939453,16.799999237060547,15.420430183410645,575900,
2022-12-19,16.799999237060547,17.100000381469727,16.700000762939453,16.899999618530273,15.51222038269043,562800,
2022-12-20,16.899999618530273,17.0,16.700000762939453,17.0,15.604005813598633,628200,
2022-12-21,17.0,17.0,16.299999237060547,16.299999237060547,14.9614896774292,2993300,
2022-12-22,16.299999237060547,16.5,16.200000762939453,16.299999237060547,14.9614896774292,670200,
2022-12-23,16.299999237060547,16.399999618530273,16.100000381469727,16.200000762939453,14.869701385498047,962900,
2022-12-26,16.200000762939453,16.399999618530273,16.100000381469727,16.299999237060547,14.9614896774292,261400,
2022-12-27,16.5,17.299999237060547,16.399999618530273,17.299999237060547,15.879371643066406,3511500,
2022-12-28,17.0,17.100000381469727,16.700000762939453,16.899999618530273,15.51222038269043,2646200,
2022-12-29,16.799999237060547,17.299999237060547,16.700000762939453,17.299999237060547,15.879371643066406,1922600,
2022-12-30,17.200000762939453,17.299999237060547,16.899999618530273,16.899999618530273,15.51222038269043,1016800,
2023-01-03,16.899999618530273,17.200000762939453,16.899999618530273,17.200000762939453,15.787585258483887,770600,
2023-01-04,17.200000762939453,18.0,17.200000762939453,18.0,16.521892547607422,4894100,
2023-01-05,17.899999618530273,18.700000762939453,17.700000762939453,18.700000762939453,17.164409637451172,8795700,
2023-01-06,18.700000762939453,19.100000381469727,18.399999618530273,19.100000381469727,17.531564712524414,4078800,
2023-01-09,19.100000381469727,20.0,19.0,20.0,18.357656478881836,5061600,
2023-01-10,20.200000762939453,20.200000762939453,19.200000762939453,19.600000381469727,17.990503311157227,3571600,
2023-01-11,19.600000381469727,19.899999618530273,19.5,19.799999237060547,18.17407989501953,2325100,
2023-01-12,19.899999618530273,19.899999618530273,19.399999618530273,19.700000762939453,18.082290649414062,1992600,
2023-01-13,19.600000381469727,20.100000381469727,19.600000381469727,20.0,18.357656478881836,3420500,
2023-01-16,19.899999618530273,20.0,19.5,19.600000381469727,17.990503311157227,2318800,
2023-01-17,19.600000381469727,19.700000762939453,19.399999618530273,19.399999618530273,17.806926727294922,714500,
2023-01-18,19.299999237060547,19.5,18.700000762939453,18.799999237060547,17.256196975708008,2816400,
2023-01-19,18.700000762939453,18.799999237060547,18.399999618530273,18.399999618530273,16.88904571533203,1992400,
2023-01-20,18.5,19.200000762939453,18.399999618530273,19.200000762939453,17.62335205078125,3081100,
2023-01-23,19.299999237060547,19.299999237060547,18.799999237060547,18.899999618530273,17.347986221313477,1230300,
2023-01-24,19.0,19.600000381469727,19.0,19.5,17.898719787597656,2548100,
2023-01-25,19.299999237060547,19.5,19.100000381469727,19.200000762939453,17.62335205078125,2469700,
2023-01-26,19.200000762939453,19.600000381469727,19.100000381469727,19.5,17.898719787597656,2105400,
2023-01-27,19.5,19.700000762939453,19.399999618530273,19.5,17.898719787597656,765100,
2023-01-30,19.399999618530273,19.899999618530273,19.399999618530273,19.899999618530273,18.265869140625,1432400,
2023-01-31,19.899999618530273,20.700000762939453,19.799999237060547,20.0,18.357656478881836,7814100,
2023-02-01,19.899999618530273,20.5,19.799999237060547,20.299999237060547,18.633020401000977,2685600,
2023-02-02,20.299999237060547,20.399999618530273,19.899999618530273,20.100000381469727,18.449443817138672,1580500,
2023-02-03,19.899999618530273,20.100000381469727,19.799999237060547,20.0,18.357656478881836,1697800,
2023-02-06,20.299999237060547,20.299999237060547,19.799999237060547,19.899999618530273,18.265869140625,1569200,
2023-02-07,19.799999237060547,20.100000381469727,19.700000762939453,20.0,18.357656478881836,1248200,
2023-02-08,20.0,20.5,19.899999618530273,20.5,18.81659698486328,2778600,
2023-02-09,20.5,20.5,20.100000381469727,20.5,18.81659698486328,1434100,
2023-02-10,20.399999618530273,20.600000381469727,20.100000381469727,20.100000381469727,18.449443817138672,797400,
2023-02-13,20.100000381469727,20.299999237060547,20.0,20.100000381469727,18.449443817138672,785500,
2023-02-14,20.100000381469727,20.399999618530273,20.0,20.399999618530273,18.724809646606445,1019800,
2023-02-15,20.299999237060547,20.399999618530273,20.0,20.0,18.357656478881836,826500,
2023-02-16,20.0,20.200000762939453,20.0,20.100000381469727,18.449443817138672,895800,
2023-02-17,20.100000381469727,20.299999237060547,19.899999618530273,20.200000762939453,18.54123306274414,1221800,
2023-02-20,20.200000762939453,20.200000762939453,20.0,20.100000381469727,18.449443817138672,542100,
2023-02-21,20.0,21.299999237060547,19.899999618530273,21.100000381469727,19.367328643798828,4368900,
2023-02-22,21.0,21.100000381469727,20.700000762939453,21.0,19.275537490844727,3138700,
2023-02-23,21.100000381469727,21.299999237060547,20.799999237060547,21.299999237060547,19.5509033203125,1986000,
2023-02-24,21.100000381469727,21.200000762939453,20.600000381469727,21.0,19.275537490844727,1757800,
2023-02-27,21.100000381469727,21.100000381469727,20.700000762939453,21.0,19.275537490844727,746900,
2023-02-28,21.0,21.0,20.5,20.899999618530273,19.18375015258789,1600900,
2023-03-01,20.700000762939453,20.700000762939453,20.0,20.100000381469727,18.449443817138672,3837200,
2023-03-02,20.0,20.100000381469727,19.100000381469727,19.100000381469727,17.531564712524414,3101900,
2023-03-03,19.100000381469727,20.0,19.100000381469727,19.5,17.898719787597656,4448800,
2023-03-07,19.5,20.5,19.399999618530273,20.399999618530273,18.724809646606445,2370200,
2023-03-08,20.0,20.600000381469727,19.899999618530273,20.200000762939453,18.54123306274414,1765300,
2023-03-09,20.5,20.700000762939453,20.299999237060547,20.5,18.81659698486328,1480300,
2023-03-10,20.299999237060547,20.5,20.100000381469727,20.100000381469727,18.449443817138672,807400,
2023-03-13,20.0,20.200000762939453,19.799999237060547,19.799999237060547,18.17407989501953,924200,
2023-03-14,19.899999618530273,20.100000381469727,19.5,19.5,17.898719787597656,2535500,
2023-03-15,19.799999237060547,20.100000381469727,19.700000762939453,20.0,18.357656478881836,605800,
2023-03-16,19.899999618530273,20.0,19.5,19.799999237060547,18.17407989501953,1044100,
2023-03-17,20.0,20.299999237060547,19.899999618530273,20.0,18.357656478881836,588300,
2023-03-20,19.899999618530273,20.0,19.299999237060547,19.399999618530273,17.806926727294922,2206900,
2023-03-21,19.399999618530273,20.399999618530273,19.399999618530273,19.799999237060547,18.17407989501953,3536700,
2023-03-22,19.899999618530273,20.0,19.799999237060547,19.899999618530273,18.265869140625,370500,
2023-03-23,20.0,20.200000762939453,19.799999237060547,20.100000381469727,18.449443817138672,1916400,
2023-03-24,20.200000762939453,20.299999237060547,19.899999618530273,20.299999237060547,18.633020401000977,1774300,
2023-03-27,20.299999237060547,20.299999237060547,19.799999237060547,19.899999618530273,18.265869140625,1423200,
2023-03-28,20.0,20.799999237060547,20.0,20.799999237060547,19.091960906982422,5346700,
2023-03-29,20.799999237060547,20.899999618530273,20.700000762939453,20.700000762939453,19.00017547607422,793600,
2023-03-30,20.700000762939453,20.899999618530273,20.5,20.799999237060547,19.091960906982422,2848800,
2023-03-31,20.899999618530273,20.899999618530273,20.600000381469727,20.799999237060547,19.091960906982422,483200,
2023-04-03,20.799999237060547,20.899999618530273,20.600000381469727,20.600000381469727,18.90838623046875,630100,
2023-04-04,20.600000381469727,20.700000762939453,20.399999618530273,20.5,18.81659698486328,578200,
2023-04-05,20.700000762939453,21.200000762939453,20.600000381469727,20.899999618530273,19.18375015258789,3971000,
2023-04-07,20.799999237060547,20.899999618530273,20.600000381469727,20.899999618530273,19.18375015258789,888500,
2023-04-10,20.700000762939453,20.700000762939453,18.899999618530273,18.899999618530273,17.347986221313477,13380400,
2023-04-11,18.700000762939453,18.899999618530273,18.200000762939453,18.399999618530273,16.88904571533203,5774600,
2023-04-12,18.5,18.799999237060547,18.200000762939453,18.799999237060547,17.256196975708008,4212700,
2023-04-17,18.700000762939453,19.100000381469727,18.5,19.100000381469727,17.531564712524414,5004800,
2023-04-18,19.100000381469727,19.100000381469727,18.700000762939453,18.899999618530273,17.347986221313477,4766400,
2023-04-19,19.0,19.700000762939453,18.899999618530273,19.5,17.898719787597656,7014000,
2023-04-20,19.5,19.5,19.100000381469727,19.399999618530273,17.806926727294922,2877100,
2023-04-21,19.399999618530273,19.5,19.0,19.100000381469727,17.531564712524414,1519900,
2023-04-24,19.200000762939453,19.200000762939453,18.799999237060547,19.0,17.43977165222168,1426500,
2023-04-25,19.0,19.200000762939453,19.0,19.0,17.43977165222168,1547700,
2023-04-26,19.0,19.399999618530273,19.0,19.299999237060547,17.715137481689453,1468900,
2023-04-27,19.299999237060547,19.5,19.200000762939453,19.299999237060547,17.715137481689453,1831500,
2023-04-28,19.299999237060547,19.600000381469727,19.299999237060547,19.5,17.898719787597656,2079200,
2023-05-02,19.299999237060547,19.399999618530273,18.5,18.700000762939453,17.423526763916016,3313600,0.29
2023-05-03,18.799999237060547,19.200000762939453,18.700000762939453,19.100000381469727,17.796226501464844,1843400,
2023-05-08,19.200000762939453,19.299999237060547,18.799999237060547,19.200000762939453,17.889400482177734,2755800,
2023-05-09,19.299999237060547,19.899999618530273,19.100000381469727,19.899999618530273,18.541614532470703,2824600,
2023-05-10,19.899999618530273,20.200000762939453,19.700000762939453,20.200000762939453,18.82114028930664,2038500,
2023-05-11,20.200000762939453,20.200000762939453,19.700000762939453,20.100000381469727,18.72796058654785,2327200,
2023-05-12,19.899999618530273,20.100000381469727,19.700000762939453,20.0,18.634788513183594,1213100,
2023-05-15,19.600000381469727,19.700000762939453,19.100000381469727,19.100000381469727,17.796226501464844,2168100,
2023-05-16,19.0,19.0,16.899999618530273,17.200000762939453,16.02591896057129,9101200,
2023-05-17,17.200000762939453,17.899999618530273,17.200000762939453,17.700000762939453,16.49178695678711,3505200,
2023-05-18,18.0,18.0,17.5,17.5,16.305438995361328,4271000,
2023-05-19,17.399999618530273,17.399999618530273,16.600000381469727,16.5,15.373701095581055,4346500,
2023-05-22,16.5,17.5,16.5,17.200000762939453,16.02591896057129,4653700,
2023-05-23,17.200000762939453,17.899999618530273,17.200000762939453,17.799999237060547,16.5849609375,3398200,
2023-05-24,17.700000762939453,18.0,17.600000381469727,17.899999618530273,16.678133010864258,3810000,
2023-05-25,18.0,18.299999237060547,17.799999237060547,18.200000762939453,16.957658767700195,2098200,
2023-05-26,18.100000381469727,18.100000381469727,17.700000762939453,17.700000762939453,16.49178695678711,1792400,
2023-05-29,17.899999618530273,18.0,17.600000381469727,17.799999237060547,16.5849609375,1304300,
2023-05-30,17.899999618530273,18.100000381469727,17.700000762939453,18.0,16.77130889892578,2015900,
2023-05-31,18.0,18.100000381469727,17.700000762939453,17.899999618530273,16.678133010864258,2175200,
2023-06-01,17.799999237060547,18.0,17.700000762939453,17.700000762939453,16.49178695678711,625200,
2023-06-02,17.799999237060547,17.899999618530273,17.700000762939453,17.899999618530273,16.678133010864258,574700,
2023-06-06,18.0,18.0,17.700000762939453,17.700000762939453,16.49178695678711,296500,
2023-06-07,17.700000762939453,17.799999237060547,17.299999237060547,17.399999618530273,16.21226692199707,951200,
2023-06-08,17.399999618530273,17.799999237060547,17.399999618530273,17.700000762939453,16.49178695678711,529400,
2023-06-09,17.799999237060547,17.799999237060547,17.5,17.600000381469727,16.39861488342285,705400,
2023-06-12,17.700000762939453,18.200000762939453,17.600000381469727,18.0,16.77130889892578,2422600,
2023-06-13,17.899999618530273,19.200000762939453,17.899999618530273,18.899999618530273,17.609874725341797,7387500,
2023-06-14,18.799999237060547,19.0,18.600000381469727,18.600000381469727,17.330352783203125,2602600,
2023-06-15,18.600000381469727,18.700000762939453,18.399999618530273,18.5,17.237180709838867,545000,
2023-06-16,18.600000381469727,18.799999237060547,18.399999618530273,19.0,17.70305061340332,1205100,
2023-06-19,19.0,19.0,18.600000381469727,18.799999237060547,17.516700744628906,364100,
2023-06-20,18.700000762939453,18.899999618530273,18.5,18.600000381469727,17.330352783203125,486600,
2023-06-21,18.5,18.600000381469727,18.0,18.100000381469727,16.864484786987305,911700,
2023-06-22,18.100000381469727,18.5,18.0,18.299999237060547,17.050830841064453,558800,
2023-06-23,18.399999618530273,18.399999618530273,18.100000381469727,18.200000762939453,16.957658767700195,252500,
2023-06-26,18.100000381469727,18.100000381469727,17.399999618530273,17.5,16.305438995361328,1190600,
2023-06-27,17.600000381469727,17.700000762939453,17.299999237060547,17.399999618530273,16.21226692199707,332300,
2023-06-28,17.5,17.600000381469727,17.100000381469727,17.299999237060547,16.119091033935547,550500,
2023-06-29,17.100000381469727,17.700000762939453,17.100000381469727,17.5,16.305438995361328,333600,
2023-06-30,17.799999237060547,18.200000762939453,17.600000381469727,17.700000762939453,16.49178695678711,1593700,
2023-07-03,17.700000762939453,17.899999618530273,17.600000381469727,17.700000762939453,16.49178695678711,286600,
2023-07-04,17.700000762939453,18.0,17.700000762939453,17.899999618530273,16.678133010864258,348300,
2023-07-05,17.899999618530273,18.100000381469727,17.700000762939453,18.0,16.77130889892578,558700,
2023-07-06,17.899999618530273,18.0,17.600000381469727,18.0,16.77130889892578,705600,
2023-07-07,17.799999237060547,17.899999618530273,17.600000381469727,17.700000762939453,16.49178695678711,390000,
2023-07-10,17.700000762939453,17.799999237060547,17.600000381469727,17.799999237060547,16.5849609375,247200,
2023-07-11,17.799999237060547,17.799999237060547,17.5,17.700000762939453,16.49178695678711,629800,
2023-07-12,17.600000381469727,17.799999237060547,17.5,17.5,16.305438995361328,817100,
2023-07-13,17.5,17.700000762939453,17.399999618530273,17.700000762939453,16.49178695678711,491300,
2023-07-14,17.799999237060547,18.0,17.600000381469727,17.799999237060547,16.5849609375,536500,
2023-07-17,17.899999618530273,18.600000381469727,17.899999618530273,18.5,17.237180709838867,5074800,
2023-07-18,18.399999618530273,18.5,17.899999618530273,18.100000381469727,16.864484786987305,3341600,
2023-07-19,18.200000762939453,18.600000381469727,18.0,18.399999618530273,17.144004821777344,2390700,
2023-07-20,18.399999618530273,18.5,18.100000381469727,18.299999237060547,17.050830841064453,1517900,
2023-07-21,18.399999618530273,18.5,18.200000762939453,18.399999618530273,17.144004821777344,675000,
2023-07-24,18.399999618530273,18.399999618530273,17.899999618530273,18.0,16.77130889892578,1240400,
2023-07-25,18.0,18.100000381469727,17.700000762939453,17.799999237060547,16.5849609375,1432600,
2023-07-26,17.799999237060547,18.299999237060547,17.799999237060547,18.100000381469727,16.864484786987305,1057500,
2023-07-27,18.100000381469727,18.5,18.0,18.399999618530273,17.144004821777344,1603300,
2023-07-31,18.399999618530273,18.399999618530273,18.200000762939453,18.299999237060547,17.050830841064453,251900,
2023-08-02,18.100000381469727,18.700000762939453,18.100000381469727,18.299999237060547,17.050830841064453,1333600,
2023-08-03,18.399999618530273,18.399999618530273,18.0,18.200000762939453,16.957658767700195,835500,
2023-08-04,18.100000381469727,18.399999618530273,18.100000381469727,18.299999237060547,17.050830841064453,511300,
2023-08-07,18.200000762939453,18.299999237060547,18.0,18.200000762939453,16.957658767700195,953600,
2023-08-08,18.299999237060547,18.299999237060547,17.5,17.5,16.305438995361328,2673500,
2023-08-09,17.700000762939453,17.899999618530273,17.600000381469727,17.799999237060547,16.5849609375,1232800,
2023-08-10,17.799999237060547,18.200000762939453,17.799999237060547,18.100000381469727,16.864484786987305,1982500,
2023-08-11,18.100000381469727,18.100000381469727,17.600000381469727,17.799999237060547,16.5849609375,1704100,
2023-08-15,17.799999237060547,18.100000381469727,17.799999237060547,18.100000381469727,16.864484786987305,1957400,
2023-08-16,17.899999618530273,18.0,17.700000762939453,17.700000762939453,16.49178695678711,1143100,
2023-08-17,17.600000381469727,17.600000381469727,16.899999618530273,16.899999618530273,15.746397972106934,5227800,
2023-08-18,17.0,17.0,16.5,16.600000381469727,15.466876029968262,4023500,
2023-08-21,16.899999618530273,16.899999618530273,16.600000381469727,16.600000381469727,15.466876029968262,1950200,
2023-08-22,16.899999618530273,17.200000762939453,16.700000762939453,17.100000381469727,15.932745933532715,4269900,
2023-08-23,17.299999237060547,17.299999237060547,17.0,17.200000762939453,16.02591896057129,2482000,
2023-08-24,17.200000762939453,17.200000762939453,17.0,17.100000381469727,15.932745933532715,1869100,
2023-08-25,17.0,17.100000381469727,16.899999618530273,17.100000381469727,15.932745933532715,807900,
2023-08-28,17.200000762939453,18.0,17.100000381469727,18.0,16.77130889892578,4506100,
2023-08-29,17.899999618530273,18.0,17.700000762939453,17.899999618530273,16.678133010864258,2027300,
2023-08-30,17.899999618530273,18.0,17.700000762939453,18.0,16.77130889892578,1538500,
2023-08-31,18.0,18.0,17.700000762939453,17.600000381469727,16.39861488342285,1166100,
2023-09-01,17.600000381469727,17.799999237060547,17.399999618530273,17.399999618530273,16.21226692199707,868200,
2023-09-04,17.5,17.600000381469727,17.399999618530273,17.600000381469727,16.39861488342285,690300,
2023-09-05,17.600000381469727,17.700000762939453,17.5,17.700000762939453,16.49178695678711,577500,
2023-09-06,17.600000381469727,17.899999618530273,17.600000381469727,17.799999237060547,16.5849609375,868900,
2023-09-07,17.799999237060547,17.799999237060547,17.5,17.600000381469727,16.39861488342285,406800,
2023-09-08,17.600000381469727,17.799999237060547,17.5,17.5,16.305438995361328,539100,
2023-09-11,17.600000381469727,17.700000762939453,17.5,17.600000381469727,16.39861488342285,551600,
2023-09-12,17.600000381469727,17.600000381469727,17.399999618530273,17.5,16.305438995361328,616700,
2023-09-13,17.5,18.100000381469727,17.5,17.899999618530273,16.678133010864258,5165500,
2023-09-14,17.899999618530273,18.0,17.700000762939453,18.0,16.77130889892578,1669100,
2023-09-15,18.100000381469727,18.100000381469727,17.799999237060547,17.700000762939453,16.49178695678711,1609600,
2023-09-18,17.700000762939453,17.799999237060547,17.299999237060547,17.399999618530273,16.21226692199707,1359500,
2023-09-19,17.299999237060547,17.299999237060547,17.0,17.100000381469727,15.932745933532715,2495900,
2023-09-20,17.100000381469727,17.200000762939453,17.0,17.100000381469727,15.932745933532715,551200,
2023-09-21,17.100000381469727,17.5,17.100000381469727,17.299999237060547,16.119091033935547,709900,
2023-09-22,17.200000762939453,17.399999618530273,17.100000381469727,17.299999237060547,16.119091033935547,408600,
2023-09-25,17.5,17.5,17.100000381469727,17.200000762939453,16.02591896057129,264900,
2023-09-26,17.100000381469727,17.399999618530273,16.899999618530273,17.100000381469727,15.932745933532715,1051000,
2023-09-27,17.0,17.299999237060547,16.899999618530273,17.200000762939453,16.02591896057129,654400,
2023-09-28,17.200000762939453,17.5,17.100000381469727,17.399999618530273,16.21226692199707,907500,
2023-09-29,17.399999618530273,17.5,17.200000762939453,17.200000762939453,16.02591896057129,368800,
2023-10-02,17.299999237060547,17.399999618530273,17.0,17.299999237060547,16.119091033935547,532600,
2023-10-03,17.100000381469727,17.399999618530273,16.899999618530273,17.200000762939453,16.02591896057129,990100,
2023-10-04,17.100000381469727,17.700000762939453,17.0,17.399999618530273,16.21226692199707,2309900,
2023-10-05,17.399999618530273,17.399999618530273,17.100000381469727,17.100000381469727,15.932745933532715,662900,
2023-10-06,17.100000381469727,17.100000381469727,16.899999618530273,16.899999618530273,15.746397972106934,2482800,
2023-10-09,16.899999618530273,17.100000381469727,16.799999237060547,17.0,15.839570045471191,901600,
2023-10-10,17.100000381469727,17.100000381469727,16.799999237060547,16.799999237060547,15.653223037719727,532500,
2023-10-11,16.899999618530273,17.0,16.799999237060547,16.899999618530273,15.746397972106934,613200,
2023-10-12,17.0,17.0,16.700000762939453,16.799999237060547,15.653223037719727,603300,
2023-10-16,16.799999237060547,16.799999237060547,16.600000381469727,16.600000381469727,15.466876029968262,366700,
2023-10-17,16.700000762939453,16.899999618530273,16.600000381469727,16.899999618530273,15.746397972106934,260600,
2023-10-18,17.0,17.0,16.600000381469727,16.600000381469727,15.466876029968262,299000,
2023-10-19,16.5,16.5,15.600000381469727,15.699999809265137,14.628308296203613,2947200,
2023-10-20,15.800000190734863,15.899999618530273,15.600000381469727,15.800000190734863,14.72148323059082,467000,
2023-10-24,15.800000190734863,16.0,15.699999809265137,16.0,14.907831192016602,355900,
2023-10-25,16.0,16.299999237060547,16.0,16.0,14.907831192016602,213300,
2023-10-26,16.0,16.100000381469727,15.899999618530273,15.899999618530273,14.814657211303711,764700,
2023-10-27,15.899999618530273,16.100000381469727,15.899999618530273,16.0,14.907831192016602,142400,
2023-10-30,15.800000190734863,16.100000381469727,15.800000190734863,16.0,14.907831192016602,89100,
2023-10-31,16.0,16.100000381469727,15.899999618530273,16.100000381469727,15.001005172729492,102500,
2023-11-01,16.100000381469727,16.100000381469727,15.800000190734863,15.800000190734863,14.72148323059082,1122400,
2023-11-02,15.899999618530273,16.0,15.699999809265137,15.800000190734863,14.72148323059082,484500,
2023-11-03,15.899999618530273,16.200000762939453,15.600000381469727,15.699999809265137,14.628308296203613,1142200,
2023-11-06,15.800000190734863,15.800000190734863,14.899999618530273,15.100000381469727,14.069267272949219,2142300,
2023-11-07,15.199999809265137,15.5,15.199999809265137,15.199999809265137,14.162439346313477,533700,
2023-11-08,15.199999809265137,15.399999618530273,14.800000190734863,15.0,13.976091384887695,1330600,
2023-11-09,15.0,15.0,14.5,14.600000381469727,13.603395462036133,1083100,
2023-11-10,14.600000381469727,14.699999809265137,13.800000190734863,13.899999618530273,12.951177597045898,2836100,
2023-11-13,14.0,14.199999809265137,13.800000190734863,13.899999618530273,12.951177597045898,948600,
2023-11-14,14.0,14.100000381469727,13.100000381469727,13.399999618530273,12.485308647155762,2665700,
2023-11-15,13.600000381469727,14.600000381469727,13.600000381469727,14.0,13.044353485107422,4403400,
2023-11-16,14.100000381469727,14.5,14.100000381469727,14.399999618530273,13.417046546936035,1290700,
2023-11-17,14.399999618530273,15.399999618530273,14.399999618530273,15.199999809265137,14.162439346313477,3360400,
2023-11-20,15.5,15.800000190734863,15.5,15.5,14.441961288452148,2211600,
2023-11-21,15.699999809265137,15.800000190734863,15.5,15.699999809265137,14.628308296203613,1741700,
2023-11-22,15.699999809265137,15.699999809265137,15.5,15.600000381469727,14.535135269165039,1331100,
2023-11-23,15.699999809265137,15.699999809265137,15.5,15.5,14.441961288452148,837600,
2023-11-24,15.600000381469727,16.0,15.600000381469727,15.899999618530273,14.814657211303711,2293800,
2023-11-27,15.699999809265137,16.100000381469727,15.600000381469727,15.600000381469727,14.535135269165039,2963100,
2023-11-28,15.699999809265137,15.699999809265137,15.5,15.5,14.441961288452148,1185100,
2023-11-29,15.399999618530273,15.5,15.100000381469727,15.199999809265137,14.162439346313477,1042100,
2023-11-30,15.300000190734863,15.300000190734863,15.0,15.199999809265137,14.162439346313477,954300,
2023-12-01,15.199999809265137,15.5,15.100000381469727,15.5,14.441961288452148,479200,
2023-12-04,15.399999618530273,15.399999618530273,15.100000381469727,15.100000381469727,14.069267272949219,250900,
2023-12-06,15.199999809265137,15.300000190734863,15.100000381469727,15.100000381469727,14.069267272949219,187600,
2023-12-07,15.199999809265137,15.199999809265137,15.0,15.100000381469727,14.069267272949219,223800,
2023-12-08,15.100000381469727,15.100000381469727,14.899999618530273,15.0,13.976091384887695,670000,
2023-12-12,15.0,15.0,14.5,14.600000381469727,13.603395462036133,1148600,
2023-12-13,14.800000190734863,14.899999618530273,14.699999809265137,14.699999809265137,13.69657039642334,415300,
2023-12-14,15.100000381469727,15.100000381469727,14.800000190734863,14.899999618530273,13.882918357849121,757800,
2023-12-15,15.0,15.199999809265137,14.899999618530273,14.899999618530273,13.882918357849121,1050100,
2023-12-18,14.899999618530273,15.100000381469727,14.899999618530273,15.0,13.976091384887695,184200,
2023-12-19,15.0,15.100000381469727,14.899999618530273,14.899999618530273,13.882918357849121,317300,
2023-12-20,15.0,15.0,14.899999618530273,15.0,13.976091384887695,469300,
2023-12-21,15.100000381469727,15.699999809265137,15.0,15.699999809265137,14.628308296203613,1214000,
2023-12-22,15.800000190734863,15.800000190734863,15.199999809265137,15.300000190734863,14.255613327026367,874800,
2023-12-25,15.300000190734863,15.699999809265137,15.300000190734863,15.600000381469727,14.535135269165039,584100,
2023-12-26,15.600000381469727,15.699999809265137,15.199999809265137,15.300000190734863,14.255613327026367,1051800,
2023-12-27,15.5,16.0,15.399999618530273,15.899999618530273,14.814657211303711,1390300,
2023-12-28,15.800000190734863,16.0,15.699999809265137,16.0,14.907831192016602,824400,
2024-01-03,16.0,16.100000381469727,15.800000190734863,15.899999618530273,14.814657211303711,693600,
2024-01-04,15.899999618530273,16.0,15.800000190734863,15.899999618530273,14.814657211303711,281700,
2024-01-05,15.899999618530273,16.399999618530273,15.800000190734863,16.299999237060547,15.18735122680664,1925500,
2024-01-08,16.299999237060547,16.299999237060547,16.0,16.0,14.907831192016602,1115800,
2024-01-09,16.100000381469727,16.399999618530273,16.100000381469727,16.399999618530273,15.280525207519531,517700,
2024-01-10,16.299999237060547,16.799999237060547,16.299999237060547,16.799999237060547,15.653223037719727,1679700,
2024-01-11,16.799999237060547,17.0,16.600000381469727,17.0,15.839570045471191,1464500,
2024-01-12,17.0,17.399999618530273,17.0,17.0,15.839570045471191,4116400,
2024-01-15,17.0,17.100000381469727,16.799999237060547,16.899999618530273,15.746397972106934,715600,
2024-01-16,16.799999237060547,17.100000381469727,16.799999237060547,17.0,15.839570045471191,1014100,
2024-01-17,17.100000381469727,17.200000762939453,16.899999618530273,17.100000381469727,15.932745933532715,2012300,
2024-01-18,17.100000381469727,17.5,17.100000381469727,17.200000762939453,16.02591896057129,1583100,
2024-01-19,17.200000762939453,17.299999237060547,17.0,17.299999237060547,16.119091033935547,882000,
2024-01-22,17.399999618530273,17.700000762939453,17.299999237060547,17.700000762939453,16.49178695678711,3843400,
2024-01-23,17.700000762939453,17.700000762939453,17.200000762939453,17.299999237060547,16.119091033935547,1793000,
2024-01-24,17.5,17.700000762939453,17.200000762939453,17.299999237060547,16.119091033935547,2802500,
2024-01-25,17.299999237060547,17.5,17.200000762939453,17.5,16.305438995361328,939100,
2024-01-26,17.5,17.600000381469727,17.299999237060547,17.5,16.305438995361328,1539200,
2024-01-29,17.600000381469727,17.600000381469727,17.399999618530273,17.399999618530273,16.21226692199707,567600,
2024-01-30,17.5,17.899999618530273,17.399999618530273,17.799999237060547,16.5849609375,2477700,
2024-01-31,17.799999237060547,18.399999618530273,17.700000762939453,17.700000762939453,16.49178695678711,10922000,
2024-02-01,17.600000381469727,17.700000762939453,17.299999237060547,17.5,16.305438995361328,1961100,
2024-02-02,17.700000762939453,17.700000762939453,17.399999618530273,17.5,16.305438995361328,570600,
2024-02-05,17.5,17.799999237060547,17.5,17.799999237060547,16.5849609375,800800,
2024-02-06,17.799999237060547,18.200000762939453,17.700000762939453,18.200000762939453,16.957658767700195,1834600,
2024-02-07,18.200000762939453,18.299999237060547,18.100000381469727,18.200000762939453,16.957658767700195,1216800,
2024-02-08,18.299999237060547,18.299999237060547,18.100000381469727,18.200000762939453,16.957658767700195,890200,
2024-02-09,18.100000381469727,18.299999237060547,18.100000381469727,18.100000381469727,16.864484786987305,1252400,
2024-02-12,18.100000381469727,18.100000381469727,17.700000762939453,17.799999237060547,16.5849609375,851900,
2024-02-13,17.799999237060547,17.799999237060547,17.600000381469727,17.799999237060547,16.5849609375,886800,
2024-02-14,17.899999618530273,18.399999618530273,17.899999618530273,18.200000762939453,16.957658767700195,4045900,
2024-02-15,18.0,18.299999237060547,17.799999237060547,17.899999618530273,16.678133010864258,405200,
2024-02-16,18.0,18.0,17.700000762939453,17.799999237060547,16.5849609375,771600,
2024-02-19,18.0,18.0,17.799999237060547,17.799999237060547,16.5849609375,449600,
2024-02-20,18.299999237060547,18.600000381469727,17.899999618530273,18.0,16.77130889892578,3480200,
2024-02-21,18.700000762939453,19.0,18.200000762939453,18.600000381469727,17.330352783203125,8998500,
2024-02-22,18.600000381469727,18.899999618530273,18.600000381469727,18.799999237060547,17.516700744628906,3478100,
2024-02-23,18.899999618530273,18.899999618530273,18.700000762939453,18.700000762939453,17.423526763916016,679700,
2024-02-27,18.899999618530273,18.899999618530273,18.5,18.700000762939453,17.423526763916016,1713500,
2024-02-28,18.700000762939453,18.799999237060547,18.200000762939453,18.799999237060547,17.516700744628906,2429000,
2024-02-29,18.799999237060547,19.200000762939453,18.700000762939453,19.0,17.70305061340332,3663200,
2024-03-01,18.899999618530273,19.100000381469727,18.899999618530273,19.0,17.70305061340332,881200,
2024-03-04,19.0,19.0,18.799999237060547,18.899999618530273,17.609874725341797,348100,
2024-03-05,18.799999237060547,19.200000762939453,18.700000762939453,19.0,17.70305061340332,1034300,
2024-03-06,19.0,19.399999618530273,19.0,19.0,17.70305061340332,1593200,
2024-03-07,19.100000381469727,19.100000381469727,18.700000762939453,18.799999237060547,17.516700744628906,2118300,
2024-03-08,18.899999618530273,19.200000762939453,18.899999618530273,19.0,17.70305061340332,834400,
2024-03-11,19.0,19.200000762939453,18.899999618530273,19.100000381469727,17.796226501464844,1929500,
2024-03-12,19.100000381469727,19.100000381469727,19.100000381469727,19.100000381469727,17.796226501464844,0,
2024-03-13,19.200000762939453,19.399999618530273,19.0,19.200000762939453,17.889400482177734,957100,
2024-03-14,19.299999237060547,19.399999618530273,19.100000381469727,19.299999237060547,17.98257064819336,1261200,
2024-03-15,19.299999237060547,19.299999237060547,19.299999237060547,19.299999237060547,17.98257064819336,0,
2024-03-18,19.200000762939453,19.600000381469727,19.200000762939453,19.5,18.168920516967773,2411700,
2024-03-19,19.5,19.5,19.299999237060547,19.5,18.168920516967773,911500,
2024-03-20,19.399999618530273,19.5,19.200000762939453,19.200000762939453,17.889400482177734,1965900,
2024-03-21,19.200000762939453,19.200000762939453,18.899999618530273,19.100000381469727,17.796226501464844,2444900,
2024-03-22,19.100000381469727,19.100000381469727,19.100000381469727,19.100000381469727,17.796226501464844,0,
2024-03-25,18.899999618530273,19.100000381469727,18.600000381469727,18.799999237060547,17.516700744628906,3542100,
2024-03-26,18.799999237060547,18.899999618530273,18.600000381469727,18.700000762939453,17.423526763916016,4023900,
2024-03-27,18.899999618530273,19.200000762939453,18.799999237060547,19.0,17.70305061340332,2535100,
2024-03-28,19.0,19.0,19.0,19.0,17.70305061340332,0,
2024-03-29,19.0,19.299999237060547,18.899999618530273,19.100000381469727,17.796226501464844,1243800,
2024-04-01,18.899999618530273,19.200000762939453,18.799999237060547,19.100000381469727,17.796226501464844,1226100,
2024-04-02,18.899999618530273,19.299999237060547,18.899999618530273,19.100000381469727,17.796226501464844,1089400,
2024-04-03,19.100000381469727,19.100000381469727,18.799999237060547,19.0,17.70305061340332,1632100,
2024-04-04,19.0,19.299999237060547,18.899999618530273,19.200000762939453,17.889400482177734,1154800,
2024-04-05,19.299999237060547,19.799999237060547,19.299999237060547,19.600000381469727,18.26209259033203,2994200,
2024-04-09,19.399999618530273,19.700000762939453,19.299999237060547,19.399999618530273,18.075742721557617,1093900,
2024-04-10,19.5,19.600000381469727,19.299999237060547,19.299999237060547,17.98257064819336,1154500,
2024-04-11,19.299999237060547,19.600000381469727,19.299999237060547,19.299999237060547,17.98257064819336,835000,
2024-04-17,19.5,19.600000381469727,19.0,19.200000762939453,17.889400482177734,1381600,
2024-04-18,19.200000762939453,19.399999618530273,19.100000381469727,19.200000762939453,17.889400482177734,756200,
2024-04-19,19.100000381469727,19.299999237060547,18.899999618530273,19.200000762939453,17.889400482177734,1867600,
2024-04-22,19.200000762939453,19.799999237060547,19.200000762939453,19.5,18.168920516967773,2536300,
2024-04-23,19.399999618530273,19.899999618530273,19.399999618530273,19.5,18.168920516967773,783900,
2024-04-24,19.5,19.700000762939453,19.200000762939453,19.5,18.168920516967773,1960100,
2024-04-25,19.399999618530273,19.899999618530273,19.200000762939453,19.5,18.168920516967773,2861200,
2024-04-26,19.5,19.700000762939453,19.200000762939453,19.200000762939453,17.889400482177734,2494700,
2024-04-29,19.299999237060547,19.5,19.200000762939453,19.5,18.168920516967773,1509700,
2024-04-30,19.399999618530273,19.600000381469727,19.299999237060547,19.399999618530273,18.075742721557617,2441700,
2024-05-02,19.200000762939453,19.5,19.200000762939453,19.399999618530273,18.359657287597656,1390500,0.3
2024-05-03,19.399999618530273,19.399999618530273,19.100000381469727,19.299999237060547,18.2650203704834,4238900,
2024-05-07,19.299999237060547,19.299999237060547,19.299999237060547,19.299999237060547,18.2650203704834,0,
2024-05-08,19.0,19.100000381469727,18.899999618530273,19.0,17.981109619140625,2475900,
2024-05-09,19.0,19.0,18.299999237060547,18.799999237060547,17.791831970214844,5494300,
2024-05-10,18.899999618530273,19.0,18.799999237060547,18.899999618530273,17.886470794677734,623900,
2024-05-13,18.799999237060547,18.899999618530273,18.600000381469727,18.799999237060547,17.791831970214844,1842100,
2024-05-14,19.200000762939453,19.299999237060547,18.5,18.899999618530273,17.886470794677734,5621200,
2024-05-15,18.799999237060547,18.799999237060547,18.399999618530273,18.399999618530273,17.413284301757812,2094300,
2024-05-16,18.399999618530273,18.399999618530273,18.399999618530273,18.399999618530273,17.413284301757812,0,
2024-05-17,18.700000762939453,18.899999618530273,18.600000381469727,18.600000381469727,17.602556228637695,1772800,
2024-05-20,18.700000762939453,18.899999618530273,18.200000762939453,18.299999237060547,17.318645477294922,3444800,
2024-05-21,18.299999237060547,19.0,18.299999237060547,18.799999237060547,17.791831970214844,3724500,
2024-05-23,18.799999237060547,19.299999237060547,18.700000762939453,19.200000762939453,18.170385360717773,1888600,
2024-05-24,19.200000762939453,19.299999237060547,19.100000381469727,19.200000762939453,18.170385360717773,1301700,
2024-05-27,19.299999237060547,19.299999237060547,18.5,19.0,17.981109619140625,4279500,
2024-05-28,19.0,19.200000762939453,19.0,19.100000381469727,18.075746536254883,2421700,
2024-05-29,19.100000381469727,19.200000762939453,18.700000762939453,18.899999618530273,17.886470794677734,3034600,
2024-05-30,18.899999618530273,18.899999618530273,18.899999618530273,18.899999618530273,17.886470794677734,0,
2024-05-31,19.0,19.399999618530273,18.899999618530273,19.200000762939453,18.170385360717773,3465600,
2024-06-04,19.399999618530273,19.5,19.200000762939453,19.5,18.45429801940918,1843200,
2024-06-05,19.5,19.5,19.0,19.0,17.981109619140625,1434500,
2024-06-06,19.100000381469727,19.200000762939453,18.899999618530273,18.899999618530273,17.886470794677734,959000,
2024-06-07,18.899999618530273,18.899999618530273,18.700000762939453,18.899999618530273,17.886470794677734,1722400,
2024-06-10,18.799999237060547,18.899999618530273,18.5,18.600000381469727,17.602556228637695,1102700,
2024-06-11,18.600000381469727,18.799999237060547,18.600000381469727,18.700000762939453,17.697195053100586,2560100,
2024-06-12,18.700000762939453,18.700000762939453,18.399999618530273,18.5,17.50792121887207,1536500,
2024-06-13,18.5,18.5,18.100000381469727,18.200000762939453,17.224010467529297,2425400,
2024-06-14,18.100000381469727,18.200000762939453,17.5,17.700000762939453,16.750822067260742,3821700,
2024-06-17,17.799999237060547,17.799999237060547,17.5,17.600000381469727,16.656185150146484,2515300,
2024-06-18,17.799999237060547,17.899999618530273,17.5,17.700000762939453,16.750822067260742,1758300,
2024-06-19,17.700000762939453,17.799999237060547,17.0,17.200000762939453,16.27763557434082,4116600,
2024-06-20,17.200000762939453,17.5,17.0,17.0,16.088359832763672,1623200,
2024-06-21,17.0,17.5,17.0,17.299999237060547,16.372270584106445,2031200,
2024-06-24,17.299999237060547,17.299999237060547,17.299999237060547,17.299999237060547,16.372270584106445,0,
2024-06-25,17.799999237060547,17.799999237060547,17.600000381469727,17.600000381469727,16.656185150146484,997300,
2024-06-26,17.600000381469727,17.600000381469727,17.600000381469727,17.600000381469727,16.656185150146484,0,
2024-06-27,17.600000381469727,17.799999237060547,17.5,17.600000381469727,16.656185150146484,6126400,
2024-06-28,17.600000381469727,17.899999618530273,17.5,17.5,16.561546325683594,2383300,
2024-07-01,17.5,17.799999237060547,17.5,17.5,16.561546325683594,1816900,
2024-07-02,17.5,17.600000381469727,17.200000762939453,17.399999618530273,16.46691131591797,3779400,
2024-07-03,17.299999237060547,17.600000381469727,17.200000762939453,17.399999618530273,16.46691131591797,2227600,
2024-07-04,17.399999618530273,17.899999618530273,17.299999237060547,17.799999237060547,16.845458984375,821300,
2024-07-05,17.700000762939453,17.799999237060547,17.5,17.700000762939453,16.750822067260742,861000,
2024-07-08,17.799999237060547,18.200000762939453,17.700000762939453,17.799999237060547,16.845458984375,1703600,
2024-07-09,17.700000762939453,18.100000381469727,17.700000762939453,17.700000762939453,16.750822067260742,1519100,
2024-07-10,17.700000762939453,17.899999618530273,17.700000762939453,17.700000762939453,16.750822067260742,716400,
2024-07-11,17.700000762939453,17.799999237060547,17.600000381469727,17.700000762939453,16.750822067260742,1765500,
2024-07-12,17.700000762939453,17.700000762939453,17.700000762939453,17.700000762939453,16.750822067260742,0,
2024-07-15,17.700000762939453,17.700000762939453,17.700000762939453,17.700000762939453,16.750822067260742,0,
2024-07-16,18.100000381469727,18.5,17.899999618530273,18.299999237060547,17.318645477294922,1679200,
2024-07-17,18.399999618530273,18.5,18.100000381469727,18.299999237060547,17.318645477294922,1276300,
2024-07-18,18.299999237060547,18.700000762939453,18.100000381469727,18.600000381469727,17.602556228637695,3419400,
2024-07-19,18.600000381469727,18.799999237060547,18.5,18.600000381469727,17.602556228637695,1913100,
2024-07-23,18.600000381469727,18.600000381469727,18.0,18.100000381469727,17.129371643066406,1586400,
2024-07-24,18.100000381469727,18.399999618530273,18.0,18.0,17.034732818603516,1211600,
2024-07-25,17.899999618530273,18.200000762939453,17.700000762939453,17.799999237060547,16.845458984375,878200,
2024-07-26,17.799999237060547,18.299999237060547,17.700000762939453,18.100000381469727,17.129371643066406,1558200,
2024-07-30,18.100000381469727,18.100000381469727,18.100000381469727,18.100000381469727,17.129371643066406,0,
2024-07-31,17.799999237060547,18.200000762939453,17.700000762939453,17.899999618530273,16.940095901489258,5457200,
2024-08-01,17.899999618530273,18.0,17.299999237060547,17.399999618530273,16.46691131591797,5149900,
2024-08-02,17.399999618530273,17.399999618530273,17.399999618530273,17.399999618530273,16.46691131591797,0,
2024-08-05,17.5,17.5,16.899999618530273,16.899999618530273,15.99372386932373,1650500,
2024-08-06,17.0,17.200000762939453,16.899999618530273,17.0,16.088359832763672,2583700,
2024-08-07,17.200000762939453,17.600000381469727,17.100000381469727,17.299999237060547,16.372270584106445,992800,
2024-08-08,17.700000762939453,17.700000762939453,17.5,17.700000762939453,16.750822067260742,1038800,
2024-08-09,17.799999237060547,17.799999237060547,17.399999618530273,17.399999618530273,16.46691131591797,3269600,
2024-08-13,17.399999618530273,17.399999618530273,16.899999618530273,17.0,16.088359832763672,2684800,
2024-08-14,16.899999618530273,17.5,16.899999618530273,17.299999237060547,16.372270584106445,2285100,
2024-08-15,17.399999618530273,18.0,17.200000762939453,18.0,17.034732818603516,3322500,
2024-08-16,18.299999237060547,18.5,18.100000381469727,18.100000381469727,17.129371643066406,3236100,
2024-08-19,18.200000762939453,18.799999237060547,18.0,18.799999237060547,17.791831970214844,4040500,
2024-08-20,18.899999618530273,18.899999618530273,18.299999237060547,18.5,17.50792121887207,1020400,
2024-08-21,18.600000381469727,18.700000762939453,18.399999618530273,18.700000762939453,17.697195053100586,2270200,
2024-08-22,18.899999618530273,18.899999618530273,18.600000381469727,18.700000762939453,17.697195053100586,1582000,
2024-08-23,18.799999237060547,19.0,18.700000762939453,18.799999237060547,17.791831970214844,1382500,
2024-08-26,19.0,19.0,18.600000381469727,18.799999237060547,17.791831970214844,513700,
2024-08-27,18.799999237060547,18.799999237060547,18.299999237060547,18.600000381469727,17.602556228637695,2144800,
2024-08-28,18.700000762939453,19.299999237060547,18.399999618530273,19.200000762939453,18.170385360717773,5102600,
2024-08-29,19.100000381469727,19.299999237060547,18.899999618530273,18.899999618530273,17.886470794677734,1009900,
2024-08-30,19.100000381469727,19.100000381469727,18.700000762939453,18.799999237060547,17.791831970214844,735900,
2024-09-02,19.0,19.200000762939453,18.899999618530273,18.899999618530273,17.886470794677734,1297600,
2024-09-03,19.0,19.5,18.899999618530273,19.299999237060547,18.2650203704834,4753300,
2024-09-04,19.200000762939453,19.399999618530273,18.899999618530273,19.0,17.981109619140625,2382000,
2024-09-05,19.100000381469727,20.0,19.100000381469727,19.799999237060547,18.73820686340332,10066000,
2024-09-06,20.0,20.600000381469727,19.799999237060547,20.5,19.40066909790039,7614300,
2024-09-09,20.5,20.5,20.5,20.5,19.40066909790039,0,
2024-09-10,20.399999618530273,20.799999237060547,20.299999237060547,20.799999237060547,19.684579849243164,4835600,
2024-09-11,20.700000762939453,20.899999618530273,20.299999237060547,20.299999237060547,19.211393356323242,5815000,
2024-09-12,20.399999618530273,20.799999237060547,20.399999618530273,20.799999237060547,19.684579849243164,2372100,
2024-09-13,20.799999237060547,20.799999237060547,20.399999618530273,20.5,19.40066909790039,1879100,
2024-09-16,20.700000762939453,20.799999237060547,20.600000381469727,20.600000381469727,19.49530601501465,3129200,
2024-09-17,20.799999237060547,20.799999237060547,20.5,20.600000381469727,19.49530601501465,940500,
2024-09-18,20.700000762939453,21.299999237060547,20.700000762939453,21.100000381469727,19.968496322631836,4634500,
2024-09-19,21.200000762939453,21.399999618530273,21.200000762939453,21.399999618530273,20.252405166625977,2583500,
2024-09-20,21.600000381469727,21.799999237060547,21.100000381469727,21.5,20.347042083740234,3874300,
2024-09-23,21.600000381469727,21.899999618530273,21.399999618530273,21.700000762939453,20.536319732666016,3763700,
2024-09-24,21.700000762939453,21.799999237060547,21.299999237060547,21.600000381469727,20.441682815551758,3099100,
2024-09-25,21.600000381469727,22.899999618530273,21.600000381469727,22.299999237060547,21.104141235351562,7019600,
2024-09-26,22.299999237060547,22.700000762939453,22.299999237060547,22.5,21.293418884277344,2434500,
2024-09-27,22.600000381469727,22.899999618530273,22.399999618530273,22.600000381469727,21.388057708740234,2864800,
2024-09-30,22.600000381469727,22.799999237060547,22.299999237060547,22.399999618530273,21.198780059814453,2488300,
2024-10-01,22.399999618530273,22.700000762939453,22.0,22.0,20.820228576660156,3022700,
2024-10-02,22.200000762939453,22.399999618530273,22.0,22.200000762939453,21.009504318237305,3909900,
2024-10-03,22.299999237060547,22.399999618530273,22.0,22.100000381469727,20.91486930847168,2308600,
2024-10-04,22.0,22.200000762939453,21.600000381469727,21.899999618530273,20.72559356689453,3099900,
2024-10-07,22.0,22.399999618530273,21.899999618530273,22.100000381469727,20.91486930847168,1708500,
2024-10-08,22.100000381469727,22.299999237060547,21.799999237060547,22.299999237060547,21.104141235351562,1819900,
2024-10-09,21.899999618530273,22.5,21.799999237060547,22.5,21.293418884277344,2929900,
2024-10-10,22.5,22.5,21.899999618530273,22.0,20.820228576660156,3594700,
2024-10-11,22.100000381469727,22.200000762939453,21.799999237060547,22.0,20.820228576660156,3110300,
2024-10-15,22.0,22.200000762939453,21.799999237060547,21.899999618530273,20.72559356689453,2237300,
2024-10-16,21.899999618530273,21.899999618530273,21.899999618530273,21.899999618530273,20.72559356689453,0,
2024-10-17,21.899999618530273,22.200000762939453,21.799999237060547,22.200000762939453,21.009504318237305,2172700,
2024-10-18,22.200000762939453,22.200000762939453,21.899999618530273,22.0,20.820228576660156,1656100,
2024-10-21,22.0,22.200000762939453,21.700000762939453,22.0,20.820228576660156,1499800,
2024-10-22,22.200000762939453,22.899999618530273,22.100000381469727,22.700000762939453,21.48269271850586,5753500,
2024-10-24,22.799999237060547,23.600000381469727,22.600000381469727,23.0,21.7666072845459,6154800,
2024-10-25,23.200000762939453,24.700000762939453,23.200000762939453,24.5,23.186166763305664,7679200,
2024-10-28,24.5,24.700000762939453,24.200000762939453,24.600000381469727,23.280803680419922,1825700,
2024-10-29,24.600000381469727,24.600000381469727,23.799999237060547,24.200000762939453,22.902254104614258,4183500,
2024-10-30,24.299999237060547,25.5,24.299999237060547,24.700000762939453,23.37544059753418,5786300,
2024-10-31,24.600000381469727,25.25,24.5,24.5,23.186166763305664,4469900,
2024-11-01,24.600000381469727,24.799999237060547,24.0,24.200000762939453,22.902254104614258,2145200,
2024-11-04,24.100000381469727,24.600000381469727,23.899999618530273,24.0,22.71297836303711,1376100,
2024-11-05,24.0,24.200000762939453,23.399999618530273,23.5,22.239791870117188,2320000,
2024-11-06,23.600000381469727,24.399999618530273,23.600000381469727,23.899999618530273,22.61834144592285,2163500,
2024-11-07,24.0,24.399999618530273,23.899999618530273,24.100000381469727,22.8076171875,2894800,
2024-11-08,24.100000381469727,24.299999237060547,23.700000762939453,24.299999237060547,22.996889114379883,1995500,
2024-11-11,24.899999618530273,26.25,24.799999237060547,24.899999618530273,23.564714431762695,5989400,
2024-11-12,25.0,25.75,25.0,25.0,23.659351348876953,1912700,
2024-11-13,25.0,25.75,25.0,25.25,23.895944595336914,1354300,
2024-11-14,25.5,26.75,25.25,26.75,25.315507888793945,2773600,
2024-11-15,26.5,26.5,25.25,25.5,24.132537841796875,2069800,
2024-11-18,25.25,26.0,25.0,26.0,24.60572624206543,2468300,
2024-11-19,25.75,26.25,25.0,25.25,23.895944595336914,2504800,
2024-11-20,25.25,25.75,25.0,25.25,23.895944595336914,1227000,
2024-11-21,25.0,26.0,25.0,25.5,24.132537841796875,1820500,
2024-11-22,25.25,26.0,25.0,25.5,24.27533531188965,1301600,0.15
2024-11-25,26.0,26.5,25.5,26.25,24.989316940307617,1657800,
2024-11-26,26.25,26.25,25.25,25.25,24.037342071533203,1075500,
2024-11-27,25.0,25.75,25.0,25.5,24.27533531188965,2168300,
2024-11-28,25.5,26.0,25.25,25.5,24.27533531188965,812400,
2024-11-29,25.75,26.25,25.5,25.75,24.513328552246094,1091600,
2024-12-02,25.5,26.0,25.5,25.75,24.513328552246094,741100,
2024-12-03,25.75,26.0,25.25,25.5,24.27533531188965,1338800,
2024-12-04,25.5,25.75,25.25,25.25,24.037342071533203,848900,
2024-12-06,25.25,25.5,24.899999618530273,25.25,24.037342071533203,1699100,
2024-12-09,25.25,25.25,24.899999618530273,25.25,24.037342071533203,1019200,
2024-12-11,25.25,25.75,24.899999618530273,25.25,24.037342071533203,2054300,
2024-12-12,25.5,26.5,25.0,26.25,24.989316940307617,2873200,
2024-12-13,26.0,26.75,25.75,26.0,24.751323699951172,2723600,
2024-12-16,25.5,26.25,25.25,25.75,24.513328552246094,2481300,
2024-12-17,25.75,26.5,25.25,26.0,24.751323699951172,2487700,
2024-12-18,25.75,26.25,25.75,26.0,24.751323699951172,1836200,
2024-12-19,26.0,26.25,25.25,25.25,24.037342071533203,2493500,
2024-12-20,25.5,26.0,25.25,25.75,24.513328552246094,1691800,
2024-12-23,25.75,26.25,25.5,26.0,24.751323699951172,1330400,
2024-12-24,26.0,26.25,25.75,26.25,24.989316940307617,1770200,
2024-12-25,26.25,26.25,25.25,25.5,24.27533531188965,3365600,
2024-12-26,25.5,26.25,25.5,25.75,24.513328552246094,1847300,
2024-12-27,25.5,26.5,25.5,26.25,24.989316940307617,3162900,
2024-12-30,26.0,27.25,26.0,26.75,25.46530532836914,2952100,
2025-01-02,27.0,27.5,26.0,26.5,25.227313995361328,5861800,
2025-01-03,27.0,27.25,26.5,26.5,25.227313995361328,3305200,
2025-01-06,26.5,26.75,26.25,26.5,25.227313995361328,2084600,
2025-01-07,26.75,26.75,26.25,26.25,24.989316940307617,1580300,
2025-01-08,26.5,26.5,25.5,25.75,24.513328552246094,2853800,
2025-01-09,26.0,26.0,25.0,25.25,24.037342071533203,2882200,
2025-01-10,25.25,26.0,24.600000381469727,25.5,24.27533531188965,7398100,
2025-01-13,25.5,25.5,24.899999618530273,25.0,23.799348831176758,3052700,
2025-01-14,24.899999618530273,25.25,24.399999618530273,24.600000381469727,23.418560028076172,4536000,
2025-01-15,24.600000381469727,25.5,24.5,24.899999618530273,23.704151153564453,3171900,
2025-01-16,25.25,25.75,25.0,25.0,23.799348831176758,3223100,
2025-01-17,25.0,25.25,24.399999618530273,24.799999237060547,23.60895347595215,3387400,
2025-01-20,24.600000381469727,25.75,24.600000381469727,25.25,24.037342071533203,3237900,
2025-01-21,24.899999618530273,24.899999618530273,23.200000762939453,23.899999618530273,22.752178192138672,25366600,
2025-01-22,24.0,25.25,24.0,24.899999618530273,23.704151153564453,7875600,
2025-01-23,24.899999618530273,24.899999618530273,24.299999237060547,24.399999618530273,23.228166580200195,2787800,
2025-01-24,24.5,24.799999237060547,24.100000381469727,24.200000762939453,23.037771224975586,1737900,
2025-01-27,24.0,24.0,23.0,23.100000381469727,21.9906005859375,10477200,
2025-01-28,23.200000762939453,23.200000762939453,22.600000381469727,22.600000381469727,21.51461410522461,5565800,
2025-01-29,22.700000762939453,23.0,22.600000381469727,22.700000762939453,21.60980987548828,1946500,
2025-01-30,22.600000381469727,23.100000381469727,22.399999618530273,22.5,21.419416427612305,3961500,
2025-01-31,22.600000381469727,22.700000762939453,22.0,22.100000381469727,21.038625717163086,3979300,
2025-02-03,21.799999237060547,22.799999237060547,21.5,22.5,21.419416427612305,5874900,
2025-02-04,22.399999618530273,23.100000381469727,22.399999618530273,22.700000762939453,21.60980987548828,2904300,
2025-02-05,22.799999237060547,23.200000762939453,22.700000762939453,22.799999237060547,21.705007553100586,3311800,
2025-02-06,22.799999237060547,22.899999618530273,22.299999237060547,22.5,21.419416427612305,2773200,
2025-02-07,22.399999618530273,22.399999618530273,21.700000762939453,21.899999618530273,20.848230361938477,2822200,
2025-02-10,21.899999618530273,22.399999618530273,21.899999618530273,22.0,20.94342613220215,1981000,
2025-02-11,22.0,22.5,21.799999237060547,22.299999237060547,21.229019165039062,1937700,
2025-02-13,22.299999237060547,22.5,21.399999618530273,21.5,20.467439651489258,2717900,
2025-02-14,21.5,21.899999618530273,21.399999618530273,21.600000381469727,20.562639236450195,1894000,
2025-02-17,21.0,21.799999237060547,20.799999237060547,21.299999237060547,20.27704429626465,4856800,
2025-02-18,21.799999237060547,22.600000381469727,21.799999237060547,22.100000381469727,21.038625717163086,2522500,
2025-02-19,22.600000381469727,23.799999237060547,22.600000381469727,23.600000381469727,22.466585159301758,8509600,
2025-02-20,23.299999237060547,23.700000762939453,23.100000381469727,23.200000762939453,22.085798263549805,4308700,
2025-02-21,23.200000762939453,23.299999237060547,22.700000762939453,23.200000762939453,22.085798263549805,3637800,
2025-02-24,23.200000762939453,23.200000762939453,22.399999618530273,22.700000762939453,21.60980987548828,2929900,
2025-02-25,22.600000381469727,23.200000762939453,22.0,23.0,21.895404815673828,4114200,
2025-02-26,23.0,23.0,22.600000381469727,22.899999618530273,21.800203323364258,2552700,
2025-02-27,23.0,23.200000762939453,22.700000762939453,22.700000762939453,21.60980987548828,2578900,
2025-02-28,22.5,23.0,21.799999237060547,22.899999618530273,21.800203323364258,3547500,
2025-03-03,23.0,23.0,22.299999237060547,22.600000381469727,21.51461410522461,2311000,
2025-03-04,22.600000381469727,23.0,22.5,22.899999618530273,21.800203323364258,2068800,
2025-03-05,22.899999618530273,23.0,22.5,22.899999618530273,21.800203323364258,3353000,
2025-03-06,22.899999618530273,22.899999618530273,21.799999237060547,22.299999237060547,21.229019165039062,3626000,
2025-03-07,22.399999618530273,22.5,22.0,22.399999618530273,21.324216842651367,1184600,
2025-03-10,22.399999618530273,22.5,21.299999237060547,21.5,20.467439651489258,3248900,
2025-03-11,21.200000762939453,21.5,20.899999618530273,21.5,20.467439651489258,2800100,
2025-03-12,21.5,21.5,20.600000381469727,20.899999618530273,19.896257400512695,5588000,
2025-03-13,20.899999618530273,21.200000762939453,20.700000762939453,20.700000762939453,19.705862045288086,2061000,
2025-03-14,21.0,21.5,20.799999237060547,21.299999237060547,20.27704429626465,3266000,
2025-03-17,21.200000762939453,21.200000762939453,20.700000762939453,21.0,19.991453170776367,1714200,
2025-03-18,21.0,21.0,20.700000762939453,20.899999618530273,19.896257400512695,1341800,
2025-03-19,20.899999618530273,21.100000381469727,20.799999237060547,20.899999618530273,19.896257400512695,1459200,
2025-03-20,20.899999618530273,21.200000762939453,20.899999618530273,21.100000381469727,20.086652755737305,1487800,
2025-03-21,21.0,21.0,20.200000762939453,20.399999618530273,19.420270919799805,4198700,
2025-03-24,20.399999618530273,20.799999237060547,20.200000762939453,20.600000381469727,19.61066436767578,1880300,
2025-03-25,20.600000381469727,20.899999618530273,20.399999618530273,20.799999237060547,19.801057815551758,1534200,
2025-03-26,20.799999237060547,20.899999618530273,20.399999618530273,20.700000762939453,19.705862045288086,2336800,
2025-03-27,20.799999237060547,20.799999237060547,20.299999237060547,20.5,19.515466690063477,1726000,
2025-03-28,20.600000381469727,20.600000381469727,20.200000762939453,20.200000762939453,19.229877471923828,246700,
2025-03-31,20.299999237060547,20.600000381469727,20.0,20.5,19.515466690063477,1990800,
2025-04-01,20.600000381469727,21.0,20.5,20.899999618530273,19.896257400512695,2276800,
2025-04-02,21.0,21.0,20.399999618530273,20.5,19.515466690063477,1393600,
2025-04-03,20.5,20.899999618530273,20.399999618530273,20.799999237060547,19.801057815551758,1580300,
2025-04-04,20.799999237060547,21.399999618530273,20.700000762939453,21.299999237060547,20.27704429626465,3916300,
2025-04-08,20.899999618530273,21.0,20.5,20.899999618530273,19.896257400512695,3171700,
2025-04-09,20.899999618530273,22.0,20.799999237060547,21.799999237060547,20.753032684326172,5297400,
2025-04-10,22.299999237060547,23.600000381469727,21.799999237060547,23.0,21.895404815673828,4250200,
2025-04-11,23.100000381469727,23.100000381469727,22.299999237060547,22.5,21.419416427612305,2306800,
2025-04-16,23.0,23.5,22.600000381469727,23.200000762939453,22.085798263549805,3249400,
2025-04-17,23.299999237060547,24.0,23.299999237060547,23.700000762939453,22.561786651611328,2688800,
2025-04-18,23.5,24.200000762939453,23.5,24.200000762939453,23.037771224975586,1900500,
2025-04-21,24.100000381469727,24.100000381469727,23.399999618530273,23.799999237060547,22.656980514526367,1613400,
2025-04-22,23.899999618530273,24.0,23.600000381469727,23.700000762939453,22.561786651611328,2282500,
2025-04-23,23.700000762939453,23.899999618530273,23.5,23.600000381469727,22.466585159301758,739000,
2025-04-24,23.700000762939453,23.899999618530273,23.5,23.799999237060547,22.656980514526367,2505100,
2025-04-25,24.0,24.0,23.700000762939453,23.700000762939453,22.561786651611328,1062600,
2025-04-28,23.799999237060547,24.5,23.799999237060547,24.100000381469727,22.94257354736328,2442700,
2025-04-29,24.200000762939453,25.0,24.200000762939453,24.799999237060547,23.60895347595215,3092200,
2025-04-30,24.700000762939453,25.0,24.399999618530273,25.0,23.799348831176758,2250000,
2025-05-02,25.0,25.5,24.700000762939453,24.899999618530273,23.704151153564453,1834900,
2025-05-06,24.899999618530273,25.25,24.600000381469727,24.600000381469727,23.418560028076172,2264400,
2025-05-07,24.899999618530273,25.0,24.600000381469727,24.799999237060547,23.85134506225586,1838700,0.25
2025-05-08,24.799999237060547,24.899999618530273,24.600000381469727,24.799999237060547,23.85134506225586,1319600,
2025-05-09,24.700000762939453,24.700000762939453,24.0,24.200000762939453,23.2742977142334,1540100,
2025-05-13,24.5,24.600000381469727,23.600000381469727,23.700000762939453,22.793426513671875,2902000,
2025-05-14,23.700000762939453,24.399999618530273,23.5,24.399999618530273,23.46664810180664,2603300,
2025-05-15,24.399999618530273,24.899999618530273,24.299999237060547,24.600000381469727,23.658998489379883,3722100,
2025-05-16,24.799999237060547,25.75,24.399999618530273,25.5,24.52457046508789,4936200,
2025-05-19,25.75,26.0,25.0,25.25,24.28413200378418,2017100,
2025-05-20,25.5,25.5,24.899999618530273,25.0,24.0436954498291,1117000,
2025-05-21,25.0,25.25,24.399999618530273,24.5,23.562824249267578,1075800,
2025-05-22,24.399999618530273,24.5,22.899999618530273,23.100000381469727,22.21637535095215,5034700,
2025-05-23,23.0,23.200000762939453,22.600000381469727,22.799999237060547,21.9278507232666,1904600,
2025-05-26,22.899999618530273,23.200000762939453,22.5,23.0,22.120203018188477,2966900,
2025-05-27,23.100000381469727,23.799999237060547,23.100000381469727,23.399999618530273,22.504898071289062,3209600,
2025-05-28,23.600000381469727,23.899999618530273,23.100000381469727,23.200000762939453,22.312551498413086,2055400,
2025-05-29,23.600000381469727,24.100000381469727,23.299999237060547,23.899999618530273,22.98577308654785,2264300,
2025-05-30,23.5,24.200000762939453,23.299999237060547,24.100000381469727,23.178123474121094,3055400,
2025-06-04,24.0,24.5,24.0,24.399999618530273,23.46664810180664,4660600,
2025-06-05,24.399999618530273,24.700000762939453,24.100000381469727,24.600000381469727,23.658998489379883,1925500,
2025-06-06,24.200000762939453,24.600000381469727,24.0,24.399999618530273,23.46664810180664,1698000,
2025-06-09,24.299999237060547,24.700000762939453,24.200000762939453,24.600000381469727,23.658998489379883,958300,
2025-06-10,24.700000762939453,25.25,24.700000762939453,25.0,24.0436954498291,3638300,
2025-06-11,25.0,26.75,24.899999618530273,25.75,24.76500701904297,4449200,
2025-06-12,25.75,26.0,24.899999618530273,25.25,24.28413200378418,2137200,
2025-06-13,25.0,25.25,24.799999237060547,25.0,24.0436954498291,701100,
2025-06-16,24.899999618530273,25.25,24.200000762939453,25.0,24.0436954498291,2480300,
2025-06-17,25.0,25.25,24.5,24.5,23.562824249267578,1520500,
2025-06-18,24.600000381469727,24.799999237060547,23.799999237060547,23.899999618530273,22.98577308654785,2700300,
2025-06-19,23.600000381469727,24.0,23.0,23.299999237060547,22.408723831176758,3362400,
2025-06-20,23.5,24.0,23.299999237060547,24.0,23.081947326660156,1680200,
2025-06-23,23.600000381469727,23.700000762939453,23.0,23.600000381469727,22.697248458862305,2328900,
2025-06-24,23.700000762939453,24.399999618530273,23.5,24.299999237060547,23.370471954345703,3865900,
2025-06-25,24.399999618530273,24.5,23.799999237060547,24.399999618530273,23.46664810180664,1301800,
2025-06-26,24.200000762939453,24.899999618530273,24.0,24.0,23.081947326660156,1392200,
2025-06-27,24.100000381469727,24.200000762939453,23.799999237060547,23.799999237060547,22.889598846435547,951400,
2025-06-30,23.799999237060547,24.100000381469727,23.5,23.799999237060547,22.889598846435547,1873600,
2025-07-01,24.200000762939453,24.200000762939453,23.700000762939453,23.799999237060547,22.889598846435547,1441100,
2025-07-02,23.799999237060547,24.299999237060547,23.600000381469727,24.200000762939453,23.2742977142334,1215200,
2025-07-03,24.299999237060547,24.5,23.799999237060547,24.299999237060547,23.370471954345703,1430200,
2025-07-04,24.399999618530273,24.5,24.100000381469727,24.299999237060547,23.370471954345703,1643900,
2025-07-07,24.399999618530273,24.700000762939453,24.299999237060547,24.5,23.562824249267578,938600,
2025-07-08,24.5,24.700000762939453,24.299999237060547,24.5,23.562824249267578,804600,
2025-07-09,24.399999618530273,24.5,24.200000762939453,24.299999237060547,23.370471954345703,549200,
2025-07-11,24.399999618530273,24.600000381469727,24.299999237060547,24.5,23.562824249267578,400200,
2025-07-14,24.299999237060547,24.799999237060547,24.100000381469727,24.5,23.562824249267578,2608900,
2025-07-15,24.5,25.0,24.5,24.899999618530273,23.947519302368164,3104900,
2025-07-16,24.899999618530273,25.0,24.5,24.5,23.562824249267578,1487200,
2025-07-17,24.5,24.700000762939453,24.299999237060547,24.5,23.562824249267578,1539900,
2025-07-18,24.5,24.700000762939453,23.899999618530273,24.0,23.081947326660156,2817600,
2025-07-21,24.100000381469727,24.600000381469727,24.100000381469727,24.299999237060547,23.370471954345703,1917100,
2025-07-22,24.299999237060547,24.299999237060547,24.0,24.0,23.081947326660156,964700,
2025-07-23,24.0,24.299999237060547,24.0,24.299999237060547,23.370471954345703,834500,
2025-07-24,24.200000762939453,24.399999618530273,24.0,24.200000762939453,23.2742977142334,1241400,
2025-07-25,24.299999237060547,24.299999237060547,24.0,24.100000381469727,23.178123474121094,533900,
2025-07-29,24.200000762939453,24.299999237060547,23.899999618530273,24.100000381469727,23.178123474121094,1030900,
2025-07-30,24.100000381469727,24.399999618530273,24.0,24.200000762939453,23.2742977142334,2418700,
2025-07-31,24.200000762939453,24.299999237060547,23.799999237060547,24.100000381469727,23.178123474121094,2552600,
2025-08-01,24.100000381469727,24.100000381469727,23.299999237060547,23.299999237060547,22.408723831176758,3240700,
2025-08-04,23.600000381469727,23.899999618530273,23.399999618530273,23.899999618530273,22.98577308654785,1126100,
2025-08-05,24.0,25.0,23.899999618530273,24.600000381469727,23.658998489379883,6017600,
2025-08-06,24.600000381469727,25.0,24.5,24.600000381469727,23.658998489379883,2771200,
2025-08-07,24.700000762939453,24.899999618530273,24.5,24.799999237060547,23.85134506225586,1428900,
2025-08-08,24.799999237060547,25.0,24.700000762939453,24.799999237060547,23.85134506225586,1924200,
2025-08-13,24.899999618530273,25.25,24.5,24.799999237060547,23.85134506225586,3252000,
2025-08-14,24.799999237060547,25.25,24.399999618530273,24.5,23.562824249267578,1768400,
2025-08-15,24.200000762939453,24.200000762939453,22.299999237060547,23.399999618530273,22.504898071289062,10465300,
2025-08-18,23.299999237060547,23.399999618530273,22.399999618530273,22.5,21.639326095581055,4256200,
2025-08-19,22.700000762939453,22.799999237060547,22.299999237060547,22.5,21.639326095581055,3922700,
2025-08-20,22.5,22.899999618530273,21.899999618530273,22.799999237060547,21.9278507232666,5050300,
2025-08-21,22.799999237060547,23.399999618530273,22.5,23.0,22.120203018188477,3350300,
2025-08-22,23.0,23.399999618530273,22.799999237060547,23.100000381469727,22.21637535095215,3739900,
2025-08-25,23.299999237060547,23.799999237060547,23.200000762939453,23.799999237060547,22.889598846435547,3551500,
2025-08-26,23.700000762939453,23.700000762939453,22.899999618530273,22.899999618530273,22.024024963378906,2694000,
2025-08-27,23.0,23.200000762939453,22.700000762939453,22.700000762939453,21.831676483154297,2069100,
2025-08-28,22.799999237060547,23.0,22.600000381469727,22.700000762939453,21.831676483154297,2769200,
2025-08-29,22.799999237060547,23.100000381469727,22.5,22.600000381469727,21.735502243041992,1900700,
2025-09-01,22.600000381469727,22.700000762939453,22.5,22.600000381469727,21.735502243041992,491500,
2025-09-02,22.600000381469727,22.700000762939453,22.299999237060547,22.5,21.639326095581055,3782400,
2025-09-03,22.5,22.899999618530273,22.5,22.700000762939453,21.831676483154297,904000,
2025-09-04,22.700000762939453,22.799999237060547,22.399999618530273,22.399999618530273,21.54315185546875,937100,
2025-09-05,22.399999618530273,22.700000762939453,22.399999618530273,22.399999618530273,21.54315185546875,950400,
2025-09-08,22.5,22.600000381469727,22.200000762939453,22.200000762939453,21.350801467895508,1214800,
2025-09-09,22.399999618530273,23.0,22.299999237060547,22.899999618530273,22.024024963378906,2592200,
2025-09-10,23.0,23.100000381469727,22.700000762939453,22.700000762939453,21.831676483154297,1014000,
2025-09-11,22.700000762939453,22.899999618530273,22.100000381469727,22.200000762939453,21.350801467895508,3582000,
2025-09-12,22.299999237060547,22.5,22.100000381469727,22.100000381469727,21.254629135131836,2684800,
2025-09-15,22.299999237060547,22.5,22.200000762939453,22.399999618530273,21.54315185546875,563300,
2025-09-16,22.399999618530273,22.600000381469727,22.299999237060547,22.5,21.639326095581055,1130700,
2025-09-17,22.600000381469727,23.0,22.5,23.0,22.120203018188477,2810800,
2025-09-18,23.100000381469727,23.200000762939453,22.700000762939453,23.200000762939453,22.312551498413086,3217100,
2025-09-19,23.200000762939453,24.0,23.0,23.799999237060547,22.889598846435547,4610700,
2025-09-22,23.799999237060547,23.899999618530273,23.0,23.100000381469727,22.21637535095215,2934400,
2025-09-23,23.200000762939453,23.5,23.100000381469727,23.399999618530273,22.504898071289062,1854800,
2025-09-24,23.399999618530273,23.600000381469727,23.0,23.5,22.60107421875,1173000,
2025-09-25,23.600000381469727,23.600000381469727,23.200000762939453,23.5,22.60107421875,1035200,
2025-09-26,23.5,23.600000381469727,23.200000762939453,23.600000381469727,22.697248458862305,1068700,
2025-09-29,23.5,23.600000381469727,23.0,23.100000381469727,22.21637535095215,2176200,
2025-09-30,23.200000762939453,23.299999237060547,23.0,23.100000381469727,22.21637535095215,719600,
2025-10-01,23.0,23.5,22.600000381469727,23.200000762939453,22.312551498413086,3773500,
2025-10-02,23.299999237060547,23.700000762939453,22.899999618530273,23.600000381469727,22.697248458862305,2647100,
2025-10-03,23.5,23.700000762939453,23.399999618530273,23.600000381469727,22.697248458862305,1107400,
2025-10-06,23.600000381469727,23.700000762939453,23.100000381469727,23.100000381469727,22.21637535095215,724400,
2025-10-07,23.100000381469727,23.100000381469727,23.100000381469727,23.100000381469727,22.21637535095215,0,
2025-10-08,23.100000381469727,23.299999237060547,23.0,23.100000381469727,22.21637535095215,579200,
2025-10-09,23.100000381469727,23.399999618530273,23.0,23.100000381469727,22.21637535095215,611400,
2025-10-10,23.100000381469727,23.200000762939453,22.899999618530273,22.899999618530273,22.024024963378906,610500,
2025-10-14,22.899999618530273,23.0,22.799999237060547,22.799999237060547,21.9278507232666,1103700,
2025-10-15,22.799999237060547,23.899999618530273,22.799999237060547,23.700000762939453,22.793426513671875,3079000,
2025-10-16,23.700000762939453,24.200000762939453,23.700000762939453,24.0,23.081947326660156,2858300,
2025-10-17,24.100000381469727,24.100000381469727,23.399999618530273,23.600000381469727,22.697248458862305,1452500,
2025-10-20,23.600000381469727,23.600000381469727,23.100000381469727,23.200000762939453,22.312551498413086,1871100,
2025-10-21,23.100000381469727,23.200000762939453,22.799999237060547,22.899999618530273,22.024024963378906,1999800,
2025-10-22,23.100000381469727,23.200000762939453,22.899999618530273,23.0,22.120203018188477,1218100,
2025-10-24,23.0,23.0,22.700000762939453,22.700000762939453,21.831676483154297,1754100,
2025-10-27,22.600000381469727,22.899999618530273,22.5,22.600000381469727,21.735502243041992,1253100,
2025-10-28,22.600000381469727,22.700000762939453,22.299999237060547,22.299999237060547,21.446975708007812,962900,
2025-10-29,22.299999237060547,22.5,22.100000381469727,22.100000381469727,21.254629135131836,1380500,
2025-10-30,22.200000762939453,22.399999618530273,22.0,22.100000381469727,21.254629135131836,1096900,
2025-10-31,22.0,22.0,21.299999237060547,21.700000762939453,20.869930267333984,3276500,
2025-11-03,21.600000381469727,21.899999618530273,21.5,21.700000762939453,20.869930267333984,846400,
2025-11-04,21.5,21.700000762939453,21.0,21.200000762939453,20.389055252075195,1686100,
2025-11-05,21.299999237060547,21.899999618530273,21.200000762939453,21.700000762939453,20.869930267333984,766600,
2025-11-06,22.0,22.0,21.600000381469727,21.700000762939453,20.869930267333984,1622600,
2025-11-07,21.600000381469727,21.700000762939453,21.399999618530273,21.5,20.67757797241211,840000,
2025-11-10,21.299999237060547,21.299999237060547,20.899999618530273,21.0,20.196704864501953,2155400,
2025-11-11,21.200000762939453,21.5,21.0,21.0,20.196704864501953,1415200,
2025-11-12,21.100000381469727,21.200000762939453,20.799999237060547,20.799999237060547,20.00435447692871,984400,
2025-11-13,20.899999618530273,21.299999237060547,20.899999618530273,21.0,20.196704864501953,1211100,
2025-11-14,21.0,21.100000381469727,20.700000762939453,21.0,20.196704864501953,969800,
2025-11-17,20.799999237060547,20.899999618530273,20.700000762939453,20.799999237060547,20.00435447692871,560900,
2025-11-18,20.700000762939453,20.799999237060547,20.5,20.5,19.715829849243164,1074400,
2025-11-19,20.5,20.700000762939453,20.100000381469727,20.299999237060547,19.523481369018555,2011400,
2025-11-20,20.0,20.100000381469727,19.600000381469727,19.600000381469727,19.037822723388672,2592400,0.2
2025-11-21,19.5,19.600000381469727,19.0,19.200000762939453,18.649295806884766,1699500,
2025-11-24,19.399999618530273,19.600000381469727,19.299999237060547,19.5,18.940690994262695,427300,
2025-11-25,19.600000381469727,19.700000762939453,19.5,19.700000762939453,19.13495635986328,759500,
2025-11-26,19.700000762939453,19.700000762939453,19.0,19.0,18.455032348632812,1665200,
2025-11-27,19.200000762939453,19.5,19.0,19.0,18.455032348632812,1375500,
2025-11-28,19.100000381469727,19.200000762939453,18.600000381469727,18.700000762939453,18.163637161254883,1307000,
2025-12-01,18.799999237060547,19.399999618530273,18.799999237060547,19.399999618530273,18.84355926513672,1800600,
2025-12-02,19.299999237060547,19.299999237060547,19.0,19.100000381469727,18.55216407775879,1834700,
2025-12-03,19.299999237060547,19.399999618530273,19.100000381469727,19.200000762939453,18.649295806884766,1414300,
2025-12-04,19.299999237060547,19.299999237060547,19.0,19.100000381469727,18.55216407775879,887500,
2025-12-08,19.100000381469727,19.100000381469727,18.799999237060547,18.799999237060547,18.26076889038086,971700,
2025-12-09,18.899999618530273,19.100000381469727,18.799999237060547,19.0,18.455032348632812,1450300,
2025-12-11,19.100000381469727,19.100000381469727,18.899999618530273,19.100000381469727,18.55216407775879,505300,
2025-12-12,19.100000381469727,19.200000762939453,18.899999618530273,19.200000762939453,18.649295806884766,1125800,
2025-12-15,19.200000762939453,19.299999237060547,18.899999618530273,19.299999237060547,18.746427536010742,1297400,
2025-12-16,19.299999237060547,19.600000381469727,19.0,19.100000381469727,18.55216407775879,1516900,
2025-12-17,19.0,19.299999237060547,18.899999618530273,19.100000381469727,18.55216407775879,1136100,
2025-12-18,19.100000381469727,19.200000762939453,18.5,18.5,17.96937370300293,2620400,
2025-12-19,18.600000381469727,18.700000762939453,18.299999237060547,18.399999618530273,17.872241973876953,2781500,
2025-12-22,18.600000381469727,18.899999618530273,18.5,18.700000762939453,18.163637161254883,1065200,
2025-12-23,18.700000762939453,18.899999618530273,18.700000762939453,18.899999618530273,18.357900619506836,581400,
2025-12-24,18.899999618530273,19.0,18.700000762939453,19.0,18.455032348632812,518600,
2025-12-25,18.899999618530273,19.100000381469727,18.799999237060547,18.899999618530273,18.357900619506836,716900,
2025-12-26,18.899999618530273,19.0,18.799999237060547,18.899999618530273,18.357900619506836,452200,
2025-12-29,18.899999618530273,19.100000381469727,18.399999618530273,18.5,17.96937370300293,2381500,
2025-12-30,18.399999618530273,18.700000762939453,18.299999237060547,18.700000762939453,18.163637161254883,1171100,
2026-01-05,18.700000762939453,19.100000381469727,18.600000381469727,18.600000381469727,18.066505432128906,1891000,
2026-01-06,18.799999237060547,18.799999237060547,18.5,18.5,17.96937370300293,1294300,
2026-01-07,18.600000381469727,19.0,18.600000381469727,18.899999618530273,18.357900619506836,2997700,
2026-01-08,18.799999237060547,18.899999618530273,18.399999618530273,18.399999618530273,17.872241973876953,1736900,
2026-01-09,18.600000381469727,18.700000762939453,18.299999237060547,18.299999237060547,17.775108337402344,1790000,
2026-01-12,18.5,18.5,16.700000762939453,16.799999237060547,16.318132400512695,7629000,
2026-01-13,17.299999237060547,17.799999237060547,16.799999237060547,17.100000381469727,16.609529495239258,4000500,
2026-01-14,17.200000762939453,17.700000762939453,17.200000762939453,17.299999237060547,16.80379295349121,2303800,
2026-01-15,17.299999237060547,17.799999237060547,17.200000762939453,17.700000762939453,17.19232177734375,1764500,
2026-01-16,17.600000381469727,18.0,17.5,18.0,17.483715057373047,650000,
2026-01-19,18.0,19.100000381469727,18.0,18.899999618530273,18.357900619506836,3395200,
2026-01-20,19.200000762939453,19.799999237060547,19.100000381469727,19.200000762939453,18.649295806884766,5791800,
2026-01-21,19.100000381469727,19.399999618530273,19.0,19.100000381469727,18.55216407775879,2120800,
2026-01-22,19.399999618530273,19.399999618530273,18.5,18.5,17.96937370300293,4125300,
2026-01-23,18.5,18.799999237060547,18.5,18.600000381469727,18.066505432128906,944700,
2026-01-26,18.700000762939453,18.700000762939453,18.399999618530273,18.700000762939453,18.163637161254883,939600,
2026-01-27,18.700000762939453,19.0,18.600000381469727,18.899999618530273,18.357900619506836,1738500,
2026-01-28,18.899999618530273,18.899999618530273,18.700000762939453,18.799999237060547,18.26076889038086,812600,
2026-01-29,18.700000762939453,18.899999618530273,18.700000762939453,18.899999618530273,18.357900619506836,697600,
2026-01-30,18.899999618530273,19.0,18.700000762939453,19.0,18.455032348632812,1508200,
2026-02-02,18.899999618530273,19.0,18.399999618530273,18.5,17.96937370300293,1109800,
2026-02-03,18.5,19.200000762939453,18.5,19.0,18.455032348632812,2595200,
2026-02-04,18.899999618530273,19.299999237060547,18.799999237060547,19.200000762939453,18.649295806884766,1793100,
2026-02-05,19.399999618530273,19.600000381469727,19.200000762939453,19.299999237060547,18.746427536010742,2597200,
2026-02-06,19.299999237060547,20.100000381469727,19.299999237060547,19.799999237060547,19.232086181640625,4098700,
2026-02-09,19.899999618530273,20.100000381469727,19.5,19.700000762939453,19.13495635986328,5282100,
2026-02-10,19.700000762939453,19.700000762939453,19.200000762939453,19.5,18.940690994262695,5261700,
2026-02-11,19.5,19.899999618530273,19.399999618530273,19.600000381469727,19.037822723388672,5626200,
2026-02-12,19.700000762939453,20.200000762939453,19.5,20.200000762939453,19.62061309814453,5812400,
2026-02-13,20.100000381469727,20.600000381469727,20.0,20.5,19.91200828552246,5852300,
2026-02-16,20.600000381469727,21.0,20.5,21.0,20.397668838500977,3068300,
2026-02-17,21.299999237060547,21.299999237060547,20.600000381469727,21.0,20.397668838500977,4123500,
2026-02-18,20.899999618530273,21.0,20.799999237060547,20.799999237060547,20.20340347290039,4184300,
2026-02-19,20.799999237060547,21.100000381469727,20.799999237060547,21.0,20.397668838500977,6494100,
2026-02-20,21.100000381469727,21.100000381469727,20.299999237060547,20.5,19.91200828552246,5098500,
2026-02-23,20.600000381469727,20.799999237060547,19.700000762939453,19.799999237060547,19.232086181640625,6570800,
2026-02-24,19.700000762939453,19.799999237060547,19.200000762939453,19.399999618530273,18.84355926513672,6047300,
2026-02-25,19.700000762939453,19.700000762939453,19.200000762939453,19.299999237060547,18.746427536010742,7623100,
2026-02-26,19.299999237060547,19.799999237060547,19.0,19.600000381469727,19.037822723388672,7982000,
2026-02-27,19.700000762939453,19.700000762939453,19.299999237060547,19.399999618530273,18.84355926513672,4309400,
2026-03-02,18.5,18.899999618530273,18.0,18.0,17.483715057373047,6868900,
2026-03-04,16.600000381469727,17.399999618530273,16.600000381469727,17.299999237060547,16.80379295349121,8929900,
2026-03-05,17.600000381469727,17.600000381469727,16.799999237060547,17.299999237060547,16.80379295349121,6744200,
2026-03-06,17.100000381469727,17.399999618530273,17.0,17.299999237060547,16.80379295349121,2170300,
2026-03-09,15.699999809265137,16.799999237060547,15.699999809265137,16.600000381469727,16.123868942260742,4832500,
2026-03-10,17.100000381469727,17.5,17.0,17.0,16.51239776611328,4118100,
2026-03-11,17.100000381469727,17.399999618530273,16.899999618530273,17.0,16.51239776611328,4181000,
2026-03-12,17.0,17.100000381469727,16.799999237060547,17.0,16.51239776611328,3338900,
2026-03-13,17.0,17.200000762939453,16.700000762939453,16.799999237060547,16.318132400512695,3829200,
2026-03-16,17.100000381469727,17.100000381469727,16.799999237060547,17.0,16.51239776611328,2963800,
2026-03-17,17.0,17.100000381469727,16.799999237060547,16.899999618530273,16.415266036987305,2458300,
2026-03-18,17.0,17.0,16.700000762939453,16.799999237060547,16.318132400512695,2280400,
2026-03-19,16.799999237060547,16.799999237060547,16.100000381469727,16.200000762939453,15.735343933105469,4254400,
2026-03-20,16.200000762939453,16.600000381469727,16.100000381469727,16.200000762939453,15.735343933105469,2295100,
2026-03-23,16.0,16.200000762939453,15.899999618530273,16.100000381469727,15.638211250305176,1613800,
2026-03-24,16.299999237060547,16.299999237060547,16.0,16.0,15.5410795211792,1160500,
2026-03-25,16.399999618530273,16.5,16.200000762939453,16.5,16.0267391204834,3772400,
2026-03-26,16.5,16.5,16.200000762939453,16.200000762939453,15.735343933105469,2067600,
2026-03-27,16.399999618530273,16.399999618530273,16.200000762939453,16.200000762939453,15.735343933105469,987400,
2026-03-30,16.200000762939453,16.299999237060547,16.0,16.200000762939453,15.735343933105469,1599800,
2026-03-31,16.200000762939453,16.5,16.0,16.5,16.0267391204834,2837100,
2026-04-01,16.899999618530273,17.0,16.700000762939453,16.899999618530273,16.415266036987305,6254700,
2026-04-02,16.700000762939453,16.899999618530273,16.5,16.700000762939453,16.22100257873535,1967400,
2026-04-03,16.700000762939453,16.799999237060547,16.399999618530273,16.5,16.0267391204834,2249600,
2026-04-07,16.399999618530273,16.399999618530273,16.100000381469727,16.299999237060547,15.832473754882812,1556100,
2026-04-08,16.700000762939453,16.799999237060547,16.299999237060547,16.600000381469727,16.123868942260742,9407900,
2026-04-09,16.600000381469727,16.600000381469727,16.299999237060547,16.299999237060547,15.832473754882812,2258200,
2026-04-10,16.299999237060547,16.5,16.200000762939453,16.399999618530273,15.929606437683105,2961200,
2026-04-16,16.399999618530273,17.0,16.399999618530273,16.700000762939453,16.22100257873535,2116600,
2026-04-17,16.799999237060547,17.100000381469727,16.700000762939453,17.0,16.51239776611328,4692400,
2026-04-20,17.100000381469727,17.100000381469727,16.700000762939453,16.899999618530273,16.415266036987305,4255400,
2026-04-21,16.899999618530273,17.200000762939453,16.700000762939453,16.799999237060547,16.318132400512695,3057400,
2026-04-22,16.799999237060547,17.0,16.600000381469727,16.799999237060547,16.318132400512695,2121800,
2026-04-23,16.799999237060547,16.799999237060547,16.399999618530273,16.5,16.0267391204834,1951300,
2026-04-24,16.600000381469727,16.600000381469727,16.399999618530273,16.399999618530273,15.929606437683105,923700,
2026-04-27,16.600000381469727,16.600000381469727,16.299999237060547,16.299999237060547,15.832473754882812,1535800,
2026-04-28,16.299999237060547,16.5,16.200000762939453,16.399999618530273,15.929606437683105,1071200,
2026-04-29,16.399999618530273,16.600000381469727,16.200000762939453,16.5,16.0267391204834,3159600,
2026-04-30,16.299999237060547,16.299999237060547,16.100000381469727,16.200000762939453,16.0267391204834,2769800,0.3
2026-05-01,16.200000762939453,16.200000762939453,16.200000762939453,16.200000762939453,16.0267391204834,0,
2026-05-04,16.200000762939453,16.200000762939453,16.200000762939453,16.200000762939453,16.0267391204834,0,
2026-05-05,16.200000762939453,16.299999237060547,16.100000381469727,16.100000381469727,15.92780876159668,2418900,
2026-05-06,16.100000381469727,16.299999237060547,16.0,16.100000381469727,15.92780876159668,4885600,
2026-05-07,16.299999237060547,16.700000762939453,16.200000762939453,16.5,16.323530197143555,3351200,
2026-05-08,16.5,16.5,16.299999237060547,16.299999237060547,16.125667572021484,850600,
2026-05-11,16.399999618530273,16.399999618530273,15.899999618530273,16.0,15.828877449035645,4960400,
2026-05-12,16.0,16.200000762939453,15.899999618530273,16.0,15.828877449035645,1831600,
2026-05-13,16.0,16.100000381469727,15.899999618530273,15.899999618530273,15.72994613647461,2657000,
2026-05-14,15.899999618530273,16.0,15.800000190734863,15.800000190734863,15.631016731262207,3469800,
2026-05-15,15.800000190734863,16.0,15.800000190734863,16.0,15.828877449035645,2322700,
2026-05-18,16.100000381469727,16.100000381469727,15.899999618530273,15.899999618530273,15.72994613647461,1560700,
2026-05-19,16.0,16.100000381469727,16.0,16.0,15.828877449035645,843200,
2026-05-20,16.100000381469727,16.200000762939453,16.0,16.0,15.828877449035645,816500,
2026-05-21,16.100000381469727,16.100000381469727,15.899999618530273,16.100000381469727,15.92780876159668,1634300,
2026-05-22,16.100000381469727,16.200000762939453,15.899999618530273,16.100000381469727,15.92780876159668,1324900,
2026-05-25,16.299999237060547,16.399999618530273,16.100000381469727,16.299999237060547,16.125667572021484,2540900,
2026-05-26,16.299999237060547,16.5,16.200000762939453,16.299999237060547,16.125667572021484,2731100,
2026-05-27,16.299999237060547,16.700000762939453,16.299999237060547,16.600000381469727,16.422460556030273,3098700,
2026-05-28,16.700000762939453,16.700000762939453,16.399999618530273,16.600000381469727,16.422460556030273,2043600,
2026-05-29,16.5,16.700000762939453,16.399999618530273,16.5,16.323530197143555,2500000,
2026-06-01,16.5,16.5,16.5,16.5,16.323530197143555,0,
2026-06-02,16.399999618530273,16.5,16.200000762939453,16.399999618530273,16.224599838256836,2342000,
2026-06-03,16.399999618530273,16.399999618530273,16.399999618530273,16.399999618530273,16.224599838256836,0,
2026-06-04,16.299999237060547,16.399999618530273,16.200000762939453,16.299999237060547,16.125667572021484,1887200,
2026-06-05,16.299999237060547,16.799999237060547,16.299999237060547,16.600000381469727,16.422460556030273,2545900,
2026-06-08,16.5,16.700000762939453,16.399999618530273,16.5,16.323530197143555,1691500,
2026-06-09,16.5,16.799999237060547,16.299999237060547,16.600000381469727,16.422460556030273,2422400,
2026-06-10,16.5,16.600000381469727,16.299999237060547,16.299999237060547,16.125667572021484,954700,
2026-06-11,16.399999618530273,16.5,16.200000762939453,16.200000762939453,16.0267391204834,1285500,
2026-06-12,16.299999237060547,16.399999618530273,16.100000381469727,16.299999237060547,16.125667572021484,1859700,
2026-06-15,16.700000762939453,16.899999618530273,16.5,16.899999618530273,16.71925163269043,4814800,
2026-06-16,17.200000762939453,17.200000762939453,16.700000762939453,16.700000762939453,16.521390914916992,5453500,
2026-06-17,16.799999237060547,17.100000381469727,16.600000381469727,17.100000381469727,16.917112350463867,4638900,
2026-06-18,17.100000381469727,17.200000762939453,16.799999237060547,16.799999237060547,16.62032127380371,4262000,
2026-06-19,17.0,17.200000762939453,16.899999618530273,17.0,16.81818199157715,3772900,
2026-06-22,17.0,17.0,16.799999237060547,16.799999237060547,16.62032127380371,1486100,
2026-06-23,16.899999618530273,17.100000381469727,16.600000381469727,16.600000381469727,16.422460556030273,3537500,
2026-06-24,16.600000381469727,17.0,16.600000381469727,16.899999618530273,16.71925163269043,1472500,
2026-06-25,17.0,17.600000381469727,16.899999618530273,17.600000381469727,17.411766052246094,8519200,
2026-06-26,17.600000381469727,18.0,17.399999618530273,18.0,17.80748748779297,7050300,
2026-06-29,18.0,18.100000381469727,17.700000762939453,17.700000762939453,17.510696411132812,6533200,
2026-06-30,17.799999237060547,18.0,17.600000381469727,17.700000762939453,17.510696411132812,5967900,
2026-07-01,17.700000762939453,18.0,17.600000381469727,17.700000762939453,17.510696411132812,3582200,
2026-07-02,17.700000762939453,18.399999618530273,17.700000762939453,18.399999618530273,18.203208923339844,6795600,
2026-07-03,18.299999237060547,18.399999618530273,18.100000381469727,18.200000762939453,18.005348205566406,3362700,
2026-07-06,18.399999618530273,18.399999618530273,17.899999618530273,18.0,17.80748748779297,4640000,
2026-07-07,17.899999618530273,18.0,17.700000762939453,17.799999237060547,17.6096248626709,2956200,
2026-07-08,17.700000762939453,17.799999237060547,16.899999618530273,16.899999618530273,16.71925163269043,6508600,
2026-07-09,17.200000762939453,17.5,17.200000762939453,17.5,17.312833786010742,4555200,
2026-07-10,17.5,17.600000381469727,17.399999618530273,17.600000381469727,17.411766052246094,1623200,
2026-07-13,17.5,17.600000381469727,17.299999237060547,17.5,17.312833786010742,1789400,
2026-07-14,17.299999237060547,17.5,17.200000762939453,17.399999618530273,17.213903427124023,1835800,
2026-07-15,17.5,18.200000762939453,17.5,18.0,17.80748748779297,6543900,
2026-07-16,18.200000762939453,18.200000762939453,17.799999237060547,18.0,17.80748748779297,4777300,
2026-07-17,18.200000762939453,18.200000762939453,17.799999237060547,18.0,17.80748748779297,3860800,
2026-07-20,17.899999618530273,17.899999618530273,17.700000762939453,17.899999618530273,17.70855712890625,1238800,
2026-07-21,17.899999618530273,18.0,17.799999237060547,17.899999618530273,17.70855712890625,1845600,
2026-07-22,18.0,18.100000381469727,17.799999237060547,18.0,17.80748748779297,3297500,
2026-07-23,18.0,18.0,17.700000762939453,17.700000762939453,17.510696411132812,1727300,
2026-07-24,17.700000762939453,17.799999237060547,17.399999618530273,17.799999237060547,17.6096248626709,2203900,
2026-07-27,17.899999618530273,18.0,17.700000762939453,17.899999618530273,17.70855712890625,2028100,
2026-07-28,17.899999618530273,17.899999618530273,17.899999618530273,17.899999618530273,17.70855712890625,0,
2026-07-29,17.899999618530273,17.899999618530273,17.899999618530273,17.899999618530273,17.70855712890625,0,
2026-07-30,17.700000762939453,17.899999618530273,17.5,17.899999618530273,17.70855712890625,1985300,
2026-07-31,17.799999237060547,18.0,17.700000762939453,17.899999618530273,17.70855712890625,1319200,
2026-08-03,17.899999618530273,18.299999237060547,17.799999237060547,18.200000762939453,18.005348205566406,3373300,
2026-08-04,18.100000381469727,18.299999237060547,18.0,18.100000381469727,17.906417846679688,4428000,
2026-08-05,18.200000762939453,18.200000762939453,18.0,18.0,17.80748748779297,2303100,
2026-08-06,18.0,18.700000762939453,18.0,18.600000381469727,18.40106964111328,8724400,
2026-08-07,18.600000381469727,18.700000762939453,18.399999618530273,18.5,18.302139282226562,3082400,
2026-08-10,18.600000381469727,18.700000762939453,18.399999618530273,18.399999618530273,18.203208923339844,1747000,
2026-08-11,18.399999618530273,18.5,17.899999618530273,17.899999618530273,17.70855712890625,3514700,
2026-08-12,17.899999618530273,17.899999618530273,17.899999618530273,17.899999618530273,17.70855712890625,0,
2026-08-13,17.899999618530273,18.200000762939453,17.899999618530273,18.0,17.80748748779297,1977500,
2026-08-14,18.0,18.200000762939453,17.799999237060547,17.899999618530273,17.70855712890625,2031000,
2026-08-17,17.899999618530273,18.0,17.700000762939453,17.899999618530273,17.70855712890625,2266900,
2026-08-18,17.799999237060547,18.299999237060547,17.799999237060547,18.100000381469727,17.906417846679688,3168900,
2026-08-19,18.200000762939453,18.600000381469727,18.200000762939453,18.5,18.302139282226562,4872500,
2026-08-20,18.700000762939453,19.100000381469727,18.600000381469727,18.600000381469727,18.40106964111328,11041200,
2026-08-21,18.700000762939453,18.899999618530273,18.700000762939453,18.700000762939453,18.500001907348633,3152700,
2026-08-24,18.600000381469727,18.700000762939453,18.299999237060547,18.5,18.5,2767300,0.2
2026-08-25,18.5,18.600000381469727,18.100000381469727,18.299999237060547,18.299999237060547,4601700,
2026-08-26,18.299999237060547,18.600000381469727,18.200000762939453,18.5,18.5,2141100,
2026-08-27,18.5,18.799999237060547,18.399999618530273,18.600000381469727,18.600000381469727,3087400,
2026-08-28,18.600000381469727,18.899999618530273,18.5,18.799999237060547,18.799999237060547,2809000,
2026-08-31,18.899999618530273,19.200000762939453,18.700000762939453,19.0,19.0,4636200,
2026-09-01,19.100000381469727,19.200000762939453,18.700000762939453,18.899999618530273,18.899999618530273,3656500,
2026-09-02,18.899999618530273,19.0,18.5,18.600000381469727,18.600000381469727,1853400,
2026-09-03,18.700000762939453,19.399999618530273,18.700000762939453,19.299999237060547,19.299999237060547,7641100,
2026-09-04,19.299999237060547,19.600000381469727,19.100000381469727,19.600000381469727,19.600000381469727,5739100,
2026-09-07,19.600000381469727,19.700000762939453,19.399999618530273,19.5,19.5,1494000,
2026-09-08,19.5,19.600000381469727,19.299999237060547,19.399999618530273,19.399999618530273,1313200,
2026-09-09,19.5,19.5,19.100000381469727,19.299999237060547,19.299999237060547,2398000,
2026-09-10,19.299999237060547,19.799999237060547,19.200000762939453,19.5,19.5,3434900,
2026-09-11,19.399999618530273,19.799999237060547,19.200000762939453,19.600000381469727,19.600000381469727,2845400,
2026-09-14,19.399999618530273,19.600000381469727,19.299999237060547,19.399999618530273,19.399999618530273,2178400,
2026-09-15,19.399999618530273,19.600000381469727,19.299999237060547,19.399999618530273,19.399999618530273,1184600,
2026-09-16,19.5,19.5,19.100000381469727,19.100000381469727,19.100000381469727,2633900,
2026-09-17,19.200000762939453,19.899999618530273,19.200000762939453,19.899999618530273,19.899999618530273,6720000,
2026-09-18,19.700000762939453,19.799999237060547,19.600000381469727,19.600000381469727,19.600000381469727,934900,
2026-09-21,19.5,19.700000762939453,19.299999237060547,19.299999237060547,19.299999237060547,2222700,
2026-09-22,19.299999237060547,19.5,19.200000762939453,19.299999237060547,19.299999237060547,2515900,
2026-09-23,19.399999618530273,19.700000762939453,19.299999237060547,19.5,19.5,2729500,
2026-09-24,19.5,19.5,19.299999237060547,19.299999237060547,19.299999237060547,1192100,
2026-09-25,19.299999237060547,19.399999618530273,19.200000762939453,19.299999237060547,19.299999237060547,1443500,
2026-09-28,19.299999237060547,19.299999237060547,19.200000762939453,19.200000762939453,19.200000762939453,393352,
