Date,Open,High,Low,Close,AdjClose,Volume,Dividend
2013-05-16,1.0,1.0,0.8600000143051147,0.8700000047683716,0.6010959148406982,1781741000,
2013-05-17,0.8700000047683716,0.9200000166893005,0.8700000047683716,0.8999999761581421,0.6218234300613403,323723000,
2013-05-20,0.8999999761581421,0.9150000214576721,0.8700000047683716,0.8799999952316284,0.6080050468444824,146176000,
2013-05-21,0.8849999904632568,0.8999999761581421,0.8799999952316284,0.8849999904632568,0.6114597320556641,141562000,
2013-05-22,0.8899999856948853,0.9100000262260437,0.8849999904632568,0.8899999856948853,0.6149142384529114,146497000,
2013-05-23,0.8999999761581421,0.949999988079071,0.8899999856948853,0.8999999761581421,0.6218234300613403,579923000,
2013-05-27,0.9049999713897705,0.9049999713897705,0.8849999904632568,0.8899999856948853,0.6149142384529114,117434000,
2013-05-28,0.8949999809265137,0.949999988079071,0.8949999809265137,0.9399999976158142,0.6494600772857666,452678000,
2013-05-29,0.9399999976158142,1.0,0.9399999976158142,0.9599999785423279,0.6632784605026245,958862000,
2013-05-30,0.9599999785423279,0.9700000286102295,0.9100000262260437,0.9300000071525574,0.6425508856773376,368613000,
2013-05-31,0.9399999976158142,0.9399999976158142,0.9150000214576721,0.9300000071525574,0.6425508856773376,134726000,
2013-06-03,0.9200000166893005,0.9300000071525574,0.9100000262260437,0.9150000214576721,0.6321871280670166,83117000,
2013-06-04,0.925000011920929,0.9300000071525574,0.9049999713897705,0.925000011920929,0.6390962600708008,123279000,
2013-06-05,0.9200000166893005,0.925000011920929,0.8899999856948853,0.9049999713897705,0.6252779364585876,97694000,
2013-06-06,0.8999999761581421,0.8999999761581421,0.8600000143051147,0.8600000143051147,0.5941870212554932,97735000,
2013-06-07,0.8600000143051147,0.9350000023841858,0.8600000143051147,0.8949999809265137,0.6183688044548035,145324000,
2013-06-10,0.9049999713897705,0.9300000071525574,0.8949999809265137,0.9300000071525574,0.6425508856773376,74329000,
2013-06-11,0.925000011920929,0.925000011920929,0.875,0.9049999713897705,0.6252779364585876,156805000,
2013-06-12,0.8999999761581421,0.9049999713897705,0.8849999904632568,0.8999999761581421,0.6218234300613403,62856000,
2013-06-13,0.875,0.875,0.8500000238418579,0.8700000047683716,0.6010959148406982,107873000,
2013-06-14,0.8949999809265137,0.9049999713897705,0.8799999952316284,0.8999999761581421,0.6218234300613403,71181000,
2013-06-17,0.8999999761581421,0.9100000262260437,0.8799999952316284,0.8999999761581421,0.6218234300613403,36015000,
2013-06-18,0.8999999761581421,0.9399999976158142,0.8849999904632568,0.8899999856948853,0.6149142384529114,206883000,
2013-06-19,0.8999999761581421,0.9100000262260437,0.8849999904632568,0.9049999713897705,0.6252779364585876,43065000,
2013-06-20,0.8799999952316284,0.8899999856948853,0.875,0.8799999952316284,0.6080050468444824,48286000,
2013-06-21,0.8700000047683716,0.8899999856948853,0.8600000143051147,0.8799999952316284,0.6080050468444824,37549000,
2013-06-24,0.8799999952316284,0.8849999904632568,0.8600000143051147,0.8600000143051147,0.5941870212554932,18757000,
2013-06-25,0.8700000047683716,0.8700000047683716,0.8100000023841858,0.8600000143051147,0.5941870212554932,96613000,
2013-06-26,0.8600000143051147,0.8700000047683716,0.8500000238418579,0.8700000047683716,0.6010959148406982,26185000,
2013-06-27,0.8799999952316284,0.8899999856948853,0.8600000143051147,0.875,0.6045504808425903,66859000,
2013-06-28,0.8899999856948853,0.8899999856948853,0.8700000047683716,0.8700000047683716,0.6010959148406982,26049000,
2013-07-02,0.8700000047683716,0.8799999952316284,0.8600000143051147,0.8700000047683716,0.6010959148406982,19479000,
2013-07-03,0.8700000047683716,0.8799999952316284,0.8600000143051147,0.8600000143051147,0.5941870212554932,19156000,
2013-07-04,0.8600000143051147,0.8700000047683716,0.8500000238418579,0.8600000143051147,0.5941870212554932,17941000,
2013-07-05,0.8700000047683716,0.8999999761581421,0.8600000143051147,0.8899999856948853,0.6149142384529114,95307000,
2013-07-08,0.875,0.9100000262260437,0.8700000047683716,0.8999999761581421,0.6218234300613403,89028000,
2013-07-09,0.9100000262260437,0.9599999785423279,0.9049999713897705,0.9399999976158142,0.6494600772857666,379678000,
2013-07-10,0.925000011920929,0.9300000071525574,0.8899999856948853,0.8949999809265137,0.6183688044548035,132893000,
2013-07-11,0.9100000262260437,0.9150000214576721,0.8999999761581421,0.9049999713897705,0.6252779364585876,12132000,
2013-07-12,0.9100000262260437,0.9300000071525574,0.9049999713897705,0.9150000214576721,0.6321871280670166,53260000,
2013-07-15,0.925000011920929,0.9300000071525574,0.9100000262260437,0.9150000214576721,0.6321871280670166,25635000,
2013-07-16,0.9200000166893005,0.9350000023841858,0.9049999713897705,0.925000011920929,0.6390962600708008,41868000,
2013-07-17,0.925000011920929,0.925000011920929,0.9150000214576721,0.925000011920929,0.6390962600708008,13585000,
2013-07-18,0.925000011920929,1.0199999809265137,0.925000011920929,0.9900000095367432,0.684005618095398,387766000,
2013-07-19,1.0,1.0199999809265137,0.9800000190734863,1.0,0.6909149885177612,168500000,
2013-07-23,1.0299999713897705,1.0399999618530273,0.9900000095367432,0.9900000095367432,0.684005618095398,108447000,
2013-07-24,0.9900000095367432,1.059999942779541,0.9900000095367432,1.0299999713897705,0.7116421461105347,264525000,
2013-07-25,1.0299999713897705,1.090000033378601,1.0199999809265137,1.0399999618530273,0.7185514569282532,337628000,
2013-07-26,1.0399999618530273,1.090000033378601,1.0199999809265137,1.0700000524520874,0.7392788529396057,230748000,
2013-07-29,1.059999942779541,1.0700000524520874,1.0399999618530273,1.059999942779541,0.7323698997497559,83056000,
2013-07-30,1.0800000429153442,1.1299999952316284,1.0700000524520874,1.0800000429153442,0.7461879849433899,288897000,
2013-07-31,1.0800000429153442,1.0800000429153442,1.0299999713897705,1.059999942779541,0.7323698997497559,105333000,
2013-08-01,1.0700000524520874,1.0800000429153442,1.0499999523162842,1.059999942779541,0.7323698997497559,96085000,
2013-08-02,1.059999942779541,1.0700000524520874,1.0299999713897705,1.0499999523162842,0.7254607081413269,59397000,
2013-08-05,1.0499999523162842,1.059999942779541,1.0399999618530273,1.059999942779541,0.7323698997497559,21364000,
2013-08-06,1.0499999523162842,1.0800000429153442,1.0299999713897705,1.0800000429153442,0.7461879849433899,93965000,
2013-08-07,1.0700000524520874,1.159999966621399,1.0700000524520874,1.159999966621399,0.8014612793922424,235100000,
2013-08-08,1.159999966621399,1.1699999570846558,1.1399999856948853,1.149999976158142,0.7945521473884583,62708000,
2013-08-09,1.149999976158142,1.159999966621399,1.1100000143051147,1.149999976158142,0.7945521473884583,61471000,
2013-08-13,1.159999966621399,1.2000000476837158,1.159999966621399,1.190000057220459,0.8221889138221741,99949000,
2013-08-14,1.1699999570846558,1.2000000476837158,1.149999976158142,1.1699999570846558,0.8083704113960266,57144000,
2013-08-15,1.1699999570846558,1.1699999570846558,1.1299999952316284,1.1399999856948853,0.7876430749893188,40690000,
2013-08-16,1.1200000047683716,1.1399999856948853,1.100000023841858,1.1399999856948853,0.7876430749893188,64512000,
2013-08-19,1.1200000047683716,1.1200000047683716,1.059999942779541,1.0700000524520874,0.7392788529396057,85408000,
2013-08-20,1.0299999713897705,1.0399999618530273,0.9700000286102295,1.0199999809265137,0.70473313331604,142761000,
2013-08-21,0.9900000095367432,1.0399999618530273,0.9900000095367432,1.0099999904632568,0.6978240609169006,45047000,
2013-08-22,1.0,1.0299999713897705,0.9900000095367432,1.0099999904632568,0.6978240609169006,34975000,
2013-08-23,1.0199999809265137,1.0299999713897705,1.0,1.0099999904632568,0.7040981650352478,21269000,0.009
2013-08-26,1.0299999713897705,1.0299999713897705,0.9900000095367432,0.9900000095367432,0.6901556849479675,30566000,
2013-08-27,0.9800000190734863,0.9800000190734863,0.925000011920929,0.9399999976158142,0.6552993655204773,72616000,
2013-08-28,0.9049999713897705,0.9350000023841858,0.8999999761581421,0.9049999713897705,0.6308998465538025,19877000,
2013-08-29,0.9150000214576721,0.9399999976158142,0.9049999713897705,0.925000011920929,0.6448425054550171,20990000,
2013-08-30,0.9399999976158142,0.9399999976158142,0.925000011920929,0.9350000023841858,0.6518137454986572,6712000,
2013-09-02,0.949999988079071,0.9599999785423279,0.9300000071525574,0.949999988079071,0.6622705459594727,12149000,
2013-09-03,0.9599999785423279,0.9700000286102295,0.9399999976158142,0.949999988079071,0.6622705459594727,8610000,
2013-09-04,0.9599999785423279,0.9599999785423279,0.9399999976158142,0.949999988079071,0.6622705459594727,6299000,
2013-09-05,0.9599999785423279,0.9599999785423279,0.949999988079071,0.949999988079071,0.6622705459594727,2141000,
2013-09-06,0.9399999976158142,0.949999988079071,0.9350000023841858,0.949999988079071,0.6622705459594727,4104000,
2013-09-09,0.9599999785423279,1.0,0.9599999785423279,0.9900000095367432,0.6901556849479675,19176000,
2013-09-10,1.0,1.0199999809265137,0.9900000095367432,1.0099999904632568,0.7040981650352478,28650000,
2013-09-11,1.0099999904632568,1.059999942779541,1.0099999904632568,1.059999942779541,0.738954484462738,33108000,
2013-09-12,1.059999942779541,1.0700000524520874,1.0299999713897705,1.0299999713897705,0.7180405855178833,27258000,
2013-09-13,1.0099999904632568,1.0399999618530273,1.0099999904632568,1.0299999713897705,0.7180405855178833,39072000,
2013-09-16,1.0499999523162842,1.0800000429153442,1.0399999618530273,1.059999942779541,0.738954484462738,28717000,
2013-09-17,1.059999942779541,1.0700000524520874,1.0399999618530273,1.0499999523162842,0.7319831848144531,16955000,
2013-09-18,1.059999942779541,1.0700000524520874,1.0499999523162842,1.0700000524520874,0.7459258437156677,18941000,
2013-09-19,1.100000023841858,1.1100000143051147,1.0700000524520874,1.090000033378601,0.759868323802948,51516000,
2013-09-20,1.090000033378601,1.090000033378601,1.0399999618530273,1.0499999523162842,0.7319831848144531,24822000,
2013-09-23,1.0299999713897705,1.0399999618530273,1.0,1.0099999904632568,0.7040981650352478,21262000,
2013-09-24,1.0099999904632568,1.0199999809265137,1.0,1.0,0.6971271634101868,27005000,
2013-09-25,1.0,1.0399999618530273,1.0,1.0299999713897705,0.7180405855178833,6602000,
2013-09-26,1.0199999809265137,1.0299999713897705,1.0099999904632568,1.0199999809265137,0.7110694050788879,23709000,
2013-09-27,1.0299999713897705,1.0700000524520874,1.0199999809265137,1.0399999618530273,0.7250120639801025,48775000,
2013-09-30,1.0099999904632568,1.0199999809265137,1.0,1.0099999904632568,0.7040981650352478,6567000,
2013-10-01,1.0099999904632568,1.0199999809265137,1.0099999904632568,1.0099999904632568,0.7040981650352478,19197000,
2013-10-02,1.0199999809265137,1.0199999809265137,1.0,1.0,0.6971271634101868,17862000,
2013-10-03,1.0099999904632568,1.0199999809265137,1.0099999904632568,1.0199999809265137,0.7110694050788879,20751000,
2013-10-04,1.0099999904632568,1.0199999809265137,1.0,1.0099999904632568,0.7040981650352478,22268000,
2013-10-07,1.0099999904632568,1.0099999904632568,1.0,1.0099999904632568,0.7040981650352478,10972000,
2013-10-08,1.0099999904632568,1.0199999809265137,1.0,1.0099999904632568,0.7040981650352478,11215000,
2013-10-09,1.0,1.0099999904632568,1.0,1.0099999904632568,0.7040981650352478,17916000,
2013-10-10,1.0099999904632568,1.0199999809265137,1.0,1.0,0.6971271634101868,18201000,
2013-10-11,1.0199999809265137,1.0499999523162842,1.0099999904632568,1.0399999618530273,0.7250120639801025,38268000,
2013-10-14,1.0399999618530273,1.0399999618530273,1.0099999904632568,1.0299999713897705,0.7180405855178833,27104000,
2013-10-15,1.0399999618530273,1.0399999618530273,1.0199999809265137,1.0299999713897705,0.7180405855178833,12388000,
2013-10-16,1.0299999713897705,1.0299999713897705,1.0099999904632568,1.0099999904632568,0.7040981650352478,8589000,
2013-10-17,1.0299999713897705,1.0399999618530273,1.0099999904632568,1.0199999809265137,0.7110694050788879,12346000,
2013-10-18,1.0299999713897705,1.0399999618530273,1.0199999809265137,1.0299999713897705,0.7180405855178833,3200000,
2013-10-21,1.0299999713897705,1.0299999713897705,1.0,1.0,0.6971271634101868,9448000,
2013-10-22,1.0,1.0199999809265137,1.0,1.0199999809265137,0.7110694050788879,8351000,
2013-10-24,1.0199999809265137,1.0399999618530273,1.0099999904632568,1.0299999713897705,0.7180405855178833,14328000,
2013-10-25,1.0399999618530273,1.0700000524520874,1.0299999713897705,1.0499999523162842,0.7319831848144531,24870000,
2013-10-28,1.0499999523162842,1.059999942779541,1.0299999713897705,1.0399999618530273,0.7250120639801025,11574000,
2013-10-29,1.0499999523162842,1.0499999523162842,1.0299999713897705,1.0299999713897705,0.7180405855178833,1993000,
2013-10-30,1.0299999713897705,1.0299999713897705,1.0099999904632568,1.0199999809265137,0.7110694050788879,14152000,
2013-10-31,1.0199999809265137,1.0199999809265137,1.0099999904632568,1.0199999809265137,0.7110694050788879,2257000,
2013-11-01,1.0199999809265137,1.0199999809265137,1.0099999904632568,1.0099999904632568,0.7040981650352478,5704000,
2013-11-04,1.0,1.0099999904632568,1.0,1.0,0.6971271634101868,7002000,
2013-11-05,1.0,1.0099999904632568,1.0,1.0099999904632568,0.7040981650352478,2523000,
2013-11-06,1.0099999904632568,1.0199999809265137,1.0,1.0199999809265137,0.7110694050788879,4711000,
2013-11-07,1.0199999809265137,1.0199999809265137,1.0,1.0,0.6971271634101868,5184000,
2013-11-08,1.0099999904632568,1.0199999809265137,1.0,1.0099999904632568,0.7040981650352478,5995000,
2013-11-11,1.0,1.0099999904632568,1.0,1.0099999904632568,0.7040981650352478,6750000,
2013-11-12,1.0399999618530273,1.0399999618530273,1.0199999809265137,1.0299999713897705,0.7180405855178833,6003000,
2013-11-13,1.0299999713897705,1.0299999713897705,1.0099999904632568,1.0199999809265137,0.7110694050788879,2587000,
2013-11-14,1.0299999713897705,1.0299999713897705,1.0199999809265137,1.0199999809265137,0.7110694050788879,629000,
2013-11-15,1.0199999809265137,1.0299999713897705,1.0199999809265137,1.0299999713897705,0.7180405855178833,2619000,
2013-11-18,1.0299999713897705,1.0299999713897705,1.0,1.0099999904632568,0.7040981650352478,13941000,
2013-11-19,1.0099999904632568,1.0099999904632568,1.0,1.0099999904632568,0.7040981650352478,8867000,
2013-11-20,1.0099999904632568,1.0099999904632568,1.0,1.0099999904632568,0.7040981650352478,13146000,
2013-11-21,1.0099999904632568,1.0099999904632568,1.0,1.0099999904632568,0.7040981650352478,8114000,
2013-11-22,1.0,1.0,1.0,1.0,0.7033950090408325,2480000,0.009
2013-11-25,1.0,1.0,0.9900000095367432,0.9900000095367432,0.6963608264923096,5100000,
2013-11-26,0.9900000095367432,1.0299999713897705,0.9900000095367432,1.0199999809265137,0.7174627184867859,12777000,
2013-11-27,1.0199999809265137,1.0299999713897705,1.0099999904632568,1.0199999809265137,0.7174627184867859,16742000,
2013-11-28,1.0199999809265137,1.0299999713897705,1.0099999904632568,1.0099999904632568,0.7104286551475525,1320000,
2013-11-29,1.0099999904632568,1.0099999904632568,1.0,1.0099999904632568,0.7104286551475525,1344000,
2013-12-02,1.0099999904632568,1.0099999904632568,1.0,1.0099999904632568,0.7104286551475525,1471000,
2013-12-03,1.0199999809265137,1.0199999809265137,1.0,1.0099999904632568,0.7104286551475525,1811000,
2013-12-04,1.0099999904632568,1.0199999809265137,1.0,1.0199999809265137,0.7174627184867859,2740000,
2013-12-06,1.0,1.0199999809265137,1.0,1.0,0.7033950090408325,3615000,
2013-12-09,1.0199999809265137,1.0199999809265137,1.0,1.0,0.7033950090408325,1655000,
2013-12-11,1.0,1.0099999904632568,1.0,1.0099999904632568,0.7104286551475525,17295000,
2013-12-12,1.0,1.0,1.0,1.0,0.7033950090408325,7804000,
2013-12-13,1.0,1.0,0.9900000095367432,0.9900000095367432,0.6963608264923096,7638000,
2013-12-16,1.0,1.0,0.9800000190734863,0.9900000095367432,0.6963608264923096,5418000,
2013-12-17,0.9900000095367432,1.0,0.9900000095367432,1.0,0.7033950090408325,1466000,
2013-12-18,1.0,1.0,0.9900000095367432,1.0,0.7033950090408325,1582000,
2013-12-19,0.9900000095367432,1.0,0.9900000095367432,0.9900000095367432,0.6963608264923096,9541000,
2013-12-20,1.0,1.0,0.9900000095367432,0.9900000095367432,0.6963608264923096,1262000,
2013-12-23,0.9900000095367432,1.0199999809265137,0.9900000095367432,1.0099999904632568,0.7104286551475525,10984000,
2013-12-24,1.0099999904632568,1.0099999904632568,1.0,1.0,0.7033950090408325,364000,
2013-12-25,1.0,1.0,0.9900000095367432,1.0,0.7033950090408325,562000,
2013-12-26,1.0,1.0099999904632568,0.9800000190734863,1.0,0.7033950090408325,6165000,
2013-12-27,1.0,1.0,0.9700000286102295,1.0,0.7033950090408325,6321000,
2014-01-02,1.0,1.0,0.9599999785423279,0.9599999785423279,0.6752590537071228,5632000,
2014-01-03,0.9399999976158142,0.9599999785423279,0.9300000071525574,0.949999988079071,0.668225109577179,4872000,
2014-01-06,0.9399999976158142,0.949999988079071,0.9399999976158142,0.9399999976158142,0.6611911654472351,2136000,
2014-01-07,0.949999988079071,0.9700000286102295,0.949999988079071,0.9700000286102295,0.6822931170463562,3979000,
2014-01-08,0.9800000190734863,0.9800000190734863,0.9599999785423279,0.9700000286102295,0.6822931170463562,2991000,
2014-01-09,0.9700000286102295,0.9900000095367432,0.9700000286102295,0.9800000190734863,0.6893270015716553,4417000,
2014-01-10,0.9599999785423279,0.9700000286102295,0.949999988079071,0.9700000286102295,0.6822931170463562,3606000,
2014-01-13,0.9700000286102295,0.9800000190734863,0.9599999785423279,0.9800000190734863,0.6893270015716553,1818000,
2014-01-14,0.9800000190734863,0.9900000095367432,0.9800000190734863,0.9800000190734863,0.6893270015716553,844000,
2014-01-15,0.9700000286102295,0.9800000190734863,0.9700000286102295,0.9800000190734863,0.6893270015716553,826000,
2014-01-16,0.9900000095367432,0.9900000095367432,0.9700000286102295,0.9900000095367432,0.6963608264923096,1425000,
2014-01-17,0.9800000190734863,1.0499999523162842,0.9800000190734863,1.0199999809265137,0.7174627184867859,26405000,
2014-01-20,1.0199999809265137,1.0299999713897705,1.0099999904632568,1.0099999904632568,0.7104286551475525,3533000,
2014-01-21,1.0199999809265137,1.0199999809265137,1.0099999904632568,1.0199999809265137,0.7174627184867859,2524000,
2014-01-22,1.0299999713897705,1.0399999618530273,1.0199999809265137,1.0299999713897705,0.7244965434074402,9993000,
2014-01-23,1.0199999809265137,1.0299999713897705,1.0199999809265137,1.0199999809265137,0.7174627184867859,4494000,
2014-01-24,1.0299999713897705,1.0299999713897705,1.0099999904632568,1.0199999809265137,0.7174627184867859,2990000,
2014-01-27,1.0299999713897705,1.0299999713897705,1.0,1.0099999904632568,0.7104286551475525,1324000,
2014-01-28,1.0199999809265137,1.0199999809265137,1.0,1.0,0.7033950090408325,1264000,
2014-01-29,1.0,1.0099999904632568,1.0,1.0,0.7033950090408325,1368000,
2014-01-30,1.0,1.0099999904632568,1.0,1.0,0.7033950090408325,784000,
2014-01-31,1.0,1.0,1.0,1.0,0.7033950090408325,1981000,
2014-02-03,1.0,1.0099999904632568,1.0,1.0,0.7033950090408325,1366000,
2014-02-04,1.0,1.0800000429153442,1.0,1.0299999713897705,0.7244965434074402,19221000,
2014-02-05,1.0399999618530273,1.0399999618530273,1.0199999809265137,1.0199999809265137,0.7174627184867859,2602000,
2014-02-06,1.0199999809265137,1.0299999713897705,1.0099999904632568,1.0199999809265137,0.7174627184867859,2480000,
2014-02-07,1.0199999809265137,1.0199999809265137,1.0099999904632568,1.0099999904632568,0.7104286551475525,3406000,
2014-02-10,1.0199999809265137,1.0199999809265137,1.0,1.0,0.7033950090408325,1814000,
2014-02-11,1.0,1.0099999904632568,1.0,1.0,0.7033950090408325,4972000,
2014-02-12,1.0,1.0099999904632568,1.0,1.0,0.7033950090408325,2225000,
2014-02-13,1.0099999904632568,1.0099999904632568,1.0,1.0,0.7033950090408325,6802000,
2014-02-17,1.0,1.0399999618530273,1.0,1.0199999809265137,0.7174627184867859,10095000,
2014-02-18,1.0299999713897705,1.0299999713897705,1.0099999904632568,1.0199999809265137,0.7174627184867859,10168000,
2014-02-19,1.0299999713897705,1.0499999523162842,1.0299999713897705,1.0499999523162842,0.7385644316673279,16356000,
2014-02-20,1.0399999618530273,1.0499999523162842,1.0099999904632568,1.0199999809265137,0.7174627184867859,5274000,
2014-02-21,1.0299999713897705,1.0299999713897705,1.0099999904632568,1.0199999809265137,0.7174627184867859,5097000,
2014-02-24,1.0199999809265137,1.0499999523162842,1.0099999904632568,1.0399999618530273,0.7315306663513184,8507000,
2014-02-25,1.0399999618530273,1.0399999618530273,1.0299999713897705,1.0299999713897705,0.7244965434074402,662000,
2014-02-26,1.0299999713897705,1.0299999713897705,1.0199999809265137,1.0199999809265137,0.7174627184867859,2040000,
2014-02-27,1.0199999809265137,1.0199999809265137,1.0099999904632568,1.0099999904632568,0.7104286551475525,3542000,
2014-02-28,1.0099999904632568,1.0199999809265137,1.0099999904632568,1.0199999809265137,0.7174627184867859,1846000,
2014-03-03,1.0199999809265137,1.0299999713897705,1.0099999904632568,1.0199999809265137,0.7174627184867859,5042000,
2014-03-04,1.0199999809265137,1.0299999713897705,1.0199999809265137,1.0299999713897705,0.7244965434074402,4312000,
2014-03-05,1.0299999713897705,1.0399999618530273,1.0199999809265137,1.0299999713897705,0.7244965434074402,2515000,
2014-03-06,1.0299999713897705,1.0299999713897705,1.0199999809265137,1.0199999809265137,0.7174627184867859,2451000,
2014-03-07,1.0199999809265137,1.0499999523162842,1.0199999809265137,1.0499999523162842,0.7385644316673279,10870000,
2014-03-10,1.0399999618530273,1.0499999523162842,1.0299999713897705,1.0299999713897705,0.7244965434074402,4732000,
2014-03-11,1.0399999618530273,1.0499999523162842,1.0299999713897705,1.0399999618530273,0.7315306663513184,5655000,
2014-03-12,1.0399999618530273,1.0399999618530273,1.0299999713897705,1.0299999713897705,0.7244965434074402,3272000,
2014-03-13,1.0299999713897705,1.0399999618530273,1.0299999713897705,1.0399999618530273,0.7315306663513184,3690000,
2014-03-14,1.0299999713897705,1.0399999618530273,1.0299999713897705,1.0299999713897705,0.7244965434074402,11801000,
2014-03-17,1.0299999713897705,1.0399999618530273,1.0299999713897705,1.0399999618530273,0.7315306663513184,3576000,
2014-03-18,1.0299999713897705,1.0399999618530273,1.0299999713897705,1.0299999713897705,0.7244965434074402,2673000,
2014-03-19,1.0299999713897705,1.059999942779541,1.0199999809265137,1.059999942779541,0.7455983757972717,27207000,
2014-03-20,1.0399999618530273,1.059999942779541,1.0399999618530273,1.0499999523162842,0.7385644316673279,4063000,
2014-03-21,1.059999942779541,1.059999942779541,1.0399999618530273,1.0499999523162842,0.7385644316673279,3711000,
2014-03-24,1.0399999618530273,1.0499999523162842,1.0299999713897705,1.0299999713897705,0.7244965434074402,6736000,
2014-03-25,1.0399999618530273,1.0399999618530273,1.0299999713897705,1.0299999713897705,0.7244965434074402,1942000,
2014-03-26,1.0399999618530273,1.059999942779541,1.0399999618530273,1.0499999523162842,0.7385644316673279,7814000,
2014-03-27,1.059999942779541,1.0800000429153442,1.059999942779541,1.0700000524520874,0.7526324391365051,28146000,
2014-03-28,1.0700000524520874,1.0800000429153442,1.059999942779541,1.059999942779541,0.7455983757972717,10818000,
2014-03-31,1.059999942779541,1.0700000524520874,1.0499999523162842,1.0499999523162842,0.7385644316673279,6788000,
2014-04-01,1.059999942779541,1.0700000524520874,1.0499999523162842,1.059999942779541,0.7455983757972717,4229000,
2014-04-02,1.059999942779541,1.0700000524520874,1.059999942779541,1.0700000524520874,0.7526324391365051,2488000,
2014-04-03,1.0700000524520874,1.0700000524520874,1.059999942779541,1.059999942779541,0.7455983757972717,3863000,
2014-04-04,1.059999942779541,1.0800000429153442,1.059999942779541,1.0800000429153442,0.7596665024757385,4670000,
2014-04-08,1.0800000429153442,1.1100000143051147,1.0800000429153442,1.100000023841858,0.7737343311309814,28162000,
2014-04-09,1.1100000143051147,1.1100000143051147,1.0700000524520874,1.0800000429153442,0.7596665024757385,10979000,
2014-04-10,1.090000033378601,1.100000023841858,1.0700000524520874,1.0700000524520874,0.7526324391365051,7654000,
2014-04-11,1.0700000524520874,1.090000033378601,1.059999942779541,1.0800000429153442,0.7596665024757385,4186000,
2014-04-16,1.090000033378601,1.100000023841858,1.0800000429153442,1.100000023841858,0.7737343311309814,9388000,
2014-04-17,1.100000023841858,1.1100000143051147,1.0800000429153442,1.090000033378601,0.7667003273963928,8572000,
2014-04-18,1.100000023841858,1.100000023841858,1.090000033378601,1.100000023841858,0.7737343311309814,4581000,
2014-04-21,1.090000033378601,1.100000023841858,1.0800000429153442,1.090000033378601,0.7667003273963928,4557000,
2014-04-22,1.090000033378601,1.090000033378601,1.0800000429153442,1.0800000429153442,0.7596665024757385,2929000,
2014-04-23,1.0800000429153442,1.100000023841858,1.0800000429153442,1.090000033378601,0.7667003273963928,13128000,
2014-04-24,1.090000033378601,1.100000023841858,1.0800000429153442,1.090000033378601,0.7667003273963928,10382000,
2014-04-25,1.090000033378601,1.090000033378601,1.0800000429153442,1.0800000429153442,0.7596665024757385,8642000,
2014-04-28,1.0700000524520874,1.0800000429153442,1.0700000524520874,1.0700000524520874,0.7589571475982666,310000,0.009
2014-04-29,1.0700000524520874,1.0700000524520874,1.0700000524520874,1.0700000524520874,0.7589571475982666,0,
2014-04-30,1.0700000524520874,1.100000023841858,1.0700000524520874,1.090000033378601,0.7731432318687439,18498000,
2014-05-02,1.090000033378601,1.159999966621399,1.090000033378601,1.159999966621399,0.8227946162223816,68923000,
2014-05-06,1.159999966621399,1.1699999570846558,1.1100000143051147,1.1399999856948853,0.8086084723472595,17974000,
2014-05-07,1.1200000047683716,1.1399999856948853,1.1100000143051147,1.1299999952316284,0.8015155792236328,11276000,
2014-05-08,1.1399999856948853,1.1399999856948853,1.090000033378601,1.1299999952316284,0.8015155792236328,8965000,
2014-05-09,1.1200000047683716,1.1200000047683716,1.100000023841858,1.1100000143051147,0.7873295545578003,2240000,
2014-05-12,1.1200000047683716,1.1299999952316284,1.1100000143051147,1.1299999952316284,0.8015155792236328,3092000,
2014-05-14,1.1299999952316284,1.159999966621399,1.1299999952316284,1.159999966621399,0.8227946162223816,14974000,
2014-05-15,1.159999966621399,1.159999966621399,1.1299999952316284,1.149999976158142,0.8157014846801758,8073000,
2014-05-16,1.149999976158142,1.149999976158142,1.1399999856948853,1.1399999856948853,0.8086084723472595,3286000,
2014-05-19,1.1399999856948853,1.190000057220459,1.1399999856948853,1.190000057220459,0.8440737724304199,31432000,
2014-05-20,1.1699999570846558,1.2599999904632568,1.159999966621399,1.2100000381469727,0.8582598567008972,81147000,
2014-05-21,1.2200000286102295,1.25,1.2100000381469727,1.2400000095367432,0.8795393109321594,36657000,
2014-05-22,1.25,1.2599999904632568,1.2200000286102295,1.2300000190734863,0.8724460005760193,27147000,
2014-05-23,1.2000000476837158,1.2599999904632568,1.2000000476837158,1.25,0.8866320252418518,38398000,
2014-05-26,1.25,1.2599999904632568,1.2200000286102295,1.2200000286102295,0.8653531074523926,24318000,
2014-05-27,1.2200000286102295,1.2899999618530273,1.2200000286102295,1.2400000095367432,0.8795393109321594,56664000,
2014-05-28,1.25,1.2799999713897705,1.25,1.2599999904632568,0.8937250971794128,22053000,
2014-05-29,1.2699999809265137,1.2799999713897705,1.2599999904632568,1.2699999809265137,0.9008182287216187,15371000,
2014-05-30,1.2699999809265137,1.2699999809265137,1.2300000190734863,1.25,0.8866320252418518,23570000,
2014-06-02,1.2599999904632568,1.2699999809265137,1.25,1.25,0.8866320252418518,16595000,
2014-06-03,1.2599999904632568,1.2599999904632568,1.2300000190734863,1.2300000190734863,0.8724460005760193,14798000,
2014-06-04,1.2400000095367432,1.2699999809265137,1.2300000190734863,1.25,0.8866320252418518,14124000,
2014-06-05,1.25,1.2699999809265137,1.25,1.2599999904632568,0.8937250971794128,9630000,
2014-06-06,1.2699999809265137,1.2799999713897705,1.2599999904632568,1.2699999809265137,0.9008182287216187,10536000,
2014-06-09,1.2699999809265137,1.2799999713897705,1.2599999904632568,1.2799999713897705,0.9079115390777588,12208000,
2014-06-10,1.2699999809265137,1.2899999618530273,1.2599999904632568,1.2599999904632568,0.8937250971794128,15162000,
2014-06-11,1.2799999713897705,1.2799999713897705,1.25,1.2599999904632568,0.8937250971794128,11321000,
2014-06-12,1.2599999904632568,1.2699999809265137,1.25,1.2699999809265137,0.9008182287216187,2958000,
2014-06-13,1.2699999809265137,1.2699999809265137,1.2599999904632568,1.2599999904632568,0.8937250971794128,6416000,
2014-06-16,1.2599999904632568,1.340000033378601,1.2599999904632568,1.3300000429153442,0.9433766007423401,41919000,
2014-06-17,1.340000033378601,1.340000033378601,1.2899999618530273,1.2999999523162842,0.9220974445343018,41701000,
2014-06-18,1.2999999523162842,1.309999942779541,1.2799999713897705,1.2899999618530273,0.9150044322013855,12652000,
2014-06-19,1.2799999713897705,1.309999942779541,1.2799999713897705,1.309999942779541,0.9291905164718628,9338000,
2014-06-20,1.3200000524520874,1.340000033378601,1.309999942779541,1.3200000524520874,0.9362833499908447,20679000,
2014-06-23,1.3200000524520874,1.350000023841858,1.3200000524520874,1.3300000429153442,0.9433766007423401,32348000,
2014-06-24,1.3300000429153442,1.3799999952316284,1.3300000429153442,1.3700000047683716,0.9717488288879395,53246000,
2014-06-25,1.3700000047683716,1.409999966621399,1.350000023841858,1.350000023841858,0.9575626850128174,134426000,
2014-06-26,1.3600000143051147,1.3600000143051147,1.340000033378601,1.340000033378601,0.9504695534706116,19956000,
2014-06-27,1.350000023841858,1.3600000143051147,1.3300000429153442,1.340000033378601,0.9504695534706116,18569000,
2014-06-30,1.350000023841858,1.350000023841858,1.3300000429153442,1.3300000429153442,0.9433766007423401,16321000,
2014-07-02,1.3300000429153442,1.350000023841858,1.3200000524520874,1.340000033378601,0.9504695534706116,12730000,
2014-07-03,1.340000033378601,1.340000033378601,1.3200000524520874,1.3300000429153442,0.9433766007423401,12784000,
2014-07-04,1.3300000429153442,1.340000033378601,1.3200000524520874,1.3300000429153442,0.9433766007423401,10018000,
2014-07-07,1.3300000429153442,1.3300000429153442,1.309999942779541,1.309999942779541,0.9291905164718628,17003000,
2014-07-08,1.2999999523162842,1.3300000429153442,1.2999999523162842,1.309999942779541,0.9291905164718628,6647000,
2014-07-09,1.309999942779541,1.3200000524520874,1.309999942779541,1.309999942779541,0.9291905164718628,5740000,
2014-07-10,1.3200000524520874,1.3200000524520874,1.309999942779541,1.309999942779541,0.9291905164718628,5418000,
2014-07-14,1.3300000429153442,1.350000023841858,1.3300000429153442,1.3300000429153442,0.9433766007423401,11977000,
2014-07-15,1.3200000524520874,1.340000033378601,1.3200000524520874,1.3300000429153442,0.9433766007423401,7842000,
2014-07-16,1.3200000524520874,1.3300000429153442,1.3200000524520874,1.3300000429153442,0.9433766007423401,3235000,
2014-07-17,1.3200000524520874,1.3300000429153442,1.3200000524520874,1.3300000429153442,0.9433766007423401,3966000,
2014-07-18,1.3200000524520874,1.3300000429153442,1.3200000524520874,1.3200000524520874,0.9362833499908447,2324000,
2014-07-21,1.3200000524520874,1.340000033378601,1.3200000524520874,1.340000033378601,0.9504695534706116,15613000,
2014-07-22,1.340000033378601,1.340000033378601,1.309999942779541,1.3200000524520874,0.9362833499908447,9880000,
2014-07-23,1.3200000524520874,1.340000033378601,1.3200000524520874,1.340000033378601,0.9504695534706116,5403000,
2014-07-24,1.340000033378601,1.340000033378601,1.309999942779541,1.3300000429153442,0.9433766007423401,14113000,
2014-07-25,1.3300000429153442,1.3799999952316284,1.3200000524520874,1.3700000047683716,0.9717488288879395,51753000,
2014-07-28,1.3700000047683716,1.3799999952316284,1.350000023841858,1.3600000143051147,0.9646559357643127,12890000,
2014-07-29,1.3700000047683716,1.3700000047683716,1.3200000524520874,1.3200000524520874,0.9362833499908447,21351000,
2014-07-30,1.3200000524520874,1.350000023841858,1.3200000524520874,1.350000023841858,0.9575626850128174,45516000,
2014-07-31,1.350000023841858,1.399999976158142,1.3300000429153442,1.340000033378601,0.9504695534706116,56663000,
2014-08-01,1.3300000429153442,1.350000023841858,1.3300000429153442,1.340000033378601,0.9504695534706116,15388000,
2014-08-04,1.340000033378601,1.3600000143051147,1.3300000429153442,1.350000023841858,0.9575626850128174,5089000,
2014-08-05,1.350000023841858,1.4299999475479126,1.350000023841858,1.399999976158142,0.9930278062820435,152551000,
2014-08-06,1.409999966621399,1.409999966621399,1.3799999952316284,1.3799999952316284,0.9788419604301453,76171000,
2014-08-07,1.3899999856948853,1.399999976158142,1.3700000047683716,1.3799999952316284,0.9788419604301453,28980000,
2014-08-08,1.3700000047683716,1.3799999952316284,1.3700000047683716,1.3700000047683716,0.9717488288879395,9359000,
2014-08-13,1.3799999952316284,1.4199999570846558,1.3799999952316284,1.409999966621399,1.000120997428894,30141000,
2014-08-14,1.4299999475479126,1.4900000095367432,1.399999976158142,1.4800000190734863,1.0497723817825317,93423000,
2014-08-15,1.4800000190734863,1.4900000095367432,1.4600000381469727,1.4600000381469727,1.0355863571166992,2302000,
2014-08-18,1.4600000381469727,1.4600000381469727,1.4600000381469727,1.4600000381469727,1.0355863571166992,0,
2014-08-19,1.4700000286102295,1.5199999809265137,1.4700000286102295,1.4900000095367432,1.0568655729293823,22480000,
2014-08-20,1.5,1.5299999713897705,1.5,1.5299999713897705,1.085237741470337,27957000,
2014-08-21,1.5399999618530273,1.559999942779541,1.5299999713897705,1.559999942779541,1.1065168380737305,28765000,
2014-08-22,1.5700000524520874,1.5700000524520874,1.5299999713897705,1.559999942779541,1.1065168380737305,25255000,
2014-08-25,1.5399999618530273,1.5499999523162842,1.5399999618530273,1.5399999618530273,1.0993776321411133,12414000,0.01
2014-08-26,1.559999942779541,1.6100000143051147,1.5499999523162842,1.5800000429153442,1.127933382987976,34389000,
2014-08-27,1.6299999952316284,1.690000057220459,1.6200000047683716,1.649999976158142,1.1779050827026367,85723000,
2014-08-28,1.6799999475479126,1.7799999713897705,1.6799999475479126,1.7400000095367432,1.2421547174453735,124456000,
2014-08-29,1.7300000190734863,1.7699999809265137,1.7100000381469727,1.7699999809265137,1.2635712623596191,51261000,
2014-09-01,1.75,1.7599999904632568,1.7400000095367432,1.7400000095367432,1.2421547174453735,47324000,
2014-09-02,1.75,1.7599999904632568,1.7300000190734863,1.7300000190734863,1.235015630722046,28771000,
2014-09-03,1.7400000095367432,1.7699999809265137,1.7200000286102295,1.7400000095367432,1.2421547174453735,58388000,
2014-09-04,1.75,1.7599999904632568,1.6699999570846558,1.7200000286102295,1.2278770208358765,33079000,
2014-09-05,1.7200000286102295,1.7200000286102295,1.690000057220459,1.7100000381469727,1.2207380533218384,47675000,
2014-09-08,1.7100000381469727,1.7100000381469727,1.659999966621399,1.6699999570846558,1.1921824216842651,61987000,
2014-09-09,1.659999966621399,1.7000000476837158,1.659999966621399,1.6799999475479126,1.1993216276168823,41914000,
2014-09-10,1.6699999570846558,1.7400000095367432,1.6200000047683716,1.7300000190734863,1.235015630722046,99328000,
2014-09-11,1.7400000095367432,1.7799999713897705,1.7200000286102295,1.7599999904632568,1.2564319372177124,69721000,
2014-09-12,1.7400000095367432,1.7899999618530273,1.7300000190734863,1.7799999713897705,1.270709753036499,68232000,
2014-09-15,1.7799999713897705,1.7799999713897705,1.75,1.7599999904632568,1.2564319372177124,13397000,
2014-09-16,1.7699999809265137,1.7699999809265137,1.7400000095367432,1.7400000095367432,1.2421547174453735,18291000,
2014-09-17,1.7699999809265137,1.8300000429153442,1.7599999904632568,1.7799999713897705,1.270709753036499,82236000,
2014-09-18,1.7899999618530273,1.7899999618530273,1.7699999809265137,1.7699999809265137,1.2635712623596191,16671000,
2014-09-19,1.7899999618530273,1.809999942779541,1.7699999809265137,1.7799999713897705,1.270709753036499,31823000,
2014-09-22,1.7799999713897705,1.809999942779541,1.7699999809265137,1.7899999618530273,1.2778481245040894,30845000,
2014-09-23,1.7899999618530273,1.809999942779541,1.7799999713897705,1.7899999618530273,1.2778481245040894,24513000,
2014-09-24,1.7899999618530273,1.7899999618530273,1.7799999713897705,1.7899999618530273,1.2778481245040894,7230000,
2014-09-25,1.7899999618530273,1.8300000429153442,1.7799999713897705,1.809999942779541,1.2921260595321655,23202000,
2014-09-26,1.809999942779541,1.840000033378601,1.7999999523162842,1.8200000524520874,1.2992650270462036,14957000,
2014-09-29,1.8200000524520874,1.8300000429153442,1.7999999523162842,1.809999942779541,1.2921260595321655,29621000,
2014-09-30,1.809999942779541,1.8300000429153442,1.7999999523162842,1.8200000524520874,1.2992650270462036,11922000,
2014-10-01,1.8300000429153442,1.8300000429153442,1.809999942779541,1.8200000524520874,1.2992650270462036,7801000,
2014-10-02,1.8200000524520874,1.8200000524520874,1.7999999523162842,1.809999942779541,1.2921260595321655,19684000,
2014-10-03,1.809999942779541,1.8300000429153442,1.7699999809265137,1.809999942779541,1.2921260595321655,21052000,
2014-10-06,1.7899999618530273,1.7999999523162842,1.7300000190734863,1.7999999523162842,1.2849870920181274,39752000,
2014-10-07,1.7699999809265137,1.7899999618530273,1.7699999809265137,1.7699999809265137,1.2635712623596191,8455000,
2014-10-08,1.75,1.809999942779541,1.75,1.809999942779541,1.2921260595321655,12454000,
2014-10-09,1.8200000524520874,1.8200000524520874,1.7799999713897705,1.7799999713897705,1.270709753036499,14549000,
2014-10-10,1.7699999809265137,1.7999999523162842,1.7599999904632568,1.7699999809265137,1.2635712623596191,13010000,
2014-10-13,1.7599999904632568,1.7799999713897705,1.75,1.7799999713897705,1.270709753036499,13036000,
2014-10-14,1.7799999713897705,1.7799999713897705,1.7599999904632568,1.7599999904632568,1.2564319372177124,7828000,
2014-10-15,1.7599999904632568,1.7799999713897705,1.7599999904632568,1.7599999904632568,1.2564319372177124,4784000,
2014-10-16,1.7599999904632568,1.7599999904632568,1.7400000095367432,1.7400000095367432,1.2421547174453735,16892000,
2014-10-17,1.8200000524520874,1.8700000047683716,1.7899999618530273,1.8300000429153442,1.3064037561416626,149143000,
2014-10-20,1.840000033378601,1.9299999475479126,1.8300000429153442,1.9299999475479126,1.3777921199798584,115465000,
2014-10-21,1.9500000476837158,2.0299999713897705,1.940000057220459,2.0,1.427763819694519,80859000,
2014-10-22,2.0,2.009999990463257,1.9500000476837158,1.9700000286102295,1.4063475131988525,27538000,
2014-10-24,1.9800000190734863,2.0,1.9800000190734863,2.0,1.427763819694519,18488000,
2014-10-27,2.0,2.0,1.9700000286102295,1.9900000095367432,1.42062509059906,11357000,
2014-10-28,1.9700000286102295,1.9900000095367432,1.9700000286102295,1.9800000190734863,1.4134862422943115,11146000,
2014-10-29,1.9700000286102295,2.069999933242798,1.9700000286102295,2.0299999713897705,1.4491803646087646,1388000,
2014-10-30,2.0299999713897705,2.0299999713897705,2.0299999713897705,2.0299999713897705,1.4491803646087646,0,
2014-10-31,2.0199999809265137,2.0199999809265137,1.9900000095367432,2.009999990463257,1.434902310371399,16421000,
2014-11-03,1.9900000095367432,2.009999990463257,1.9800000190734863,1.9900000095367432,1.42062509059906,15702000,
2014-11-04,1.9900000095367432,2.009999990463257,1.9900000095367432,2.0,1.427763819694519,8562000,
2014-11-05,2.0199999809265137,2.0199999809265137,1.9900000095367432,2.009999990463257,1.434902310371399,10006000,
2014-11-06,2.009999990463257,2.009999990463257,1.9900000095367432,1.9900000095367432,1.42062509059906,6776000,
2014-11-07,2.0,2.0,1.9700000286102295,1.9700000286102295,1.4063475131988525,7317000,
2014-11-10,1.9700000286102295,1.9800000190734863,1.940000057220459,1.9600000381469727,1.399208664894104,16843000,
2014-11-11,1.899999976158142,1.9600000381469727,1.8799999952316284,1.9299999475479126,1.3777921199798584,22804000,
2014-11-12,1.899999976158142,1.9199999570846558,1.8300000429153442,1.850000023841858,1.3206815719604492,37481000,
2014-11-13,1.840000033378601,1.8799999952316284,1.8200000524520874,1.8799999952316284,1.3420978784561157,15957000,
2014-11-14,1.8700000047683716,1.9500000476837158,1.8700000047683716,1.9500000476837158,1.392069697380066,9225000,
2014-11-17,1.9600000381469727,1.9600000381469727,1.9299999475479126,1.940000057220459,1.384930968284607,6959000,
2014-11-18,1.9199999570846558,1.9600000381469727,1.9199999570846558,1.940000057220459,1.384930968284607,4690000,
2014-11-19,1.940000057220459,1.940000057220459,1.9199999570846558,1.9299999475479126,1.3777921199798584,4649000,
2014-11-20,1.909999966621399,1.9199999570846558,1.8899999856948853,1.909999966621399,1.3706159591674805,17038000,0.01
2014-11-21,1.899999976158142,1.9299999475479126,1.899999976158142,1.899999976158142,1.3634400367736816,4464000,
2014-11-24,1.899999976158142,1.9299999475479126,1.899999976158142,1.9199999570846558,1.3777920007705688,2767000,
2014-11-25,1.9299999475479126,1.9600000381469727,1.909999966621399,1.9600000381469727,1.406496286392212,9627000,
2014-11-26,1.9700000286102295,1.9700000286102295,1.940000057220459,1.9600000381469727,1.406496286392212,5238000,
2014-11-27,1.9600000381469727,1.9700000286102295,1.940000057220459,1.9500000476837158,1.3993200063705444,2247000,
2014-11-28,1.9600000381469727,1.9600000381469727,1.909999966621399,1.909999966621399,1.3706159591674805,11481000,
2014-12-01,1.909999966621399,1.9299999475479126,1.909999966621399,1.9199999570846558,1.3777920007705688,4807000,
2014-12-02,1.909999966621399,1.9299999475479126,1.909999966621399,1.9299999475479126,1.3849679231643677,4904000,
2014-12-03,1.9199999570846558,1.9299999475479126,1.8899999856948853,1.899999976158142,1.3634400367736816,5173000,
2014-12-04,1.899999976158142,1.909999966621399,1.8899999856948853,1.8899999856948853,1.3562639951705933,1751000,
2014-12-08,1.909999966621399,1.909999966621399,1.850000023841858,1.8600000143051147,1.3347361087799072,7930000,
2014-12-09,1.850000023841858,1.8899999856948853,1.850000023841858,1.8600000143051147,1.3347361087799072,3607000,
2014-12-11,1.8600000143051147,1.8799999952316284,1.7999999523162842,1.7999999523162842,1.291680097579956,19591000,
2014-12-12,1.7999999523162842,1.850000023841858,1.7999999523162842,1.8300000429153442,1.3132078647613525,9253000,
2014-12-15,1.7999999523162842,1.7999999523162842,1.6399999856948853,1.7999999523162842,1.291680097579956,27891000,
2014-12-16,1.7799999713897705,1.7999999523162842,1.7400000095367432,1.7999999523162842,1.291680097579956,10708000,
2014-12-17,1.7999999523162842,1.809999942779541,1.7799999713897705,1.809999942779541,1.2988560199737549,8766000,
2014-12-18,1.8200000524520874,1.8600000143051147,1.809999942779541,1.850000023841858,1.3275599479675293,7807000,
2014-12-19,1.850000023841858,1.8700000047683716,1.840000033378601,1.8700000047683716,1.3419121503829956,2759000,
2014-12-22,1.850000023841858,1.850000023841858,1.8300000429153442,1.850000023841858,1.3275599479675293,17201000,
2014-12-23,1.850000023841858,1.850000023841858,1.8300000429153442,1.8300000429153442,1.3132078647613525,4502000,
2014-12-24,1.8300000429153442,1.840000033378601,1.8200000524520874,1.840000033378601,1.3203842639923096,1257000,
2014-12-25,1.8300000429153442,1.8300000429153442,1.7999999523162842,1.7999999523162842,1.291680097579956,2520000,
2014-12-26,1.8300000429153442,1.8300000429153442,1.809999942779541,1.8200000524520874,1.3060319423675537,619000,
2014-12-29,1.8300000429153442,1.8300000429153442,1.7999999523162842,1.7999999523162842,1.291680097579956,1958000,
2014-12-30,1.7999999523162842,1.7999999523162842,1.7799999713897705,1.7999999523162842,1.291680097579956,2117000,
2015-01-05,1.7999999523162842,1.809999942779541,1.7899999618530273,1.7999999523162842,1.291680097579956,881000,
2015-01-06,1.7899999618530273,1.7899999618530273,1.7599999904632568,1.7799999713897705,1.2773280143737793,3812000,
2015-01-07,1.7699999809265137,1.7799999713897705,1.75,1.7799999713897705,1.2773280143737793,3554000,
2015-01-08,1.7899999618530273,1.8300000429153442,1.7799999713897705,1.809999942779541,1.2988560199737549,4597000,
2015-01-09,1.8200000524520874,1.8200000524520874,1.7999999523162842,1.7999999523162842,1.291680097579956,1541000,
2015-01-12,1.809999942779541,1.8200000524520874,1.7899999618530273,1.7999999523162842,1.291680097579956,5498000,
2015-01-13,1.7999999523162842,1.8200000524520874,1.7999999523162842,1.809999942779541,1.2988560199737549,1318000,
2015-01-14,1.8200000524520874,1.8200000524520874,1.7899999618530273,1.809999942779541,1.2988560199737549,1424000,
2015-01-15,1.7999999523162842,1.809999942779541,1.7899999618530273,1.7899999618530273,1.284503698348999,3490000,
2015-01-16,1.7899999618530273,1.809999942779541,1.7899999618530273,1.7999999523162842,1.291680097579956,2453000,
2015-01-19,1.7999999523162842,1.899999976158142,1.7999999523162842,1.899999976158142,1.3634400367736816,23223000,
2015-01-20,1.9199999570846558,1.9199999570846558,1.8700000047683716,1.8700000047683716,1.3419121503829956,15422000,
2015-01-21,1.8799999952316284,1.899999976158142,1.8600000143051147,1.8799999952316284,1.3490878343582153,6453000,
2015-01-22,1.8899999856948853,1.8899999856948853,1.840000033378601,1.8600000143051147,1.3347361087799072,9390000,
2015-01-23,1.8799999952316284,1.9700000286102295,1.8600000143051147,1.9700000286102295,1.4136720895767212,32586000,
2015-01-26,1.9800000190734863,2.0299999713897705,1.9199999570846558,2.0199999809265137,1.4495519399642944,40654000,
2015-01-27,2.0299999713897705,2.0399999618530273,1.9700000286102295,1.9800000190734863,1.4208481311798096,24749000,
2015-01-28,1.9800000190734863,1.9900000095367432,1.940000057220459,1.940000057220459,1.3921438455581665,6914000,
2015-01-29,1.940000057220459,1.940000057220459,1.909999966621399,1.9199999570846558,1.3777920007705688,4648000,
2015-01-30,1.9299999475479126,1.940000057220459,1.9199999570846558,1.9299999475479126,1.3849679231643677,8604000,
2015-02-02,1.9199999570846558,1.9199999570846558,1.8700000047683716,1.8700000047683716,1.3419121503829956,8467000,
2015-02-03,1.8700000047683716,1.9199999570846558,1.8700000047683716,1.8799999952316284,1.3490878343582153,8596000,
2015-02-04,1.899999976158142,1.909999966621399,1.8700000047683716,1.8899999856948853,1.3562639951705933,5032000,
2015-02-05,1.899999976158142,1.9299999475479126,1.8899999856948853,1.9299999475479126,1.3849679231643677,7441000,
2015-02-06,1.940000057220459,1.9700000286102295,1.940000057220459,1.9500000476837158,1.3993200063705444,12599000,
2015-02-09,1.9500000476837158,1.9600000381469727,1.9299999475479126,1.9299999475479126,1.3849679231643677,3290000,
2015-02-10,1.9299999475479126,1.940000057220459,1.899999976158142,1.899999976158142,1.3634400367736816,5419000,
2015-02-11,1.899999976158142,1.9299999475479126,1.899999976158142,1.909999966621399,1.3706159591674805,11047000,
2015-02-12,1.909999966621399,1.9199999570846558,1.899999976158142,1.9199999570846558,1.3777920007705688,7252000,
2015-02-13,1.9299999475479126,1.9700000286102295,1.9199999570846558,1.9700000286102295,1.4136720895767212,23716000,
2015-02-16,1.9800000190734863,1.9900000095367432,1.9600000381469727,1.9600000381469727,1.406496286392212,6379000,
2015-02-17,1.9600000381469727,1.9700000286102295,1.9299999475479126,1.9299999475479126,1.3849679231643677,4673000,
2015-02-18,1.909999966621399,1.9299999475479126,1.899999976158142,1.899999976158142,1.3634400367736816,5506000,
2015-02-19,1.899999976158142,1.9299999475479126,1.899999976158142,1.9199999570846558,1.3777920007705688,3631000,
2015-02-20,1.9299999475479126,1.9700000286102295,1.9199999570846558,1.940000057220459,1.3921438455581665,9282000,
2015-02-23,1.9500000476837158,1.9500000476837158,1.9299999475479126,1.9299999475479126,1.3849679231643677,5236000,
2015-02-24,1.9299999475479126,1.9900000095367432,1.9299999475479126,1.9700000286102295,1.4136720895767212,13332000,
2015-02-25,1.9600000381469727,1.9800000190734863,1.9299999475479126,1.940000057220459,1.3921438455581665,8917000,
2015-02-26,1.9299999475479126,1.940000057220459,1.899999976158142,1.9199999570846558,1.3777920007705688,8648000,
2015-02-27,1.9199999570846558,1.940000057220459,1.909999966621399,1.940000057220459,1.3921438455581665,8609000,
2015-03-02,1.9299999475479126,1.940000057220459,1.9199999570846558,1.940000057220459,1.3921438455581665,2571000,
2015-03-03,1.940000057220459,1.9500000476837158,1.9199999570846558,1.9199999570846558,1.3777920007705688,5807000,
2015-03-05,1.940000057220459,1.9700000286102295,1.9199999570846558,1.9500000476837158,1.3993200063705444,8843000,
2015-03-06,1.940000057220459,2.0,1.940000057220459,2.0,1.4351999759674072,20608000,
2015-03-09,2.0,2.0,1.9600000381469727,1.9800000190734863,1.4208481311798096,6018000,
2015-03-10,1.9900000095367432,1.9900000095367432,1.940000057220459,1.9500000476837158,1.3993200063705444,11144000,
2015-03-11,1.9500000476837158,1.9500000476837158,1.9199999570846558,1.940000057220459,1.3921438455581665,3988000,
2015-03-12,1.940000057220459,1.940000057220459,1.8899999856948853,1.899999976158142,1.3634400367736816,19170000,
2015-03-13,1.899999976158142,1.9199999570846558,1.8799999952316284,1.909999966621399,1.3706159591674805,3827000,
2015-03-16,1.8899999856948853,1.909999966621399,1.8700000047683716,1.8700000047683716,1.3419121503829956,5075000,
2015-03-17,1.8700000047683716,1.899999976158142,1.8700000047683716,1.8899999856948853,1.3562639951705933,5568000,
2015-03-18,1.8799999952316284,1.9199999570846558,1.8799999952316284,1.9199999570846558,1.3777920007705688,6586000,
2015-03-19,1.9199999570846558,1.9299999475479126,1.899999976158142,1.909999966621399,1.3706159591674805,6228000,
2015-03-20,1.9199999570846558,1.9299999475479126,1.8799999952316284,1.899999976158142,1.3634400367736816,39295000,
2015-03-23,1.909999966621399,1.909999966621399,1.8799999952316284,1.899999976158142,1.3634400367736816,9798000,
2015-03-24,1.899999976158142,1.899999976158142,1.8799999952316284,1.8899999856948853,1.3562639951705933,2122000,
2015-03-25,1.8899999856948853,1.909999966621399,1.8899999856948853,1.899999976158142,1.3634400367736816,8447000,
2015-03-26,1.899999976158142,1.909999966621399,1.8899999856948853,1.899999976158142,1.3634400367736816,7832000,
2015-03-27,1.899999976158142,1.909999966621399,1.8799999952316284,1.909999966621399,1.3706159591674805,8020000,
2015-03-30,1.909999966621399,1.9199999570846558,1.899999976158142,1.9199999570846558,1.3777920007705688,3127000,
2015-03-31,1.9199999570846558,1.9800000190734863,1.9199999570846558,1.9600000381469727,1.406496286392212,24468000,
2015-04-01,1.9800000190734863,2.0199999809265137,1.9700000286102295,2.009999990463257,1.4423757791519165,32230000,
2015-04-02,2.0299999713897705,2.109999895095825,1.9700000286102295,1.9900000095367432,1.428024172782898,51427000,
2015-04-03,2.0,2.009999990463257,1.9600000381469727,1.9800000190734863,1.4208481311798096,10127000,
2015-04-07,2.0,2.0,1.9600000381469727,2.0,1.4351999759674072,8121000,
2015-04-08,1.9900000095367432,2.0,1.9800000190734863,1.9800000190734863,1.4208481311798096,2029000,
2015-04-09,1.9900000095367432,2.0,1.9800000190734863,1.9800000190734863,1.4208481311798096,6606000,
2015-04-10,1.9900000095367432,1.9900000095367432,1.9700000286102295,1.9700000286102295,1.4136720895767212,5443000,
2015-04-16,1.9900000095367432,2.0299999713897705,1.9800000190734863,2.009999990463257,1.4423757791519165,12958000,
2015-04-17,2.0199999809265137,2.0399999618530273,2.009999990463257,2.0199999809265137,1.4495519399642944,2437000,
2015-04-20,2.0199999809265137,2.0199999809265137,2.009999990463257,2.009999990463257,1.4423757791519165,2695000,
2015-04-21,2.009999990463257,2.009999990463257,2.0,2.009999990463257,1.4423757791519165,3472000,
2015-04-22,2.0199999809265137,2.0199999809265137,2.0,2.0,1.4351999759674072,6642000,
2015-04-23,2.0,2.0299999713897705,2.0,2.0199999809265137,1.4495519399642944,19314000,
2015-04-24,2.0199999809265137,2.0399999618530273,2.009999990463257,2.0299999713897705,1.4567281007766724,12165000,
2015-04-27,2.0399999618530273,2.0399999618530273,2.009999990463257,2.0199999809265137,1.4495519399642944,3574000,
2015-04-28,2.0,2.009999990463257,1.9299999475479126,1.940000057220459,1.3990706205368042,25967000,0.01
2015-04-29,1.9199999570846558,1.940000057220459,1.9199999570846558,1.9299999475479126,1.391858458518982,6634000,
2015-04-30,1.9199999570846558,1.9500000476837158,1.9199999570846558,1.940000057220459,1.3990706205368042,12766000,
2015-05-04,1.940000057220459,1.940000057220459,1.940000057220459,1.940000057220459,1.3990706205368042,0,
2015-05-06,1.9299999475479126,1.9500000476837158,1.9199999570846558,1.9299999475479126,1.391858458518982,11779000,
2015-05-07,1.9299999475479126,1.9700000286102295,1.9299999475479126,1.9700000286102295,1.4207054376602173,8918000,
2015-05-08,1.9500000476837158,2.009999990463257,1.9500000476837158,2.0,1.4423404932022095,17381000,
2015-05-11,2.0,2.0199999809265137,1.9800000190734863,1.9900000095367432,1.4351288080215454,5337500,
2015-05-12,1.9900000095367432,1.9900000095367432,1.9299999475479126,1.9500000476837158,1.4062817096710205,14465000,
2015-05-13,1.940000057220459,1.9500000476837158,1.899999976158142,1.9199999570846558,1.3846466541290283,6089100,
2015-05-14,1.899999976158142,1.909999966621399,1.8600000143051147,1.899999976158142,1.3702231645584106,9914000,
2015-05-15,1.899999976158142,1.9199999570846558,1.8899999856948853,1.9199999570846558,1.3846466541290283,3872900,
2015-05-18,1.9299999475479126,1.9600000381469727,1.899999976158142,1.9500000476837158,1.4062817096710205,5413600,
2015-05-19,1.9500000476837158,1.9700000286102295,1.940000057220459,1.940000057220459,1.3990706205368042,5135500,
2015-05-20,1.9500000476837158,1.9700000286102295,1.9299999475479126,1.9299999475479126,1.391858458518982,8663500,
2015-05-21,1.9299999475479126,1.9700000286102295,1.9299999475479126,1.940000057220459,1.3990706205368042,17453900,
2015-05-22,1.9500000476837158,1.9700000286102295,1.940000057220459,1.940000057220459,1.3990706205368042,13243100,
2015-05-25,1.940000057220459,1.940000057220459,1.909999966621399,1.909999966621399,1.3774349689483643,8321700,
2015-05-26,1.9199999570846558,1.9299999475479126,1.8799999952316284,1.8799999952316284,1.3558000326156616,39585600,
2015-05-27,1.8700000047683716,1.8799999952316284,1.8200000524520874,1.850000023841858,1.3341647386550903,21543700,
2015-05-28,1.8300000429153442,1.840000033378601,1.7899999618530273,1.7899999618530273,1.2908945083618164,24999700,
2015-05-29,1.7899999618530273,1.809999942779541,1.7899999618530273,1.809999942779541,1.3053181171417236,12105300,
2015-06-02,1.7899999618530273,1.7899999618530273,1.7400000095367432,1.7400000095367432,1.2548363208770752,17608200,
2015-06-03,1.7000000476837158,1.7100000381469727,1.6699999570846558,1.690000057220459,1.2187775373458862,33660300,
2015-06-04,1.690000057220459,1.7100000381469727,1.6699999570846558,1.690000057220459,1.2187775373458862,9857200,
2015-06-05,1.690000057220459,1.75,1.690000057220459,1.75,1.2620482444763184,20750700,
2015-06-08,1.75,1.7899999618530273,1.75,1.75,1.2620482444763184,13101900,
2015-06-09,1.75,1.7599999904632568,1.7200000286102295,1.7200000286102295,1.240412950515747,23071700,
2015-06-10,1.7300000190734863,1.7400000095367432,1.690000057220459,1.7300000190734863,1.2476246356964111,25557700,
2015-06-11,1.7400000095367432,1.7599999904632568,1.7300000190734863,1.7400000095367432,1.2548363208770752,8957600,
2015-06-12,1.75,1.75,1.690000057220459,1.7100000381469727,1.233201265335083,39040400,
2015-06-15,1.7000000476837158,1.7300000190734863,1.690000057220459,1.7100000381469727,1.233201265335083,12691100,
2015-06-16,1.7100000381469727,1.7400000095367432,1.7100000381469727,1.7200000286102295,1.240412950515747,16321000,
2015-06-17,1.7300000190734863,1.7400000095367432,1.7100000381469727,1.7100000381469727,1.233201265335083,17526300,
2015-06-18,1.7200000286102295,1.809999942779541,1.7200000286102295,1.7999999523162842,1.298106074333191,80020000,
2015-06-19,1.850000023841858,1.850000023841858,1.7799999713897705,1.7899999618530273,1.2908945083618164,38418200,
2015-06-22,1.7999999523162842,1.8300000429153442,1.7999999523162842,1.7999999523162842,1.298106074333191,14118000,
2015-06-23,1.7999999523162842,1.8300000429153442,1.7999999523162842,1.8200000524520874,1.3125295639038086,4755800,
2015-06-24,1.8300000429153442,1.8300000429153442,1.7999999523162842,1.809999942779541,1.3053181171417236,7004000,
2015-06-25,1.8200000524520874,1.8200000524520874,1.7799999713897705,1.7799999713897705,1.2836830615997314,8334100,
2015-06-26,1.7799999713897705,1.809999942779541,1.7799999713897705,1.809999942779541,1.3053181171417236,4105100,
2015-06-29,1.7999999523162842,1.8600000143051147,1.7799999713897705,1.850000023841858,1.3341647386550903,18588100,
2015-06-30,1.8600000143051147,1.9299999475479126,1.840000033378601,1.909999966621399,1.3774349689483643,54951800,
2015-07-02,1.9199999570846558,1.9199999570846558,1.8700000047683716,1.8899999856948853,1.363011360168457,30237000,
2015-07-03,1.899999976158142,1.909999966621399,1.8200000524520874,1.840000033378601,1.3269530534744263,17993500,
2015-07-06,1.809999942779541,1.8600000143051147,1.809999942779541,1.8200000524520874,1.3125295639038086,5191900,
2015-07-07,1.8300000429153442,1.8700000047683716,1.8300000429153442,1.8700000047683716,1.3485881090164185,10572100,
2015-07-08,1.850000023841858,1.8600000143051147,1.8200000524520874,1.840000033378601,1.3269530534744263,5950200,
2015-07-09,1.840000033378601,1.8799999952316284,1.8200000524520874,1.8600000143051147,1.3413766622543335,24426500,
2015-07-10,1.8600000143051147,1.899999976158142,1.8600000143051147,1.8799999952316284,1.3558000326156616,18506400,
2015-07-13,1.8899999856948853,1.8899999856948853,1.8600000143051147,1.8700000047683716,1.3485881090164185,20727900,
2015-07-14,1.8799999952316284,1.899999976158142,1.8600000143051147,1.8600000143051147,1.3413766622543335,9968000,
2015-07-15,1.8700000047683716,1.8700000047683716,1.8600000143051147,1.8600000143051147,1.3413766622543335,4924600,
2015-07-16,1.8600000143051147,1.8700000047683716,1.8300000429153442,1.8300000429153442,1.3197412490844727,3932000,
2015-07-17,1.8300000429153442,1.8600000143051147,1.8300000429153442,1.850000023841858,1.3341647386550903,3270200,
2015-07-20,1.850000023841858,1.850000023841858,1.8300000429153442,1.840000033378601,1.3269530534744263,3065100,
2015-07-21,1.8300000429153442,1.840000033378601,1.7999999523162842,1.7999999523162842,1.298106074333191,6321700,
2015-07-22,1.7899999618530273,1.7999999523162842,1.7799999713897705,1.7799999713897705,1.2836830615997314,3974300,
2015-07-23,1.7799999713897705,1.8700000047683716,1.7799999713897705,1.8700000047683716,1.3485881090164185,22852800,
2015-07-24,1.8700000047683716,1.8700000047683716,1.8300000429153442,1.8700000047683716,1.3485881090164185,9488700,
2015-07-27,1.8700000047683716,1.8700000047683716,1.809999942779541,1.8300000429153442,1.3197412490844727,6604700,
2015-07-28,1.840000033378601,1.840000033378601,1.809999942779541,1.8200000524520874,1.3125295639038086,3631900,
2015-07-29,1.8200000524520874,1.8899999856948853,1.8200000524520874,1.8899999856948853,1.363011360168457,30401200,
2015-07-31,1.8899999856948853,1.9700000286102295,1.850000023841858,1.9500000476837158,1.4062817096710205,67942300,
2015-08-03,1.9600000381469727,2.0199999809265137,1.9199999570846558,1.940000057220459,1.3990706205368042,73954700,
2015-08-04,1.940000057220459,1.9500000476837158,1.8600000143051147,1.899999976158142,1.3702231645584106,30154500,
2015-08-05,1.909999966621399,1.9900000095367432,1.8700000047683716,1.9700000286102295,1.4207054376602173,45223100,
2015-08-06,1.9700000286102295,1.9800000190734863,1.9199999570846558,1.940000057220459,1.3990706205368042,21922900,
2015-08-07,1.9500000476837158,1.9900000095367432,1.9299999475479126,1.9700000286102295,1.4207054376602173,27744700,
2015-08-10,1.9700000286102295,2.0199999809265137,1.9600000381469727,1.9900000095367432,1.4351288080215454,69877100,
2015-08-11,2.0199999809265137,2.0199999809265137,1.9299999475479126,1.940000057220459,1.3990706205368042,63486800,
2015-08-13,1.899999976158142,1.9700000286102295,1.8700000047683716,1.9700000286102295,1.4207054376602173,33280600,
2015-08-14,1.9700000286102295,2.0,1.9500000476837158,1.9700000286102295,1.4207054376602173,22767600,
2015-08-17,1.9700000286102295,1.9700000286102295,1.940000057220459,1.9600000381469727,1.4134937524795532,11159900,
2015-08-18,1.899999976158142,1.9500000476837158,1.899999976158142,1.9299999475479126,1.391858458518982,16397600,
2015-08-19,1.9299999475479126,1.9500000476837158,1.899999976158142,1.9299999475479126,1.391858458518982,11813200,
2015-08-20,1.9199999570846558,1.9700000286102295,1.9199999570846558,1.9500000476837158,1.415080189704895,8938500,0.012
2015-08-21,1.940000057220459,1.9500000476837158,1.9199999570846558,1.9299999475479126,1.400566577911377,11405100,
2015-08-24,1.899999976158142,1.909999966621399,1.7799999713897705,1.7999999523162842,1.306227684020996,57955200,
2015-08-25,1.850000023841858,1.850000023841858,1.7699999809265137,1.7999999523162842,1.306227684020996,25130400,
2015-08-26,1.7999999523162842,1.840000033378601,1.7899999618530273,1.840000033378601,1.3352550268173218,24490400,
2015-08-27,1.8700000047683716,1.8899999856948853,1.850000023841858,1.8799999952316284,1.364282488822937,17866300,
2015-08-28,1.8899999856948853,1.899999976158142,1.8700000047683716,1.8899999856948853,1.3715389966964722,18756500,
2015-08-31,1.8899999856948853,1.9199999570846558,1.8899999856948853,1.9199999570846558,1.3933097124099731,10789300,
2015-09-01,1.9600000381469727,1.9700000286102295,1.9299999475479126,1.9500000476837158,1.415080189704895,25101300,
2015-09-02,1.9700000286102295,2.200000047683716,1.940000057220459,2.119999885559082,1.538446068763733,289227400,
2015-09-03,2.240000009536743,2.319999933242798,2.1600000858306885,2.240000009536743,1.625528335571289,264030500,
2015-09-04,2.240000009536743,2.2799999713897705,2.1600000858306885,2.2200000286102295,1.611014723777771,81074200,
2015-09-07,2.240000009536743,2.240000009536743,2.140000104904175,2.200000047683716,1.5965009927749634,86541200,
2015-09-08,2.200000047683716,2.240000009536743,2.119999885559082,2.240000009536743,1.625528335571289,108248700,
2015-09-09,2.259999990463257,2.259999990463257,2.140000104904175,2.1600000858306885,1.5674734115600586,64098700,
2015-09-10,2.140000104904175,2.2200000286102295,2.119999885559082,2.180000066757202,1.5819873809814453,44022400,
2015-09-11,2.200000047683716,2.200000047683716,2.140000104904175,2.140000104904175,1.5529597997665405,49231900,
2015-09-14,2.140000104904175,2.140000104904175,2.0799999237060547,2.0799999237060547,1.5094188451766968,38503900,
2015-09-15,2.0999999046325684,2.140000104904175,2.0399999618530273,2.0399999618530273,1.4803917407989502,31186200,
2015-09-16,2.059999942779541,2.059999942779541,1.9900000095367432,2.059999942779541,1.4949051141738892,59983900,
2015-09-17,2.059999942779541,2.1600000858306885,2.059999942779541,2.0999999046325684,1.5239323377609253,76422300,
2015-09-18,2.140000104904175,2.2200000286102295,2.0999999046325684,2.200000047683716,1.5965009927749634,127119200,
2015-09-21,2.1600000858306885,2.200000047683716,2.140000104904175,2.200000047683716,1.5965009927749634,63277200,
2015-09-22,2.200000047683716,2.200000047683716,2.140000104904175,2.1600000858306885,1.5674734115600586,43458400,
2015-09-23,2.140000104904175,2.1600000858306885,2.119999885559082,2.140000104904175,1.5529597997665405,34373200,
2015-09-24,2.1600000858306885,2.200000047683716,2.140000104904175,2.1600000858306885,1.5674734115600586,24375800,
2015-09-25,2.180000066757202,2.2799999713897705,2.140000104904175,2.259999990463257,1.640041708946228,116487700,
2015-09-28,2.2799999713897705,2.2799999713897705,2.200000047683716,2.200000047683716,1.5965009927749634,60562500,
2015-09-29,2.1600000858306885,2.2200000286102295,2.1600000858306885,2.180000066757202,1.5819873809814453,33433500,
2015-09-30,2.180000066757202,2.2200000286102295,2.140000104904175,2.1600000858306885,1.5674734115600586,30089600,
2015-10-01,2.180000066757202,2.200000047683716,2.140000104904175,2.1600000858306885,1.5674734115600586,15350100,
2015-10-02,2.180000066757202,2.180000066757202,2.119999885559082,2.1600000858306885,1.5674734115600586,16729300,
2015-10-05,2.1600000858306885,2.240000009536743,2.1600000858306885,2.200000047683716,1.5965009927749634,37168800,
2015-10-06,2.200000047683716,2.240000009536743,2.1600000858306885,2.200000047683716,1.5965009927749634,37529400,
2015-10-07,2.2200000286102295,2.319999933242798,2.200000047683716,2.259999990463257,1.640041708946228,108212900,
2015-10-08,2.299999952316284,2.380000114440918,2.2799999713897705,2.2799999713897705,1.654555320739746,114553100,
2015-10-09,2.299999952316284,2.319999933242798,2.240000009536743,2.240000009536743,1.625528335571289,48499700,
2015-10-12,2.259999990463257,2.2799999713897705,2.240000009536743,2.259999990463257,1.640041708946228,19899700,
2015-10-13,2.259999990463257,2.259999990463257,2.200000047683716,2.240000009536743,1.625528335571289,26265200,
2015-10-14,2.240000009536743,2.299999952316284,2.2200000286102295,2.240000009536743,1.625528335571289,27280000,
2015-10-15,2.240000009536743,2.299999952316284,2.240000009536743,2.259999990463257,1.640041708946228,32821100,
2015-10-16,2.2799999713897705,2.299999952316284,2.240000009536743,2.259999990463257,1.640041708946228,27097600,
2015-10-19,2.259999990463257,2.299999952316284,2.259999990463257,2.299999952316284,1.6690689325332642,37511200,
2015-10-20,2.319999933242798,2.4200000762939453,2.319999933242798,2.380000114440918,1.7271236181259155,119491700,
2015-10-21,2.4200000762939453,2.440000057220459,2.380000114440918,2.4000000953674316,1.7416373491287231,76806900,
2015-10-22,2.4000000953674316,2.4200000762939453,2.359999895095825,2.380000114440918,1.7271236181259155,31891700,
2015-10-26,2.4000000953674316,2.5,2.4000000953674316,2.440000057220459,1.7706643342971802,81046500,
2015-10-27,2.4600000381469727,2.4600000381469727,2.4200000762939453,2.4200000762939453,1.7561511993408203,25648700,
2015-10-28,2.4000000953674316,2.4200000762939453,2.2799999713897705,2.2799999713897705,1.654555320739746,92251800,
2015-10-29,2.2799999713897705,2.359999895095825,2.2799999713897705,2.299999952316284,1.6690689325332642,54363000,
2015-10-30,2.319999933242798,2.380000114440918,2.319999933242798,2.380000114440918,1.7271236181259155,28414600,
2015-11-02,2.359999895095825,2.4000000953674316,2.359999895095825,2.4000000953674316,1.7416373491287231,22013200,
2015-11-03,2.4000000953674316,2.4200000762939453,2.359999895095825,2.4200000762939453,1.7561511993408203,28406300,
2015-11-04,2.4200000762939453,2.4200000762939453,2.359999895095825,2.4000000953674316,1.7416373491287231,19910600,
2015-11-05,2.380000114440918,2.4000000953674316,2.3399999141693115,2.3399999141693115,1.6980966329574585,40489000,
2015-11-06,2.319999933242798,2.4200000762939453,2.299999952316284,2.380000114440918,1.7271236181259155,46492800,
2015-11-09,2.359999895095825,2.4000000953674316,2.299999952316284,2.319999933242798,1.6835824251174927,69422800,
2015-11-10,2.3399999141693115,2.380000114440918,2.319999933242798,2.359999895095825,1.7126096487045288,28297900,
2015-11-11,2.359999895095825,2.4000000953674316,2.3399999141693115,2.380000114440918,1.7271236181259155,24188300,
2015-11-12,2.380000114440918,2.380000114440918,2.3399999141693115,2.359999895095825,1.7126096487045288,13189300,
2015-11-13,2.299999952316284,2.4200000762939453,2.200000047683716,2.4000000953674316,1.7416373491287231,113658300,
2015-11-16,2.359999895095825,2.440000057220459,2.3399999141693115,2.4200000762939453,1.7561511993408203,35688000,
2015-11-17,2.4200000762939453,2.440000057220459,2.4000000953674316,2.4200000762939453,1.7561511993408203,12861800,
2015-11-18,2.4200000762939453,2.5199999809265137,2.4200000762939453,2.5199999809265137,1.8287194967269897,80114100,
2015-11-19,2.5199999809265137,2.5199999809265137,2.440000057220459,2.4800000190734863,1.799691915512085,35147300,
2015-11-20,2.4800000190734863,2.5,2.4600000381469727,2.4600000381469727,1.7851777076721191,7194700,
2015-11-23,2.440000057220459,2.4600000381469727,2.380000114440918,2.4000000953674316,1.7501749992370605,26081100,0.012
2015-11-24,2.4000000953674316,2.4600000381469727,2.359999895095825,2.4000000953674316,1.7501749992370605,22787300,
2015-11-25,2.4000000953674316,2.4200000762939453,2.380000114440918,2.4000000953674316,1.7501749992370605,23770300,
2015-11-26,2.4000000953674316,2.4200000762939453,2.359999895095825,2.4000000953674316,1.7501749992370605,14182800,
2015-11-27,2.380000114440918,2.4000000953674316,2.359999895095825,2.380000114440918,1.7355897426605225,6353100,
2015-11-30,2.380000114440918,2.4800000190734863,2.359999895095825,2.4800000190734863,1.8085137605667114,21867600,
2015-12-01,2.4600000381469727,2.4800000190734863,2.4200000762939453,2.440000057220459,1.7793444395065308,10348700,
2015-12-02,2.440000057220459,2.4600000381469727,2.380000114440918,2.4000000953674316,1.7501749992370605,12337200,
2015-12-03,2.380000114440918,2.4200000762939453,2.359999895095825,2.4200000762939453,1.76475989818573,9162600,
2015-12-04,2.4200000762939453,2.4800000190734863,2.4000000953674316,2.4600000381469727,1.7939292192459106,13012500,
2015-12-08,2.440000057220459,2.4800000190734863,2.4000000953674316,2.4600000381469727,1.7939292192459106,17513000,
2015-12-09,2.4600000381469727,2.4800000190734863,2.4200000762939453,2.4200000762939453,1.76475989818573,5836600,
2015-12-11,2.4200000762939453,2.4600000381469727,2.4200000762939453,2.4200000762939453,1.76475989818573,4444800,
2015-12-14,2.4200000762939453,2.4600000381469727,2.4000000953674316,2.4600000381469727,1.7939292192459106,10723600,
2015-12-15,2.4600000381469727,2.5,2.440000057220459,2.5,1.8230984210968018,16514200,
2015-12-16,2.5,2.5999999046325684,2.4600000381469727,2.559999942779541,1.8668532371520996,37866000,
2015-12-17,2.5799999237060547,2.640000104904175,2.559999942779541,2.619999885559082,1.9106074571609497,34926900,
2015-12-18,2.619999885559082,2.6600000858306885,2.5999999046325684,2.619999885559082,1.9106074571609497,19549900,
2015-12-21,2.619999885559082,2.6600000858306885,2.5999999046325684,2.640000104904175,1.925191879272461,12163100,
2015-12-22,2.640000104904175,2.6600000858306885,2.5399999618530273,2.5999999046325684,1.8960222005844116,19806300,
2015-12-23,2.5999999046325684,2.619999885559082,2.5799999237060547,2.619999885559082,1.9106074571609497,6213000,
2015-12-24,2.640000104904175,2.640000104904175,2.559999942779541,2.5999999046325684,1.8960222005844116,11866700,
2015-12-25,2.5999999046325684,2.5999999046325684,2.5799999237060547,2.5999999046325684,1.8960222005844116,3323400,
2015-12-28,2.5999999046325684,2.619999885559082,2.559999942779541,2.619999885559082,1.9106074571609497,13407500,
2015-12-29,2.5999999046325684,2.6600000858306885,2.5799999237060547,2.640000104904175,1.925191879272461,13294100,
2015-12-30,2.6600000858306885,2.740000009536743,2.619999885559082,2.6600000858306885,1.939777135848999,51389400,
2016-01-04,2.640000104904175,2.7200000286102295,2.640000104904175,2.7200000286102295,1.98353111743927,24073000,
2016-01-05,2.759999990463257,2.859999895095825,2.700000047683716,2.700000047683716,1.9689465761184692,72072200,
2016-01-06,2.6600000858306885,2.680000066757202,2.5999999046325684,2.640000104904175,1.925191879272461,65985200,
2016-01-07,2.5999999046325684,2.640000104904175,2.5,2.619999885559082,1.9106074571609497,134483500,
2016-01-08,2.640000104904175,2.700000047683716,2.640000104904175,2.700000047683716,1.9689465761184692,59889400,
2016-01-11,2.680000066757202,2.740000009536743,2.6600000858306885,2.740000009536743,1.9981156587600708,44577600,
2016-01-12,2.759999990463257,2.819999933242798,2.7200000286102295,2.7200000286102295,1.98353111743927,92269100,
2016-01-13,2.740000009536743,2.9200000762939453,2.7200000286102295,2.9200000762939453,2.1293792724609375,85468500,
2016-01-14,2.859999895095825,2.880000114440918,2.819999933242798,2.819999933242798,2.056455135345459,63090800,
2016-01-15,2.819999933242798,2.9200000762939453,2.819999933242798,2.8399999141693115,2.071040391921997,42365000,
2016-01-18,2.799999952316284,2.819999933242798,2.619999885559082,2.619999885559082,1.9106074571609497,161673700,
2016-01-19,2.5999999046325684,2.7200000286102295,2.5999999046325684,2.640000104904175,1.925191879272461,68378300,
2016-01-20,2.640000104904175,2.6600000858306885,2.4600000381469727,2.4800000190734863,1.8085137605667114,141065000,
2016-01-21,2.5,2.5799999237060547,2.3399999141693115,2.4600000381469727,1.7939292192459106,138119300,
2016-01-22,2.5,2.5199999809265137,2.440000057220459,2.5,1.8230984210968018,93731600,
2016-01-25,2.5,2.5399999618530273,2.440000057220459,2.440000057220459,1.7793444395065308,45430000,
2016-01-26,2.4200000762939453,2.5399999618530273,2.4200000762939453,2.5399999618530273,1.852268099784851,33585600,
2016-01-27,2.559999942779541,2.559999942779541,2.4800000190734863,2.4800000190734863,1.8085137605667114,23138800,
2016-01-28,2.4800000190734863,2.5199999809265137,2.380000114440918,2.4000000953674316,1.7501749992370605,42734800,
2016-01-29,2.4000000953674316,2.4200000762939453,2.359999895095825,2.4200000762939453,1.76475989818573,28177100,
2016-02-01,2.4000000953674316,2.559999942779541,2.4000000953674316,2.5199999809265137,1.8376835584640503,63252500,
2016-02-02,2.5,2.5799999237060547,2.5,2.559999942779541,1.8668532371520996,49814900,
2016-02-03,2.5799999237060547,2.5999999046325684,2.5199999809265137,2.5399999618530273,1.852268099784851,44060300,
2016-02-04,2.559999942779541,2.5799999237060547,2.5,2.5199999809265137,1.8376835584640503,12313900,
2016-02-05,2.5399999618530273,2.559999942779541,2.5199999809265137,2.5399999618530273,1.852268099784851,8398300,
2016-02-08,2.559999942779541,2.559999942779541,2.5199999809265137,2.5199999809265137,1.8376835584640503,6345700,
2016-02-09,2.5199999809265137,2.5199999809265137,2.4600000381469727,2.5,1.8230984210968018,9664600,
2016-02-10,2.5,2.5199999809265137,2.4600000381469727,2.5199999809265137,1.8376835584640503,8664100,
2016-02-11,2.5199999809265137,2.5199999809265137,2.359999895095825,2.4000000953674316,1.7501749992370605,56267600,
2016-02-12,2.380000114440918,2.4000000953674316,2.2799999713897705,2.299999952316284,1.6772507429122925,49335700,
2016-02-15,2.299999952316284,2.4200000762939453,2.299999952316284,2.4200000762939453,1.76475989818573,33574600,
2016-02-16,2.4200000762939453,2.4200000762939453,2.2799999713897705,2.3399999141693115,1.7064201831817627,97178500,
2016-02-17,2.3399999141693115,2.359999895095825,2.2200000286102295,2.2799999713897705,1.6626657247543335,62581900,
2016-02-18,2.299999952316284,2.4600000381469727,2.2799999713897705,2.4600000381469727,1.7939292192459106,39668600,
2016-02-19,2.4200000762939453,2.4800000190734863,2.4000000953674316,2.4200000762939453,1.76475989818573,24639900,
2016-02-23,2.4200000762939453,2.4600000381469727,2.4000000953674316,2.4000000953674316,1.7501749992370605,8471100,
2016-02-24,2.4000000953674316,2.440000057220459,2.359999895095825,2.380000114440918,1.7355897426605225,15146700,
2016-02-25,2.380000114440918,2.4200000762939453,2.380000114440918,2.4000000953674316,1.7501749992370605,12178000,
2016-02-26,2.4200000762939453,2.559999942779541,2.4200000762939453,2.5399999618530273,1.852268099784851,71997000,
2016-02-29,2.619999885559082,2.640000104904175,2.5199999809265137,2.559999942779541,1.8668532371520996,63790000,
2016-03-01,2.559999942779541,2.640000104904175,2.559999942779541,2.5799999237060547,1.881438136100769,50488600,
2016-03-02,2.5799999237060547,2.640000104904175,2.5199999809265137,2.619999885559082,1.9106074571609497,36981700,
2016-03-03,2.619999885559082,2.680000066757202,2.5799999237060547,2.5799999237060547,1.881438136100769,31905100,
2016-03-04,2.5799999237060547,2.640000104904175,2.559999942779541,2.5999999046325684,1.8960222005844116,22591700,
2016-03-07,2.5999999046325684,2.619999885559082,2.5399999618530273,2.5399999618530273,1.852268099784851,15555500,
2016-03-08,2.559999942779541,2.559999942779541,2.4200000762939453,2.440000057220459,1.7793444395065308,30105400,
2016-03-09,2.4600000381469727,2.559999942779541,2.4600000381469727,2.559999942779541,1.8668532371520996,14498700,
2016-03-10,2.559999942779541,2.559999942779541,2.4600000381469727,2.5,1.8230984210968018,24751100,
2016-03-11,2.5199999809265137,2.5399999618530273,2.4800000190734863,2.5,1.8230984210968018,27105700,
2016-03-14,2.5,2.5399999618530273,2.4600000381469727,2.4800000190734863,1.8085137605667114,45196000,
2016-03-15,2.4800000190734863,2.5399999618530273,2.4800000190734863,2.5,1.8230984210968018,19388700,
2016-03-16,2.5199999809265137,2.680000066757202,2.5,2.680000066757202,1.9543617963790894,138801900,
2016-03-17,2.680000066757202,2.700000047683716,2.619999885559082,2.619999885559082,1.9106074571609497,60764900,
2016-03-18,2.6600000858306885,2.740000009536743,2.619999885559082,2.700000047683716,1.9689465761184692,52931000,
2016-03-21,2.700000047683716,2.7200000286102295,2.640000104904175,2.7200000286102295,1.98353111743927,20363200,
2016-03-22,2.7200000286102295,2.7200000286102295,2.640000104904175,2.640000104904175,1.925191879272461,37634300,
2016-03-23,2.6600000858306885,2.7200000286102295,2.6600000858306885,2.700000047683716,1.9689465761184692,27910400,
2016-03-24,2.700000047683716,2.759999990463257,2.680000066757202,2.700000047683716,1.9689465761184692,36488800,
2016-03-25,2.740000009536743,2.759999990463257,2.6600000858306885,2.680000066757202,1.9543617963790894,16346700,
2016-03-28,2.700000047683716,2.7200000286102295,2.5999999046325684,2.5999999046325684,1.8960222005844116,16852000,
2016-03-29,2.5999999046325684,2.700000047683716,2.5999999046325684,2.6600000858306885,1.939777135848999,17048700,
2016-03-30,2.680000066757202,2.740000009536743,2.6600000858306885,2.700000047683716,1.9689465761184692,26219900,
2016-03-31,2.700000047683716,2.759999990463257,2.640000104904175,2.680000066757202,1.9543617963790894,47992000,
2016-04-01,2.680000066757202,2.740000009536743,2.640000104904175,2.7200000286102295,1.98353111743927,23738700,
2016-04-04,2.7200000286102295,2.7799999713897705,2.700000047683716,2.7799999713897705,2.027285575866699,24734200,
2016-04-05,2.7799999713897705,2.880000114440918,2.740000009536743,2.880000114440918,2.100209951400757,79135900,
2016-04-07,2.859999895095825,2.880000114440918,2.819999933242798,2.8399999141693115,2.071040391921997,39723600,
2016-04-08,2.8399999141693115,2.9600000381469727,2.799999952316284,2.880000114440918,2.100209951400757,89433000,
2016-04-11,2.9000000953674316,2.940000057220459,2.9000000953674316,2.9000000953674316,2.1147942543029785,34622500,
2016-04-12,2.9200000762939453,3.0399999618530273,2.9000000953674316,3.0399999618530273,2.216887950897217,97141900,
2016-04-18,3.059999942779541,3.059999942779541,2.9800000190734863,2.9800000190734863,2.173133373260498,55630800,
2016-04-19,3.0,3.0399999618530273,2.9800000190734863,3.0399999618530273,2.216887950897217,51167600,
2016-04-20,3.0199999809265137,3.0199999809265137,2.9000000953674316,2.940000057220459,2.1439640522003174,48507500,
2016-04-21,2.9600000381469727,2.9800000190734863,2.9000000953674316,2.9000000953674316,2.1147942543029785,24564600,
2016-04-22,2.9000000953674316,2.9000000953674316,2.799999952316284,2.8399999141693115,2.071040391921997,73769900,
2016-04-25,2.819999933242798,2.9200000762939453,2.819999933242798,2.8399999141693115,2.071040391921997,36164100,
2016-04-26,2.859999895095825,2.9200000762939453,2.8399999141693115,2.9000000953674316,2.1147942543029785,19628800,
2016-04-27,2.9200000762939453,2.940000057220459,2.880000114440918,2.880000114440918,2.100209951400757,20795000,
2016-04-28,2.859999895095825,2.880000114440918,2.819999933242798,2.859999895095825,2.094351053237915,14736100,0.012
2016-04-29,2.819999933242798,2.880000114440918,2.819999933242798,2.859999895095825,2.094351053237915,8205100,
2016-05-03,2.859999895095825,2.859999895095825,2.819999933242798,2.819999933242798,2.0650594234466553,10837200,
2016-05-04,2.799999952316284,2.799999952316284,2.700000047683716,2.759999990463257,2.0211222171783447,38849200,
2016-05-09,2.7200000286102295,2.799999952316284,2.700000047683716,2.759999990463257,2.0211222171783447,49800700,
2016-05-10,2.759999990463257,2.799999952316284,2.7200000286102295,2.799999952316284,2.0504138469696045,25662000,
2016-05-11,2.799999952316284,2.819999933242798,2.759999990463257,2.759999990463257,2.0211222171783447,25655400,
2016-05-12,2.759999990463257,2.7799999713897705,2.740000009536743,2.759999990463257,2.0211222171783447,15709800,
2016-05-13,2.740000009536743,2.799999952316284,2.680000066757202,2.7799999713897705,2.0357680320739746,45811000,
2016-05-16,2.7799999713897705,2.799999952316284,2.7200000286102295,2.740000009536743,2.0064756870269775,19293900,
2016-05-17,2.740000009536743,2.7799999713897705,2.7200000286102295,2.740000009536743,2.0064756870269775,28938000,
2016-05-18,2.7200000286102295,2.740000009536743,2.700000047683716,2.7200000286102295,1.9918304681777954,13278800,
2016-05-19,2.7200000286102295,2.740000009536743,2.619999885559082,2.680000066757202,1.9625390768051147,49093500,
2016-05-23,2.680000066757202,2.7200000286102295,2.6600000858306885,2.680000066757202,1.9625390768051147,9643900,
2016-05-24,2.680000066757202,2.7200000286102295,2.6600000858306885,2.700000047683716,1.977184534072876,11795700,
2016-05-25,2.700000047683716,2.859999895095825,2.700000047683716,2.8399999141693115,2.079705238342285,50340400,
2016-05-26,2.8399999141693115,2.859999895095825,2.799999952316284,2.819999933242798,2.0650594234466553,26207000,
2016-05-27,2.8399999141693115,2.9000000953674316,2.8399999141693115,2.9000000953674316,2.123642921447754,28667200,
2016-05-30,2.9200000762939453,2.9200000762939453,2.859999895095825,2.859999895095825,2.094351053237915,29281000,
2016-05-31,2.880000114440918,2.9000000953674316,2.819999933242798,2.9000000953674316,2.123642921447754,21440200,
2016-06-01,2.9000000953674316,2.9000000953674316,2.8399999141693115,2.859999895095825,2.094351053237915,15846400,
2016-06-02,2.880000114440918,2.9000000953674316,2.819999933242798,2.8399999141693115,2.079705238342285,12398000,
2016-06-03,2.859999895095825,2.9200000762939453,2.819999933242798,2.880000114440918,2.1089975833892822,37102100,
2016-06-06,2.9000000953674316,2.9200000762939453,2.859999895095825,2.9000000953674316,2.123642921447754,22905800,
2016-06-07,2.9000000953674316,2.9200000762939453,2.859999895095825,2.9000000953674316,2.123642921447754,13997000,
2016-06-08,2.9000000953674316,2.9000000953674316,2.859999895095825,2.859999895095825,2.094351053237915,8559500,
2016-06-09,2.859999895095825,2.9000000953674316,2.859999895095825,2.859999895095825,2.094351053237915,7052900,
2016-06-10,2.8399999141693115,2.9000000953674316,2.8399999141693115,2.880000114440918,2.1089975833892822,14833600,
2016-06-13,2.880000114440918,3.0199999809265137,2.859999895095825,3.0,2.1968722343444824,91743200,
2016-06-14,3.0199999809265137,3.0399999618530273,2.9600000381469727,2.9600000381469727,2.1675801277160645,59776100,
2016-06-15,2.9800000190734863,3.0,2.9200000762939453,2.940000057220459,2.1529343128204346,22147300,
2016-06-16,2.940000057220459,2.9600000381469727,2.859999895095825,2.880000114440918,2.1089975833892822,20441400,
2016-06-17,2.9000000953674316,2.9600000381469727,2.859999895095825,2.940000057220459,2.1529343128204346,30491300,
2016-06-20,2.940000057220459,3.140000104904175,2.9200000762939453,3.0999999046325684,2.270101308822632,114731700,
2016-06-21,3.140000104904175,3.1600000858306885,3.0799999237060547,3.0999999046325684,2.270101308822632,57527900,
2016-06-22,3.119999885559082,3.140000104904175,3.0399999618530273,3.059999942779541,2.240809679031372,39989200,
2016-06-23,3.059999942779541,3.0799999237060547,3.0,3.059999942779541,2.240809679031372,14379100,
2016-06-24,3.0,3.0399999618530273,2.9600000381469727,3.0199999809265137,2.2115182876586914,49205000,
2016-06-27,3.0399999618530273,3.140000104904175,3.0399999618530273,3.140000104904175,2.2993922233581543,30333400,
2016-06-28,3.1600000858306885,3.2799999713897705,3.1600000858306885,3.2200000286102295,2.357975721359253,85596900,
2016-06-29,3.240000009536743,3.240000009536743,3.0799999237060547,3.0799999237060547,2.255455255508423,111749100,
2016-06-30,3.0799999237060547,3.140000104904175,3.059999942779541,3.0999999046325684,2.270101308822632,69326300,
2016-07-04,3.119999885559082,3.1600000858306885,3.0999999046325684,3.0999999046325684,2.270101308822632,31670600,
2016-07-05,3.0999999046325684,3.180000066757202,3.0799999237060547,3.0799999237060547,2.255455255508423,54124200,
2016-07-06,3.0999999046325684,3.2200000286102295,3.0999999046325684,3.1600000858306885,2.3140387535095215,62388200,
2016-07-07,3.200000047683716,3.259999990463257,3.180000066757202,3.2200000286102295,2.357975721359253,51660400,
2016-07-08,3.2200000286102295,3.240000009536743,3.180000066757202,3.200000047683716,2.343330144882202,22514900,
2016-07-11,3.200000047683716,3.259999990463257,3.200000047683716,3.2200000286102295,2.357975721359253,14752200,
2016-07-12,3.2200000286102295,3.240000009536743,3.140000104904175,3.1600000858306885,2.3140387535095215,37734500,
2016-07-13,3.1600000858306885,3.259999990463257,3.140000104904175,3.200000047683716,2.343330144882202,57069400,
2016-07-14,3.200000047683716,3.259999990463257,3.180000066757202,3.240000009536743,2.372621774673462,41147500,
2016-07-15,3.259999990463257,3.319999933242798,3.240000009536743,3.259999990463257,2.3872668743133545,38437600,
2016-07-20,3.2799999713897705,3.319999933242798,3.240000009536743,3.2799999713897705,2.4019129276275635,30178100,
2016-07-21,3.2799999713897705,3.299999952316284,3.2200000286102295,3.2200000286102295,2.357975721359253,22697400,
2016-07-22,3.240000009536743,3.259999990463257,3.180000066757202,3.240000009536743,2.372621774673462,19380100,
2016-07-25,3.240000009536743,3.2799999713897705,3.2200000286102295,3.240000009536743,2.372621774673462,56412700,
2016-07-26,3.259999990463257,3.2799999713897705,3.2200000286102295,3.2200000286102295,2.357975721359253,27809800,
2016-07-27,3.2200000286102295,3.240000009536743,3.180000066757202,3.200000047683716,2.343330144882202,30571400,
2016-07-28,3.2200000286102295,3.240000009536743,3.180000066757202,3.2200000286102295,2.357975721359253,14698300,
2016-07-29,3.200000047683716,3.200000047683716,3.0999999046325684,3.1600000858306885,2.3140387535095215,95223900,
2016-08-01,3.140000104904175,3.1600000858306885,3.059999942779541,3.0999999046325684,2.270101308822632,49379400,
2016-08-02,3.0,3.0399999618530273,2.9600000381469727,3.0199999809265137,2.2115182876586914,68457600,
2016-08-03,3.0,3.0999999046325684,3.0,3.059999942779541,2.240809679031372,41836000,
2016-08-04,3.0799999237060547,3.0999999046325684,3.0,3.0199999809265137,2.2115182876586914,38361700,
2016-08-05,3.0399999618530273,3.059999942779541,2.9800000190734863,3.0399999618530273,2.226163387298584,77677200,
2016-08-08,3.0399999618530273,3.059999942779541,2.9600000381469727,3.0199999809265137,2.2115182876586914,84661000,
2016-08-09,3.0,3.0799999237060547,2.9800000190734863,3.059999942779541,2.240809679031372,42007900,
2016-08-10,3.059999942779541,3.059999942779541,3.0199999809265137,3.0199999809265137,2.2115182876586914,21575300,
2016-08-11,3.0199999809265137,3.0399999618530273,2.9600000381469727,2.9800000190734863,2.1822264194488525,52585100,
2016-08-15,2.9000000953674316,2.9000000953674316,2.6600000858306885,2.6600000858306885,1.9478933811187744,314214100,
2016-08-16,2.6600000858306885,2.6600000858306885,2.5,2.559999942779541,1.874664306640625,282017100,
2016-08-17,2.559999942779541,2.640000104904175,2.5399999618530273,2.5999999046325684,1.903955101966858,119357300,
2016-08-18,2.619999885559082,2.700000047683716,2.5999999046325684,2.700000047683716,1.977184534072876,103479800,
2016-08-19,2.700000047683716,2.7200000286102295,2.559999942779541,2.5999999046325684,1.903955101966858,127206000,
2016-08-22,2.5999999046325684,2.619999885559082,2.5199999809265137,2.5399999618530273,1.860018253326416,102768500,
2016-08-23,2.5399999618530273,2.559999942779541,2.5,2.5399999618530273,1.8688472509384155,77382300,0.012
2016-08-24,2.5399999618530273,2.559999942779541,2.5,2.5199999809265137,1.8541319370269775,71539400,
2016-08-25,2.5399999618530273,2.619999885559082,2.5199999809265137,2.5999999046325684,1.9129929542541504,114039400,
2016-08-26,2.5999999046325684,2.619999885559082,2.5799999237060547,2.5799999237060547,1.898277997970581,29569400,
2016-08-29,2.619999885559082,2.640000104904175,2.5799999237060547,2.5999999046325684,1.9129929542541504,40059300,
2016-08-30,2.5999999046325684,2.640000104904175,2.5799999237060547,2.5999999046325684,1.9129929542541504,44401500,
2016-08-31,2.5999999046325684,2.619999885559082,2.5799999237060547,2.5999999046325684,1.9129929542541504,17415000,
2016-09-01,2.619999885559082,2.619999885559082,2.5799999237060547,2.5799999237060547,1.898277997970581,31059200,
2016-09-02,2.5799999237060547,2.5799999237060547,2.4800000190734863,2.5199999809265137,1.8541319370269775,80706700,
2016-09-05,2.5199999809265137,2.5399999618530273,2.3399999141693115,2.4000000953674316,1.7658402919769287,70763900,
2016-09-06,2.4200000762939453,2.4600000381469727,2.380000114440918,2.4600000381469727,1.8099861145019531,49350400,
2016-09-07,2.4200000762939453,2.4600000381469727,2.4000000953674316,2.4200000762939453,1.7805556058883667,51423100,
2016-09-08,2.4000000953674316,2.4200000762939453,2.200000047683716,2.259999990463257,1.6628328561782837,128995800,
2016-09-09,2.2799999713897705,2.319999933242798,2.240000009536743,2.299999952316284,1.6922632455825806,63333900,
2016-09-12,2.2200000286102295,2.259999990463257,2.180000066757202,2.180000066757202,1.6039718389511108,46054300,
2016-09-13,2.240000009536743,2.3399999141693115,2.200000047683716,2.3399999141693115,1.7216943502426147,80218800,
2016-09-14,2.3399999141693115,2.5,2.319999933242798,2.5,1.8394163846969604,98187300,
2016-09-15,2.5199999809265137,2.5999999046325684,2.5199999809265137,2.5399999618530273,1.8688472509384155,98848800,
2016-09-16,2.559999942779541,2.5799999237060547,2.5,2.559999942779541,1.8835628032684326,41489400,
2016-09-19,2.5799999237060547,2.619999885559082,2.5399999618530273,2.5799999237060547,1.898277997970581,56617700,
2016-09-20,2.5799999237060547,2.5999999046325684,2.4800000190734863,2.5,1.8394163846969604,55354100,
2016-09-21,2.5199999809265137,2.5799999237060547,2.5199999809265137,2.5399999618530273,1.8688472509384155,26870700,
2016-09-22,2.559999942779541,2.5999999046325684,2.5399999618530273,2.5999999046325684,1.9129929542541504,42345400,
2016-09-23,2.5999999046325684,2.619999885559082,2.5,2.5399999618530273,1.8688472509384155,55069700,
2016-09-26,2.5199999809265137,2.5999999046325684,2.5,2.5999999046325684,1.9129929542541504,36241500,
2016-09-27,2.5999999046325684,2.7200000286102295,2.5799999237060547,2.700000047683716,1.986570119857788,150565300,
2016-09-28,2.700000047683716,2.7200000286102295,2.640000104904175,2.640000104904175,1.942423701286316,77094300,
2016-09-29,2.680000066757202,2.740000009536743,2.6600000858306885,2.680000066757202,1.9718550443649292,46689700,
2016-09-30,2.640000104904175,2.680000066757202,2.619999885559082,2.619999885559082,1.927708625793457,29870700,
2016-10-03,2.640000104904175,2.6600000858306885,2.5999999046325684,2.640000104904175,1.942423701286316,22888000,
2016-10-04,2.6600000858306885,2.6600000858306885,2.5999999046325684,2.640000104904175,1.942423701286316,25031400,
2016-10-05,2.640000104904175,2.6600000858306885,2.619999885559082,2.6600000858306885,1.9571396112442017,16319700,
2016-10-06,2.6600000858306885,2.6600000858306885,2.5799999237060547,2.5999999046325684,1.9129929542541504,33075000,
2016-10-07,2.5799999237060547,2.5999999046325684,2.5199999809265137,2.5199999809265137,1.8541319370269775,57123000,
2016-10-10,2.4000000953674316,2.4600000381469727,2.3399999141693115,2.3399999141693115,1.7216943502426147,125515800,
2016-10-11,2.3399999141693115,2.4000000953674316,2.259999990463257,2.299999952316284,1.6922632455825806,96455400,
2016-10-12,2.259999990463257,2.299999952316284,2.059999942779541,2.259999990463257,1.6628328561782837,131284000,
2016-10-13,2.2200000286102295,2.3399999141693115,2.119999885559082,2.319999933242798,1.706978440284729,81159700,
2016-10-14,2.4200000762939453,2.5199999809265137,2.359999895095825,2.5199999809265137,1.8541319370269775,83816700,
2016-10-17,2.5,2.5399999618530273,2.4600000381469727,2.5199999809265137,1.8541319370269775,40192000,
2016-10-18,2.5199999809265137,2.5399999618530273,2.4800000190734863,2.4800000190734863,1.8247015476226807,14500800,
2016-10-19,2.5,2.5799999237060547,2.5,2.559999942779541,1.8835628032684326,41041800,
2016-10-20,2.5999999046325684,2.5999999046325684,2.5399999618530273,2.559999942779541,1.8835628032684326,19075400,
2016-10-21,2.559999942779541,2.5799999237060547,2.5199999809265137,2.559999942779541,1.8835628032684326,17292600,
2016-10-25,2.5999999046325684,2.5999999046325684,2.5399999618530273,2.559999942779541,1.8835628032684326,24521900,
2016-10-26,2.5799999237060547,2.5799999237060547,2.5399999618530273,2.559999942779541,1.8835628032684326,16604600,
2016-10-27,2.5799999237060547,2.7799999713897705,2.559999942779541,2.759999990463257,2.0307159423828125,318418100,
2016-10-28,2.7799999713897705,2.8399999141693115,2.759999990463257,2.759999990463257,2.0307159423828125,141969900,
2016-10-31,2.7799999713897705,2.819999933242798,2.759999990463257,2.819999933242798,2.074862003326416,48771200,
2016-11-01,2.8399999141693115,2.8399999141693115,2.759999990463257,2.7799999713897705,2.045431613922119,41889900,
2016-11-02,2.7799999713897705,2.7799999713897705,2.700000047683716,2.7200000286102295,2.0012853145599365,26759300,
2016-11-03,2.7200000286102295,2.799999952316284,2.7200000286102295,2.740000009536743,2.016000509262085,34396400,
2016-11-04,2.759999990463257,2.759999990463257,2.700000047683716,2.740000009536743,2.016000509262085,22990000,
2016-11-07,2.759999990463257,2.799999952316284,2.740000009536743,2.799999952316284,2.0601468086242676,20013400,
2016-11-08,2.819999933242798,2.9000000953674316,2.819999933242798,2.859999895095825,2.104292631149292,103253100,
2016-11-09,2.819999933242798,2.859999895095825,2.759999990463257,2.8399999141693115,2.0895769596099854,73630100,
2016-11-10,2.880000114440918,2.880000114440918,2.819999933242798,2.819999933242798,2.074862003326416,36762700,
2016-11-11,2.819999933242798,2.819999933242798,2.759999990463257,2.759999990463257,2.0307159423828125,35255300,
2016-11-14,2.759999990463257,2.819999933242798,2.700000047683716,2.7200000286102295,2.0012853145599365,72417400,
2016-11-15,2.7200000286102295,2.759999990463257,2.6600000858306885,2.700000047683716,1.986570119857788,57750200,
2016-11-16,2.7200000286102295,2.7799999713897705,2.700000047683716,2.759999990463257,2.0307159423828125,43439800,
2016-11-17,2.799999952316284,2.819999933242798,2.759999990463257,2.7799999713897705,2.045431613922119,73124400,
2016-11-18,2.799999952316284,2.799999952316284,2.740000009536743,2.799999952316284,2.0601468086242676,19980900,
2016-11-21,2.799999952316284,2.8399999141693115,2.7799999713897705,2.799999952316284,2.0601468086242676,31133200,
2016-11-22,2.7799999713897705,2.799999952316284,2.759999990463257,2.7799999713897705,2.0542354583740234,22229700,0.012
2016-11-23,2.7799999713897705,2.880000114440918,2.7799999713897705,2.859999895095825,2.113349676132202,69203300,
2016-11-24,2.859999895095825,2.9000000953674316,2.819999933242798,2.8399999141693115,2.0985708236694336,54078900,
2016-11-25,2.859999895095825,2.859999895095825,2.799999952316284,2.819999933242798,2.0837924480438232,26947300,
2016-11-28,2.8399999141693115,2.859999895095825,2.819999933242798,2.819999933242798,2.0837924480438232,10008800,
2016-11-29,2.819999933242798,2.859999895095825,2.799999952316284,2.819999933242798,2.0837924480438232,13529500,
2016-11-30,2.819999933242798,2.9000000953674316,2.759999990463257,2.9000000953674316,2.14290714263916,88721000,
2016-12-01,2.9000000953674316,2.9200000762939453,2.8399999141693115,2.8399999141693115,2.0985708236694336,23155800,
2016-12-02,2.859999895095825,2.880000114440918,2.819999933242798,2.819999933242798,2.0837924480438232,26239900,
2016-12-06,2.8399999141693115,2.859999895095825,2.7799999713897705,2.799999952316284,2.069014072418213,29631800,
2016-12-07,2.799999952316284,2.9600000381469727,2.7799999713897705,2.9600000381469727,2.1872432231903076,138215700,
2016-12-08,2.940000057220459,2.9800000190734863,2.9000000953674316,2.940000057220459,2.172464370727539,101656600,
2016-12-09,2.9600000381469727,2.9800000190734863,2.9200000762939453,2.9600000381469727,2.1872432231903076,33105300,
2016-12-13,2.9600000381469727,2.9800000190734863,2.940000057220459,2.9800000190734863,2.202021837234497,27990300,
2016-12-14,2.9800000190734863,2.9800000190734863,2.8399999141693115,2.880000114440918,2.128129005432129,58092800,
2016-12-15,2.859999895095825,2.9000000953674316,2.8399999141693115,2.8399999141693115,2.0985708236694336,39385700,
2016-12-16,2.859999895095825,2.9000000953674316,2.8399999141693115,2.859999895095825,2.113349676132202,37265300,
2016-12-19,2.859999895095825,2.880000114440918,2.7799999713897705,2.799999952316284,2.069014072418213,42023700,
2016-12-20,2.799999952316284,2.8399999141693115,2.759999990463257,2.759999990463257,2.039456367492676,46147900,
2016-12-21,2.759999990463257,2.859999895095825,2.759999990463257,2.819999933242798,2.0837924480438232,25880800,
2016-12-22,2.799999952316284,2.8399999141693115,2.7799999713897705,2.7799999713897705,2.0542354583740234,21115100,
2016-12-23,2.819999933242798,2.8399999141693115,2.799999952316284,2.819999933242798,2.0837924480438232,14360600,
2016-12-26,2.819999933242798,2.8399999141693115,2.799999952316284,2.799999952316284,2.069014072418213,7545800,
2016-12-27,2.799999952316284,2.8399999141693115,2.799999952316284,2.8399999141693115,2.0985708236694336,18449700,
2016-12-28,2.8399999141693115,2.859999895095825,2.819999933242798,2.8399999141693115,2.0985708236694336,13249800,
2016-12-29,2.8399999141693115,2.880000114440918,2.819999933242798,2.859999895095825,2.113349676132202,11241400,
2016-12-30,2.859999895095825,2.880000114440918,2.8399999141693115,2.859999895095825,2.113349676132202,9405100,
2017-01-04,2.859999895095825,2.880000114440918,2.799999952316284,2.819999933242798,2.0837924480438232,38627300,
2017-01-05,2.819999933242798,2.9000000953674316,2.819999933242798,2.819999933242798,2.0837924480438232,75376600,
2017-01-06,2.8399999141693115,2.859999895095825,2.819999933242798,2.8399999141693115,2.0985708236694336,18914700,
2017-01-09,2.8399999141693115,2.880000114440918,2.8399999141693115,2.859999895095825,2.113349676132202,21850200,
2017-01-10,2.859999895095825,2.9000000953674316,2.859999895095825,2.859999895095825,2.113349676132202,22689400,
2017-01-11,2.859999895095825,2.9000000953674316,2.859999895095825,2.880000114440918,2.128129005432129,21949800,
2017-01-12,2.9000000953674316,2.9000000953674316,2.859999895095825,2.9000000953674316,2.14290714263916,21562900,
2017-01-16,2.880000114440918,2.880000114440918,2.8399999141693115,2.8399999141693115,2.0985708236694336,25922200,
2017-01-17,2.8399999141693115,2.880000114440918,2.8399999141693115,2.859999895095825,2.113349676132202,8527500,
2017-01-18,2.859999895095825,2.880000114440918,2.819999933242798,2.8399999141693115,2.0985708236694336,22637900,
2017-01-19,2.8399999141693115,2.8399999141693115,2.7799999713897705,2.799999952316284,2.069014072418213,41475000,
2017-01-20,2.799999952316284,2.9000000953674316,2.799999952316284,2.880000114440918,2.128129005432129,77235600,
2017-01-23,2.9000000953674316,2.9800000190734863,2.9000000953674316,2.9600000381469727,2.1872432231903076,140529000,
2017-01-24,3.0199999809265137,3.0399999618530273,2.9600000381469727,2.9600000381469727,2.1872432231903076,95024300,
2017-01-25,2.9800000190734863,3.0,2.880000114440918,2.9000000953674316,2.14290714263916,70997800,
2017-01-26,2.940000057220459,2.9800000190734863,2.880000114440918,2.880000114440918,2.128129005432129,90048400,
2017-01-27,2.9000000953674316,2.9200000762939453,2.8399999141693115,2.859999895095825,2.113349676132202,38752900,
2017-01-30,2.859999895095825,2.940000057220459,2.859999895095825,2.9000000953674316,2.14290714263916,35980000,
2017-01-31,2.9200000762939453,2.9200000762939453,2.880000114440918,2.9000000953674316,2.14290714263916,29516300,
2017-02-01,2.9200000762939453,2.9600000381469727,2.8399999141693115,2.880000114440918,2.128129005432129,87844000,
2017-02-02,2.880000114440918,2.9000000953674316,2.819999933242798,2.8399999141693115,2.0985708236694336,54898400,
2017-02-03,2.859999895095825,2.880000114440918,2.8399999141693115,2.880000114440918,2.128129005432129,24259100,
2017-02-06,2.880000114440918,2.9200000762939453,2.880000114440918,2.9000000953674316,2.14290714263916,27381000,
2017-02-07,2.9000000953674316,2.940000057220459,2.8399999141693115,2.859999895095825,2.113349676132202,66072900,
2017-02-08,2.859999895095825,2.880000114440918,2.799999952316284,2.8399999141693115,2.0985708236694336,57424200,
2017-02-09,2.8399999141693115,2.8399999141693115,2.7799999713897705,2.799999952316284,2.069014072418213,87867700,
2017-02-10,2.799999952316284,2.8399999141693115,2.799999952316284,2.819999933242798,2.0837924480438232,31603300,
2017-02-14,2.819999933242798,2.8399999141693115,2.759999990463257,2.799999952316284,2.069014072418213,21020000,
2017-02-15,2.799999952316284,2.819999933242798,2.759999990463257,2.7799999713897705,2.0542354583740234,21719700,
2017-02-16,2.799999952316284,2.799999952316284,2.740000009536743,2.740000009536743,2.0246775150299072,26026300,
2017-02-17,2.7799999713897705,2.7799999713897705,2.759999990463257,2.759999990463257,2.039456367492676,10799300,
2017-02-20,2.759999990463257,2.759999990463257,2.640000104904175,2.680000066757202,1.980342149734497,86847200,
2017-02-21,2.6600000858306885,2.680000066757202,2.5999999046325684,2.5999999046325684,1.9212267398834229,68937800,
2017-02-22,2.619999885559082,2.680000066757202,2.5999999046325684,2.680000066757202,1.980342149734497,53321100,
2017-02-23,2.680000066757202,2.740000009536743,2.640000104904175,2.6600000858306885,1.9655632972717285,64484500,
2017-02-24,2.680000066757202,2.740000009536743,2.6600000858306885,2.6600000858306885,1.9655632972717285,53007000,
2017-02-27,2.680000066757202,2.680000066757202,2.619999885559082,2.619999885559082,1.9360058307647705,14373800,
2017-02-28,2.640000104904175,2.640000104904175,2.5199999809265137,2.559999942779541,1.8916699886322021,85931300,
2017-03-01,2.559999942779541,2.5999999046325684,2.5399999618530273,2.5999999046325684,1.9212267398834229,33240400,
2017-03-02,2.5999999046325684,2.619999885559082,2.5199999809265137,2.559999942779541,1.8916699886322021,69431100,
2017-03-03,2.559999942779541,2.559999942779541,2.5199999809265137,2.559999942779541,1.8916699886322021,19425500,
2017-03-06,2.5399999618530273,2.5799999237060547,2.5199999809265137,2.5199999809265137,1.8621124029159546,16472800,
2017-03-07,2.5199999809265137,2.559999942779541,2.5199999809265137,2.5399999618530273,1.876891016960144,17855000,
2017-03-08,2.5399999618530273,2.5399999618530273,2.4200000762939453,2.4600000381469727,1.8177765607833862,71828500,
2017-03-09,2.4600000381469727,2.5,2.440000057220459,2.4600000381469727,1.8177765607833862,24282800,
2017-03-10,2.4800000190734863,2.4800000190734863,2.440000057220459,2.440000057220459,1.8029977083206177,17106100,
2017-03-13,2.440000057220459,2.440000057220459,2.4000000953674316,2.4000000953674316,1.7734405994415283,27558600,
2017-03-14,2.4000000953674316,2.5199999809265137,2.380000114440918,2.5199999809265137,1.8621124029159546,43667200,
2017-03-15,2.5199999809265137,2.5199999809265137,2.4600000381469727,2.5,1.847333550453186,20742100,
2017-03-16,2.5,2.5399999618530273,2.4600000381469727,2.4600000381469727,1.8177765607833862,38277700,
2017-03-17,2.4800000190734863,2.5,2.440000057220459,2.4600000381469727,1.8177765607833862,35641300,
2017-03-20,2.4600000381469727,2.559999942779541,2.440000057220459,2.5399999618530273,1.876891016960144,164647800,
2017-03-21,2.5399999618530273,2.5799999237060547,2.5199999809265137,2.5399999618530273,1.876891016960144,48228200,
2017-03-22,2.5199999809265137,2.5999999046325684,2.5,2.5799999237060547,1.906448483467102,52228800,
2017-03-23,2.5999999046325684,2.5999999046325684,2.5399999618530273,2.559999942779541,1.8916699886322021,27517100,
2017-03-24,2.5799999237060547,2.5799999237060547,2.5399999618530273,2.559999942779541,1.8916699886322021,17016500,
2017-03-27,2.559999942779541,2.5799999237060547,2.5199999809265137,2.5399999618530273,1.876891016960144,21372300,
2017-03-28,2.5399999618530273,2.559999942779541,2.5199999809265137,2.5399999618530273,1.876891016960144,24708600,
2017-03-29,2.5399999618530273,2.559999942779541,2.5199999809265137,2.5399999618530273,1.876891016960144,17756900,
2017-03-30,2.5399999618530273,2.5399999618530273,2.5199999809265137,2.5199999809265137,1.8621124029159546,10232700,
2017-03-31,2.5199999809265137,2.5399999618530273,2.5,2.5,1.847333550453186,23913500,
2017-04-03,2.5199999809265137,2.5399999618530273,2.4800000190734863,2.5199999809265137,1.8621124029159546,53012100,
2017-04-04,2.5199999809265137,2.5399999618530273,2.5,2.5,1.847333550453186,25763600,
2017-04-05,2.5199999809265137,2.5199999809265137,2.4800000190734863,2.5,1.847333550453186,18453500,
2017-04-07,2.5,2.5199999809265137,2.4800000190734863,2.4800000190734863,1.8325552940368652,14744600,
2017-04-10,2.4800000190734863,2.5,2.4600000381469727,2.4600000381469727,1.8177765607833862,42399900,
2017-04-11,2.4600000381469727,2.4600000381469727,2.4000000953674316,2.4200000762939453,1.7882194519042969,67987600,
2017-04-12,2.4200000762939453,2.440000057220459,2.380000114440918,2.440000057220459,1.8029977083206177,55979500,
2017-04-17,2.440000057220459,2.440000057220459,2.380000114440918,2.4000000953674316,1.7734405994415283,31467700,
2017-04-18,2.4000000953674316,2.4200000762939453,2.380000114440918,2.380000114440918,1.7586617469787598,38677700,
2017-04-19,2.380000114440918,2.4000000953674316,2.359999895095825,2.359999895095825,1.7438828945159912,35139700,
2017-04-20,2.359999895095825,2.440000057220459,2.359999895095825,2.4000000953674316,1.7734405994415283,31275000,
2017-04-21,2.4200000762939453,2.440000057220459,2.4000000953674316,2.4200000762939453,1.7882194519042969,29994100,
2017-04-24,2.4200000762939453,2.4200000762939453,2.380000114440918,2.380000114440918,1.7586617469787598,12843600,
2017-04-25,2.4000000953674316,2.4000000953674316,2.359999895095825,2.380000114440918,1.7586617469787598,24725200,
2017-04-26,2.380000114440918,2.4000000953674316,2.3399999141693115,2.4000000953674316,1.7824276685714722,24640500,0.012
2017-04-27,2.359999895095825,2.4000000953674316,2.359999895095825,2.380000114440918,1.7675738334655762,9798700,
2017-04-28,2.380000114440918,2.380000114440918,2.3399999141693115,2.380000114440918,1.7675738334655762,22518600,
2017-05-02,2.380000114440918,2.4200000762939453,2.359999895095825,2.380000114440918,1.7675738334655762,9210400,
2017-05-03,2.380000114440918,2.4200000762939453,2.380000114440918,2.4200000762939453,1.797281265258789,10741200,
2017-05-04,2.4200000762939453,2.5,2.4000000953674316,2.4800000190734863,1.8418418169021606,88087800,
2017-05-08,2.4800000190734863,2.4800000190734863,2.4200000762939453,2.4200000762939453,1.797281265258789,18569000,
2017-05-09,2.440000057220459,2.440000057220459,2.380000114440918,2.4000000953674316,1.7824276685714722,31470800,
2017-05-11,2.4200000762939453,2.4200000762939453,2.359999895095825,2.359999895095825,1.7527201175689697,26037800,
2017-05-12,2.359999895095825,2.4000000953674316,2.3399999141693115,2.359999895095825,1.7527201175689697,19663700,
2017-05-15,2.2799999713897705,2.2799999713897705,2.2799999713897705,2.2799999713897705,1.6933058500289917,2192500,
2017-05-16,2.2799999713897705,2.299999952316284,2.259999990463257,2.299999952316284,1.7081598043441772,14514000,
2017-05-17,2.299999952316284,2.359999895095825,2.299999952316284,2.299999952316284,1.7081598043441772,22172200,
2017-05-18,2.2799999713897705,2.299999952316284,2.259999990463257,2.259999990463257,1.678452730178833,23667800,
2017-05-19,2.259999990463257,2.2799999713897705,2.2200000286102295,2.259999990463257,1.678452730178833,32088600,
2017-05-22,2.259999990463257,2.2799999713897705,2.240000009536743,2.240000009536743,1.6635993719100952,20129000,
2017-05-23,2.259999990463257,2.299999952316284,2.240000009536743,2.2799999713897705,1.6933058500289917,11080800,
2017-05-24,2.2799999713897705,2.299999952316284,2.259999990463257,2.299999952316284,1.7081598043441772,21765300,
2017-05-25,2.299999952316284,2.380000114440918,2.299999952316284,2.359999895095825,1.7527201175689697,44933500,
2017-05-26,2.359999895095825,2.440000057220459,2.3399999141693115,2.359999895095825,1.7527201175689697,81562600,
2017-05-29,2.359999895095825,2.380000114440918,2.3399999141693115,2.359999895095825,1.7527201175689697,12282600,
2017-05-30,2.359999895095825,2.380000114440918,2.319999933242798,2.3399999141693115,1.7378668785095215,19099600,
2017-05-31,2.3399999141693115,2.359999895095825,2.2799999713897705,2.319999933242798,1.7230132818222046,24557600,
2017-06-01,2.319999933242798,2.3399999141693115,2.2799999713897705,2.319999933242798,1.7230132818222046,11963200,
2017-06-02,2.319999933242798,2.440000057220459,2.319999933242798,2.4000000953674316,1.7824276685714722,74910800,
2017-06-05,2.4200000762939453,2.440000057220459,2.380000114440918,2.4200000762939453,1.797281265258789,29404600,
2017-06-06,2.4000000953674316,2.4600000381469727,2.4000000953674316,2.4600000381469727,1.8269882202148438,42908000,
2017-06-07,2.4800000190734863,2.5,2.4600000381469727,2.4600000381469727,1.8269882202148438,77422900,
2017-06-08,2.4800000190734863,2.4800000190734863,2.4000000953674316,2.4000000953674316,1.7824276685714722,48728900,
2017-06-09,2.4200000762939453,2.440000057220459,2.380000114440918,2.4000000953674316,1.7824276685714722,24147500,
2017-06-12,2.4000000953674316,2.440000057220459,2.4000000953674316,2.4200000762939453,1.797281265258789,8219400,
2017-06-13,2.4200000762939453,2.440000057220459,2.4000000953674316,2.4200000762939453,1.797281265258789,7453400,
2017-06-14,2.4200000762939453,2.4200000762939453,2.359999895095825,2.4000000953674316,1.7824276685714722,31048900,
2017-06-15,2.380000114440918,2.4200000762939453,2.380000114440918,2.4000000953674316,1.7824276685714722,33203900,
2017-06-16,2.4000000953674316,2.4000000953674316,2.3399999141693115,2.359999895095825,1.7527201175689697,56986800,
2017-06-19,2.3399999141693115,2.359999895095825,2.319999933242798,2.3399999141693115,1.7378668785095215,32753200,
2017-06-20,2.3399999141693115,2.380000114440918,2.3399999141693115,2.359999895095825,1.7527201175689697,7865400,
2017-06-21,2.359999895095825,2.380000114440918,2.3399999141693115,2.359999895095825,1.7527201175689697,5210700,
2017-06-22,2.359999895095825,2.380000114440918,2.359999895095825,2.380000114440918,1.7675738334655762,19522100,
2017-06-23,2.380000114440918,2.4000000953674316,2.359999895095825,2.380000114440918,1.7675738334655762,15008500,
2017-06-26,2.4000000953674316,2.4200000762939453,2.380000114440918,2.4000000953674316,1.7824276685714722,27925900,
2017-06-27,2.4200000762939453,2.4600000381469727,2.4000000953674316,2.4200000762939453,1.797281265258789,58363700,
2017-06-28,2.440000057220459,2.440000057220459,2.4000000953674316,2.4200000762939453,1.797281265258789,15392400,
2017-06-29,2.4200000762939453,2.4800000190734863,2.4200000762939453,2.4600000381469727,1.8269882202148438,64496000,
2017-06-30,2.440000057220459,2.4600000381469727,2.4000000953674316,2.440000057220459,1.8121347427368164,21632500,
2017-07-03,2.440000057220459,2.4800000190734863,2.4200000762939453,2.4800000190734863,1.8418418169021606,38660800,
2017-07-04,2.4800000190734863,2.5,2.440000057220459,2.4600000381469727,1.8269882202148438,28637900,
2017-07-05,2.4600000381469727,2.4800000190734863,2.4200000762939453,2.4600000381469727,1.8269882202148438,25058800,
2017-07-06,2.4600000381469727,2.4600000381469727,2.4000000953674316,2.440000057220459,1.8121347427368164,16989300,
2017-07-07,2.4200000762939453,2.440000057220459,2.380000114440918,2.380000114440918,1.7675738334655762,50567200,
2017-07-11,2.380000114440918,2.4200000762939453,2.3399999141693115,2.4200000762939453,1.797281265258789,39039900,
2017-07-12,2.4000000953674316,2.4200000762939453,2.380000114440918,2.380000114440918,1.7675738334655762,11819800,
2017-07-13,2.380000114440918,2.4200000762939453,2.380000114440918,2.380000114440918,1.7675738334655762,12662600,
2017-07-14,2.4000000953674316,2.4200000762939453,2.380000114440918,2.380000114440918,1.7675738334655762,12152600,
2017-07-17,2.4600000381469727,2.5199999809265137,2.440000057220459,2.5,1.8566949367523193,155805500,
2017-07-18,2.5,2.5199999809265137,2.4800000190734863,2.4800000190734863,1.8418418169021606,41774800,
2017-07-19,2.4800000190734863,2.559999942779541,2.4600000381469727,2.5399999618530273,1.8864022493362427,91421800,
2017-07-20,2.5399999618530273,2.5399999618530273,2.5,2.5199999809265137,1.8715492486953735,56869500,
2017-07-21,2.5199999809265137,2.5999999046325684,2.5,2.559999942779541,1.9012559652328491,91625000,
2017-07-24,2.5799999237060547,2.5999999046325684,2.5399999618530273,2.5799999237060547,1.9161096811294556,58226200,
2017-07-25,2.5799999237060547,2.640000104904175,2.559999942779541,2.619999885559082,1.9458166360855103,86764100,
2017-07-26,2.619999885559082,2.619999885559082,2.5799999237060547,2.5799999237060547,1.9161096811294556,23999100,
2017-07-27,2.5999999046325684,2.640000104904175,2.559999942779541,2.619999885559082,1.9458166360855103,59150500,
2017-07-31,2.640000104904175,2.6600000858306885,2.5799999237060547,2.5799999237060547,1.9161096811294556,49343000,
2017-08-01,2.5799999237060547,2.619999885559082,2.5799999237060547,2.5999999046325684,1.9309626817703247,32064100,
2017-08-02,2.5999999046325684,2.640000104904175,2.5799999237060547,2.619999885559082,1.9458166360855103,65498000,
2017-08-03,2.619999885559082,2.700000047683716,2.619999885559082,2.680000066757202,1.99037766456604,90662400,
2017-08-04,2.680000066757202,2.700000047683716,2.6600000858306885,2.6600000858306885,1.975523591041565,38653000,
2017-08-07,2.6600000858306885,2.680000066757202,2.5799999237060547,2.5799999237060547,1.9161096811294556,32877400,
2017-08-08,2.5799999237060547,2.640000104904175,2.5199999809265137,2.640000104904175,1.9606701135635376,70805100,
2017-08-09,2.5999999046325684,2.5999999046325684,2.4800000190734863,2.4800000190734863,1.8418418169021606,124115200,
2017-08-10,2.4800000190734863,2.5,2.4000000953674316,2.4200000762939453,1.797281265258789,110485400,
2017-08-11,2.3399999141693115,2.359999895095825,2.259999990463257,2.2799999713897705,1.6933058500289917,239108100,
2017-08-15,2.299999952316284,2.319999933242798,2.259999990463257,2.2799999713897705,1.6933058500289917,60738200,
2017-08-16,2.2799999713897705,2.2799999713897705,2.2200000286102295,2.259999990463257,1.678452730178833,97349300,
2017-08-17,2.259999990463257,2.319999933242798,2.259999990463257,2.299999952316284,1.7081598043441772,61025400,
2017-08-18,2.299999952316284,2.299999952316284,2.259999990463257,2.299999952316284,1.7081598043441772,36628700,
2017-08-21,2.299999952316284,2.319999933242798,2.2799999713897705,2.2799999713897705,1.6933058500289917,34334600,
2017-08-22,2.2799999713897705,2.3399999141693115,2.2799999713897705,2.3399999141693115,1.7470617294311523,36156100,0.012
2017-08-23,2.3399999141693115,2.3399999141693115,2.299999952316284,2.3399999141693115,1.7470617294311523,24936700,
2017-08-24,2.319999933242798,2.4200000762939453,2.319999933242798,2.4000000953674316,1.7918583154678345,147332700,
2017-08-25,2.4000000953674316,2.4200000762939453,2.359999895095825,2.380000114440918,1.7769261598587036,34613600,
2017-08-28,2.4200000762939453,2.4200000762939453,2.4200000762939453,2.4200000762939453,1.8067907094955444,2239200,
2017-08-29,2.4200000762939453,2.4600000381469727,2.4000000953674316,2.440000057220459,1.8217222690582275,59998900,
2017-08-30,2.440000057220459,2.4800000190734863,2.4200000762939453,2.440000057220459,1.8217222690582275,30349400,
2017-08-31,2.4600000381469727,2.4800000190734863,2.4200000762939453,2.4600000381469727,1.8366546630859375,32551300,
2017-09-01,2.4600000381469727,2.4600000381469727,2.4200000762939453,2.4200000762939453,1.8067907094955444,16384200,
2017-09-04,2.440000057220459,2.440000057220459,2.4000000953674316,2.4000000953674316,1.7918583154678345,17333900,
2017-09-05,2.4000000953674316,2.4600000381469727,2.4000000953674316,2.4600000381469727,1.8366546630859375,20495500,
2017-09-06,2.4600000381469727,2.5399999618530273,2.440000057220459,2.5199999809265137,1.8814513683319092,70116000,
2017-09-07,2.5199999809265137,2.5799999237060547,2.5,2.559999942779541,1.911315679550171,51286100,
2017-09-08,2.559999942779541,2.5799999237060547,2.4800000190734863,2.5199999809265137,1.8814513683319092,40125500,
2017-09-11,2.5199999809265137,2.5199999809265137,2.4600000381469727,2.4800000190734863,1.8515870571136475,28614900,
2017-09-12,2.4800000190734863,2.5199999809265137,2.4800000190734863,2.4800000190734863,1.8515870571136475,15291200,
2017-09-13,2.5,2.5,2.4000000953674316,2.440000057220459,1.8217222690582275,51416100,
2017-09-14,2.4600000381469727,2.4600000381469727,2.4000000953674316,2.440000057220459,1.8217222690582275,48770300,
2017-09-15,2.440000057220459,2.5399999618530273,2.4000000953674316,2.5399999618530273,1.89638352394104,101735400,
2017-09-18,2.5799999237060547,2.5999999046325684,2.5399999618530273,2.559999942779541,1.911315679550171,94545800,
2017-09-19,2.5799999237060547,2.5999999046325684,2.5399999618530273,2.5999999046325684,1.941179633140564,29318700,
2017-09-20,2.5999999046325684,2.619999885559082,2.559999942779541,2.5799999237060547,1.9262475967407227,23609000,
2017-09-21,2.5799999237060547,2.5999999046325684,2.559999942779541,2.559999942779541,1.911315679550171,24431000,
2017-09-22,2.559999942779541,2.559999942779541,2.5,2.5199999809265137,1.8814513683319092,25956100,
2017-09-25,2.5199999809265137,2.5399999618530273,2.5,2.5199999809265137,1.8814513683319092,32209600,
2017-09-26,2.5199999809265137,2.5199999809265137,2.5,2.5199999809265137,1.8814513683319092,17068700,
2017-09-27,2.5199999809265137,2.5199999809265137,2.440000057220459,2.5,1.866518497467041,66484800,
2017-09-28,2.5,2.5,2.440000057220459,2.4600000381469727,1.8366546630859375,50041200,
2017-09-29,2.4800000190734863,2.5,2.4600000381469727,2.4600000381469727,1.8366546630859375,29336100,
2017-10-02,2.4800000190734863,2.5199999809265137,2.4600000381469727,2.4800000190734863,1.8515870571136475,35201900,
2017-10-03,2.4600000381469727,2.5,2.440000057220459,2.4800000190734863,1.8515870571136475,35727400,
2017-10-04,2.4800000190734863,2.5199999809265137,2.4600000381469727,2.5,1.866518497467041,32018600,
2017-10-05,2.5,2.5399999618530273,2.5,2.5199999809265137,1.8814513683319092,31348700,
2017-10-06,2.5199999809265137,2.5799999237060547,2.5,2.559999942779541,1.911315679550171,83489400,
2017-10-09,2.559999942779541,2.5799999237060547,2.5399999618530273,2.5399999618530273,1.89638352394104,20754800,
2017-10-10,2.5399999618530273,2.559999942779541,2.5,2.5199999809265137,1.8814513683319092,23899000,
2017-10-11,2.5199999809265137,2.5399999618530273,2.5,2.5,1.866518497467041,31716700,
2017-10-12,2.5199999809265137,2.5799999237060547,2.5,2.559999942779541,1.911315679550171,73220500,
2017-10-16,2.5999999046325684,2.640000104904175,2.559999942779541,2.640000104904175,1.9710444211959839,105066600,
2017-10-17,2.640000104904175,2.6600000858306885,2.5799999237060547,2.5999999046325684,1.941179633140564,44538400,
2017-10-18,2.5999999046325684,2.619999885559082,2.5799999237060547,2.5799999237060547,1.9262475967407227,22932800,
2017-10-19,2.5799999237060547,2.5999999046325684,2.5,2.5,1.866518497467041,44825700,
2017-10-20,2.5,2.5399999618530273,2.4600000381469727,2.5399999618530273,1.89638352394104,29390200,
2017-10-24,2.5399999618530273,2.5399999618530273,2.5,2.5399999618530273,1.89638352394104,17418000,
2017-10-25,2.559999942779541,2.619999885559082,2.5399999618530273,2.619999885559082,1.9561123847961426,99770600,
2017-10-27,2.5999999046325684,2.640000104904175,2.5999999046325684,2.619999885559082,1.9561123847961426,38507800,
2017-10-30,2.5999999046325684,2.640000104904175,2.5799999237060547,2.619999885559082,1.9561123847961426,30414600,
2017-10-31,2.5999999046325684,2.619999885559082,2.5799999237060547,2.5999999046325684,1.941179633140564,12776200,
2017-11-01,2.5999999046325684,2.619999885559082,2.5799999237060547,2.5999999046325684,1.941179633140564,16871600,
2017-11-02,2.619999885559082,2.619999885559082,2.5799999237060547,2.5999999046325684,1.941179633140564,23387900,
2017-11-03,2.5999999046325684,2.7200000286102295,2.5799999237060547,2.700000047683716,2.015840768814087,174760000,
2017-11-06,2.700000047683716,2.799999952316284,2.680000066757202,2.759999990463257,2.0606369972229004,183246300,
2017-11-07,2.759999990463257,2.759999990463257,2.640000104904175,2.6600000858306885,1.985975980758667,107859500,
2017-11-08,2.5799999237060547,2.5999999046325684,2.4200000762939453,2.5,1.866518497467041,349048200,
2017-11-09,2.5,2.5,2.440000057220459,2.4600000381469727,1.8366546630859375,51347400,
2017-11-10,2.4800000190734863,2.4800000190734863,2.359999895095825,2.380000114440918,1.7769261598587036,133914400,
2017-11-13,2.380000114440918,2.4200000762939453,2.380000114440918,2.380000114440918,1.7769261598587036,52239600,
2017-11-14,2.4000000953674316,2.440000057220459,2.380000114440918,2.4000000953674316,1.7918583154678345,39863100,
2017-11-15,2.4000000953674316,2.440000057220459,2.380000114440918,2.380000114440918,1.7769261598587036,74014300,
2017-11-16,2.4000000953674316,2.4200000762939453,2.319999933242798,2.3399999141693115,1.7470617294311523,75610700,
2017-11-17,2.3399999141693115,2.380000114440918,2.319999933242798,2.359999895095825,1.7619941234588623,41529600,
2017-11-20,2.380000114440918,2.4200000762939453,2.359999895095825,2.4000000953674316,1.7918583154678345,25538500,
2017-11-21,2.359999895095825,2.359999895095825,2.359999895095825,2.359999895095825,1.770848274230957,29118300,0.012
2017-11-22,2.380000114440918,2.380000114440918,2.299999952316284,2.3399999141693115,1.7558411359786987,54228800,
2017-11-23,2.319999933242798,2.319999933242798,2.259999990463257,2.2799999713897705,1.7108197212219238,73577900,
2017-11-24,2.299999952316284,2.299999952316284,2.240000009536743,2.259999990463257,1.6958122253417969,49292700,
2017-11-27,2.259999990463257,2.299999952316284,2.240000009536743,2.2799999713897705,1.7108197212219238,41667800,
2017-11-28,2.2799999713897705,2.3399999141693115,2.2799999713897705,2.299999952316284,1.7258269786834717,24718200,
2017-11-29,2.319999933242798,2.3399999141693115,2.299999952316284,2.319999933242798,1.7408339977264404,18591600,
2017-11-30,2.3399999141693115,2.3399999141693115,2.2799999713897705,2.299999952316284,1.7258269786834717,16696000,
2017-12-01,2.299999952316284,2.319999933242798,2.259999990463257,2.259999990463257,1.6958122253417969,22521500,
2017-12-04,2.2799999713897705,2.299999952316284,2.259999990463257,2.2799999713897705,1.7108197212219238,7129700,
2017-12-06,2.2799999713897705,2.299999952316284,2.240000009536743,2.259999990463257,1.6958122253417969,44440900,
2017-12-07,2.259999990463257,2.2799999713897705,2.2200000286102295,2.240000009536743,1.6808052062988281,62830500,
2017-12-08,2.240000009536743,2.240000009536743,2.059999942779541,2.0999999046325684,1.5757547616958618,272372500,
2017-12-12,2.119999885559082,2.119999885559082,1.9900000095367432,2.059999942779541,1.5457401275634766,135185700,
2017-12-13,2.059999942779541,2.0999999046325684,2.0399999618530273,2.0399999618530273,1.5307331085205078,40215900,
2017-12-14,2.0399999618530273,2.0999999046325684,2.0399999618530273,2.059999942779541,1.5457401275634766,16133300,
2017-12-15,2.0799999237060547,2.0799999237060547,2.0399999618530273,2.059999942779541,1.5457401275634766,14928200,
2017-12-18,2.0799999237060547,2.119999885559082,2.059999942779541,2.0999999046325684,1.5757547616958618,23572800,
2017-12-19,2.0999999046325684,2.119999885559082,2.0399999618530273,2.059999942779541,1.5457401275634766,41397300,
2017-12-20,2.059999942779541,2.0999999046325684,2.0399999618530273,2.0799999237060547,1.5607476234436035,34671300,
2017-12-21,2.0999999046325684,2.180000066757202,2.0999999046325684,2.180000066757202,1.6357840299606323,89040800,
2017-12-22,2.180000066757202,2.240000009536743,2.1600000858306885,2.200000047683716,1.6507909297943115,64481900,
2017-12-25,2.200000047683716,2.2200000286102295,2.1600000858306885,2.1600000858306885,1.6207765340805054,21348600,
2017-12-26,2.1600000858306885,2.180000066757202,2.140000104904175,2.140000104904175,1.605769395828247,22045800,
2017-12-27,2.140000104904175,2.1600000858306885,2.059999942779541,2.059999942779541,1.5457401275634766,78424600,
2017-12-28,2.059999942779541,2.140000104904175,2.0399999618530273,2.059999942779541,1.5457401275634766,54428600,
2017-12-29,2.0799999237060547,2.0999999046325684,2.059999942779541,2.0999999046325684,1.5757547616958618,12683500,
2018-01-03,2.0999999046325684,2.140000104904175,2.0799999237060547,2.119999885559082,1.590761661529541,16097800,
2018-01-04,2.119999885559082,2.140000104904175,2.0999999046325684,2.0999999046325684,1.5757547616958618,34807300,
2018-01-05,2.119999885559082,2.140000104904175,2.0999999046325684,2.0999999046325684,1.5757547616958618,33505400,
2018-01-08,2.0999999046325684,2.119999885559082,2.059999942779541,2.059999942779541,1.5457401275634766,40568200,
2018-01-09,2.0999999046325684,2.0999999046325684,2.0999999046325684,2.0999999046325684,1.5757547616958618,3487700,
2018-01-10,2.0999999046325684,2.0999999046325684,2.059999942779541,2.059999942779541,1.5457401275634766,33756700,
2018-01-11,2.0799999237060547,2.0799999237060547,2.0,2.0399999618530273,1.5307331085205078,77129400,
2018-01-12,2.0399999618530273,2.059999942779541,2.0399999618530273,2.0399999618530273,1.5307331085205078,23700500,
2018-01-15,2.0399999618530273,2.059999942779541,2.0199999809265137,2.0199999809265137,1.5157262086868286,27266700,
2018-01-16,2.0199999809265137,2.059999942779541,2.0199999809265137,2.0399999618530273,1.5307331085205078,22852100,
2018-01-17,2.0199999809265137,2.059999942779541,2.0199999809265137,2.0399999618530273,1.5307331085205078,44980200,
2018-01-18,2.0399999618530273,2.0799999237060547,2.0399999618530273,2.059999942779541,1.5457401275634766,49963400,
2018-01-19,2.059999942779541,2.0799999237060547,2.0399999618530273,2.0799999237060547,1.5607476234436035,16632300,
2018-01-22,2.0799999237060547,2.0999999046325684,2.0399999618530273,2.059999942779541,1.5457401275634766,27192800,
2018-01-23,2.0799999237060547,2.0799999237060547,2.0399999618530273,2.059999942779541,1.5457401275634766,19198400,
2018-01-24,2.059999942779541,2.0799999237060547,2.0399999618530273,2.0799999237060547,1.5607476234436035,13889000,
2018-01-25,2.0799999237060547,2.0799999237060547,2.0199999809265137,2.0199999809265137,1.5157262086868286,53112000,
2018-01-26,2.0399999618530273,2.059999942779541,2.0,2.0399999618530273,1.5307331085205078,79348800,
2018-01-29,2.0399999618530273,2.059999942779541,2.0199999809265137,2.0399999618530273,1.5307331085205078,26576200,
2018-01-30,2.0399999618530273,2.059999942779541,2.0199999809265137,2.0399999618530273,1.5307331085205078,15280300,
2018-01-31,2.0199999809265137,2.0399999618530273,2.0199999809265137,2.0199999809265137,1.5157262086868286,8085600,
2018-02-01,2.0199999809265137,2.119999885559082,2.0199999809265137,2.119999885559082,1.590761661529541,87310800,
2018-02-02,2.1600000858306885,2.180000066757202,2.0799999237060547,2.0799999237060547,1.5607476234436035,93721200,
2018-02-05,2.0399999618530273,2.0999999046325684,2.0199999809265137,2.0799999237060547,1.5607476234436035,37628500,
2018-02-06,2.0399999618530273,2.059999942779541,2.0199999809265137,2.0399999618530273,1.5307331085205078,106699300,
2018-02-07,2.059999942779541,2.0799999237060547,2.0399999618530273,2.0399999618530273,1.5307331085205078,29716900,
2018-02-08,2.059999942779541,2.0799999237060547,2.0399999618530273,2.059999942779541,1.5457401275634766,24855100,
2018-02-09,2.0199999809265137,2.059999942779541,2.0199999809265137,2.0399999618530273,1.5307331085205078,45663600,
2018-02-12,2.059999942779541,2.0999999046325684,2.0399999618530273,2.0799999237060547,1.5607476234436035,26421000,
2018-02-13,2.0799999237060547,2.0999999046325684,2.059999942779541,2.059999942779541,1.5457401275634766,13095000,
2018-02-14,2.0799999237060547,2.0799999237060547,2.0399999618530273,2.0399999618530273,1.5307331085205078,16505600,
2018-02-15,2.0399999618530273,2.059999942779541,2.0199999809265137,2.0399999618530273,1.5307331085205078,31293900,
2018-02-16,2.0399999618530273,2.059999942779541,2.0399999618530273,2.059999942779541,1.5457401275634766,6311500,
2018-02-19,2.059999942779541,2.140000104904175,2.059999942779541,2.119999885559082,1.590761661529541,127704100,
2018-02-20,2.140000104904175,2.1600000858306885,2.0799999237060547,2.0799999237060547,1.5607476234436035,90102400,
2018-02-21,2.0999999046325684,2.0999999046325684,2.0399999618530273,2.059999942779541,1.5457401275634766,35105100,
2018-02-22,2.0399999618530273,2.059999942779541,2.0199999809265137,2.0399999618530273,1.5307331085205078,33770000,
2018-02-23,2.0199999809265137,2.059999942779541,2.0199999809265137,2.059999942779541,1.5457401275634766,27458600,
2018-02-26,2.059999942779541,2.0799999237060547,2.0399999618530273,2.0399999618530273,1.5307331085205078,15373400,
2018-02-27,2.0399999618530273,2.059999942779541,2.0199999809265137,2.0399999618530273,1.5307331085205078,25486400,
2018-02-28,2.0399999618530273,2.059999942779541,2.0199999809265137,2.0399999618530273,1.5307331085205078,14392200,
2018-03-02,2.0199999809265137,2.059999942779541,2.0199999809265137,2.0199999809265137,1.5157262086868286,20342400,
2018-03-05,2.0399999618530273,2.0399999618530273,2.0199999809265137,2.0399999618530273,1.5307331085205078,6778900,
2018-03-06,2.0199999809265137,2.0199999809265137,2.0199999809265137,2.0199999809265137,1.5157262086868286,2930400,
2018-03-07,2.0399999618530273,2.0399999618530273,2.0,2.0,1.5007191896438599,51811800,
2018-03-08,2.0,2.0199999809265137,1.8700000047683716,1.8700000047683716,1.4031721353530884,177899100,
2018-03-09,1.8700000047683716,1.8799999952316284,1.809999942779541,1.850000023841858,1.3881648778915405,51020300,
2018-03-12,1.8600000143051147,1.899999976158142,1.840000033378601,1.8799999952316284,1.4106757640838623,23263200,
2018-03-13,1.8700000047683716,1.899999976158142,1.850000023841858,1.899999976158142,1.425682783126831,21946300,
2018-03-14,1.899999976158142,1.9199999570846558,1.8899999856948853,1.899999976158142,1.425682783126831,29269700,
2018-03-15,1.899999976158142,1.909999966621399,1.8799999952316284,1.8799999952316284,1.4106757640838623,13764800,
2018-03-16,1.8899999856948853,1.899999976158142,1.8700000047683716,1.8700000047683716,1.4031721353530884,19350300,
2018-03-19,1.8700000047683716,1.8799999952316284,1.850000023841858,1.8700000047683716,1.4031721353530884,7398500,
2018-03-20,1.8600000143051147,1.8799999952316284,1.850000023841858,1.8600000143051147,1.395668625831604,6478700,
2018-03-21,1.8700000047683716,1.8799999952316284,1.8600000143051147,1.8700000047683716,1.4031721353530884,4159800,
2018-03-22,1.8799999952316284,1.9299999475479126,1.8700000047683716,1.9199999570846558,1.440690040588379,35725500,
2018-03-23,1.8799999952316284,1.899999976158142,1.8799999952316284,1.899999976158142,1.425682783126831,5185800,
2018-03-26,1.8899999856948853,1.909999966621399,1.8799999952316284,1.899999976158142,1.425682783126831,20760000,
2018-03-27,1.909999966621399,1.9199999570846558,1.8799999952316284,1.8799999952316284,1.4106757640838623,7617700,
2018-03-28,1.8799999952316284,1.8899999856948853,1.8600000143051147,1.8600000143051147,1.395668625831604,9324400,
2018-03-29,1.8600000143051147,1.8799999952316284,1.850000023841858,1.8700000047683716,1.4031721353530884,10289500,
2018-03-30,1.8799999952316284,1.940000057220459,1.8799999952316284,1.9299999475479126,1.4481936693191528,41475300,
2018-04-02,1.9299999475479126,1.9500000476837158,1.909999966621399,1.9500000476837158,1.4632009267807007,23381400,
2018-04-03,1.9500000476837158,1.9700000286102295,1.940000057220459,1.940000057220459,1.4556974172592163,19665600,
2018-04-04,1.940000057220459,1.9500000476837158,1.8899999856948853,1.8899999856948853,1.4181793928146362,22264700,
2018-04-05,1.899999976158142,1.909999966621399,1.8799999952316284,1.8899999856948853,1.4181793928146362,6443800,
2018-04-09,1.8899999856948853,1.9199999570846558,1.8799999952316284,1.909999966621399,1.4331865310668945,9248500,
2018-04-10,1.9199999570846558,1.9500000476837158,1.909999966621399,1.9299999475479126,1.4481936693191528,16233600,
2018-04-11,1.9299999475479126,2.0,1.9299999475479126,1.9800000190734863,1.485711693763733,50680700,
2018-04-12,1.9700000286102295,2.0,1.9500000476837158,1.9900000095367432,1.4932152032852173,26921300,
2018-04-17,2.0,2.0,1.9600000381469727,1.9800000190734863,1.485711693763733,15113800,
2018-04-18,2.0,2.0399999618530273,1.9800000190734863,2.0199999809265137,1.5157262086868286,31095100,
2018-04-19,2.0399999618530273,2.0399999618530273,2.0,2.0,1.5007191896438599,12561800,
2018-04-20,2.0199999809265137,2.0199999809265137,1.9600000381469727,1.9600000381469727,1.470704197883606,40122500,
2018-04-23,1.9600000381469727,1.9800000190734863,1.940000057220459,1.9500000476837158,1.4632009267807007,22709400,
2018-04-24,1.9500000476837158,1.9900000095367432,1.9500000476837158,1.9800000190734863,1.485711693763733,14021700,
2018-04-25,1.9700000286102295,2.0199999809265137,1.9700000286102295,1.9900000095367432,1.4932152032852173,24924700,
2018-04-26,2.0,2.0199999809265137,1.9900000095367432,1.9900000095367432,1.4932152032852173,10624700,
2018-04-27,2.0,2.0,1.9500000476837158,1.9600000381469727,1.470704197883606,23413000,
2018-04-30,1.9500000476837158,1.9700000286102295,1.9500000476837158,1.9600000381469727,1.4797643423080444,4967900,0.012
2018-05-02,1.9700000286102295,1.9800000190734863,1.9600000381469727,1.9800000190734863,1.4948639869689941,6816700,
2018-05-03,1.9700000286102295,1.9900000095367432,1.9700000286102295,1.9800000190734863,1.4948639869689941,7091600,
2018-05-04,1.9900000095367432,2.0199999809265137,1.9900000095367432,2.0,1.5099635124206543,28842100,
2018-05-07,2.0,2.0199999809265137,1.9900000095367432,1.9900000095367432,1.5024138689041138,7463800,
2018-05-08,2.0,2.0,1.9800000190734863,1.9800000190734863,1.4948639869689941,11955800,
2018-05-09,1.9900000095367432,1.9900000095367432,1.9500000476837158,1.9600000381469727,1.4797643423080444,15936400,
2018-05-10,1.9700000286102295,2.0,1.9700000286102295,1.9900000095367432,1.5024138689041138,18599400,
2018-05-11,2.200000047683716,2.2200000286102295,2.119999885559082,2.1600000858306885,1.630760669708252,264389200,
2018-05-14,2.2200000286102295,2.3399999141693115,2.2200000286102295,2.299999952316284,1.7364577054977417,404104300,
2018-05-15,2.299999952316284,2.299999952316284,2.2200000286102295,2.2799999713897705,1.7213587760925293,68164600,
2018-05-16,2.319999933242798,2.319999933242798,2.240000009536743,2.299999952316284,1.7364577054977417,67295400,
2018-05-17,2.2799999713897705,2.299999952316284,2.240000009536743,2.2799999713897705,1.7213587760925293,43070000,
2018-05-18,2.2799999713897705,2.319999933242798,2.259999990463257,2.2799999713897705,1.7213587760925293,60178000,
2018-05-21,2.2799999713897705,2.2799999713897705,2.259999990463257,2.2799999713897705,1.7213587760925293,19814300,
2018-05-22,2.2799999713897705,2.2799999713897705,2.240000009536743,2.259999990463257,1.7062588930130005,17754100,
2018-05-23,2.2799999713897705,2.380000114440918,2.240000009536743,2.3399999141693115,1.7666572332382202,146785900,
2018-05-24,2.319999933242798,2.380000114440918,2.299999952316284,2.380000114440918,1.7968567609786987,85170200,
2018-05-25,2.359999895095825,2.380000114440918,2.319999933242798,2.3399999141693115,1.7666572332382202,28158700,
2018-05-28,2.3399999141693115,2.359999895095825,2.319999933242798,2.3399999141693115,1.7666572332382202,20660300,
2018-05-30,2.319999933242798,2.319999933242798,2.259999990463257,2.299999952316284,1.7364577054977417,49108400,
2018-05-31,2.319999933242798,2.3399999141693115,2.2799999713897705,2.319999933242798,1.7515573501586914,56288100,
2018-06-01,2.319999933242798,2.319999933242798,2.259999990463257,2.299999952316284,1.7364577054977417,17883800,
2018-06-04,2.319999933242798,2.3399999141693115,2.2799999713897705,2.319999933242798,1.7515573501586914,56428400,
2018-06-05,2.299999952316284,2.380000114440918,2.299999952316284,2.380000114440918,1.7968567609786987,100263500,
2018-06-06,2.380000114440918,2.4000000953674316,2.359999895095825,2.4000000953674316,1.811956524848938,50340100,
2018-06-07,2.4000000953674316,2.4000000953674316,2.3399999141693115,2.3399999141693115,1.7666572332382202,19207500,
2018-06-08,2.3399999141693115,2.359999895095825,2.3399999141693115,2.3399999141693115,1.7666572332382202,5831900,
2018-06-11,2.3399999141693115,2.380000114440918,2.299999952316284,2.380000114440918,1.7968567609786987,18382800,
2018-06-12,2.359999895095825,2.380000114440918,2.3399999141693115,2.380000114440918,1.7968567609786987,15126300,
2018-06-13,2.359999895095825,2.380000114440918,2.3399999141693115,2.359999895095825,1.7817569971084595,18209700,
2018-06-14,2.3399999141693115,2.359999895095825,2.299999952316284,2.319999933242798,1.7515573501586914,13234100,
2018-06-15,2.319999933242798,2.380000114440918,2.319999933242798,2.3399999141693115,1.7666572332382202,26900100,
2018-06-18,2.299999952316284,2.319999933242798,2.259999990463257,2.259999990463257,1.7062588930130005,19128200,
2018-06-19,2.2200000286102295,2.259999990463257,2.1600000858306885,2.180000066757202,1.6458603143692017,52729600,
2018-06-20,2.1600000858306885,2.240000009536743,2.1600000858306885,2.2200000286102295,1.6760594844818115,19203300,
2018-06-21,2.2200000286102295,2.240000009536743,2.180000066757202,2.200000047683716,1.6609601974487305,19919200,
2018-06-22,2.180000066757202,2.2200000286102295,2.1600000858306885,2.180000066757202,1.6458603143692017,10446100,
2018-06-25,2.200000047683716,2.240000009536743,2.200000047683716,2.2200000286102295,1.6760594844818115,17412600,
2018-06-26,2.2200000286102295,2.259999990463257,2.180000066757202,2.200000047683716,1.6609601974487305,26841900,
2018-06-27,2.200000047683716,2.240000009536743,2.200000047683716,2.240000009536743,1.6911591291427612,20738400,
2018-06-28,2.240000009536743,2.259999990463257,2.200000047683716,2.200000047683716,1.6609601974487305,16724700,
2018-06-29,2.200000047683716,2.200000047683716,2.059999942779541,2.0799999237060547,1.5703622102737427,46664500,
2018-07-02,2.0799999237060547,2.119999885559082,2.0199999809265137,2.0999999046325684,1.5854616165161133,43420600,
2018-07-03,2.119999885559082,2.180000066757202,2.0999999046325684,2.1600000858306885,1.630760669708252,26787000,
2018-07-04,2.1600000858306885,2.200000047683716,2.119999885559082,2.200000047683716,1.6609601974487305,17256000,
2018-07-05,2.200000047683716,2.200000047683716,2.119999885559082,2.180000066757202,1.6458603143692017,27583200,
2018-07-06,2.1600000858306885,2.180000066757202,2.140000104904175,2.180000066757202,1.6458603143692017,5256900,
2018-07-09,2.200000047683716,2.200000047683716,2.0999999046325684,2.0999999046325684,1.5854616165161133,25905300,
2018-07-10,2.119999885559082,2.140000104904175,2.0399999618530273,2.059999942779541,1.5552623271942139,82914200,
2018-07-11,2.0399999618530273,2.0799999237060547,2.0199999809265137,2.059999942779541,1.5552623271942139,48055900,
2018-07-12,2.0399999618530273,2.0799999237060547,2.0399999618530273,2.0799999237060547,1.5703622102737427,40060600,
2018-07-13,2.0799999237060547,2.140000104904175,2.0799999237060547,2.0999999046325684,1.5854616165161133,60673400,
2018-07-16,2.0999999046325684,2.119999885559082,2.059999942779541,2.059999942779541,1.5552623271942139,17793700,
2018-07-17,2.059999942779541,2.119999885559082,2.059999942779541,2.0999999046325684,1.5854616165161133,29686700,
2018-07-18,2.0799999237060547,2.0999999046325684,2.0799999237060547,2.0999999046325684,1.5854616165161133,22201700,
2018-07-19,2.1600000858306885,2.2200000286102295,2.140000104904175,2.200000047683716,1.6609601974487305,96904800,
2018-07-20,2.240000009536743,2.240000009536743,2.200000047683716,2.2200000286102295,1.6760594844818115,24738800,
2018-07-23,2.240000009536743,2.259999990463257,2.200000047683716,2.240000009536743,1.6911591291427612,22852200,
2018-07-24,2.259999990463257,2.259999990463257,2.2200000286102295,2.2200000286102295,1.6760594844818115,9024700,
2018-07-25,2.259999990463257,2.299999952316284,2.240000009536743,2.2799999713897705,1.7213587760925293,29043800,
2018-07-26,2.299999952316284,2.299999952316284,2.240000009536743,2.2799999713897705,1.7213587760925293,18504200,
2018-07-31,2.2799999713897705,2.299999952316284,2.259999990463257,2.2799999713897705,1.7213587760925293,24467800,
2018-08-01,2.299999952316284,2.299999952316284,2.259999990463257,2.2799999713897705,1.7213587760925293,15831700,
2018-08-02,2.2799999713897705,2.2799999713897705,2.2200000286102295,2.2200000286102295,1.6760594844818115,16376900,
2018-08-03,2.2200000286102295,2.240000009536743,2.200000047683716,2.240000009536743,1.6911591291427612,28634800,
2018-08-06,2.259999990463257,2.259999990463257,2.2200000286102295,2.2200000286102295,1.6760594844818115,8573300,
2018-08-07,2.240000009536743,2.2799999713897705,2.2200000286102295,2.259999990463257,1.7062588930130005,22763200,
2018-08-08,2.259999990463257,2.380000114440918,2.240000009536743,2.380000114440918,1.7968567609786987,108774800,
2018-08-09,2.3399999141693115,2.4000000953674316,2.3399999141693115,2.4000000953674316,1.811956524848938,60964700,
2018-08-10,2.5,2.5199999809265137,2.4200000762939453,2.4800000190734863,1.8723548650741577,314606400,
2018-08-14,2.4200000762939453,2.5399999618530273,2.4200000762939453,2.5399999618530273,1.9176533222198486,155513600,
2018-08-15,2.5399999618530273,2.5399999618530273,2.4800000190734863,2.5399999618530273,1.9176533222198486,41033100,
2018-08-16,2.5199999809265137,2.5399999618530273,2.4800000190734863,2.5199999809265137,1.9025541543960571,27719200,
2018-08-17,2.5399999618530273,2.5799999237060547,2.5199999809265137,2.5399999618530273,1.9176533222198486,76863800,
2018-08-20,2.5399999618530273,2.559999942779541,2.4800000190734863,2.5199999809265137,1.9025541543960571,34741000,
2018-08-21,2.5199999809265137,2.559999942779541,2.5,2.5199999809265137,1.9025541543960571,60844200,
2018-08-22,2.5,2.5,2.440000057220459,2.5,1.9025543928146362,18879800,0.02
2018-08-23,2.5,2.5399999618530273,2.4800000190734863,2.5,1.9025543928146362,25282600,
2018-08-24,2.5399999618530273,2.5799999237060547,2.5199999809265137,2.5799999237060547,1.963435411453247,68580700,
2018-08-27,2.559999942779541,2.5999999046325684,2.5199999809265137,2.5399999618530273,1.9329946041107178,68347700,
2018-08-28,2.559999942779541,2.559999942779541,2.5,2.5199999809265137,1.9177744388580322,35548900,
2018-08-29,2.5199999809265137,2.5199999809265137,2.5,2.5,1.9025543928146362,12118800,
2018-08-30,2.5199999809265137,2.559999942779541,2.440000057220459,2.4800000190734863,1.887333631515503,95797400,
2018-08-31,2.4600000381469727,2.5199999809265137,2.4600000381469727,2.5,1.9025543928146362,44649800,
2018-09-03,2.5199999809265137,2.5799999237060547,2.5199999809265137,2.559999942779541,1.948215365409851,51057800,
2018-09-04,2.559999942779541,2.5799999237060547,2.5199999809265137,2.559999942779541,1.948215365409851,23162000,
2018-09-05,2.5799999237060547,2.5799999237060547,2.5199999809265137,2.559999942779541,1.948215365409851,51026800,
2018-09-06,2.559999942779541,2.5799999237060547,2.5399999618530273,2.559999942779541,1.948215365409851,16230100,
2018-09-07,2.559999942779541,2.640000104904175,2.559999942779541,2.619999885559082,1.9938769340515137,101456400,
2018-09-10,2.640000104904175,2.6600000858306885,2.619999885559082,2.619999885559082,1.9938769340515137,52375200,
2018-09-11,2.619999885559082,2.700000047683716,2.619999885559082,2.640000104904175,2.009097099304199,70420800,
2018-09-12,2.640000104904175,2.640000104904175,2.5999999046325684,2.619999885559082,1.9938769340515137,32117700,
2018-09-13,2.619999885559082,2.7200000286102295,2.619999885559082,2.680000066757202,2.0395376682281494,137031500,
2018-09-14,2.700000047683716,2.700000047683716,2.640000104904175,2.6600000858306885,2.024317502975464,11886200,
2018-09-17,2.6600000858306885,2.680000066757202,2.619999885559082,2.680000066757202,2.0395376682281494,14389800,
2018-09-18,2.700000047683716,2.759999990463257,2.680000066757202,2.740000009536743,2.0851988792419434,80591500,
2018-09-19,2.759999990463257,2.7799999713897705,2.7200000286102295,2.759999990463257,2.100419759750366,75035100,
2018-09-20,2.7799999713897705,2.8399999141693115,2.740000009536743,2.759999990463257,2.100419759750366,140586300,
2018-09-21,2.7799999713897705,2.799999952316284,2.740000009536743,2.759999990463257,2.100419759750366,46159300,
2018-09-24,2.759999990463257,2.7799999713897705,2.7200000286102295,2.740000009536743,2.0851988792419434,15699500,
2018-09-25,2.740000009536743,2.7799999713897705,2.7200000286102295,2.759999990463257,2.100419759750366,19903900,
2018-09-26,2.759999990463257,2.799999952316284,2.740000009536743,2.7799999713897705,2.1156399250030518,38142600,
2018-09-27,2.7799999713897705,2.8399999141693115,2.759999990463257,2.819999933242798,2.14608097076416,72256700,
2018-09-28,2.819999933242798,2.8399999141693115,2.799999952316284,2.8399999141693115,2.1613011360168457,28117000,
2018-10-01,2.859999895095825,2.859999895095825,2.6600000858306885,2.700000047683716,2.0547585487365723,121559700,
2018-10-02,2.6600000858306885,2.680000066757202,2.559999942779541,2.5999999046325684,1.9786560535430908,230235000,
2018-10-03,2.5799999237060547,2.6600000858306885,2.5799999237060547,2.5999999046325684,1.9786560535430908,69451300,
2018-10-04,2.5999999046325684,2.6600000858306885,2.5999999046325684,2.640000104904175,2.009097099304199,47700500,
2018-10-05,2.640000104904175,2.680000066757202,2.619999885559082,2.619999885559082,1.9938769340515137,25977500,
2018-10-08,2.619999885559082,2.680000066757202,2.5199999809265137,2.559999942779541,1.948215365409851,60400400,
2018-10-09,2.5799999237060547,2.5799999237060547,2.4800000190734863,2.5399999618530273,1.9329946041107178,57336100,
2018-10-10,2.5399999618530273,2.640000104904175,2.5399999618530273,2.640000104904175,2.009097099304199,76630600,
2018-10-11,2.5399999618530273,2.5999999046325684,2.5,2.5399999618530273,1.9329946041107178,38757400,
2018-10-12,2.5399999618530273,2.640000104904175,2.5399999618530273,2.640000104904175,2.009097099304199,60365100,
2018-10-16,2.619999885559082,2.6600000858306885,2.5999999046325684,2.640000104904175,2.009097099304199,38604900,
2018-10-17,2.6600000858306885,2.7200000286102295,2.5999999046325684,2.640000104904175,2.009097099304199,62015200,
2018-10-18,2.619999885559082,2.640000104904175,2.5999999046325684,2.619999885559082,1.9938769340515137,8934100,
2018-10-19,2.5999999046325684,2.619999885559082,2.5399999618530273,2.5999999046325684,1.9786560535430908,33767700,
2018-10-22,2.5799999237060547,2.5799999237060547,2.5,2.5399999618530273,1.9329946041107178,13184300,
2018-10-24,2.5199999809265137,2.5399999618530273,2.4800000190734863,2.5,1.9025543928146362,28078900,
2018-10-25,2.4600000381469727,2.559999942779541,2.440000057220459,2.559999942779541,1.948215365409851,38541200,
2018-10-26,2.5399999618530273,2.5799999237060547,2.5199999809265137,2.559999942779541,1.948215365409851,12976900,
2018-10-29,2.5199999809265137,2.559999942779541,2.4800000190734863,2.4800000190734863,1.887333631515503,15096300,
2018-10-30,2.5,2.5399999618530273,2.4600000381469727,2.5199999809265137,1.9177744388580322,10670600,
2018-10-31,2.5399999618530273,2.5399999618530273,2.5,2.5399999618530273,1.9329946041107178,14764600,
2018-11-01,2.5199999809265137,2.5999999046325684,2.5199999809265137,2.5999999046325684,1.9786560535430908,21046600,
2018-11-02,2.5999999046325684,2.619999885559082,2.5399999618530273,2.5399999618530273,1.9329946041107178,30433300,
2018-11-05,2.5199999809265137,2.5399999618530273,2.4800000190734863,2.4800000190734863,1.887333631515503,36431100,
2018-11-06,2.4800000190734863,2.5199999809265137,2.4600000381469727,2.4600000381469727,1.872113585472107,24243300,
2018-11-07,2.4600000381469727,2.5,2.4600000381469727,2.4800000190734863,1.887333631515503,12540500,
2018-11-08,2.5,2.5,2.440000057220459,2.440000057220459,1.8568929433822632,41359800,
2018-11-09,2.200000047683716,2.2200000286102295,2.119999885559082,2.140000104904175,1.6285862922668457,345200800,
2018-11-12,2.119999885559082,2.119999885559082,2.0399999618530273,2.0799999237060547,1.5829249620437622,146627400,
2018-11-13,2.059999942779541,2.1600000858306885,2.0199999809265137,2.1600000858306885,1.6438068151474,200710800,
2018-11-14,2.140000104904175,2.1600000858306885,2.119999885559082,2.140000104904175,1.6285862922668457,52575400,
2018-11-15,2.140000104904175,2.1600000858306885,2.0999999046325684,2.140000104904175,1.6285862922668457,92827500,
2018-11-16,2.1600000858306885,2.180000066757202,2.119999885559082,2.140000104904175,1.6285862922668457,50768500,
2018-11-19,2.119999885559082,2.1600000858306885,2.0399999618530273,2.059999942779541,1.5677045583724976,83626900,
2018-11-20,2.0399999618530273,2.0799999237060547,2.0399999618530273,2.0399999618530273,1.5524840354919434,39293100,
2018-11-21,2.0399999618530273,2.0799999237060547,2.0199999809265137,2.0399999618530273,1.5524840354919434,70410100,
2018-11-22,2.059999942779541,2.119999885559082,2.0399999618530273,2.0799999237060547,1.5829249620437622,46761400,
2018-11-23,2.0999999046325684,2.119999885559082,2.059999942779541,2.0999999046325684,1.5981452465057373,21728100,
2018-11-26,2.0999999046325684,2.0999999046325684,2.059999942779541,2.0799999237060547,1.5829249620437622,17322800,
2018-11-27,2.0799999237060547,2.119999885559082,2.059999942779541,2.0799999237060547,1.5829249620437622,26092200,
2018-11-28,2.0799999237060547,2.0999999046325684,2.059999942779541,2.0999999046325684,1.5981452465057373,33240400,
2018-11-29,2.0999999046325684,2.0999999046325684,2.0399999618530273,2.059999942779541,1.5677045583724976,66913800,
2018-11-30,2.059999942779541,2.0999999046325684,2.0399999618530273,2.059999942779541,1.5677045583724976,63662500,
2018-12-03,2.0799999237060547,2.119999885559082,2.059999942779541,2.0999999046325684,1.5981452465057373,90173300,
2018-12-04,2.0999999046325684,2.119999885559082,2.0799999237060547,2.0799999237060547,1.5829249620437622,45704500,
2018-12-06,2.059999942779541,2.0799999237060547,2.0399999618530273,2.059999942779541,1.5677045583724976,42981500,
2018-12-07,2.059999942779541,2.0799999237060547,2.059999942779541,2.0799999237060547,1.5829249620437622,18187000,
2018-12-11,2.0799999237060547,2.0999999046325684,2.059999942779541,2.0799999237060547,1.5829249620437622,25076800,
2018-12-12,2.0999999046325684,2.0999999046325684,2.0799999237060547,2.0799999237060547,1.5829249620437622,12921500,
2018-12-13,2.0799999237060547,2.0999999046325684,2.059999942779541,2.059999942779541,1.5677045583724976,15585200,
2018-12-14,2.059999942779541,2.0799999237060547,2.0399999618530273,2.059999942779541,1.5677045583724976,37922900,
2018-12-17,2.059999942779541,2.0799999237060547,2.0399999618530273,2.059999942779541,1.5677045583724976,20437700,
2018-12-18,2.0399999618530273,2.0799999237060547,2.0399999618530273,2.0799999237060547,1.5829249620437622,55464300,
2018-12-19,2.0799999237060547,2.119999885559082,2.059999942779541,2.0799999237060547,1.5829249620437622,38558200,
2018-12-20,2.0799999237060547,2.0999999046325684,2.059999942779541,2.0999999046325684,1.5981452465057373,33536100,
2018-12-21,2.0799999237060547,2.0999999046325684,2.059999942779541,2.059999942779541,1.5677045583724976,39274100,
2018-12-24,2.0799999237060547,2.0799999237060547,2.0399999618530273,2.059999942779541,1.5677045583724976,19880800,
2018-12-25,2.0399999618530273,2.059999942779541,1.9199999570846558,1.9600000381469727,1.4916024208068848,153958400,
2018-12-26,1.9500000476837158,1.9600000381469727,1.9199999570846558,1.940000057220459,1.4763818979263306,31651600,
2018-12-27,1.9600000381469727,1.9900000095367432,1.909999966621399,1.909999966621399,1.453551173210144,46781900,
2018-12-28,1.9199999570846558,1.940000057220459,1.899999976158142,1.9199999570846558,1.4611613750457764,49492900,
2019-01-02,1.9199999570846558,1.940000057220459,1.8200000524520874,1.8300000429153442,1.392669677734375,74845400,
2019-01-03,1.850000023841858,1.8799999952316284,1.8300000429153442,1.840000033378601,1.4002798795700073,77065000,
2019-01-04,1.8300000429153442,1.850000023841858,1.7699999809265137,1.840000033378601,1.4002798795700073,148477100,
2019-01-07,1.8600000143051147,1.9600000381469727,1.8600000143051147,1.9600000381469727,1.4916024208068848,103490300,
2019-01-08,1.9600000381469727,1.9700000286102295,1.909999966621399,1.909999966621399,1.453551173210144,20151000,
2019-01-09,1.9199999570846558,1.940000057220459,1.8300000429153442,1.850000023841858,1.4078898429870605,110623500,
2019-01-10,1.8200000524520874,1.8200000524520874,1.7699999809265137,1.809999942779541,1.3774490356445312,108952100,
2019-01-11,1.8300000429153442,1.850000023841858,1.809999942779541,1.840000033378601,1.4002798795700073,48623300,
2019-01-14,1.840000033378601,1.840000033378601,1.809999942779541,1.8200000524520874,1.3850594758987427,18920900,
2019-01-15,1.8300000429153442,1.840000033378601,1.809999942779541,1.809999942779541,1.3774490356445312,20688200,
2019-01-16,1.8200000524520874,1.8300000429153442,1.809999942779541,1.809999942779541,1.3774490356445312,14893900,
2019-01-17,1.809999942779541,1.8300000429153442,1.809999942779541,1.809999942779541,1.3774490356445312,8542400,
2019-01-18,1.8200000524520874,1.840000033378601,1.809999942779541,1.8200000524520874,1.3850594758987427,21551700,
2019-01-21,1.8200000524520874,1.8200000524520874,1.7899999618530273,1.7999999523162842,1.3698389530181885,25258200,
2019-01-22,1.7999999523162842,1.8899999856948853,1.7899999618530273,1.8700000047683716,1.4231103658676147,69718000,
2019-01-23,1.8799999952316284,1.940000057220459,1.850000023841858,1.9199999570846558,1.4611613750457764,86360700,
2019-01-24,1.909999966621399,1.940000057220459,1.8899999856948853,1.899999976158142,1.4459412097930908,42237700,
2019-01-25,1.899999976158142,1.9199999570846558,1.899999976158142,1.899999976158142,1.4459412097930908,21458200,
2019-01-28,1.909999966621399,1.9199999570846558,1.899999976158142,1.899999976158142,1.4459412097930908,31578900,
2019-01-29,1.899999976158142,1.9199999570846558,1.899999976158142,1.9199999570846558,1.4611613750457764,11342400,
2019-01-30,1.9199999570846558,1.9800000190734863,1.9199999570846558,1.9700000286102295,1.499212622642517,41641400,
2019-01-31,1.9900000095367432,2.059999942779541,1.9700000286102295,2.0399999618530273,1.5524840354919434,73793500,
2019-02-01,2.0399999618530273,2.0799999237060547,2.0,2.0799999237060547,1.5829249620437622,44617900,
2019-02-04,2.0799999237060547,2.0799999237060547,2.0199999809265137,2.0199999809265137,1.5372637510299683,18922600,
2019-02-05,2.0199999809265137,2.0399999618530273,1.9800000190734863,1.9900000095367432,1.5144331455230713,27795900,
2019-02-06,1.9900000095367432,2.0399999618530273,1.9900000095367432,2.0,1.522043228149414,13446900,
2019-02-07,2.0,2.059999942779541,1.9900000095367432,2.0199999809265137,1.5372637510299683,30997200,
2019-02-08,2.0,2.0199999809265137,1.9900000095367432,2.0,1.522043228149414,33155800,
2019-02-11,2.0,2.0199999809265137,1.9700000286102295,2.0,1.522043228149414,25329400,
2019-02-12,2.0,2.0199999809265137,1.9900000095367432,2.0,1.522043228149414,14006900,
2019-02-13,2.0,2.0399999618530273,2.0,2.0199999809265137,1.5372637510299683,17523600,
2019-02-14,2.0199999809265137,2.0399999618530273,2.0,2.0199999809265137,1.5372637510299683,30428000,
2019-02-15,2.0199999809265137,2.0399999618530273,2.0,2.0,1.522043228149414,39789200,
2019-02-18,2.0199999809265137,2.0399999618530273,1.9800000190734863,1.9900000095367432,1.5144331455230713,38119100,
2019-02-20,2.0,2.059999942779541,1.9900000095367432,2.0399999618530273,1.5524840354919434,41955100,
2019-02-21,2.0399999618530273,2.059999942779541,2.0199999809265137,2.0199999809265137,1.5372637510299683,45819700,
2019-02-22,1.9800000190734863,1.9800000190734863,1.9299999475479126,1.940000057220459,1.4763818979263306,138488500,
2019-02-25,1.940000057220459,1.9500000476837158,1.909999966621399,1.9199999570846558,1.4611613750457764,64247300,
2019-02-26,1.9199999570846558,1.9199999570846558,1.8300000429153442,1.840000033378601,1.4002798795700073,158824100,
2019-02-27,1.840000033378601,1.8700000047683716,1.840000033378601,1.840000033378601,1.4002798795700073,59181800,
2019-02-28,1.850000023841858,1.850000023841858,1.8300000429153442,1.840000033378601,1.4002798795700073,59563900,
2019-03-01,1.850000023841858,1.8600000143051147,1.8300000429153442,1.8300000429153442,1.392669677734375,42398300,
2019-03-04,1.840000033378601,1.850000023841858,1.8300000429153442,1.8300000429153442,1.392669677734375,28760900,
2019-03-05,1.8300000429153442,1.840000033378601,1.8300000429153442,1.840000033378601,1.4002798795700073,13148900,
2019-03-06,1.840000033378601,1.8899999856948853,1.8300000429153442,1.8700000047683716,1.4231103658676147,86553900,
2019-03-07,1.8700000047683716,1.8799999952316284,1.850000023841858,1.8700000047683716,1.4231103658676147,31509300,
2019-03-08,1.8600000143051147,1.8799999952316284,1.850000023841858,1.8700000047683716,1.4231103658676147,39686000,
2019-03-11,1.8700000047683716,1.8700000047683716,1.840000033378601,1.850000023841858,1.4078898429870605,13569700,
2019-03-12,1.8600000143051147,1.8600000143051147,1.840000033378601,1.850000023841858,1.4078898429870605,15226600,
2019-03-13,1.850000023841858,1.8899999856948853,1.850000023841858,1.8799999952316284,1.4307204484939575,61546300,
2019-03-14,1.899999976158142,1.909999966621399,1.8799999952316284,1.8899999856948853,1.438330888748169,31358500,
2019-03-15,1.899999976158142,1.909999966621399,1.8700000047683716,1.8899999856948853,1.438330888748169,28841300,
2019-03-18,1.8899999856948853,1.909999966621399,1.8899999856948853,1.899999976158142,1.4459412097930908,17442000,
2019-03-19,1.899999976158142,1.940000057220459,1.899999976158142,1.909999966621399,1.453551173210144,57862400,
2019-03-20,1.9199999570846558,1.940000057220459,1.909999966621399,1.940000057220459,1.4763818979263306,30549100,
2019-03-21,1.940000057220459,1.9600000381469727,1.9299999475479126,1.940000057220459,1.4763818979263306,36139600,
2019-03-22,1.9500000476837158,1.9500000476837158,1.899999976158142,1.9299999475479126,1.4687715768814087,38186900,
2019-03-25,1.9199999570846558,1.9299999475479126,1.899999976158142,1.9199999570846558,1.4611613750457764,21458200,
2019-03-26,1.9199999570846558,1.9199999570846558,1.8899999856948853,1.899999976158142,1.4459412097930908,12874700,
2019-03-27,1.909999966621399,1.9199999570846558,1.8899999856948853,1.899999976158142,1.4459412097930908,9500400,
2019-03-28,1.899999976158142,1.909999966621399,1.8799999952316284,1.899999976158142,1.4459412097930908,14747600,
2019-03-29,1.909999966621399,1.9199999570846558,1.899999976158142,1.899999976158142,1.4459412097930908,6975700,
2019-04-01,1.909999966621399,1.9500000476837158,1.909999966621399,1.9299999475479126,1.4687715768814087,39883700,
2019-04-02,1.940000057220459,1.9500000476837158,1.9299999475479126,1.940000057220459,1.4763818979263306,53421300,
2019-04-03,1.940000057220459,1.9600000381469727,1.9299999475479126,1.9299999475479126,1.4687715768814087,23914100,
2019-04-04,1.9299999475479126,1.940000057220459,1.9199999570846558,1.9199999570846558,1.4611613750457764,13674600,
2019-04-05,1.9199999570846558,1.940000057220459,1.909999966621399,1.9199999570846558,1.4611613750457764,44883000,
2019-04-09,1.9199999570846558,1.9299999475479126,1.909999966621399,1.9199999570846558,1.4611613750457764,6805900,
2019-04-10,1.9199999570846558,1.9299999475479126,1.899999976158142,1.909999966621399,1.453551173210144,23407200,
2019-04-11,1.909999966621399,1.9199999570846558,1.899999976158142,1.909999966621399,1.453551173210144,6805300,
2019-04-12,1.909999966621399,1.9199999570846558,1.899999976158142,1.909999966621399,1.453551173210144,3017000,
2019-04-17,1.909999966621399,1.9500000476837158,1.909999966621399,1.9299999475479126,1.4687715768814087,22536200,
2019-04-18,1.9299999475479126,1.940000057220459,1.9199999570846558,1.9299999475479126,1.4687715768814087,19419800,
2019-04-19,1.9299999475479126,1.9800000190734863,1.9299999475479126,1.9700000286102295,1.499212622642517,73799300,
2019-04-22,1.9800000190734863,2.0,1.9800000190734863,1.9900000095367432,1.5144331455230713,85249000,
2019-04-23,1.9900000095367432,2.0,1.9600000381469727,1.9600000381469727,1.4916024208068848,35332500,
2019-04-24,1.9700000286102295,1.9900000095367432,1.9700000286102295,1.9700000286102295,1.499212622642517,15355400,
2019-04-25,1.9700000286102295,1.9800000190734863,1.9500000476837158,1.9600000381469727,1.4916024208068848,16752200,
2019-04-26,1.9600000381469727,1.9600000381469727,1.9299999475479126,1.9500000476837158,1.483992099761963,14716700,
2019-04-29,1.9500000476837158,1.9600000381469727,1.9500000476837158,1.9500000476837158,1.483992099761963,10162100,
2019-04-30,1.9500000476837158,1.9800000190734863,1.940000057220459,1.9600000381469727,1.4916024208068848,18572600,
2019-05-02,1.9600000381469727,1.9700000286102295,1.9299999475479126,1.940000057220459,1.4763818979263306,40383000,
2019-05-03,1.9199999570846558,1.940000057220459,1.909999966621399,1.9299999475479126,1.4918413162231445,22546700,0.03
2019-05-07,1.9199999570846558,1.9500000476837158,1.9199999570846558,1.9299999475479126,1.4918413162231445,18108600,
2019-05-08,1.9199999570846558,1.9299999475479126,1.899999976158142,1.909999966621399,1.4763816595077515,26752200,
2019-05-09,1.909999966621399,1.940000057220459,1.909999966621399,1.9199999570846558,1.4841116666793823,35749200,
2019-05-10,1.9199999570846558,1.9299999475479126,1.899999976158142,1.909999966621399,1.4763816595077515,14617100,
2019-05-13,1.909999966621399,1.9299999475479126,1.899999976158142,1.909999966621399,1.4763816595077515,12611200,
2019-05-14,1.9600000381469727,2.0799999237060547,1.9600000381469727,2.0799999237060547,1.6077877283096313,257262700,
2019-05-15,2.0999999046325684,2.0999999046325684,2.059999942779541,2.0799999237060547,1.6077877283096313,55457900,
2019-05-16,2.0799999237060547,2.0999999046325684,2.0199999809265137,2.059999942779541,1.5923280715942383,74541400,
2019-05-17,2.059999942779541,2.1600000858306885,2.059999942779541,2.0999999046325684,1.6232469081878662,169481100,
2019-05-21,2.0999999046325684,2.1600000858306885,2.0799999237060547,2.119999885559082,1.6387064456939697,56859100,
2019-05-22,2.0999999046325684,2.0999999046325684,2.0199999809265137,2.059999942779541,1.5923280715942383,47067300,
2019-05-23,2.059999942779541,2.0999999046325684,2.059999942779541,2.0999999046325684,1.6232469081878662,23409100,
2019-05-24,2.0799999237060547,2.119999885559082,2.059999942779541,2.0999999046325684,1.6232469081878662,63014000,
2019-05-27,2.140000104904175,2.1600000858306885,2.0999999046325684,2.140000104904175,1.6541659832000732,66267200,
2019-05-28,2.140000104904175,2.1600000858306885,2.0999999046325684,2.140000104904175,1.6541659832000732,60128500,
2019-05-29,2.119999885559082,2.140000104904175,2.0999999046325684,2.140000104904175,1.6541659832000732,32499700,
2019-05-30,2.140000104904175,2.200000047683716,2.119999885559082,2.180000066757202,1.6850850582122803,102303400,
2019-05-31,2.1600000858306885,2.2200000286102295,2.1600000858306885,2.2200000286102295,1.7160038948059082,67512300,
2019-06-04,2.200000047683716,2.240000009536743,2.180000066757202,2.240000009536743,1.7314635515213013,46111200,
2019-06-05,2.240000009536743,2.2799999713897705,2.2200000286102295,2.2799999713897705,1.7623828649520874,74222700,
2019-06-06,2.2799999713897705,2.299999952316284,2.259999990463257,2.299999952316284,1.777841567993164,36151800,
2019-06-07,2.299999952316284,2.299999952316284,2.200000047683716,2.2200000286102295,1.7160038948059082,60133900,
2019-06-10,2.240000009536743,2.2799999713897705,2.200000047683716,2.259999990463257,1.7469230890274048,37275500,
2019-06-11,2.2799999713897705,2.2799999713897705,2.240000009536743,2.259999990463257,1.7469230890274048,23882500,
2019-06-12,2.259999990463257,2.2799999713897705,2.2200000286102295,2.259999990463257,1.7469230890274048,34451600,
2019-06-13,2.240000009536743,2.299999952316284,2.240000009536743,2.2799999713897705,1.7623828649520874,30632300,
2019-06-14,2.2799999713897705,2.299999952316284,2.240000009536743,2.2799999713897705,1.7623828649520874,28761100,
2019-06-17,2.2799999713897705,2.319999933242798,2.259999990463257,2.2799999713897705,1.7623828649520874,40069900,
2019-06-18,2.2799999713897705,2.319999933242798,2.259999990463257,2.2799999713897705,1.7623828649520874,38694200,
2019-06-19,2.299999952316284,2.319999933242798,2.140000104904175,2.200000047683716,1.700544834136963,146529900,
2019-06-20,2.180000066757202,2.240000009536743,2.180000066757202,2.200000047683716,1.700544834136963,66881200,
2019-06-21,2.200000047683716,2.2200000286102295,2.180000066757202,2.200000047683716,1.700544834136963,34800700,
2019-06-24,2.200000047683716,2.2200000286102295,2.180000066757202,2.200000047683716,1.700544834136963,26689600,
2019-06-25,2.200000047683716,2.259999990463257,2.180000066757202,2.2200000286102295,1.7160038948059082,24869700,
2019-06-26,2.2200000286102295,2.259999990463257,2.2200000286102295,2.259999990463257,1.7469230890274048,19876200,
2019-06-27,2.259999990463257,2.2799999713897705,2.240000009536743,2.259999990463257,1.7469230890274048,17544000,
2019-06-28,2.240000009536743,2.2799999713897705,2.240000009536743,2.259999990463257,1.7469230890274048,27284300,
2019-07-01,2.259999990463257,2.299999952316284,2.259999990463257,2.259999990463257,1.7469230890274048,35610700,
2019-07-02,2.259999990463257,2.2799999713897705,2.2200000286102295,2.240000009536743,1.7314635515213013,28924700,
2019-07-03,2.240000009536743,2.2799999713897705,2.240000009536743,2.259999990463257,1.7469230890274048,34722300,
2019-07-04,2.240000009536743,2.259999990463257,2.2200000286102295,2.240000009536743,1.7314635515213013,25769300,
2019-07-05,2.240000009536743,2.299999952316284,2.240000009536743,2.2799999713897705,1.7623828649520874,59161600,
2019-07-08,2.2799999713897705,2.3399999141693115,2.2799999713897705,2.299999952316284,1.777841567993164,99199100,
2019-07-09,2.299999952316284,2.3399999141693115,2.240000009536743,2.319999933242798,1.7933011054992676,54232500,
2019-07-10,2.3399999141693115,2.3399999141693115,2.299999952316284,2.299999952316284,1.777841567993164,11467400,
2019-07-11,2.319999933242798,2.319999933242798,2.2799999713897705,2.299999952316284,1.777841567993164,19909600,
2019-07-12,2.299999952316284,2.319999933242798,2.259999990463257,2.2799999713897705,1.7623828649520874,15865600,
2019-07-15,2.2799999713897705,2.299999952316284,2.259999990463257,2.259999990463257,1.7469230890274048,13714500,
2019-07-17,2.240000009536743,2.2799999713897705,2.240000009536743,2.259999990463257,1.7469230890274048,9556800,
2019-07-18,2.259999990463257,2.299999952316284,2.259999990463257,2.259999990463257,1.7469230890274048,11611900,
2019-07-19,2.2799999713897705,2.299999952316284,2.259999990463257,2.259999990463257,1.7469230890274048,11835900,
2019-07-22,2.2799999713897705,2.2799999713897705,2.200000047683716,2.259999990463257,1.7469230890274048,53765700,
2019-07-23,2.240000009536743,2.2799999713897705,2.240000009536743,2.2799999713897705,1.7623828649520874,15399000,
2019-07-24,2.2799999713897705,2.359999895095825,2.259999990463257,2.319999933242798,1.7933011054992676,66618200,
2019-07-25,2.319999933242798,2.440000057220459,2.319999933242798,2.4000000953674316,1.8551397323608398,117612600,
2019-07-26,2.380000114440918,2.4200000762939453,2.319999933242798,2.4000000953674316,1.8551397323608398,59511300,
2019-07-30,2.4000000953674316,2.4600000381469727,2.359999895095825,2.4000000953674316,1.8551397323608398,44676500,
2019-07-31,2.380000114440918,2.4000000953674316,2.319999933242798,2.380000114440918,1.8396799564361572,25421700,
2019-08-01,2.380000114440918,2.380000114440918,2.259999990463257,2.299999952316284,1.777841567993164,53920600,
2019-08-02,2.2799999713897705,2.3399999141693115,2.259999990463257,2.299999952316284,1.777841567993164,31249600,
2019-08-05,2.2799999713897705,2.299999952316284,2.259999990463257,2.2799999713897705,1.7623828649520874,14919200,
2019-08-06,2.2200000286102295,2.259999990463257,2.0999999046325684,2.240000009536743,1.7314635515213013,49733300,
2019-08-07,2.2200000286102295,2.359999895095825,2.180000066757202,2.299999952316284,1.777841567993164,73969400,
2019-08-08,2.299999952316284,2.4000000953674316,2.299999952316284,2.359999895095825,1.8242202997207642,37352700,
2019-08-09,2.359999895095825,2.4000000953674316,2.259999990463257,2.319999933242798,1.7933011054992676,33576500,
2019-08-13,2.2799999713897705,2.299999952316284,2.2200000286102295,2.2200000286102295,1.7160038948059082,17107500,
2019-08-14,2.259999990463257,2.359999895095825,2.2200000286102295,2.259999990463257,1.7469230890274048,51067500,
2019-08-15,2.200000047683716,2.3399999141693115,2.140000104904175,2.299999952316284,1.777841567993164,68568500,
2019-08-16,2.299999952316284,2.319999933242798,2.259999990463257,2.299999952316284,1.777841567993164,25996700,
2019-08-19,2.319999933242798,2.4000000953674316,2.319999933242798,2.380000114440918,1.8396799564361572,45185700,
2019-08-20,2.4000000953674316,2.4200000762939453,2.359999895095825,2.359999895095825,1.8242202997207642,43606500,
2019-08-21,2.380000114440918,2.4600000381469727,2.359999895095825,2.440000057220459,1.8860585689544678,73727200,
2019-08-22,2.4000000953674316,2.4800000190734863,2.4000000953674316,2.4800000190734863,1.9169777631759644,45922700,
2019-08-23,2.4800000190734863,2.5,2.440000057220459,2.4800000190734863,1.9169777631759644,27559000,
2019-08-26,2.4200000762939453,2.440000057220459,2.4000000953674316,2.4200000762939453,1.8858070373535156,17180600,0.02
2019-08-27,2.4200000762939453,2.4600000381469727,2.4000000953674316,2.4200000762939453,1.8858070373535156,15680500,
2019-08-28,2.4200000762939453,2.4800000190734863,2.4200000762939453,2.440000057220459,1.9013923406600952,29771600,
2019-08-29,2.440000057220459,2.4600000381469727,2.4200000762939453,2.4200000762939453,1.8858070373535156,22065800,
2019-08-30,2.4200000762939453,2.440000057220459,2.380000114440918,2.4000000953674316,1.8702222108840942,27529000,
2019-09-02,2.380000114440918,2.4000000953674316,2.319999933242798,2.359999895095825,1.839051365852356,29042600,
2019-09-03,2.359999895095825,2.4000000953674316,2.3399999141693115,2.3399999141693115,1.8234663009643555,16696400,
2019-09-04,2.359999895095825,2.4200000762939453,2.359999895095825,2.4200000762939453,1.8858070373535156,27684300,
2019-09-05,2.4200000762939453,2.4200000762939453,2.380000114440918,2.4200000762939453,1.8858070373535156,10294400,
2019-09-06,2.4000000953674316,2.4200000762939453,2.359999895095825,2.4200000762939453,1.8858070373535156,24374900,
2019-09-09,2.4000000953674316,2.4200000762939453,2.380000114440918,2.4000000953674316,1.8702222108840942,19877500,
2019-09-10,2.4000000953674316,2.440000057220459,2.3399999141693115,2.380000114440918,1.854636788368225,27213500,
2019-09-11,2.380000114440918,2.4200000762939453,2.3399999141693115,2.380000114440918,1.854636788368225,27559900,
2019-09-12,2.380000114440918,2.4200000762939453,2.319999933242798,2.319999933242798,1.8078807592391968,55652600,
2019-09-13,2.319999933242798,2.380000114440918,2.319999933242798,2.3399999141693115,1.8234663009643555,18964100,
2019-09-16,2.319999933242798,2.3399999141693115,2.299999952316284,2.319999933242798,1.8078807592391968,16952000,
2019-09-17,2.299999952316284,2.359999895095825,2.2799999713897705,2.319999933242798,1.8078807592391968,43607200,
2019-09-18,2.3399999141693115,2.4000000953674316,2.3399999141693115,2.359999895095825,1.839051365852356,30389300,
2019-09-19,2.380000114440918,2.4000000953674316,2.319999933242798,2.3399999141693115,1.8234663009643555,22578000,
2019-09-20,2.3399999141693115,2.359999895095825,2.319999933242798,2.319999933242798,1.8078807592391968,25637700,
2019-09-23,2.319999933242798,2.3399999141693115,2.299999952316284,2.299999952316284,1.7922955751419067,13377100,
2019-09-24,2.319999933242798,2.3399999141693115,2.299999952316284,2.319999933242798,1.8078807592391968,14749600,
2019-09-25,2.319999933242798,2.319999933242798,2.299999952316284,2.299999952316284,1.7922955751419067,23733600,
2019-09-26,2.319999933242798,2.4000000953674316,2.319999933242798,2.380000114440918,1.854636788368225,27744700,
2019-09-27,2.380000114440918,2.4600000381469727,2.359999895095825,2.4200000762939453,1.8858070373535156,55648100,
2019-09-30,2.4200000762939453,2.4600000381469727,2.4200000762939453,2.4600000381469727,1.9169777631759644,19733500,
2019-10-01,2.4600000381469727,2.4800000190734863,2.4200000762939453,2.4600000381469727,1.9169777631759644,10233500,
2019-10-02,2.440000057220459,2.4600000381469727,2.4200000762939453,2.440000057220459,1.9013923406600952,18350200,
2019-10-03,2.440000057220459,2.440000057220459,2.4000000953674316,2.4200000762939453,1.8858070373535156,28724400,
2019-10-04,2.440000057220459,2.440000057220459,2.380000114440918,2.4000000953674316,1.8702222108840942,14075000,
2019-10-07,2.4000000953674316,2.4200000762939453,2.380000114440918,2.4000000953674316,1.8702222108840942,13849400,
2019-10-08,2.4200000762939453,2.4200000762939453,2.359999895095825,2.4000000953674316,1.8702222108840942,13493500,
2019-10-09,2.4000000953674316,2.4600000381469727,2.4000000953674316,2.4600000381469727,1.9169777631759644,28718400,
2019-10-10,2.4600000381469727,2.4600000381469727,2.4200000762939453,2.4200000762939453,1.8858070373535156,25733200,
2019-10-11,2.4200000762939453,2.4800000190734863,2.4200000762939453,2.4600000381469727,1.9169777631759644,33192900,
2019-10-15,2.4600000381469727,2.5199999809265137,2.4600000381469727,2.5,1.9481481313705444,48670900,
2019-10-16,2.5199999809265137,2.5799999237060547,2.5199999809265137,2.559999942779541,1.994903326034546,58638700,
2019-10-17,2.559999942779541,2.559999942779541,2.5199999809265137,2.5399999618530273,1.9793180227279663,19379200,
2019-10-18,2.5199999809265137,2.559999942779541,2.5199999809265137,2.5399999618530273,1.9793180227279663,10750800,
2019-10-21,2.5399999618530273,2.5799999237060547,2.5199999809265137,2.559999942779541,1.994903326034546,12084100,
2019-10-22,2.5799999237060547,2.640000104904175,2.5399999618530273,2.5399999618530273,1.9793180227279663,56940600,
2019-10-24,2.559999942779541,2.5999999046325684,2.5199999809265137,2.5199999809265137,1.9637330770492554,89040000,
2019-10-25,2.5199999809265137,2.559999942779541,2.4600000381469727,2.5,1.9481481313705444,73847200,
2019-10-28,2.5,2.5399999618530273,2.4800000190734863,2.5,1.9481481313705444,21617700,
2019-10-29,2.5199999809265137,2.5799999237060547,2.5,2.5399999618530273,1.9793180227279663,38046000,
2019-10-30,2.5399999618530273,2.5799999237060547,2.5199999809265137,2.5399999618530273,1.9793180227279663,27727500,
2019-10-31,2.5399999618530273,2.5999999046325684,2.5399999618530273,2.559999942779541,1.994903326034546,37191800,
2019-11-01,2.559999942779541,2.559999942779541,2.5399999618530273,2.5399999618530273,1.9793180227279663,16763700,
2019-11-04,2.559999942779541,2.5999999046325684,2.5199999809265137,2.559999942779541,1.994903326034546,34667000,
2019-11-05,2.5799999237060547,2.5799999237060547,2.5199999809265137,2.559999942779541,1.994903326034546,14002000,
2019-11-06,2.559999942779541,2.5799999237060547,2.5199999809265137,2.5199999809265137,1.9637330770492554,15859100,
2019-11-07,2.5399999618530273,2.559999942779541,2.5199999809265137,2.5399999618530273,1.9793180227279663,17230800,
2019-11-08,2.559999942779541,2.5799999237060547,2.5399999618530273,2.559999942779541,1.994903326034546,12245700,
2019-11-11,2.559999942779541,2.559999942779541,2.5,2.5199999809265137,1.9637330770492554,20081700,
2019-11-12,2.5199999809265137,2.5399999618530273,2.4200000762939453,2.440000057220459,1.9013923406600952,52326400,
2019-11-13,2.4200000762939453,2.5199999809265137,2.4200000762939453,2.4800000190734863,1.9325628280639648,27729700,
2019-11-14,2.4600000381469727,2.5,2.440000057220459,2.4800000190734863,1.9325628280639648,14069400,
2019-11-15,2.5999999046325684,2.6600000858306885,2.5399999618530273,2.5799999237060547,2.010488510131836,112273600,
2019-11-18,2.5999999046325684,2.619999885559082,2.559999942779541,2.5799999237060547,2.010488510131836,48186100,
2019-11-19,2.5999999046325684,2.640000104904175,2.5799999237060547,2.5999999046325684,2.026073694229126,74593700,
2019-11-20,2.5999999046325684,2.700000047683716,2.5999999046325684,2.680000066757202,2.088414430618286,123262800,
2019-11-21,2.680000066757202,2.700000047683716,2.6600000858306885,2.6600000858306885,2.072829484939575,58701700,
2019-11-22,2.6600000858306885,2.759999990463257,2.6600000858306885,2.7200000286102295,2.119584560394287,66064000,
2019-11-25,2.7200000286102295,2.7200000286102295,2.6600000858306885,2.680000066757202,2.088414430618286,44372600,
2019-11-26,2.700000047683716,2.7200000286102295,2.6600000858306885,2.700000047683716,2.1039998531341553,24782800,
2019-11-27,2.700000047683716,2.740000009536743,2.700000047683716,2.700000047683716,2.1039998531341553,24164600,
2019-11-28,2.700000047683716,2.7200000286102295,2.619999885559082,2.640000104904175,2.057244300842285,29219700,
2019-11-29,2.680000066757202,2.740000009536743,2.619999885559082,2.640000104904175,2.057244300842285,91155600,
2019-12-02,2.6600000858306885,2.7200000286102295,2.640000104904175,2.640000104904175,2.057244300842285,42555900,
2019-12-03,2.619999885559082,2.6600000858306885,2.619999885559082,2.640000104904175,2.057244300842285,26516800,
2019-12-04,2.640000104904175,2.640000104904175,2.559999942779541,2.5799999237060547,2.010488510131836,45605200,
2019-12-06,2.5999999046325684,2.640000104904175,2.5999999046325684,2.640000104904175,2.057244300842285,53452200,
2019-12-09,2.640000104904175,2.6600000858306885,2.5799999237060547,2.5999999046325684,2.026073694229126,44849500,
2019-12-11,2.619999885559082,2.619999885559082,2.559999942779541,2.5999999046325684,2.026073694229126,36580900,
2019-12-12,2.619999885559082,2.700000047683716,2.5999999046325684,2.680000066757202,2.088414430618286,52790100,
2019-12-13,2.6600000858306885,2.680000066757202,2.619999885559082,2.6600000858306885,2.072829484939575,29160800,
2019-12-16,2.6600000858306885,2.680000066757202,2.5799999237060547,2.619999885559082,2.041659116744995,21112600,
2019-12-17,2.619999885559082,2.619999885559082,2.5199999809265137,2.559999942779541,1.994903326034546,75467300,
2019-12-18,2.559999942779541,2.559999942779541,2.5,2.5199999809265137,1.9637330770492554,95689000,
2019-12-19,2.5399999618530273,2.619999885559082,2.5399999618530273,2.619999885559082,2.041659116744995,25620300,
2019-12-20,2.5799999237060547,2.619999885559082,2.5799999237060547,2.5799999237060547,2.010488510131836,40394900,
2019-12-23,2.5799999237060547,2.619999885559082,2.5799999237060547,2.5999999046325684,2.026073694229126,15606600,
2019-12-24,2.5999999046325684,2.6600000858306885,2.5999999046325684,2.619999885559082,2.041659116744995,26750500,
2019-12-25,2.619999885559082,2.640000104904175,2.5799999237060547,2.619999885559082,2.041659116744995,4993700,
2019-12-26,2.619999885559082,2.619999885559082,2.5799999237060547,2.5999999046325684,2.026073694229126,9720500,
2019-12-27,2.5799999237060547,2.619999885559082,2.5799999237060547,2.5799999237060547,2.010488510131836,14778200,
2019-12-30,2.5999999046325684,2.619999885559082,2.5799999237060547,2.5799999237060547,2.010488510131836,6096500,
2020-01-02,2.5799999237060547,2.619999885559082,2.559999942779541,2.5999999046325684,2.026073694229126,27699600,
2020-01-03,2.5999999046325684,2.640000104904175,2.5,2.5399999618530273,1.9793180227279663,82277900,
2020-01-06,2.4200000762939453,2.4600000381469727,2.380000114440918,2.4000000953674316,1.8702222108840942,114043200,
2020-01-07,2.440000057220459,2.5199999809265137,2.4200000762939453,2.4800000190734863,1.9325628280639648,114761700,
2020-01-08,2.440000057220459,2.5199999809265137,2.4000000953674316,2.5199999809265137,1.9637330770492554,63344700,
2020-01-09,2.5399999618530273,2.5399999618530273,2.5,2.5199999809265137,1.9637330770492554,15778000,
2020-01-10,2.5199999809265137,2.5399999618530273,2.4800000190734863,2.5,1.9481481313705444,18269300,
2020-01-13,2.5,2.5199999809265137,2.4800000190734863,2.5,1.9481481313705444,13979400,
2020-01-14,2.5,2.619999885559082,2.5,2.5999999046325684,2.026073694229126,53223200,
2020-01-15,2.6600000858306885,2.680000066757202,2.5799999237060547,2.640000104904175,2.057244300842285,61650800,
2020-01-16,2.640000104904175,2.640000104904175,2.5399999618530273,2.559999942779541,1.994903326034546,46797500,
2020-01-17,2.559999942779541,2.640000104904175,2.559999942779541,2.619999885559082,2.041659116744995,33688600,
2020-01-20,2.619999885559082,2.680000066757202,2.5999999046325684,2.619999885559082,2.041659116744995,42073900,
2020-01-21,2.5999999046325684,2.680000066757202,2.5999999046325684,2.619999885559082,2.041659116744995,35181800,
2020-01-22,2.619999885559082,2.6600000858306885,2.619999885559082,2.640000104904175,2.057244300842285,23023400,
2020-01-23,2.6600000858306885,2.740000009536743,2.6600000858306885,2.700000047683716,2.1039998531341553,91195700,
2020-01-24,2.700000047683716,2.7200000286102295,2.700000047683716,2.7200000286102295,2.119584560394287,25452300,
2020-01-27,2.740000009536743,2.819999933242798,2.700000047683716,2.759999990463257,2.1507551670074463,106590400,
2020-01-28,2.759999990463257,2.7799999713897705,2.700000047683716,2.7200000286102295,2.119584560394287,41017500,
2020-01-29,2.740000009536743,2.759999990463257,2.700000047683716,2.700000047683716,2.1039998531341553,24167300,
2020-01-30,2.7200000286102295,2.7799999713897705,2.700000047683716,2.740000009536743,2.1351699829101562,51827300,
2020-01-31,2.740000009536743,2.7799999713897705,2.6600000858306885,2.700000047683716,2.1039998531341553,64040800,
2020-02-03,2.700000047683716,2.7200000286102295,2.5999999046325684,2.640000104904175,2.057244300842285,48547800,
2020-02-04,2.6600000858306885,2.680000066757202,2.5999999046325684,2.640000104904175,2.057244300842285,35970900,
2020-02-05,2.619999885559082,2.6600000858306885,2.619999885559082,2.640000104904175,2.057244300842285,31591100,
2020-02-06,2.640000104904175,2.6600000858306885,2.619999885559082,2.640000104904175,2.057244300842285,13429900,
2020-02-07,2.619999885559082,2.640000104904175,2.5399999618530273,2.5999999046325684,2.026073694229126,31392300,
2020-02-11,2.5799999237060547,2.5999999046325684,2.5399999618530273,2.5399999618530273,1.9793180227279663,28463100,
2020-02-12,2.559999942779541,2.680000066757202,2.5399999618530273,2.6600000858306885,2.072829484939575,82485400,
2020-02-13,2.640000104904175,2.680000066757202,2.619999885559082,2.6600000858306885,2.072829484939575,15357400,
2020-02-14,2.6600000858306885,2.6600000858306885,2.619999885559082,2.6600000858306885,2.072829484939575,23922700,
2020-02-17,2.6600000858306885,2.700000047683716,2.640000104904175,2.700000047683716,2.1039998531341553,17265700,
2020-02-18,2.700000047683716,2.700000047683716,2.640000104904175,2.680000066757202,2.088414430618286,25364900,
2020-02-19,2.680000066757202,2.680000066757202,2.640000104904175,2.6600000858306885,2.072829484939575,23420000,
2020-02-20,2.6600000858306885,2.6600000858306885,2.5999999046325684,2.619999885559082,2.041659116744995,27374100,
2020-02-21,2.619999885559082,2.680000066757202,2.619999885559082,2.6600000858306885,2.072829484939575,26900200,
2020-02-24,2.640000104904175,2.6600000858306885,2.5799999237060547,2.5799999237060547,2.010488510131836,21464400,
2020-02-25,2.5799999237060547,2.5799999237060547,2.440000057220459,2.5399999618530273,1.9793180227279663,34843600,
2020-02-26,2.4800000190734863,2.5199999809265137,2.440000057220459,2.4600000381469727,1.9169777631759644,37482800,
2020-02-27,2.440000057220459,2.559999942779541,2.440000057220459,2.5199999809265137,1.9637330770492554,30568900,
2020-02-28,2.4600000381469727,2.5199999809265137,2.440000057220459,2.5,1.9481481313705444,22284100,
2020-03-02,2.5199999809265137,2.5399999618530273,2.4000000953674316,2.4800000190734863,1.9325628280639648,25902100,
2020-03-03,2.5199999809265137,2.5199999809265137,2.4800000190734863,2.5,1.9481481313705444,29569500,
2020-03-04,2.4800000190734863,2.5799999237060547,2.4800000190734863,2.5799999237060547,2.010488510131836,34183400,
2020-03-05,2.5799999237060547,2.619999885559082,2.5399999618530273,2.5399999618530273,1.9793180227279663,23174000,
2020-03-06,2.5399999618530273,2.5999999046325684,2.5,2.559999942779541,1.994903326034546,19483100,
2020-03-09,2.5,2.5199999809265137,2.4000000953674316,2.440000057220459,1.9013923406600952,58567900,
2020-03-10,2.5,2.619999885559082,2.440000057220459,2.5999999046325684,2.026073694229126,68676300,
2020-03-11,2.5799999237060547,2.619999885559082,2.4800000190734863,2.5399999618530273,1.9793180227279663,36118200,
2020-03-12,2.4800000190734863,2.4800000190734863,2.140000104904175,2.299999952316284,1.7922955751419067,111115600,
2020-03-13,2.180000066757202,2.4000000953674316,2.0799999237060547,2.380000114440918,1.854636788368225,55061100,
2020-03-16,2.299999952316284,2.3399999141693115,2.200000047683716,2.240000009536743,1.7455404996871948,29187800,
2020-03-17,2.259999990463257,2.319999933242798,2.1600000858306885,2.259999990463257,1.7611258029937744,36865900,
2020-03-18,2.299999952316284,2.319999933242798,2.180000066757202,2.200000047683716,1.7143703699111938,36128200,
2020-03-19,2.180000066757202,2.200000047683716,2.0799999237060547,2.119999885559082,1.652029275894165,33748300,
2020-03-20,2.1600000858306885,2.2799999713897705,2.140000104904175,2.240000009536743,1.7455404996871948,58680300,
2020-03-23,2.119999885559082,2.1600000858306885,2.0399999618530273,2.059999942779541,1.6052738428115845,23697200,
2020-03-24,2.0999999046325684,2.0999999046325684,1.9800000190734863,1.9800000190734863,1.5429329872131348,33292300,
2020-03-25,2.0,2.140000104904175,2.0,2.0999999046325684,1.6364439725875854,56883300,
2020-03-26,2.119999885559082,2.119999885559082,2.0799999237060547,2.0999999046325684,1.6364439725875854,13558400,
2020-03-27,2.119999885559082,2.200000047683716,2.0999999046325684,2.140000104904175,1.667614459991455,29344400,
2020-03-30,2.0999999046325684,2.0999999046325684,2.0999999046325684,2.0999999046325684,1.6364439725875854,697300,
2020-03-31,2.0999999046325684,2.140000104904175,2.0799999237060547,2.0999999046325684,1.6364439725875854,29348800,
2020-04-01,2.0799999237060547,2.1600000858306885,2.0799999237060547,2.119999885559082,1.652029275894165,26100900,
2020-04-02,2.140000104904175,2.200000047683716,2.119999885559082,2.200000047683716,1.7143703699111938,25543000,
2020-04-03,2.240000009536743,2.2799999713897705,2.2200000286102295,2.2200000286102295,1.7299551963806152,22082200,
2020-04-07,2.319999933242798,2.3399999141693115,2.299999952316284,2.3399999141693115,1.8234663009643555,44374900,
2020-04-08,2.3399999141693115,2.359999895095825,2.299999952316284,2.319999933242798,1.8078807592391968,26112900,
2020-04-09,2.359999895095825,2.380000114440918,2.299999952316284,2.3399999141693115,1.8234663009643555,56845100,
2020-04-10,2.3399999141693115,2.3399999141693115,2.299999952316284,2.3399999141693115,1.8234663009643555,23733000,
2020-04-13,2.359999895095825,2.380000114440918,2.240000009536743,2.240000009536743,1.7455404996871948,48379000,
2020-04-14,2.2799999713897705,2.4000000953674316,2.2799999713897705,2.4000000953674316,1.8702222108840942,65524100,
2020-04-15,2.4000000953674316,2.4200000762939453,2.299999952316284,2.3399999141693115,1.8234663009643555,42462300,
2020-04-16,2.3399999141693115,2.359999895095825,2.299999952316284,2.319999933242798,1.8078807592391968,29506700,
2020-04-17,2.380000114440918,2.380000114440918,2.3399999141693115,2.359999895095825,1.839051365852356,37076600,
2020-04-20,2.359999895095825,2.4000000953674316,2.3399999141693115,2.359999895095825,1.839051365852356,23552800,
2020-04-21,2.3399999141693115,2.4800000190734863,2.3399999141693115,2.4600000381469727,1.9169777631759644,64850200,
2020-04-22,2.4600000381469727,2.4600000381469727,2.380000114440918,2.4000000953674316,1.8702222108840942,37125100,
2020-04-23,2.440000057220459,2.4800000190734863,2.440000057220459,2.4800000190734863,1.9325628280639648,50158700,
2020-04-24,2.4600000381469727,2.4800000190734863,2.4200000762939453,2.440000057220459,1.9013923406600952,20849300,
2020-04-27,2.440000057220459,2.4600000381469727,2.4200000762939453,2.440000057220459,1.9013923406600952,7938200,
2020-04-28,2.4600000381469727,2.4600000381469727,2.4200000762939453,2.440000057220459,1.9013923406600952,20455000,
2020-04-29,2.440000057220459,2.4600000381469727,2.4200000762939453,2.440000057220459,1.9013923406600952,28588100,
2020-04-30,2.4200000762939453,2.4600000381469727,2.4000000953674316,2.4600000381469727,1.9408406019210815,15254600,0.03
2020-05-05,2.440000057220459,2.4600000381469727,2.4000000953674316,2.4200000762939453,1.9092819690704346,12580100,
2020-05-07,2.4200000762939453,2.4200000762939453,2.319999933242798,2.4200000762939453,1.9092819690704346,30816700,
2020-05-08,2.4200000762939453,2.4200000762939453,2.359999895095825,2.4000000953674316,1.8935024738311768,17872800,
2020-05-11,2.4000000953674316,2.4200000762939453,2.4000000953674316,2.4200000762939453,1.9092819690704346,10619600,
2020-05-12,2.4200000762939453,2.440000057220459,2.4000000953674316,2.4000000953674316,1.8935024738311768,21355400,
2020-05-13,2.4000000953674316,2.4600000381469727,2.4000000953674316,2.440000057220459,1.9250612258911133,28497700,
2020-05-14,2.440000057220459,2.5,2.4200000762939453,2.4600000381469727,1.9408406019210815,43915800,
2020-05-15,2.4800000190734863,2.4800000190734863,2.4000000953674316,2.4600000381469727,1.9408406019210815,44248100,
2020-05-18,2.4600000381469727,2.4800000190734863,2.4000000953674316,2.4600000381469727,1.9408406019210815,27450100,
2020-05-19,2.4600000381469727,2.5199999809265137,2.4600000381469727,2.5,1.9723986387252808,48362700,
2020-05-20,2.5,2.5399999618530273,2.4800000190734863,2.5199999809265137,1.9881778955459595,30107200,
2020-05-21,2.5399999618530273,2.5799999237060547,2.4800000190734863,2.5799999237060547,2.035515069961548,73138600,
2020-05-22,2.5799999237060547,2.5999999046325684,2.5199999809265137,2.5399999618530273,2.0039567947387695,32409100,
2020-05-25,2.5399999618530273,2.5999999046325684,2.5199999809265137,2.5399999618530273,2.0039567947387695,61836200,
2020-05-26,2.559999942779541,2.5999999046325684,2.5199999809265137,2.559999942779541,2.019735813140869,57412700,
2020-05-27,2.559999942779541,2.619999885559082,2.5399999618530273,2.5799999237060547,2.035515069961548,38857300,
2020-05-28,2.5999999046325684,2.5999999046325684,2.5199999809265137,2.5399999618530273,2.0039567947387695,36637800,
2020-05-29,2.5399999618530273,2.5799999237060547,2.5199999809265137,2.5799999237060547,2.035515069961548,25246900,
2020-06-01,2.559999942779541,2.5799999237060547,2.5399999618530273,2.559999942779541,2.019735813140869,18236100,
2020-06-02,2.559999942779541,2.5799999237060547,2.5199999809265137,2.5199999809265137,1.9881778955459595,20093200,
2020-06-04,2.5399999618530273,2.619999885559082,2.5199999809265137,2.5999999046325684,2.0512945652008057,60918000,
2020-06-05,2.5999999046325684,2.619999885559082,2.559999942779541,2.5799999237060547,2.035515069961548,40428700,
2020-06-08,2.5999999046325684,2.619999885559082,2.559999942779541,2.5799999237060547,2.035515069961548,26640500,
2020-06-09,2.5799999237060547,2.5999999046325684,2.5199999809265137,2.5399999618530273,2.0039567947387695,16405200,
2020-06-10,2.5399999618530273,2.5799999237060547,2.5399999618530273,2.559999942779541,2.019735813140869,13966200,
2020-06-11,2.5799999237060547,2.5799999237060547,2.5,2.5199999809265137,1.9881778955459595,16751100,
2020-06-12,2.5199999809265137,2.5999999046325684,2.4600000381469727,2.5799999237060547,2.035515069961548,25503600,
2020-06-15,2.559999942779541,2.5799999237060547,2.4800000190734863,2.4800000190734863,1.956619381904602,25876100,
2020-06-16,2.5399999618530273,2.5799999237060547,2.5,2.5199999809265137,1.9881778955459595,27551600,
2020-06-17,2.5199999809265137,2.559999942779541,2.5,2.5,1.9723986387252808,23013500,
2020-06-18,2.5,2.5199999809265137,2.440000057220459,2.4600000381469727,1.9408406019210815,32804200,
2020-06-19,2.4600000381469727,2.4800000190734863,2.4200000762939453,2.440000057220459,1.9250612258911133,51636800,
2020-06-22,2.440000057220459,2.4800000190734863,2.4000000953674316,2.4000000953674316,1.8935024738311768,52505100,
2020-06-23,2.4200000762939453,2.4800000190734863,2.4200000762939453,2.440000057220459,1.9250612258911133,34727800,
2020-06-24,2.440000057220459,2.5,2.4200000762939453,2.440000057220459,1.9250612258911133,22716100,
2020-06-25,2.4200000762939453,2.4600000381469727,2.380000114440918,2.440000057220459,1.9250612258911133,19480900,
2020-06-26,2.440000057220459,2.4800000190734863,2.4200000762939453,2.440000057220459,1.9250612258911133,11795000,
2020-06-29,2.440000057220459,2.4600000381469727,2.4000000953674316,2.4000000953674316,1.8935024738311768,12410300,
2020-06-30,2.440000057220459,2.4800000190734863,2.4200000762939453,2.4600000381469727,1.9408406019210815,24874500,
2020-07-01,2.4800000190734863,2.4800000190734863,2.4000000953674316,2.4200000762939453,1.9092819690704346,32687000,
2020-07-02,2.440000057220459,2.440000057220459,2.4200000762939453,2.4200000762939453,1.9092819690704346,8957900,
2020-07-03,2.440000057220459,2.440000057220459,2.4000000953674316,2.4000000953674316,1.8935024738311768,22712900,
2020-07-07,2.4200000762939453,2.440000057220459,2.4000000953674316,2.4200000762939453,1.9092819690704346,24545500,
2020-07-08,2.4200000762939453,2.440000057220459,2.4000000953674316,2.4200000762939453,1.9092819690704346,25045000,
2020-07-09,2.4200000762939453,2.4600000381469727,2.4200000762939453,2.4200000762939453,1.9092819690704346,21433200,
2020-07-10,2.4200000762939453,2.4600000381469727,2.4200000762939453,2.4200000762939453,1.9092819690704346,11870500,
2020-07-13,2.440000057220459,2.4600000381469727,2.3399999141693115,2.3399999141693115,1.8461651802062988,31444600,
2020-07-14,2.3399999141693115,2.440000057220459,2.3399999141693115,2.380000114440918,1.8777238130569458,42987800,
2020-07-15,2.380000114440918,2.4200000762939453,2.380000114440918,2.4000000953674316,1.8935024738311768,11055000,
2020-07-16,2.4000000953674316,2.4000000953674316,2.380000114440918,2.4000000953674316,1.8935024738311768,8357800,
2020-07-17,2.4000000953674316,2.4200000762939453,2.380000114440918,2.380000114440918,1.8777238130569458,4520100,
2020-07-20,2.380000114440918,2.4200000762939453,2.359999895095825,2.4000000953674316,1.8935024738311768,11024700,
2020-07-21,2.4000000953674316,2.4200000762939453,2.380000114440918,2.4000000953674316,1.8935024738311768,24995200,
2020-07-22,2.4200000762939453,2.4200000762939453,2.380000114440918,2.4000000953674316,1.8935024738311768,12535000,
2020-07-23,2.4000000953674316,2.4200000762939453,2.380000114440918,2.4000000953674316,1.8935024738311768,33325800,
2020-07-24,2.4000000953674316,2.4200000762939453,2.380000114440918,2.4000000953674316,1.8935024738311768,12698600,
2020-07-29,2.380000114440918,2.4200000762939453,2.3399999141693115,2.3399999141693115,1.8461651802062988,36892400,
2020-07-30,2.359999895095825,2.4000000953674316,2.3399999141693115,2.380000114440918,1.8777238130569458,34012800,
2020-07-31,2.380000114440918,2.380000114440918,2.299999952316284,2.319999933242798,1.8303861618041992,29592600,
2020-08-03,2.319999933242798,2.4000000953674316,2.299999952316284,2.380000114440918,1.8777238130569458,55644300,
2020-08-04,2.4000000953674316,2.4200000762939453,2.380000114440918,2.4000000953674316,1.8935024738311768,38320700,
2020-08-05,2.4200000762939453,2.440000057220459,2.380000114440918,2.4200000762939453,1.9092819690704346,41902900,
2020-08-06,2.4200000762939453,2.5,2.4000000953674316,2.4800000190734863,1.956619381904602,48473400,
2020-08-07,2.4600000381469727,2.4800000190734863,2.440000057220459,2.440000057220459,1.9250612258911133,7271300,
2020-08-10,2.440000057220459,2.4600000381469727,2.4000000953674316,2.4200000762939453,1.9092819690704346,10122400,
2020-08-11,2.4200000762939453,2.4800000190734863,2.4200000762939453,2.440000057220459,1.9250612258911133,13238100,
2020-08-13,2.440000057220459,2.440000057220459,2.380000114440918,2.4200000762939453,1.9092819690704346,36349100,
2020-08-14,2.440000057220459,2.5,2.4200000762939453,2.4800000190734863,1.956619381904602,76695500,
2020-08-17,2.5,2.5999999046325684,2.4600000381469727,2.559999942779541,2.019735813140869,96946900,
2020-08-18,2.559999942779541,2.640000104904175,2.559999942779541,2.640000104904175,2.082853078842163,206400800,
2020-08-19,2.6600000858306885,2.700000047683716,2.5399999618530273,2.640000104904175,2.082853078842163,113015900,
2020-08-20,2.5799999237060547,2.619999885559082,2.559999942779541,2.5999999046325684,2.0512945652008057,50575600,
2020-08-21,2.640000104904175,2.680000066757202,2.619999885559082,2.6600000858306885,2.0986320972442627,63738000,
2020-08-24,2.6600000858306885,2.7200000286102295,2.640000104904175,2.700000047683716,2.13019061088562,85522800,
2020-08-25,2.7200000286102295,2.7200000286102295,2.619999885559082,2.640000104904175,2.082853078842163,76223200,
2020-08-26,2.640000104904175,2.6600000858306885,2.5999999046325684,2.619999885559082,2.082853078842163,26511500,0.02
2020-08-27,2.619999885559082,2.640000104904175,2.5399999618530273,2.559999942779541,2.03515362739563,33053700,
2020-08-28,2.559999942779541,2.5999999046325684,2.5399999618530273,2.559999942779541,2.03515362739563,17634200,
2020-08-31,2.559999942779541,2.5999999046325684,2.559999942779541,2.5999999046325684,2.066953182220459,17792200,
2020-09-01,2.5999999046325684,2.640000104904175,2.559999942779541,2.559999942779541,2.03515362739563,21082200,
2020-09-02,2.559999942779541,2.5999999046325684,2.5399999618530273,2.5799999237060547,2.051053524017334,11325800,
2020-09-03,2.5799999237060547,2.619999885559082,2.5799999237060547,2.5799999237060547,2.051053524017334,9314200,
2020-09-08,2.559999942779541,2.5999999046325684,2.5399999618530273,2.5999999046325684,2.066953182220459,11915700,
2020-09-09,2.5999999046325684,2.5999999046325684,2.5399999618530273,2.5399999618530273,2.019254207611084,12370200,
2020-09-10,2.5399999618530273,2.5799999237060547,2.4600000381469727,2.559999942779541,2.03515362739563,47400900,
2020-09-11,2.559999942779541,2.559999942779541,2.4800000190734863,2.4800000190734863,1.9715553522109985,35887100,
2020-09-14,2.4800000190734863,2.5199999809265137,2.4800000190734863,2.4800000190734863,1.9715553522109985,13282500,
2020-09-15,2.4800000190734863,2.5199999809265137,2.4800000190734863,2.4800000190734863,1.9715553522109985,21442600,
2020-09-16,2.4800000190734863,2.619999885559082,2.4600000381469727,2.5799999237060547,2.051053524017334,45829000,
2020-09-17,2.559999942779541,2.559999942779541,2.4800000190734863,2.4800000190734863,1.9715553522109985,14292700,
2020-09-18,2.5,2.5199999809265137,2.4600000381469727,2.4800000190734863,1.9715553522109985,13662300,
2020-09-21,2.4800000190734863,2.5199999809265137,2.4600000381469727,2.4600000381469727,1.9556561708450317,15454300,
2020-09-22,2.4600000381469727,2.4800000190734863,2.440000057220459,2.440000057220459,1.939756155014038,6629100,
2020-09-23,2.440000057220459,2.4800000190734863,2.440000057220459,2.4600000381469727,1.9556561708450317,19923400,
2020-09-24,2.4600000381469727,2.4600000381469727,2.380000114440918,2.440000057220459,1.939756155014038,39034600,
2020-09-25,2.4200000762939453,2.440000057220459,2.4000000953674316,2.440000057220459,1.939756155014038,10104400,
2020-09-28,2.4200000762939453,2.440000057220459,2.4000000953674316,2.4200000762939453,1.9238566160202026,14766000,
2020-09-29,2.4200000762939453,2.440000057220459,2.4000000953674316,2.4200000762939453,1.9238566160202026,14560600,
2020-09-30,2.4200000762939453,2.440000057220459,2.359999895095825,2.4000000953674316,1.9079567193984985,47745000,
2020-10-01,2.4000000953674316,2.4600000381469727,2.380000114440918,2.4000000953674316,1.9079567193984985,20841900,
2020-10-02,2.4000000953674316,2.4000000953674316,2.3399999141693115,2.359999895095825,1.8761574029922485,34592200,
2020-10-05,2.359999895095825,2.440000057220459,2.3399999141693115,2.4000000953674316,1.9079567193984985,25932800,
2020-10-06,2.4200000762939453,2.4200000762939453,2.380000114440918,2.4000000953674316,1.9079567193984985,11299300,
2020-10-07,2.4200000762939453,2.440000057220459,2.4000000953674316,2.4000000953674316,1.9079567193984985,12197100,
2020-10-08,2.4200000762939453,2.4200000762939453,2.3399999141693115,2.4000000953674316,1.9079567193984985,46286300,
2020-10-09,2.4000000953674316,2.4200000762939453,2.380000114440918,2.4000000953674316,1.9079567193984985,20664100,
2020-10-12,2.4000000953674316,2.440000057220459,2.380000114440918,2.4200000762939453,1.9238566160202026,16367000,
2020-10-14,2.4000000953674316,2.4200000762939453,2.380000114440918,2.4000000953674316,1.9079567193984985,12009100,
2020-10-15,2.380000114440918,2.4200000762939453,2.380000114440918,2.4000000953674316,1.9079567193984985,16685400,
2020-10-16,2.4000000953674316,2.440000057220459,2.4000000953674316,2.4000000953674316,1.9079567193984985,9598400,
2020-10-19,2.4000000953674316,2.4000000953674316,2.359999895095825,2.4000000953674316,1.9079567193984985,15683900,
2020-10-20,2.4000000953674316,2.4800000190734863,2.380000114440918,2.4600000381469727,1.9556561708450317,27609000,
2020-10-21,2.4800000190734863,2.559999942779541,2.4600000381469727,2.559999942779541,2.03515362739563,52329400,
2020-10-22,2.5399999618530273,2.5999999046325684,2.5399999618530273,2.5999999046325684,2.066953182220459,22817200,
2020-10-26,2.5799999237060547,2.619999885559082,2.5399999618530273,2.5999999046325684,2.066953182220459,36892000,
2020-10-27,2.619999885559082,2.640000104904175,2.5799999237060547,2.5999999046325684,2.066953182220459,15633800,
2020-10-28,2.5799999237060547,2.619999885559082,2.5799999237060547,2.5999999046325684,2.066953182220459,15269300,
2020-10-29,2.5799999237060547,2.5999999046325684,2.5199999809265137,2.5399999618530273,2.019254207611084,15077000,
2020-10-30,2.5399999618530273,2.559999942779541,2.5199999809265137,2.5199999809265137,2.003354787826538,6903600,
2020-11-02,2.5199999809265137,2.5199999809265137,2.4800000190734863,2.5,1.9874552488327026,9963800,
2020-11-03,2.5199999809265137,2.5199999809265137,2.4600000381469727,2.4600000381469727,1.9556561708450317,16751100,
2020-11-04,2.4600000381469727,2.5,2.440000057220459,2.5,1.9874552488327026,17961800,
2020-11-05,2.5,2.559999942779541,2.5,2.559999942779541,2.03515362739563,11294400,
2020-11-06,2.559999942779541,2.559999942779541,2.5,2.5199999809265137,2.003354787826538,15833200,
2020-11-09,2.5199999809265137,2.5399999618530273,2.4800000190734863,2.5399999618530273,2.019254207611084,9833600,
2020-11-10,2.5199999809265137,2.5399999618530273,2.5,2.5399999618530273,2.019254207611084,35412700,
2020-11-11,2.5399999618530273,2.5799999237060547,2.5,2.5199999809265137,2.003354787826538,44309300,
2020-11-12,2.5199999809265137,2.5399999618530273,2.5,2.5199999809265137,2.003354787826538,24132100,
2020-11-13,2.559999942779541,2.5999999046325684,2.5199999809265137,2.5799999237060547,2.051053524017334,51438400,
2020-11-16,2.5799999237060547,2.5999999046325684,2.5199999809265137,2.5199999809265137,2.003354787826538,19899200,
2020-11-17,2.5199999809265137,2.5399999618530273,2.5,2.5399999618530273,2.019254207611084,33251700,
2020-11-18,2.5399999618530273,2.5399999618530273,2.5,2.5199999809265137,2.003354787826538,18159100,
2020-11-19,2.5199999809265137,2.5399999618530273,2.5,2.5,1.9874552488327026,20726600,
2020-11-20,2.5,2.5799999237060547,2.5,2.5799999237060547,2.051053524017334,45349000,
2020-11-23,2.5999999046325684,2.700000047683716,2.5799999237060547,2.700000047683716,2.146451473236084,86322700,
2020-11-24,2.700000047683716,2.700000047683716,2.5999999046325684,2.5999999046325684,2.066953182220459,28534400,
2020-11-25,2.640000104904175,2.680000066757202,2.619999885559082,2.6600000858306885,2.114652156829834,44152600,
2020-11-26,2.640000104904175,2.680000066757202,2.5999999046325684,2.619999885559082,2.082853078842163,41988200,
2020-11-27,2.5999999046325684,2.619999885559082,2.559999942779541,2.5999999046325684,2.066953182220459,29981600,
2020-11-30,2.5999999046325684,2.5999999046325684,2.5399999618530273,2.5399999618530273,2.019254207611084,21026600,
2020-12-01,2.559999942779541,2.5999999046325684,2.5399999618530273,2.5399999618530273,2.019254207611084,16947800,
2020-12-02,2.559999942779541,2.559999942779541,2.5,2.5199999809265137,2.003354787826538,22402400,
2020-12-03,2.5399999618530273,2.5999999046325684,2.5199999809265137,2.5999999046325684,2.066953182220459,23083700,
2020-12-04,2.5799999237060547,2.5999999046325684,2.559999942779541,2.559999942779541,2.03515362739563,18234900,
2020-12-08,2.559999942779541,2.5799999237060547,2.5199999809265137,2.5399999618530273,2.019254207611084,41312300,
2020-12-09,2.5399999618530273,2.559999942779541,2.5,2.5,1.9874552488327026,53754000,
2020-12-14,2.5199999809265137,2.619999885559082,2.5199999809265137,2.5799999237060547,2.051053524017334,50962800,
2020-12-15,2.5799999237060547,2.5799999237060547,2.5399999618530273,2.5799999237060547,2.051053524017334,7840500,
2020-12-16,2.5799999237060547,2.5799999237060547,2.5199999809265137,2.5399999618530273,2.019254207611084,9448500,
2020-12-17,2.559999942779541,2.5999999046325684,2.5199999809265137,2.5199999809265137,2.003354787826538,54198700,
2020-12-18,2.5199999809265137,2.5399999618530273,2.5,2.5199999809265137,2.003354787826538,25356500,
2020-12-21,2.4600000381469727,2.5199999809265137,2.440000057220459,2.4600000381469727,1.9556561708450317,34959600,
2020-12-22,2.4600000381469727,2.5,2.4200000762939453,2.440000057220459,1.939756155014038,16556600,
2020-12-23,2.4600000381469727,2.5,2.440000057220459,2.4800000190734863,1.9715553522109985,21267700,
2020-12-24,2.4600000381469727,2.4800000190734863,2.440000057220459,2.4600000381469727,1.9556561708450317,22512000,
2020-12-25,2.4600000381469727,2.5,2.4600000381469727,2.4800000190734863,1.9715553522109985,12910200,
2020-12-28,2.4800000190734863,2.4800000190734863,2.440000057220459,2.4800000190734863,1.9715553522109985,13114700,
2020-12-29,2.4800000190734863,2.5,2.440000057220459,2.5,1.9874552488327026,12755900,
2020-12-30,2.5,2.5199999809265137,2.4600000381469727,2.4600000381469727,1.9556561708450317,9964700,
2021-01-04,2.4600000381469727,2.4600000381469727,2.4000000953674316,2.440000057220459,1.939756155014038,17048000,
2021-01-05,2.4600000381469727,2.5199999809265137,2.440000057220459,2.5,1.9874552488327026,17878400,
2021-01-06,2.5,2.5399999618530273,2.4800000190734863,2.5,1.9874552488327026,29302100,
2021-01-07,2.5,2.559999942779541,2.4800000190734863,2.5399999618530273,2.019254207611084,31468000,
2021-01-08,2.559999942779541,2.6600000858306885,2.5399999618530273,2.6600000858306885,2.114652156829834,147174300,
2021-01-11,2.640000104904175,2.680000066757202,2.619999885559082,2.619999885559082,2.082853078842163,53712700,
2021-01-12,2.619999885559082,2.640000104904175,2.5399999618530273,2.5399999618530273,2.019254207611084,51878500,
2021-01-13,2.5399999618530273,2.559999942779541,2.5,2.5399999618530273,2.019254207611084,29325500,
2021-01-14,2.559999942779541,2.619999885559082,2.5399999618530273,2.559999942779541,2.03515362739563,34883800,
2021-01-15,2.559999942779541,2.5799999237060547,2.5399999618530273,2.5399999618530273,2.019254207611084,11092600,
2021-01-18,2.5399999618530273,2.559999942779541,2.5199999809265137,2.5199999809265137,2.003354787826538,9988400,
2021-01-19,2.5399999618530273,2.559999942779541,2.5199999809265137,2.5399999618530273,2.019254207611084,9872600,
2021-01-20,2.559999942779541,2.559999942779541,2.5199999809265137,2.5199999809265137,2.003354787826538,21494900,
2021-01-21,2.5199999809265137,2.640000104904175,2.5199999809265137,2.619999885559082,2.082853078842163,74831500,
2021-01-22,2.640000104904175,2.680000066757202,2.5799999237060547,2.640000104904175,2.098752737045288,76908600,
2021-01-25,2.640000104904175,2.680000066757202,2.619999885559082,2.619999885559082,2.082853078842163,49950300,
2021-01-26,2.619999885559082,2.640000104904175,2.5399999618530273,2.5399999618530273,2.019254207611084,58891200,
2021-01-27,2.5399999618530273,2.619999885559082,2.5399999618530273,2.559999942779541,2.03515362739563,45025800,
2021-01-28,2.5399999618530273,2.5799999237060547,2.5199999809265137,2.5399999618530273,2.019254207611084,34249200,
2021-01-29,2.559999942779541,2.619999885559082,2.5199999809265137,2.5999999046325684,2.066953182220459,41107500,
2021-02-01,2.5999999046325684,2.640000104904175,2.5799999237060547,2.5999999046325684,2.066953182220459,26501100,
2021-02-02,2.640000104904175,2.700000047683716,2.5999999046325684,2.680000066757202,2.130552053451538,73831900,
2021-02-03,2.700000047683716,2.759999990463257,2.6600000858306885,2.740000009536743,2.178251028060913,100187600,
2021-02-04,2.740000009536743,2.7799999713897705,2.680000066757202,2.7200000286102295,2.162351608276367,76013700,
2021-02-05,2.7200000286102295,2.7200000286102295,2.640000104904175,2.680000066757202,2.130552053451538,58205700,
2021-02-08,2.680000066757202,2.7200000286102295,2.640000104904175,2.680000066757202,2.130552053451538,51490200,
2021-02-09,2.680000066757202,2.700000047683716,2.5799999237060547,2.5999999046325684,2.066953182220459,56155900,
2021-02-10,2.619999885559082,2.640000104904175,2.5999999046325684,2.5999999046325684,2.066953182220459,20436700,
2021-02-11,2.619999885559082,2.640000104904175,2.559999942779541,2.5799999237060547,2.051053524017334,34572300,
2021-02-15,2.5999999046325684,2.619999885559082,2.559999942779541,2.5999999046325684,2.066953182220459,33137500,
2021-02-16,2.5999999046325684,2.640000104904175,2.5799999237060547,2.5999999046325684,2.066953182220459,27551800,
2021-02-17,2.619999885559082,2.619999885559082,2.5999999046325684,2.5999999046325684,2.066953182220459,7617900,
2021-02-18,2.5999999046325684,2.619999885559082,2.5799999237060547,2.5999999046325684,2.066953182220459,29026000,
2021-02-19,2.619999885559082,2.619999885559082,2.5799999237060547,2.5999999046325684,2.066953182220459,29087200,
2021-02-22,2.619999885559082,2.640000104904175,2.5799999237060547,2.5799999237060547,2.051053524017334,43124900,
2021-02-23,2.5999999046325684,2.619999885559082,2.5399999618530273,2.619999885559082,2.082853078842163,54289100,
2021-02-24,2.619999885559082,2.619999885559082,2.5799999237060547,2.5999999046325684,2.066953182220459,18395100,
2021-02-25,2.5999999046325684,2.640000104904175,2.5799999237060547,2.5999999046325684,2.066953182220459,25410800,
2021-03-01,2.619999885559082,2.740000009536743,2.619999885559082,2.5999999046325684,2.066953182220459,155463300,
2021-03-02,2.640000104904175,2.6600000858306885,2.559999942779541,2.5999999046325684,2.066953182220459,71659200,
2021-03-03,2.5999999046325684,2.640000104904175,2.5999999046325684,2.640000104904175,2.098752737045288,31463000,
2021-03-04,2.6600000858306885,2.6600000858306885,2.5999999046325684,2.640000104904175,2.098752737045288,37920700,
2021-03-05,2.5999999046325684,2.640000104904175,2.5999999046325684,2.5999999046325684,2.066953182220459,37665900,
2021-03-08,2.640000104904175,2.700000047683716,2.640000104904175,2.700000047683716,2.146451473236084,95747600,
2021-03-09,2.700000047683716,2.759999990463257,2.680000066757202,2.740000009536743,2.178251028060913,107492900,
2021-03-10,2.740000009536743,2.859999895095825,2.7200000286102295,2.7799999713897705,2.210050344467163,146238300,
2021-03-11,2.819999933242798,2.859999895095825,2.759999990463257,2.799999952316284,2.22594952583313,79833800,
2021-03-12,2.8399999141693115,2.859999895095825,2.7799999713897705,2.799999952316284,2.22594952583313,65619000,
2021-03-15,2.819999933242798,2.9000000953674316,2.799999952316284,2.819999933242798,2.241849422454834,102499200,
2021-03-16,2.8399999141693115,2.940000057220459,2.8399999141693115,2.880000114440918,2.289548635482788,100026500,
2021-03-17,2.880000114440918,2.9800000190734863,2.880000114440918,2.9600000381469727,2.353147029876709,93969000,
2021-03-18,3.0,3.059999942779541,2.9200000762939453,2.940000057220459,2.337247133255005,116370500,
2021-03-19,2.9600000381469727,3.0199999809265137,2.940000057220459,3.0199999809265137,2.400845766067505,123105700,
2021-03-22,3.0199999809265137,3.0199999809265137,2.9200000762939453,2.9600000381469727,2.353147029876709,73284000,
2021-03-23,2.9600000381469727,2.9800000190734863,2.880000114440918,2.9000000953674316,2.305448055267334,57167200,
2021-03-24,2.9000000953674316,2.9200000762939453,2.8399999141693115,2.880000114440918,2.289548635482788,78490600,
2021-03-25,2.9000000953674316,2.9000000953674316,2.8399999141693115,2.8399999141693115,2.257749080657959,40824600,
2021-03-26,2.859999895095825,2.9000000953674316,2.859999895095825,2.880000114440918,2.289548635482788,37306200,
2021-03-29,2.9000000953674316,2.940000057220459,2.880000114440918,2.880000114440918,2.289548635482788,30841900,
2021-03-30,2.880000114440918,2.9200000762939453,2.8399999141693115,2.880000114440918,2.289548635482788,26953100,
2021-03-31,2.880000114440918,2.9200000762939453,2.859999895095825,2.9200000762939453,2.321347713470459,29471500,
2021-04-01,2.940000057220459,2.9600000381469727,2.880000114440918,2.9000000953674316,2.305448055267334,43999400,
2021-04-02,2.9200000762939453,2.9200000762939453,2.859999895095825,2.9000000953674316,2.305448055267334,18854900,
2021-04-05,2.9000000953674316,2.9000000953674316,2.8399999141693115,2.859999895095825,2.273648738861084,22177700,
2021-04-07,2.819999933242798,2.8399999141693115,2.799999952316284,2.819999933242798,2.241849422454834,35184800,
2021-04-08,2.819999933242798,2.880000114440918,2.799999952316284,2.859999895095825,2.273648738861084,28058700,
2021-04-09,2.880000114440918,3.059999942779541,2.880000114440918,2.9800000190734863,2.369046688079834,290476300,
2021-04-12,3.0399999618530273,3.0999999046325684,2.9600000381469727,2.9600000381469727,2.353147029876709,270434500,
2021-04-16,2.9600000381469727,3.0199999809265137,2.940000057220459,3.0,2.384946584701538,118035000,
2021-04-19,3.0,3.0399999618530273,2.9600000381469727,2.9600000381469727,2.353147029876709,69315200,
2021-04-20,2.9600000381469727,3.0,2.940000057220459,3.0,2.384946584701538,72153800,
2021-04-21,3.0,3.0199999809265137,2.9800000190734863,3.0,2.384946584701538,60156900,
2021-04-22,3.0,3.0199999809265137,2.9600000381469727,2.9600000381469727,2.353147029876709,37508700,
2021-04-23,2.9600000381469727,3.140000104904175,2.940000057220459,3.140000104904175,2.496244192123413,226516100,
2021-04-26,3.140000104904175,3.4200000762939453,3.119999885559082,3.3399999141693115,2.655240297317505,296039900,
2021-04-27,3.299999952316284,3.319999933242798,3.240000009536743,3.259999990463257,2.591641426086426,75742900,
2021-04-28,3.259999990463257,3.299999952316284,3.180000066757202,3.2200000286102295,2.559842348098755,60365700,
2021-04-29,3.200000047683716,3.240000009536743,3.1600000858306885,3.1600000858306885,2.512143611907959,57934600,
2021-04-30,3.1600000858306885,3.180000066757202,3.0799999237060547,3.119999885559082,2.480343818664551,64038700,
2021-05-05,3.1600000858306885,3.240000009536743,3.140000104904175,3.180000066757202,2.528043270111084,114037200,
2021-05-06,3.1600000858306885,3.180000066757202,3.0999999046325684,3.1600000858306885,2.536068916320801,48086200,0.03
2021-05-07,3.140000104904175,3.200000047683716,3.119999885559082,3.1600000858306885,2.536068916320801,27830700,
2021-05-10,3.1600000858306885,3.200000047683716,3.119999885559082,3.1600000858306885,2.536068916320801,45924700,
2021-05-11,3.140000104904175,3.200000047683716,3.0799999237060547,3.119999885559082,2.5039663314819336,75590900,
2021-05-12,3.0799999237060547,3.119999885559082,3.059999942779541,3.059999942779541,2.455812931060791,42899800,
2021-05-13,3.059999942779541,3.140000104904175,2.9200000762939453,3.0399999618530273,2.4397618770599365,97551300,
2021-05-14,3.059999942779541,3.299999952316284,3.059999942779541,3.299999952316284,2.648426055908203,186529800,
2021-05-17,3.2799999713897705,3.299999952316284,3.2200000286102295,3.2200000286102295,2.5842220783233643,76067900,
2021-05-18,3.240000009536743,3.299999952316284,3.2200000286102295,3.2200000286102295,2.5842220783233643,70637200,
2021-05-19,3.200000047683716,3.319999933242798,3.200000047683716,3.259999990463257,2.616323947906494,98403000,
2021-05-20,3.2799999713897705,3.5799999237060547,3.259999990463257,3.4600000381469727,2.77683424949646,241583800,
2021-05-21,3.5199999809265137,3.5999999046325684,3.5,3.5399999618530273,2.841038942337036,164239600,
2021-05-24,3.5799999237060547,3.640000104904175,3.4800000190734863,3.559999942779541,2.8570897579193115,103659900,
2021-05-25,3.559999942779541,3.5799999237060547,3.5,3.5199999809265137,2.8249876499176025,60477400,
2021-05-27,3.5399999618530273,3.640000104904175,3.5199999809265137,3.559999942779541,2.8570897579193115,77261900,
2021-05-28,3.559999942779541,3.5999999046325684,3.4800000190734863,3.5,2.808936595916748,58740100,
2021-05-31,3.5199999809265137,3.5799999237060547,3.5,3.5199999809265137,2.8249876499176025,56786100,
2021-06-01,3.5399999618530273,3.640000104904175,3.5399999618530273,3.5799999237060547,2.873140573501587,72207400,
2021-06-02,3.559999942779541,3.619999885559082,3.5,3.5,2.808936595916748,93073600,
2021-06-04,3.5199999809265137,3.5399999618530273,3.440000057220459,3.440000057220459,2.7607834339141846,82590600,
2021-06-07,3.4600000381469727,3.5199999809265137,3.440000057220459,3.4600000381469727,2.77683424949646,43516600,
2021-06-08,3.4800000190734863,3.5199999809265137,3.440000057220459,3.440000057220459,2.7607834339141846,50784000,
2021-06-09,3.5,3.7799999713897705,3.5,3.700000047683716,2.969447612762451,256089900,
2021-06-10,3.640000104904175,3.6600000858306885,3.5399999618530273,3.5799999237060547,2.873140573501587,157568000,
2021-06-11,3.5799999237060547,3.619999885559082,3.5199999809265137,3.5399999618530273,2.841038942337036,35974200,
2021-06-14,3.5199999809265137,3.5799999237060547,3.5,3.5399999618530273,2.841038942337036,52001600,
2021-06-15,3.5399999618530273,3.5399999618530273,3.4800000190734863,3.5,2.808936595916748,36371400,
2021-06-16,3.5199999809265137,3.5999999046325684,3.5199999809265137,3.559999942779541,2.8570897579193115,57336300,
2021-06-17,3.559999942779541,3.5799999237060547,3.5199999809265137,3.5199999809265137,2.8249876499176025,33796700,
2021-06-18,3.5199999809265137,3.559999942779541,3.4800000190734863,3.5,2.808936595916748,32130700,
2021-06-21,3.5,3.5199999809265137,3.4800000190734863,3.4800000190734863,2.7928853034973145,26354200,
2021-06-22,3.5199999809265137,3.5999999046325684,3.5199999809265137,3.5399999618530273,2.841038942337036,60414600,
2021-06-23,3.5799999237060547,3.700000047683716,3.5199999809265137,3.700000047683716,2.969447612762451,142406100,
2021-06-24,3.700000047683716,3.7799999713897705,3.559999942779541,3.759999990463257,3.0176005363464355,281043200,
2021-06-25,3.7799999713897705,3.799999952316284,3.700000047683716,3.740000009536743,3.001549005508423,122246300,
2021-06-28,3.7799999713897705,4.119999885559082,3.740000009536743,3.819999933242798,3.06575345993042,418214500,
2021-06-29,3.819999933242798,3.880000114440918,3.819999933242798,3.8399999141693115,3.0818049907684326,102337600,
2021-06-30,3.859999895095825,4.039999961853027,3.859999895095825,3.9800000190734863,3.194162368774414,261877100,
2021-07-01,4.0,4.099999904632568,3.9600000381469727,4.099999904632568,3.29046893119812,256490000,
2021-07-02,4.139999866485596,4.179999828338623,4.039999961853027,4.079999923706055,3.2744178771972656,179806900,
2021-07-05,4.099999904632568,4.139999866485596,4.0,4.039999961853027,3.2423152923583984,155264300,
2021-07-06,4.039999961853027,4.079999923706055,3.9800000190734863,4.0,3.2102131843566895,78840000,
2021-07-07,4.039999961853027,4.28000020980835,4.019999980926514,4.239999771118164,3.4028260707855225,276208700,
2021-07-08,4.300000190734863,4.420000076293945,4.199999809265137,4.21999979019165,3.3867745399475098,449780600,
2021-07-09,4.239999771118164,4.360000133514404,4.239999771118164,4.340000152587891,3.483081579208374,290117000,
2021-07-12,4.380000114440918,4.440000057220459,3.9000000953674316,3.9600000381469727,3.1781110763549805,773852200,
2021-07-13,4.039999961853027,4.099999904632568,3.9600000381469727,4.019999980926514,3.226264476776123,303093600,
2021-07-14,4.019999980926514,4.159999847412109,4.0,4.099999904632568,3.29046893119812,197396500,
2021-07-15,4.119999885559082,4.159999847412109,4.0,4.039999961853027,3.2423152923583984,146560400,
2021-07-16,4.039999961853027,4.159999847412109,4.039999961853027,4.119999885559082,3.3065197467803955,202842900,
2021-07-19,4.099999904632568,4.21999979019165,4.099999904632568,4.159999847412109,3.3386216163635254,220851100,
2021-07-20,4.159999847412109,4.239999771118164,4.099999904632568,4.139999866485596,3.32257080078125,227600700,
2021-07-21,4.159999847412109,4.199999809265137,4.099999904632568,4.099999904632568,3.29046893119812,121961900,
2021-07-22,4.119999885559082,4.139999866485596,4.019999980926514,4.039999961853027,3.2423152923583984,126370000,
2021-07-23,4.059999942779541,4.139999866485596,4.039999961853027,4.099999904632568,3.29046893119812,71895700,
2021-07-27,4.119999885559082,4.119999885559082,4.039999961853027,4.039999961853027,3.2423152923583984,69843300,
2021-07-29,4.099999904632568,4.28000020980835,4.079999923706055,4.28000020980835,3.4349284172058105,244556500,
2021-07-30,4.260000228881836,4.28000020980835,4.119999885559082,4.21999979019165,3.3867745399475098,171327200,
2021-08-02,4.239999771118164,4.300000190734863,4.179999828338623,4.21999979019165,3.3867745399475098,139722600,
2021-08-03,4.21999979019165,4.239999771118164,4.099999904632568,4.139999866485596,3.32257080078125,135933800,
2021-08-04,4.159999847412109,4.179999828338623,4.099999904632568,4.119999885559082,3.3065197467803955,113463800,
2021-08-05,4.139999866485596,4.139999866485596,4.039999961853027,4.059999942779541,3.258366823196411,115755000,
2021-08-06,4.059999942779541,4.079999923706055,3.9600000381469727,4.039999961853027,3.2423152923583984,82072300,
2021-08-09,4.059999942779541,4.099999904632568,4.0,4.039999961853027,3.2423152923583984,92277300,
2021-08-10,4.039999961853027,4.059999942779541,3.9800000190734863,3.9800000190734863,3.194162368774414,94791000,
2021-08-11,4.019999980926514,4.059999942779541,4.0,4.039999961853027,3.2423152923583984,82205700,
2021-08-13,4.079999923706055,4.099999904632568,3.9800000190734863,4.0,3.2102131843566895,106076900,
2021-08-16,3.9800000190734863,4.0,3.819999933242798,3.9000000953674316,3.129957675933838,147906600,
2021-08-17,3.9200000762939453,4.139999866485596,3.9200000762939453,4.099999904632568,3.29046893119812,207279900,
2021-08-18,4.079999923706055,4.119999885559082,3.9600000381469727,3.9800000190734863,3.194162368774414,162092400,
2021-08-19,3.9800000190734863,4.0,3.9200000762939453,3.940000057220459,3.162059783935547,125079800,
2021-08-20,3.9600000381469727,3.9800000190734863,3.880000114440918,3.9000000953674316,3.129957675933838,99423500,
2021-08-23,3.859999895095825,3.9000000953674316,3.7200000286102295,3.759999990463257,3.0176005363464355,227363400,
2021-08-24,3.740000009536743,3.819999933242798,3.7200000286102295,3.7799999713897705,3.0580508708953857,141617900,0.03
2021-08-25,3.740000009536743,3.819999933242798,3.740000009536743,3.759999990463257,3.041870355606079,76609000,
2021-08-26,3.759999990463257,3.859999895095825,3.740000009536743,3.799999952316284,3.0742313861846924,123091500,
2021-08-27,3.7799999713897705,3.799999952316284,3.740000009536743,3.759999990463257,3.041870355606079,85266000,
2021-08-30,3.759999990463257,3.7799999713897705,3.700000047683716,3.700000047683716,2.993330478668213,99988500,
2021-08-31,3.700000047683716,3.7799999713897705,3.700000047683716,3.700000047683716,2.993330478668213,76892000,
2021-09-01,3.700000047683716,3.740000009536743,3.640000104904175,3.6600000858306885,2.9609696865081787,105824100,
2021-09-02,3.6600000858306885,3.819999933242798,3.6600000858306885,3.7799999713897705,3.0580508708953857,135291900,
2021-09-03,3.7799999713897705,3.799999952316284,3.7200000286102295,3.740000009536743,3.0256903171539307,38582700,
2021-09-06,3.740000009536743,3.759999990463257,3.6600000858306885,3.6600000858306885,2.9609696865081787,84531800,
2021-09-07,3.680000066757202,3.7200000286102295,3.5999999046325684,3.5999999046325684,2.9124293327331543,64735700,
2021-09-08,3.5999999046325684,3.640000104904175,3.5799999237060547,3.619999885559082,2.9286093711853027,56529100,
2021-09-09,3.6600000858306885,3.740000009536743,3.6600000858306885,3.700000047683716,2.993330478668213,105224700,
2021-09-10,3.700000047683716,3.700000047683716,3.5999999046325684,3.619999885559082,2.9286093711853027,63897300,
2021-09-13,3.619999885559082,3.640000104904175,3.559999942779541,3.5799999237060547,2.8962490558624268,65299400,
2021-09-14,3.5799999237060547,3.619999885559082,3.5,3.5,2.831528663635254,75086700,
2021-09-15,3.5199999809265137,3.5999999046325684,3.5199999809265137,3.559999942779541,2.8800690174102783,44054500,
2021-09-16,3.5999999046325684,3.799999952316284,3.5999999046325684,3.7799999713897705,3.0580508708953857,187681100,
2021-09-17,3.799999952316284,3.9000000953674316,3.759999990463257,3.9000000953674316,3.1551320552825928,191396300,
2021-09-20,3.9200000762939453,3.9200000762939453,3.799999952316284,3.819999933242798,3.0904111862182617,87684100,
2021-09-21,3.7799999713897705,3.880000114440918,3.7799999713897705,3.819999933242798,3.0904111862182617,66970000,
2021-09-22,3.819999933242798,3.8399999141693115,3.740000009536743,3.7799999713897705,3.0580508708953857,76881000,
2021-09-23,3.799999952316284,3.859999895095825,3.759999990463257,3.7799999713897705,3.0580508708953857,98653700,
2021-09-27,3.759999990463257,3.819999933242798,3.6600000858306885,3.680000066757202,2.9771504402160645,113803500,
2021-09-28,3.680000066757202,3.759999990463257,3.619999885559082,3.740000009536743,3.0256903171539307,81182600,
2021-09-29,3.7200000286102295,3.759999990463257,3.680000066757202,3.700000047683716,2.993330478668213,31597200,
2021-09-30,3.740000009536743,3.859999895095825,3.7200000286102295,3.759999990463257,3.041870355606079,96419000,
2021-10-01,3.7200000286102295,3.759999990463257,3.680000066757202,3.7200000286102295,3.0095105171203613,61303900,
2021-10-04,3.7200000286102295,3.759999990463257,3.680000066757202,3.740000009536743,3.0256903171539307,44850300,
2021-10-05,3.740000009536743,3.7799999713897705,3.7200000286102295,3.759999990463257,3.041870355606079,30514900,
2021-10-06,3.759999990463257,3.759999990463257,3.700000047683716,3.700000047683716,2.993330478668213,48921300,
2021-10-07,3.700000047683716,3.7200000286102295,3.5199999809265137,3.6600000858306885,2.9609696865081787,163767200,
2021-10-08,3.680000066757202,3.759999990463257,3.6600000858306885,3.700000047683716,2.993330478668213,93749700,
2021-10-11,3.700000047683716,3.759999990463257,3.680000066757202,3.7200000286102295,3.0095105171203613,51962600,
2021-10-12,3.740000009536743,3.759999990463257,3.700000047683716,3.700000047683716,2.993330478668213,26850500,
2021-10-14,3.7200000286102295,3.740000009536743,3.619999885559082,3.680000066757202,2.9771504402160645,83815900,
2021-10-15,3.6600000858306885,3.680000066757202,3.640000104904175,3.680000066757202,2.9771504402160645,24152700,
2021-10-18,3.680000066757202,3.7200000286102295,3.6600000858306885,3.700000047683716,2.993330478668213,40146800,
2021-10-19,3.680000066757202,3.819999933242798,3.680000066757202,3.740000009536743,3.0256903171539307,124917900,
2021-10-20,3.740000009536743,3.9200000762939453,3.740000009536743,3.880000114440918,3.1389517784118652,186671000,
2021-10-21,3.880000114440918,3.9000000953674316,3.740000009536743,3.7799999713897705,3.0580508708953857,136557900,
2021-10-25,3.799999952316284,3.8399999141693115,3.759999990463257,3.819999933242798,3.0904111862182617,37980400,
2021-10-26,3.799999952316284,3.8399999141693115,3.740000009536743,3.7799999713897705,3.0580508708953857,38436300,
2021-10-27,3.759999990463257,3.799999952316284,3.680000066757202,3.700000047683716,2.993330478668213,62402700,
2021-10-28,3.700000047683716,3.740000009536743,3.700000047683716,3.700000047683716,2.993330478668213,41981900,
2021-10-29,3.700000047683716,3.799999952316284,3.700000047683716,3.799999952316284,3.0742313861846924,68284700,
2021-11-01,3.819999933242798,3.8399999141693115,3.7200000286102295,3.7200000286102295,3.0095105171203613,36883500,
2021-11-02,3.7200000286102295,3.819999933242798,3.7200000286102295,3.7799999713897705,3.0580508708953857,63481200,
2021-11-03,3.759999990463257,3.7799999713897705,3.700000047683716,3.7200000286102295,3.0095105171203613,32308100,
2021-11-04,3.7200000286102295,3.740000009536743,3.6600000858306885,3.680000066757202,2.9771504402160645,46593100,
2021-11-05,3.700000047683716,3.740000009536743,3.700000047683716,3.700000047683716,2.993330478668213,26866400,
2021-11-08,3.7200000286102295,3.740000009536743,3.640000104904175,3.680000066757202,2.9771504402160645,49614800,
2021-11-09,3.6600000858306885,3.740000009536743,3.6600000858306885,3.7200000286102295,3.0095105171203613,26168200,
2021-11-10,3.7200000286102295,3.740000009536743,3.6600000858306885,3.680000066757202,2.9771504402160645,35039000,
2021-11-11,3.7200000286102295,3.7799999713897705,3.700000047683716,3.759999990463257,3.041870355606079,39442700,
2021-11-12,3.799999952316284,3.819999933242798,3.700000047683716,3.7200000286102295,3.0095105171203613,91411100,
2021-11-15,3.740000009536743,3.8399999141693115,3.740000009536743,3.759999990463257,3.041870355606079,70432100,
2021-11-16,3.740000009536743,3.759999990463257,3.6600000858306885,3.680000066757202,2.9771504402160645,79652700,
2021-11-17,3.680000066757202,3.700000047683716,3.640000104904175,3.6600000858306885,2.9609696865081787,35126400,
2021-11-18,3.6600000858306885,3.7200000286102295,3.640000104904175,3.680000066757202,2.9771504402160645,40634500,
2021-11-19,3.680000066757202,3.7200000286102295,3.6600000858306885,3.700000047683716,2.993330478668213,32865900,
2021-11-22,3.700000047683716,3.740000009536743,3.680000066757202,3.700000047683716,2.993330478668213,27100000,
2021-11-23,3.700000047683716,3.7200000286102295,3.680000066757202,3.700000047683716,2.993330478668213,17176400,
2021-11-24,3.700000047683716,3.7200000286102295,3.6600000858306885,3.680000066757202,2.9771504402160645,14406700,
2021-11-25,3.680000066757202,3.700000047683716,3.619999885559082,3.6600000858306885,2.9609696865081787,34006300,
2021-11-26,3.680000066757202,3.859999895095825,3.680000066757202,3.799999952316284,3.0742313861846924,250425000,
2021-11-29,3.9000000953674316,3.940000057220459,3.8399999141693115,3.880000114440918,3.1389517784118652,174494300,
2021-11-30,3.859999895095825,3.880000114440918,3.7799999713897705,3.880000114440918,3.1389517784118652,116867000,
2021-12-01,3.9000000953674316,3.940000057220459,3.8399999141693115,3.859999895095825,3.1227712631225586,109607300,
2021-12-02,3.880000114440918,3.940000057220459,3.799999952316284,3.8399999141693115,3.106590986251831,113430100,
2021-12-03,3.8399999141693115,3.9200000762939453,3.819999933242798,3.880000114440918,3.1389517784118652,76825800,
2021-12-07,3.9000000953674316,3.9000000953674316,3.740000009536743,3.759999990463257,3.041870355606079,66598900,
2021-12-08,3.759999990463257,3.799999952316284,3.700000047683716,3.7200000286102295,3.0095105171203613,43448100,
2021-12-09,3.7200000286102295,3.740000009536743,3.680000066757202,3.680000066757202,2.9771504402160645,45049500,
2021-12-13,3.680000066757202,3.7200000286102295,3.6600000858306885,3.680000066757202,2.9771504402160645,44405400,
2021-12-14,3.680000066757202,3.759999990463257,3.6600000858306885,3.680000066757202,2.9771504402160645,51132800,
2021-12-15,3.680000066757202,3.680000066757202,3.619999885559082,3.640000104904175,2.9447896480560303,46378400,
2021-12-16,3.640000104904175,3.6600000858306885,3.619999885559082,3.640000104904175,2.9447896480560303,38807600,
2021-12-17,3.640000104904175,3.640000104904175,3.619999885559082,3.619999885559082,2.9286093711853027,16223500,
2021-12-20,3.6600000858306885,3.7200000286102295,3.640000104904175,3.680000066757202,2.9771504402160645,87479500,
2021-12-21,3.6600000858306885,3.6600000858306885,3.619999885559082,3.640000104904175,2.9447896480560303,45226900,
2021-12-22,3.640000104904175,3.6600000858306885,3.619999885559082,3.640000104904175,2.9447896480560303,15385300,
2021-12-23,3.640000104904175,3.640000104904175,3.5399999618530273,3.5799999237060547,2.8962490558624268,52613300,
2021-12-24,3.5999999046325684,3.619999885559082,3.5799999237060547,3.5999999046325684,2.9124293327331543,24427000,
2021-12-27,3.5999999046325684,3.6600000858306885,3.5799999237060547,3.5799999237060547,2.8962490558624268,40031200,
2021-12-28,3.5799999237060547,3.6600000858306885,3.5799999237060547,3.619999885559082,2.9286093711853027,36328300,
2021-12-29,3.619999885559082,3.680000066757202,3.619999885559082,3.640000104904175,2.9447896480560303,23022100,
2021-12-30,3.6600000858306885,3.680000066757202,3.640000104904175,3.6600000858306885,2.9609696865081787,25653000,
2022-01-04,3.640000104904175,3.6600000858306885,3.5399999618530273,3.5799999237060547,2.8962490558624268,77315100,
2022-01-05,3.5799999237060547,3.640000104904175,3.5799999237060547,3.5999999046325684,2.9124293327331543,55541000,
2022-01-06,3.5999999046325684,3.7799999713897705,3.5999999046325684,3.740000009536743,3.0256903171539307,237997400,
2022-01-07,3.700000047683716,3.7200000286102295,3.640000104904175,3.700000047683716,2.993330478668213,71600600,
2022-01-10,3.700000047683716,3.700000047683716,3.5799999237060547,3.5799999237060547,2.8962490558624268,91388900,
2022-01-11,3.5999999046325684,3.619999885559082,3.559999942779541,3.5799999237060547,2.8962490558624268,55499900,
2022-01-12,3.5799999237060547,3.5999999046325684,3.5399999618530273,3.559999942779541,2.8800690174102783,74661600,
2022-01-13,3.5399999618530273,3.559999942779541,3.5199999809265137,3.5399999618530273,2.86388897895813,23761500,
2022-01-14,3.5399999618530273,3.5999999046325684,3.5399999618530273,3.5399999618530273,2.86388897895813,41082300,
2022-01-17,3.5399999618530273,3.559999942779541,3.5,3.5,2.831528663635254,44944900,
2022-01-18,3.5199999809265137,3.559999942779541,3.4600000381469727,3.4600000381469727,2.7991678714752197,50386100,
2022-01-19,3.4600000381469727,3.5,3.4200000762939453,3.4200000762939453,2.766808032989502,46139300,
2022-01-20,3.4200000762939453,3.4800000190734863,3.380000114440918,3.4000000953674316,2.7506279945373535,56261300,
2022-01-21,3.4000000953674316,3.4200000762939453,3.319999933242798,3.3399999141693115,2.702087163925171,48528500,
2022-01-24,3.380000114440918,3.380000114440918,3.299999952316284,3.319999933242798,2.6859073638916016,33653100,
2022-01-25,3.319999933242798,3.3399999141693115,3.2200000286102295,3.2799999713897705,2.6535465717315674,56773000,
2022-01-26,3.2799999713897705,3.359999895095825,3.2799999713897705,3.319999933242798,2.6859073638916016,32490700,
2022-01-27,3.319999933242798,3.3399999141693115,3.240000009536743,3.2799999713897705,2.6535465717315674,18585400,
2022-01-28,3.2799999713897705,3.380000114440918,3.259999990463257,3.319999933242798,2.6859073638916016,39043700,
2022-01-31,3.3399999141693115,3.359999895095825,3.2799999713897705,3.299999952316284,2.669727325439453,49536600,
2022-02-01,3.319999933242798,3.359999895095825,3.299999952316284,3.319999933242798,2.6859073638916016,20041400,
2022-02-02,3.319999933242798,3.359999895095825,3.299999952316284,3.319999933242798,2.6859073638916016,18370000,
2022-02-03,3.319999933242798,3.3399999141693115,3.2799999713897705,3.299999952316284,2.669727325439453,38971100,
2022-02-04,3.299999952316284,3.319999933242798,3.240000009536743,3.259999990463257,2.637366533279419,74047500,
2022-02-07,3.259999990463257,3.299999952316284,3.200000047683716,3.2200000286102295,2.605006217956543,70111800,
2022-02-08,3.2200000286102295,3.2799999713897705,3.2200000286102295,3.240000009536743,2.6211862564086914,45437000,
2022-02-09,3.259999990463257,3.299999952316284,3.200000047683716,3.200000047683716,2.5888266563415527,70520400,
2022-02-10,3.200000047683716,3.200000047683716,3.119999885559082,3.119999885559082,2.5241055488586426,85211800,
2022-02-11,3.119999885559082,3.1600000858306885,3.0799999237060547,3.119999885559082,2.5241055488586426,62564200,
2022-02-14,3.119999885559082,3.2200000286102295,3.119999885559082,3.180000066757202,2.572645902633667,75169900,
2022-02-15,3.200000047683716,3.259999990463257,3.180000066757202,3.2200000286102295,2.605006217956543,55462400,
2022-02-17,3.240000009536743,3.259999990463257,3.180000066757202,3.200000047683716,2.5888266563415527,38685900,
2022-02-18,3.200000047683716,3.240000009536743,3.180000066757202,3.2200000286102295,2.605006217956543,17492300,
2022-02-21,3.2200000286102295,3.319999933242798,3.2200000286102295,3.259999990463257,2.637366533279419,131034700,
2022-02-22,3.3399999141693115,3.5399999618530273,3.299999952316284,3.4600000381469727,2.7991678714752197,327617400,
2022-02-23,3.5,3.5399999618530273,3.4200000762939453,3.4600000381469727,2.7991678714752197,77183200,
2022-02-24,3.440000057220459,3.440000057220459,3.319999933242798,3.4200000762939453,2.766808032989502,102959100,
2022-02-25,3.4800000190734863,3.5,3.380000114440918,3.4600000381469727,2.7991678714752197,116062800,
2022-02-28,3.5,3.559999942779541,3.4800000190734863,3.5,2.831528663635254,80847700,
2022-03-01,3.5199999809265137,3.5999999046325684,3.5,3.5799999237060547,2.8962490558624268,104632200,
2022-03-02,3.559999942779541,3.640000104904175,3.559999942779541,3.5999999046325684,2.9124293327331543,106367700,
2022-03-03,3.5999999046325684,3.6600000858306885,3.5399999618530273,3.619999885559082,2.9286093711853027,103456400,
2022-03-04,3.5999999046325684,3.640000104904175,3.559999942779541,3.5799999237060547,2.8962490558624268,53036800,
2022-03-07,3.4800000190734863,3.619999885559082,3.4800000190734863,3.5999999046325684,2.9124293327331543,113514500,
2022-03-08,3.640000104904175,3.799999952316284,3.619999885559082,3.6600000858306885,2.9609696865081787,251653100,
2022-03-09,3.680000066757202,3.7200000286102295,3.640000104904175,3.680000066757202,2.9771504402160645,75907200,
2022-03-10,3.700000047683716,3.7200000286102295,3.5999999046325684,3.6600000858306885,2.9609696865081787,58387500,
2022-03-11,3.6600000858306885,3.759999990463257,3.6600000858306885,3.700000047683716,2.993330478668213,51053000,
2022-03-14,3.7200000286102295,3.799999952316284,3.680000066757202,3.759999990463257,3.041870355606079,81037100,
2022-03-15,3.759999990463257,3.8399999141693115,3.759999990463257,3.7799999713897705,3.0580508708953857,72492500,
2022-03-16,3.819999933242798,3.8399999141693115,3.759999990463257,3.799999952316284,3.0742313861846924,50594500,
2022-03-17,3.819999933242798,3.8399999141693115,3.740000009536743,3.7799999713897705,3.0580508708953857,87812500,
2022-03-18,3.759999990463257,3.9000000953674316,3.759999990463257,3.880000114440918,3.1389517784118652,115931800,
2022-03-21,3.9000000953674316,3.940000057220459,3.880000114440918,3.9000000953674316,3.1551320552825928,58614300,
2022-03-22,3.9000000953674316,3.9000000953674316,3.8399999141693115,3.880000114440918,3.1389517784118652,25784600,
2022-03-23,3.859999895095825,3.9000000953674316,3.8399999141693115,3.880000114440918,3.1389517784118652,27726000,
2022-03-24,3.8399999141693115,3.9600000381469727,3.8399999141693115,3.940000057220459,3.1874918937683105,61784700,
2022-03-25,3.9200000762939453,3.940000057220459,3.9000000953674316,3.9200000762939453,3.171312093734741,20196400,
2022-03-28,3.940000057220459,4.0,3.9200000762939453,3.940000057220459,3.1874918937683105,51924500,
2022-03-29,3.940000057220459,3.9800000190734863,3.859999895095825,3.9000000953674316,3.1551320552825928,46982500,
2022-03-30,3.9000000953674316,3.9000000953674316,3.819999933242798,3.880000114440918,3.1389517784118652,60546000,
2022-03-31,3.859999895095825,3.9000000953674316,3.819999933242798,3.859999895095825,3.1227712631225586,42366200,
2022-04-01,3.8399999141693115,3.9000000953674316,3.8399999141693115,3.880000114440918,3.1389517784118652,12816200,
2022-04-04,3.880000114440918,3.940000057220459,3.880000114440918,3.9200000762939453,3.171312093734741,25000700,
2022-04-05,3.9200000762939453,3.9200000762939453,3.819999933242798,3.859999895095825,3.1227712631225586,35539200,
2022-04-07,3.880000114440918,3.940000057220459,3.819999933242798,3.940000057220459,3.1874918937683105,52812200,
2022-04-08,3.9600000381469727,4.099999904632568,3.940000057220459,4.039999961853027,3.26839280128479,133858800,
2022-04-11,4.039999961853027,4.159999847412109,4.019999980926514,4.079999923706055,3.300753355026245,170146500,
2022-04-12,4.079999923706055,4.099999904632568,4.039999961853027,4.079999923706055,3.300753355026245,43253800,
2022-04-18,4.099999904632568,4.159999847412109,4.059999942779541,4.079999923706055,3.300753355026245,53611200,
2022-04-19,4.119999885559082,4.139999866485596,4.039999961853027,4.079999923706055,3.300753355026245,66575000,
2022-04-20,4.039999961853027,4.119999885559082,3.9600000381469727,4.099999904632568,3.3169338703155518,87356700,
2022-04-21,4.119999885559082,4.119999885559082,4.019999980926514,4.019999980926514,3.2522127628326416,41522100,
2022-04-22,4.019999980926514,4.099999904632568,4.0,4.079999923706055,3.300753355026245,64702900,
2022-04-25,4.079999923706055,4.159999847412109,4.059999942779541,4.099999904632568,3.3169338703155518,60775000,
2022-04-26,4.079999923706055,4.099999904632568,4.0,4.0,3.236032724380493,44538900,
2022-04-27,4.0,4.039999961853027,3.9600000381469727,4.019999980926514,3.2522127628326416,33197000,
2022-04-28,4.0,4.039999961853027,3.9600000381469727,4.019999980926514,3.2522127628326416,38694100,
2022-04-29,4.0,4.0,3.880000114440918,3.9000000953674316,3.1551320552825928,59726000,
2022-05-03,3.9000000953674316,3.9200000762939453,3.7200000286102295,3.740000009536743,3.0256903171539307,109726800,
2022-05-05,3.5999999046325684,3.640000104904175,3.5399999618530273,3.5399999618530273,3.0002646446228027,70731100,0.17
2022-05-06,3.5399999618530273,3.700000047683716,3.5399999618530273,3.6600000858306885,3.101968288421631,115226800,
2022-05-09,3.640000104904175,3.740000009536743,3.619999885559082,3.619999885559082,3.0680670738220215,43387300,
2022-05-10,3.619999885559082,3.680000066757202,3.559999942779541,3.640000104904175,3.085017681121826,79319400,
2022-05-11,3.640000104904175,3.7200000286102295,3.5999999046325684,3.6600000858306885,3.101968288421631,88581100,
2022-05-12,3.6600000858306885,3.700000047683716,3.5999999046325684,3.619999885559082,3.0680670738220215,47926800,
2022-05-13,3.6600000858306885,3.799999952316284,3.6600000858306885,3.740000009536743,3.1697709560394287,95115100,
2022-05-17,3.700000047683716,3.759999990463257,3.5,3.5199999809265137,2.983314037322998,127721800,
2022-05-18,3.5399999618530273,3.559999942779541,3.4000000953674316,3.4200000762939453,2.8985607624053955,72314200,
2022-05-19,3.4000000953674316,3.5399999618530273,3.380000114440918,3.5,2.9663634300231934,75908800,
2022-05-20,3.5,3.5999999046325684,3.5,3.5799999237060547,3.034165620803833,38266500,
2022-05-23,3.5999999046325684,3.619999885559082,3.5399999618530273,3.5999999046325684,3.051116466522217,23731100,
2022-05-24,3.5999999046325684,3.619999885559082,3.5,3.5399999618530273,3.0002646446228027,50067700,
2022-05-25,3.559999942779541,3.559999942779541,3.4800000190734863,3.5,2.9663634300231934,41838500,
2022-05-26,3.5,3.559999942779541,3.5,3.5399999618530273,3.0002646446228027,23385600,
2022-05-27,3.559999942779541,3.619999885559082,3.5,3.5999999046325684,3.051116466522217,53238900,
2022-05-30,3.619999885559082,3.6600000858306885,3.559999942779541,3.619999885559082,3.0680670738220215,54433000,
2022-05-31,3.6600000858306885,3.799999952316284,3.6600000858306885,3.7200000286102295,3.152820587158203,81651500,
2022-06-01,3.700000047683716,3.7200000286102295,3.680000066757202,3.700000047683716,3.1358699798583984,32642900,
2022-06-02,3.7200000286102295,3.759999990463257,3.680000066757202,3.700000047683716,3.1358699798583984,40396800,
2022-06-06,3.700000047683716,3.7799999713897705,3.700000047683716,3.740000009536743,3.1697709560394287,62633100,
2022-06-07,3.759999990463257,3.799999952316284,3.740000009536743,3.7799999713897705,3.203672170639038,56916600,
2022-06-08,3.799999952316284,3.799999952316284,3.7200000286102295,3.759999990463257,3.1867215633392334,42075500,
2022-06-09,3.740000009536743,3.7799999713897705,3.7200000286102295,3.740000009536743,3.1697709560394287,28869200,
2022-06-10,3.740000009536743,3.759999990463257,3.740000009536743,3.740000009536743,3.1697709560394287,16677400,
2022-06-13,3.740000009536743,3.7799999713897705,3.680000066757202,3.740000009536743,3.1697709560394287,51718700,
2022-06-14,3.759999990463257,3.880000114440918,3.740000009536743,3.799999952316284,3.220623254776001,92630300,
2022-06-15,3.799999952316284,3.8399999141693115,3.7200000286102295,3.7799999713897705,3.203672170639038,45772100,
2022-06-16,3.799999952316284,3.799999952316284,3.640000104904175,3.680000066757202,3.1189193725585938,78635800,
2022-06-17,3.680000066757202,3.7200000286102295,3.5999999046325684,3.619999885559082,3.0680670738220215,67785700,
2022-06-20,3.619999885559082,3.7200000286102295,3.619999885559082,3.680000066757202,3.1189193725585938,24634800,
2022-06-21,3.6600000858306885,3.7200000286102295,3.6600000858306885,3.6600000858306885,3.101968288421631,6378900,
2022-06-22,3.6600000858306885,3.680000066757202,3.559999942779541,3.640000104904175,3.085017681121826,31156500,
2022-06-23,3.6600000858306885,3.740000009536743,3.619999885559082,3.6600000858306885,3.101968288421631,49152700,
2022-06-24,3.680000066757202,3.7799999713897705,3.6600000858306885,3.740000009536743,3.1697709560394287,44086900,
2022-06-27,3.759999990463257,3.8399999141693115,3.759999990463257,3.759999990463257,3.1867215633392334,65458500,
2022-06-28,3.799999952316284,3.799999952316284,3.7200000286102295,3.7200000286102295,3.152820587158203,36241100,
2022-06-29,3.740000009536743,3.759999990463257,3.680000066757202,3.740000009536743,3.1697709560394287,25064500,
2022-06-30,3.740000009536743,3.819999933242798,3.700000047683716,3.700000047683716,3.1358699798583984,79417100,
2022-07-01,3.7200000286102295,3.7799999713897705,3.7200000286102295,3.7200000286102295,3.152820587158203,23477200,
2022-07-04,3.7200000286102295,3.819999933242798,3.700000047683716,3.799999952316284,3.220623254776001,51856400,
2022-07-05,3.819999933242798,3.940000057220459,3.819999933242798,3.880000114440918,3.2884256839752197,181727000,
2022-07-06,3.859999895095825,3.9000000953674316,3.819999933242798,3.880000114440918,3.2884256839752197,100175500,
2022-07-07,3.880000114440918,3.9000000953674316,3.819999933242798,3.880000114440918,3.2884256839752197,45422100,
2022-07-08,3.880000114440918,3.9000000953674316,3.819999933242798,3.8399999141693115,3.254523992538452,28464700,
2022-07-11,3.8399999141693115,3.8399999141693115,3.7200000286102295,3.7200000286102295,3.152820587158203,51448000,
2022-07-12,3.7200000286102295,3.799999952316284,3.7200000286102295,3.7200000286102295,3.152820587158203,74272800,
2022-07-14,3.740000009536743,3.740000009536743,3.680000066757202,3.700000047683716,3.1358699798583984,40969200,
2022-07-15,3.7200000286102295,3.7799999713897705,3.680000066757202,3.7200000286102295,3.152820587158203,53050200,
2022-07-18,3.740000009536743,3.759999990463257,3.700000047683716,3.740000009536743,3.1697709560394287,36367900,
2022-07-19,3.740000009536743,3.740000009536743,3.6600000858306885,3.7200000286102295,3.152820587158203,46421900,
2022-07-20,3.7200000286102295,3.759999990463257,3.700000047683716,3.7200000286102295,3.152820587158203,35200600,
2022-07-21,3.7200000286102295,3.759999990463257,3.680000066757202,3.7200000286102295,3.152820587158203,42316600,
2022-07-22,3.7200000286102295,3.759999990463257,3.700000047683716,3.740000009536743,3.1697709560394287,30512700,
2022-07-25,3.740000009536743,3.740000009536743,3.680000066757202,3.700000047683716,3.1358699798583984,19968700,
2022-07-26,3.700000047683716,3.740000009536743,3.6600000858306885,3.700000047683716,3.1358699798583984,26821800,
2022-07-27,3.700000047683716,3.759999990463257,3.680000066757202,3.740000009536743,3.1697709560394287,35300100,
2022-08-01,3.740000009536743,3.7799999713897705,3.7200000286102295,3.740000009536743,3.1697709560394287,21497600,
2022-08-02,3.759999990463257,3.9000000953674316,3.759999990463257,3.7799999713897705,3.203672170639038,61226700,
2022-08-03,3.7799999713897705,3.9000000953674316,3.7799999713897705,3.8399999141693115,3.254523992538452,65144600,
2022-08-04,3.819999933242798,3.8399999141693115,3.7799999713897705,3.799999952316284,3.220623254776001,49387900,
2022-08-05,3.799999952316284,3.819999933242798,3.7799999713897705,3.7799999713897705,3.203672170639038,28931300,
2022-08-08,3.7799999713897705,3.819999933242798,3.740000009536743,3.759999990463257,3.1867215633392334,62699200,
2022-08-09,3.7799999713897705,3.7799999713897705,3.7200000286102295,3.740000009536743,3.1697709560394287,27263300,
2022-08-10,3.740000009536743,3.799999952316284,3.700000047683716,3.759999990463257,3.1867215633392334,68189600,
2022-08-11,3.799999952316284,3.880000114440918,3.759999990463257,3.880000114440918,3.2884256839752197,57340300,
2022-08-15,3.9000000953674316,3.940000057220459,3.880000114440918,3.940000057220459,3.339277505874634,42741300,
2022-08-16,3.9200000762939453,3.9800000190734863,3.9000000953674316,3.9200000762939453,3.322326898574829,37010900,
2022-08-17,3.9200000762939453,3.940000057220459,3.859999895095825,3.880000114440918,3.2884256839752197,36502600,
2022-08-18,3.880000114440918,3.880000114440918,3.740000009536743,3.759999990463257,3.1867215633392334,81468500,
2022-08-19,3.759999990463257,3.759999990463257,3.680000066757202,3.700000047683716,3.1358699798583984,61039400,
2022-08-22,3.700000047683716,3.7200000286102295,3.640000104904175,3.6600000858306885,3.101968288421631,46273800,
2022-08-23,3.640000104904175,3.7200000286102295,3.640000104904175,3.700000047683716,3.1358699798583984,81773300,
2022-08-24,3.6600000858306885,3.700000047683716,3.619999885559082,3.640000104904175,3.1575570106506348,75739600,0.085
2022-08-25,3.640000104904175,3.6600000858306885,3.559999942779541,3.5799999237060547,3.10550856590271,67233200,
2022-08-26,3.5999999046325684,3.640000104904175,3.5799999237060547,3.5999999046325684,3.1228580474853516,24526700,
2022-08-29,3.5999999046325684,3.640000104904175,3.559999942779541,3.5999999046325684,3.1228580474853516,35802900,
2022-08-30,3.619999885559082,3.7200000286102295,3.5999999046325684,3.680000066757202,3.1922550201416016,62950500,
2022-08-31,3.680000066757202,3.700000047683716,3.640000104904175,3.6600000858306885,3.174905776977539,26414100,
2022-09-01,3.680000066757202,3.740000009536743,3.6600000858306885,3.700000047683716,3.209604024887085,93783500,
2022-09-02,3.7200000286102295,3.740000009536743,3.6600000858306885,3.7200000286102295,3.2269537448883057,52219200,
2022-09-05,3.740000009536743,3.799999952316284,3.7200000286102295,3.799999952316284,3.2963500022888184,59176200,
2022-09-06,3.799999952316284,3.819999933242798,3.759999990463257,3.799999952316284,3.2963500022888184,40989100,
2022-09-07,3.7799999713897705,3.799999952316284,3.740000009536743,3.759999990463257,3.2616515159606934,17115500,
2022-09-08,3.7799999713897705,3.7799999713897705,3.740000009536743,3.7799999713897705,3.279000759124756,26338500,
2022-09-09,3.7799999713897705,3.819999933242798,3.7799999713897705,3.7799999713897705,3.279000759124756,32951600,
2022-09-12,3.799999952316284,3.859999895095825,3.7799999713897705,3.819999933242798,3.31369948387146,39330800,
2022-09-13,3.819999933242798,3.8399999141693115,3.799999952316284,3.819999933242798,3.31369948387146,19963000,
2022-09-14,3.799999952316284,3.819999933242798,3.7799999713897705,3.819999933242798,3.31369948387146,6825200,
2022-09-15,3.819999933242798,3.819999933242798,3.7799999713897705,3.7799999713897705,3.279000759124756,5475400,
2022-09-16,3.7799999713897705,3.799999952316284,3.740000009536743,3.7799999713897705,3.279000759124756,16957100,
2022-09-19,3.759999990463257,3.7799999713897705,3.7200000286102295,3.740000009536743,3.24430251121521,14075800,
2022-09-20,3.740000009536743,3.759999990463257,3.680000066757202,3.7200000286102295,3.2269537448883057,20569400,
2022-09-21,3.7200000286102295,3.7799999713897705,3.7200000286102295,3.740000009536743,3.24430251121521,23518400,
2022-09-22,3.7200000286102295,3.7799999713897705,3.7200000286102295,3.759999990463257,3.2616515159606934,34325800,
2022-09-23,3.740000009536743,3.740000009536743,3.6600000858306885,3.680000066757202,3.1922550201416016,38213100,
2022-09-26,3.6600000858306885,3.680000066757202,3.5999999046325684,3.619999885559082,3.140207052230835,29358000,
2022-09-27,3.619999885559082,3.6600000858306885,3.619999885559082,3.619999885559082,3.140207052230835,29963400,
2022-09-28,3.640000104904175,3.7200000286102295,3.619999885559082,3.6600000858306885,3.174905776977539,39543600,
2022-09-29,3.640000104904175,3.740000009536743,3.640000104904175,3.680000066757202,3.1922550201416016,29418200,
2022-09-30,3.6600000858306885,3.700000047683716,3.640000104904175,3.680000066757202,3.1922550201416016,20406200,
2022-10-03,3.680000066757202,3.700000047683716,3.5999999046325684,3.5999999046325684,3.1228580474853516,33195400,
2022-10-04,3.640000104904175,3.6600000858306885,3.5999999046325684,3.640000104904175,3.1575570106506348,28437900,
2022-10-05,3.619999885559082,3.640000104904175,3.559999942779541,3.5999999046325684,3.1228580474853516,41691800,
2022-10-06,3.5999999046325684,3.619999885559082,3.559999942779541,3.5799999237060547,3.10550856590271,38411800,
2022-10-07,3.5999999046325684,3.5999999046325684,3.5199999809265137,3.559999942779541,3.0881595611572266,26469200,
2022-10-10,3.5399999618530273,3.5999999046325684,3.5399999618530273,3.5399999618530273,3.070810317993164,16958400,
2022-10-11,3.5399999618530273,3.5799999237060547,3.5,3.5,3.036112070083618,26903600,
2022-10-12,3.5199999809265137,3.5399999618530273,3.4800000190734863,3.4800000190734863,3.0187628269195557,18409300,
2022-10-17,3.5,3.5999999046325684,3.5,3.5399999618530273,3.070810317993164,20847500,
2022-10-18,3.5799999237060547,3.640000104904175,3.5399999618530273,3.5799999237060547,3.10550856590271,29678700,
2022-10-19,3.619999885559082,3.619999885559082,3.5199999809265137,3.5199999809265137,3.0534610748291016,20827000,
2022-10-20,3.5199999809265137,3.5799999237060547,3.4600000381469727,3.5799999237060547,3.10550856590271,78769600,
2022-10-21,3.5399999618530273,3.559999942779541,3.4600000381469727,3.5,3.036112070083618,37027300,
2022-10-25,3.5,3.5199999809265137,3.4200000762939453,3.440000057220459,2.9840643405914307,30711200,
2022-10-26,3.4600000381469727,3.5,3.4600000381469727,3.4600000381469727,3.0014138221740723,13110200,
2022-10-27,3.4800000190734863,3.5399999618530273,3.4800000190734863,3.5,3.036112070083618,30411000,
2022-10-28,3.5399999618530273,3.5399999618530273,3.4800000190734863,3.5199999809265137,3.0534610748291016,10605700,
2022-10-31,3.5199999809265137,3.5399999618530273,3.4800000190734863,3.5399999618530273,3.070810317993164,19477800,
2022-11-01,3.5399999618530273,3.5799999237060547,3.5199999809265137,3.5399999618530273,3.070810317993164,36334400,
2022-11-02,3.559999942779541,3.5799999237060547,3.5199999809265137,3.559999942779541,3.0881595611572266,25936700,
2022-11-03,3.559999942779541,3.700000047683716,3.559999942779541,3.6600000858306885,3.174905776977539,80549100,
2022-11-04,3.6600000858306885,3.700000047683716,3.6600000858306885,3.680000066757202,3.1922550201416016,24774100,
2022-11-07,3.6600000858306885,3.6600000858306885,3.5999999046325684,3.619999885559082,3.140207052230835,26465600,
2022-11-08,3.619999885559082,3.6600000858306885,3.5799999237060547,3.6600000858306885,3.174905776977539,32629400,
2022-11-09,3.6600000858306885,3.6600000858306885,3.5999999046325684,3.5999999046325684,3.1228580474853516,25369600,
2022-11-10,3.5999999046325684,3.7200000286102295,3.5999999046325684,3.700000047683716,3.209604024887085,76264700,
2022-11-11,3.700000047683716,3.700000047683716,3.559999942779541,3.559999942779541,3.0881595611572266,118084900,
2022-11-14,3.559999942779541,3.5799999237060547,3.5,3.5199999809265137,3.0534610748291016,45003600,
2022-11-15,3.5199999809265137,3.5799999237060547,3.5199999809265137,3.5199999809265137,3.0534610748291016,33041000,
2022-11-16,3.5399999618530273,3.5399999618530273,3.4800000190734863,3.4800000190734863,3.0187628269195557,40028500,
2022-11-17,3.4800000190734863,3.5199999809265137,3.4600000381469727,3.4600000381469727,3.0014138221740723,27116700,
2022-11-18,3.4600000381469727,3.4800000190734863,3.4000000953674316,3.440000057220459,2.9840643405914307,54301300,
2022-11-21,3.440000057220459,3.5,3.4200000762939453,3.4800000190734863,3.0187628269195557,44012800,
2022-11-22,3.5,3.5199999809265137,3.4600000381469727,3.4800000190734863,3.0187628269195557,44782300,
2022-11-23,3.5,3.5,3.4600000381469727,3.4600000381469727,3.0014138221740723,18313900,
2022-11-24,3.4800000190734863,3.5199999809265137,3.4800000190734863,3.5199999809265137,3.0534610748291016,31808300,
2022-11-25,3.5199999809265137,3.5199999809265137,3.5,3.5199999809265137,3.0534610748291016,14250700,
2022-11-28,3.559999942779541,3.6600000858306885,3.559999942779541,3.5999999046325684,3.1228580474853516,92757700,
2022-11-29,3.619999885559082,3.619999885559082,3.559999942779541,3.559999942779541,3.0881595611572266,33600900,
2022-11-30,3.5799999237060547,3.7200000286102295,3.559999942779541,3.700000047683716,3.209604024887085,154075500,
2022-12-01,3.700000047683716,3.700000047683716,3.640000104904175,3.680000066757202,3.1922550201416016,27651400,
2022-12-02,3.680000066757202,3.680000066757202,3.619999885559082,3.640000104904175,3.1575570106506348,32021700,
2022-12-06,3.619999885559082,3.640000104904175,3.5399999618530273,3.5799999237060547,3.10550856590271,76484100,
2022-12-07,3.5799999237060547,3.6600000858306885,3.5799999237060547,3.5999999046325684,3.1228580474853516,45214900,
2022-12-08,3.619999885559082,3.619999885559082,3.5799999237060547,3.619999885559082,3.140207052230835,34908600,
2022-12-09,3.5999999046325684,3.640000104904175,3.5799999237060547,3.5999999046325684,3.1228580474853516,15800700,
2022-12-13,3.5999999046325684,3.619999885559082,3.5799999237060547,3.5799999237060547,3.10550856590271,52984800,
2022-12-14,3.619999885559082,3.619999885559082,3.5799999237060547,3.5999999046325684,3.1228580474853516,11469000,
2022-12-15,3.5999999046325684,3.5999999046325684,3.5399999618530273,3.559999942779541,3.0881595611572266,60283100,
2022-12-16,3.559999942779541,3.5999999046325684,3.5199999809265137,3.559999942779541,3.0881595611572266,60087000,
2022-12-19,3.559999942779541,3.559999942779541,3.5,3.5399999618530273,3.070810317993164,57305100,
2022-12-20,3.5399999618530273,3.559999942779541,3.5,3.5399999618530273,3.070810317993164,30844100,
2022-12-21,3.5399999618530273,3.5399999618530273,3.4600000381469727,3.5,3.036112070083618,54490300,
2022-12-22,3.5,3.5399999618530273,3.4800000190734863,3.5399999618530273,3.070810317993164,15213900,
2022-12-23,3.5399999618530273,3.5799999237060547,3.5199999809265137,3.5399999618530273,3.070810317993164,17520500,
2022-12-26,3.5399999618530273,3.5999999046325684,3.5399999618530273,3.5999999046325684,3.1228580474853516,16196400,
2022-12-27,3.619999885559082,3.6600000858306885,3.5999999046325684,3.619999885559082,3.140207052230835,41263000,
2022-12-28,3.619999885559082,3.640000104904175,3.5799999237060547,3.619999885559082,3.140207052230835,30220600,
2022-12-29,3.640000104904175,3.700000047683716,3.619999885559082,3.700000047683716,3.209604024887085,57127400,
2022-12-30,3.6600000858306885,3.7200000286102295,3.6600000858306885,3.680000066757202,3.1922550201416016,44225000,
2023-01-03,3.700000047683716,3.740000009536743,3.680000066757202,3.7200000286102295,3.2269537448883057,30046000,
2023-01-04,3.7200000286102295,3.7200000286102295,3.640000104904175,3.680000066757202,3.1922550201416016,36316000,
2023-01-05,3.680000066757202,3.740000009536743,3.640000104904175,3.740000009536743,3.24430251121521,79281100,
2023-01-06,3.759999990463257,3.859999895095825,3.740000009536743,3.8399999141693115,3.3310484886169434,88520000,
2023-01-09,3.859999895095825,3.859999895095825,3.799999952316284,3.819999933242798,3.31369948387146,34727800,
2023-01-10,3.8399999141693115,3.8399999141693115,3.799999952316284,3.819999933242798,3.31369948387146,25507300,
2023-01-11,3.799999952316284,3.880000114440918,3.799999952316284,3.880000114440918,3.3657469749450684,42023400,
2023-01-12,3.8399999141693115,3.880000114440918,3.799999952316284,3.8399999141693115,3.3310484886169434,64699200,
2023-01-13,3.819999933242798,3.8399999141693115,3.759999990463257,3.7799999713897705,3.279000759124756,71565900,
2023-01-16,3.799999952316284,3.8399999141693115,3.799999952316284,3.799999952316284,3.2963500022888184,21747500,
2023-01-17,3.819999933242798,3.819999933242798,3.7799999713897705,3.799999952316284,3.2963500022888184,8148900,
2023-01-18,3.799999952316284,3.819999933242798,3.759999990463257,3.7799999713897705,3.279000759124756,23885900,
2023-01-19,3.7799999713897705,3.859999895095825,3.7799999713897705,3.8399999141693115,3.3310484886169434,13900500,
2023-01-20,3.819999933242798,3.859999895095825,3.799999952316284,3.819999933242798,3.31369948387146,43761600,
2023-01-23,3.8399999141693115,3.859999895095825,3.819999933242798,3.819999933242798,3.31369948387146,16325100,
2023-01-24,3.8399999141693115,3.859999895095825,3.759999990463257,3.759999990463257,3.2616515159606934,20078600,
2023-01-25,3.740000009536743,3.7799999713897705,3.680000066757202,3.700000047683716,3.209604024887085,27562000,
2023-01-26,3.680000066757202,3.759999990463257,3.680000066757202,3.7200000286102295,3.2269537448883057,26425300,
2023-01-27,3.7200000286102295,3.799999952316284,3.7200000286102295,3.759999990463257,3.2616515159606934,15138700,
2023-01-30,3.7799999713897705,3.880000114440918,3.7799999713897705,3.799999952316284,3.2963500022888184,71321300,
2023-01-31,3.819999933242798,4.019999980926514,3.819999933242798,4.0,3.4698424339294434,154369100,
2023-02-01,4.0,4.039999961853027,3.9200000762939453,4.0,3.4698424339294434,81601500,
2023-02-02,4.019999980926514,4.039999961853027,3.9800000190734863,4.019999980926514,3.4871914386749268,31597300,
2023-02-03,4.019999980926514,4.019999980926514,3.859999895095825,3.9200000762939453,3.4004454612731934,111438600,
2023-02-06,3.9200000762939453,3.9600000381469727,3.9000000953674316,3.9200000762939453,3.4004454612731934,18490300,
2023-02-07,3.9200000762939453,3.9200000762939453,3.8399999141693115,3.880000114440918,3.3657469749450684,34601200,
2023-02-08,3.880000114440918,3.880000114440918,3.819999933242798,3.859999895095825,3.348397731781006,15465200,
2023-02-09,3.8399999141693115,3.859999895095825,3.799999952316284,3.819999933242798,3.31369948387146,23705800,
2023-02-10,3.8399999141693115,3.8399999141693115,3.799999952316284,3.819999933242798,3.31369948387146,4624500,
2023-02-13,3.8399999141693115,3.8399999141693115,3.7799999713897705,3.7799999713897705,3.279000759124756,26542600,
2023-02-14,3.799999952316284,3.859999895095825,3.7799999713897705,3.859999895095825,3.348397731781006,26952600,
2023-02-15,3.859999895095825,3.880000114440918,3.799999952316284,3.8399999141693115,3.3310484886169434,28707400,
2023-02-16,3.8399999141693115,3.940000057220459,3.8399999141693115,3.9200000762939453,3.4004454612731934,43556800,
2023-02-17,3.9200000762939453,3.9600000381469727,3.9000000953674316,3.9600000381469727,3.4351439476013184,32697400,
2023-02-20,3.9600000381469727,3.9600000381469727,3.880000114440918,3.940000057220459,3.417794704437256,24417300,
2023-02-21,3.940000057220459,3.940000057220459,3.859999895095825,3.880000114440918,3.3657469749450684,21149600,
2023-02-22,3.859999895095825,3.859999895095825,3.799999952316284,3.819999933242798,3.31369948387146,44553400,
2023-02-23,3.819999933242798,3.9000000953674316,3.819999933242798,3.859999895095825,3.348397731781006,16838700,
2023-02-24,3.8399999141693115,3.8399999141693115,3.740000009536743,3.7799999713897705,3.279000759124756,40572900,
2023-02-27,3.759999990463257,3.799999952316284,3.7200000286102295,3.7799999713897705,3.279000759124756,53205700,
2023-02-28,3.7799999713897705,3.799999952316284,3.700000047683716,3.740000009536743,3.24430251121521,56887900,
2023-03-01,3.740000009536743,3.7799999713897705,3.7200000286102295,3.740000009536743,3.24430251121521,24611400,
2023-03-02,3.740000009536743,3.7799999713897705,3.700000047683716,3.759999990463257,3.2616515159606934,43508700,
2023-03-03,3.759999990463257,3.759999990463257,3.680000066757202,3.700000047683716,3.209604024887085,60412100,
2023-03-07,3.700000047683716,3.7799999713897705,3.700000047683716,3.759999990463257,3.2616515159606934,19263300,
2023-03-08,3.740000009536743,3.740000009536743,3.700000047683716,3.7200000286102295,3.2269537448883057,24639100,
2023-03-09,3.7200000286102295,3.7799999713897705,3.7200000286102295,3.759999990463257,3.2616515159606934,43275300,
2023-03-10,3.740000009536743,3.7799999713897705,3.7200000286102295,3.7799999713897705,3.279000759124756,31984200,
2023-03-13,3.759999990463257,3.759999990463257,3.700000047683716,3.7200000286102295,3.2269537448883057,17131000,
2023-03-14,3.7200000286102295,3.7200000286102295,3.5199999809265137,3.559999942779541,3.0881595611572266,85983300,
2023-03-15,3.559999942779541,3.640000104904175,3.5399999618530273,3.619999885559082,3.140207052230835,41324500,
2023-03-16,3.5999999046325684,3.619999885559082,3.5399999618530273,3.5999999046325684,3.1228580474853516,36769200,
2023-03-17,3.5999999046325684,3.680000066757202,3.5999999046325684,3.6600000858306885,3.174905776977539,55134200,
2023-03-20,3.640000104904175,3.6600000858306885,3.5799999237060547,3.619999885559082,3.140207052230835,18816400,
2023-03-21,3.640000104904175,3.7200000286102295,3.640000104904175,3.680000066757202,3.1922550201416016,32189300,
2023-03-22,3.680000066757202,3.700000047683716,3.640000104904175,3.680000066757202,3.1922550201416016,33268200,
2023-03-23,3.6600000858306885,3.680000066757202,3.5799999237060547,3.640000104904175,3.1575570106506348,50242800,
2023-03-24,3.640000104904175,3.6600000858306885,3.5999999046325684,3.6600000858306885,3.174905776977539,17682600,
2023-03-27,3.6600000858306885,3.6600000858306885,3.559999942779541,3.5999999046325684,3.1228580474853516,29991000,
2023-03-28,3.5999999046325684,3.640000104904175,3.5999999046325684,3.619999885559082,3.140207052230835,21414200,
2023-03-29,3.619999885559082,3.619999885559082,3.5799999237060547,3.5999999046325684,3.1228580474853516,21045000,
2023-03-30,3.619999885559082,3.640000104904175,3.5999999046325684,3.619999885559082,3.140207052230835,12352200,
2023-03-31,3.619999885559082,3.640000104904175,3.5999999046325684,3.619999885559082,3.140207052230835,11416900,
2023-04-03,3.619999885559082,3.619999885559082,3.5999999046325684,3.5999999046325684,3.1228580474853516,14768900,
2023-04-04,3.5999999046325684,3.640000104904175,3.5799999237060547,3.619999885559082,3.140207052230835,46467100,
2023-04-05,3.640000104904175,3.680000066757202,3.5799999237060547,3.5999999046325684,3.1228580474853516,46387000,
2023-04-07,3.5799999237060547,3.5999999046325684,3.559999942779541,3.5799999237060547,3.10550856590271,29552800,
2023-04-10,3.5799999237060547,3.6600000858306885,3.559999942779541,3.640000104904175,3.1575570106506348,33579500,
2023-04-11,3.640000104904175,3.740000009536743,3.640000104904175,3.680000066757202,3.1922550201416016,63262500,
2023-04-12,3.680000066757202,3.700000047683716,3.640000104904175,3.700000047683716,3.209604024887085,23553400,
2023-04-17,3.7200000286102295,3.7799999713897705,3.7200000286102295,3.740000009536743,3.24430251121521,59269100,
2023-04-18,3.740000009536743,3.740000009536743,3.6600000858306885,3.700000047683716,3.209604024887085,63598900,
2023-04-19,3.700000047683716,3.700000047683716,3.5799999237060547,3.619999885559082,3.140207052230835,60406200,
2023-04-20,3.640000104904175,3.640000104904175,3.559999942779541,3.5999999046325684,3.1228580474853516,40460500,
2023-04-21,3.5999999046325684,3.6600000858306885,3.5799999237060547,3.640000104904175,3.1575570106506348,22384400,
2023-04-24,3.640000104904175,3.640000104904175,3.559999942779541,3.5799999237060547,3.10550856590271,27368400,
2023-04-25,3.5799999237060547,3.5799999237060547,3.5199999809265137,3.5199999809265137,3.0534610748291016,23250900,
2023-04-26,3.5199999809265137,3.559999942779541,3.5199999809265137,3.5399999618530273,3.070810317993164,6997500,
2023-04-27,3.5399999618530273,3.5799999237060547,3.5399999618530273,3.5799999237060547,3.10550856590271,22248400,
2023-04-28,3.5399999618530273,3.5399999618530273,3.4000000953674316,3.5,3.101078748703003,100565400,0.075
2023-05-02,3.5199999809265137,3.5199999809265137,3.440000057220459,3.4800000190734863,3.0833582878112793,39351800,
2023-05-03,3.4800000190734863,3.4800000190734863,3.380000114440918,3.440000057220459,3.047917366027832,51801300,
2023-05-08,3.440000057220459,3.5,3.4200000762939453,3.4600000381469727,3.0656380653381348,25135000,
2023-05-09,3.4800000190734863,3.5,3.440000057220459,3.4800000190734863,3.0833582878112793,27170900,
2023-05-10,3.5,3.5399999618530273,3.4800000190734863,3.5199999809265137,3.1187989711761475,19355300,
2023-05-11,3.4800000190734863,3.5,3.299999952316284,3.359999895095825,2.9770352840423584,72589600,
2023-05-12,3.359999895095825,3.4000000953674316,3.2799999713897705,3.3399999141693115,2.959315061569214,22555000,
2023-05-15,3.3399999141693115,3.3399999141693115,3.180000066757202,3.2200000286102295,2.852992296218872,60297800,
2023-05-16,3.200000047683716,3.2200000286102295,3.119999885559082,3.119999885559082,2.764389991760254,47609400,
2023-05-17,3.140000104904175,3.1600000858306885,3.0,3.059999942779541,2.711228847503662,130267800,
2023-05-18,3.0799999237060547,3.1600000858306885,3.059999942779541,3.140000104904175,2.7821104526519775,33726400,
2023-05-19,3.140000104904175,3.140000104904175,3.0,3.059999942779541,2.711228847503662,40950700,
2023-05-22,3.059999942779541,3.059999942779541,2.9200000762939453,3.0399999618530273,2.6935086250305176,26687200,
2023-05-23,3.0199999809265137,3.0999999046325684,2.9800000190734863,3.0799999237060547,2.728949546813965,31855600,
2023-05-24,3.0799999237060547,3.0999999046325684,3.0199999809265137,3.059999942779541,2.711228847503662,18888100,
2023-05-25,3.0799999237060547,3.140000104904175,3.059999942779541,3.0799999237060547,2.728949546813965,33035600,
2023-05-26,3.0799999237060547,3.0999999046325684,3.0199999809265137,3.0199999809265137,2.675787925720215,12060900,
2023-05-29,3.0799999237060547,3.180000066757202,3.059999942779541,3.1600000858306885,2.7998313903808594,36706400,
2023-05-30,3.180000066757202,3.2799999713897705,3.180000066757202,3.240000009536743,2.870713233947754,77619300,
2023-05-31,3.2200000286102295,3.2200000286102295,3.1600000858306885,3.2799999713897705,2.906153678894043,32539100,
2023-06-01,3.240000009536743,3.240000009536743,3.1600000858306885,3.1600000858306885,2.7998313903808594,36847600,
2023-06-02,3.1600000858306885,3.200000047683716,3.119999885559082,3.140000104904175,2.7821104526519775,19964100,
2023-06-06,3.140000104904175,3.1600000858306885,3.0999999046325684,3.140000104904175,2.7821104526519775,19100000,
2023-06-07,3.119999885559082,3.140000104904175,3.059999942779541,3.0999999046325684,2.7466695308685303,17118700,
2023-06-08,3.0999999046325684,3.1600000858306885,3.0999999046325684,3.119999885559082,2.764389991760254,13635400,
2023-06-09,3.119999885559082,3.140000104904175,3.0999999046325684,3.119999885559082,2.764389991760254,9168600,
2023-06-12,3.119999885559082,3.140000104904175,3.059999942779541,3.0999999046325684,2.7466695308685303,32737600,
2023-06-13,3.119999885559082,3.119999885559082,3.059999942779541,3.0999999046325684,2.7466695308685303,29036100,
2023-06-14,3.0999999046325684,3.119999885559082,3.0399999618530273,3.059999942779541,2.711228847503662,54708200,
2023-06-15,3.059999942779541,3.0799999237060547,3.0199999809265137,3.0399999618530273,2.6935086250305176,16603000,
2023-06-16,3.0199999809265137,3.0399999618530273,2.9200000762939453,2.940000057220459,2.6049063205718994,53349000,
2023-06-19,2.9600000381469727,3.0199999809265137,2.9600000381469727,2.9800000190734863,2.6403472423553467,17837500,
2023-06-20,2.9800000190734863,3.0,2.940000057220459,2.9600000381469727,2.622626543045044,23182900,
2023-06-21,2.9600000381469727,2.9800000190734863,2.9200000762939453,2.940000057220459,2.6049063205718994,14509800,
2023-06-22,2.940000057220459,3.0199999809265137,2.9200000762939453,3.0199999809265137,2.675787925720215,71406700,
2023-06-23,2.9800000190734863,3.0199999809265137,2.9600000381469727,2.9800000190734863,2.6403472423553467,44913900,
2023-06-26,3.0,3.0,2.9200000762939453,2.9600000381469727,2.622626543045044,22574900,
2023-06-27,2.940000057220459,3.0,2.9200000762939453,2.9600000381469727,2.622626543045044,27167600,
2023-06-28,2.940000057220459,2.9800000190734863,2.880000114440918,2.9000000953674316,2.569465398788452,41418000,
2023-06-29,2.9000000953674316,2.9200000762939453,2.819999933242798,2.880000114440918,2.5517449378967285,35922500,
2023-06-30,2.9000000953674316,3.0,2.9000000953674316,3.0,2.6580677032470703,41648200,
2023-07-03,2.9800000190734863,3.0,2.940000057220459,2.9800000190734863,2.6403472423553467,13798000,
2023-07-04,3.0,3.0199999809265137,2.9800000190734863,2.9800000190734863,2.6403472423553467,22824200,
2023-07-05,3.0,3.0199999809265137,2.9600000381469727,2.9600000381469727,2.622626543045044,21845700,
2023-07-06,2.9600000381469727,3.0,2.9200000762939453,2.9800000190734863,2.6403472423553467,28162100,
2023-07-07,2.9600000381469727,3.0,2.940000057220459,2.9800000190734863,2.6403472423553467,13623600,
2023-07-10,3.0,3.0399999618530273,2.9600000381469727,3.0,2.6580677032470703,39565100,
2023-07-11,3.0199999809265137,3.0199999809265137,2.9200000762939453,2.9600000381469727,2.622626543045044,25649000,
2023-07-12,2.9600000381469727,2.9800000190734863,2.9200000762939453,2.9200000762939453,2.587185859680176,10512800,
2023-07-13,2.9200000762939453,2.940000057220459,2.880000114440918,2.9200000762939453,2.587185859680176,41621200,
2023-07-14,2.9000000953674316,2.940000057220459,2.880000114440918,2.9200000762939453,2.587185859680176,41191800,
2023-07-17,2.9200000762939453,2.9600000381469727,2.880000114440918,2.940000057220459,2.6049063205718994,45879100,
2023-07-18,2.940000057220459,2.9600000381469727,2.940000057220459,2.9600000381469727,2.622626543045044,8160800,
2023-07-19,2.9600000381469727,2.9800000190734863,2.9200000762939453,2.9600000381469727,2.622626543045044,22218700,
2023-07-20,2.9600000381469727,2.9600000381469727,2.9200000762939453,2.9200000762939453,2.587185859680176,15385100,
2023-07-21,2.940000057220459,2.9600000381469727,2.9200000762939453,2.9600000381469727,2.622626543045044,7954200,
2023-07-24,2.9600000381469727,2.9800000190734863,2.9000000953674316,2.9000000953674316,2.569465398788452,16944200,
2023-07-25,2.9200000762939453,2.940000057220459,2.9000000953674316,2.9200000762939453,2.587185859680176,21202300,
2023-07-26,2.9200000762939453,2.940000057220459,2.859999895095825,2.880000114440918,2.5517449378967285,28178900,
2023-07-27,2.880000114440918,2.940000057220459,2.859999895095825,2.9200000762939453,2.587185859680176,20450800,
2023-07-31,2.880000114440918,2.9200000762939453,2.880000114440918,2.9000000953674316,2.569465398788452,13448000,
2023-08-02,2.9000000953674316,2.9200000762939453,2.859999895095825,2.9000000953674316,2.569465398788452,41472800,
2023-08-03,2.880000114440918,2.9000000953674316,2.7799999713897705,2.819999933242798,2.4985833168029785,45258400,
2023-08-04,2.819999933242798,2.819999933242798,2.740000009536743,2.799999952316284,2.480862617492676,44155400,
2023-08-07,2.799999952316284,2.819999933242798,2.759999990463257,2.7799999713897705,2.4631426334381104,12155800,
2023-08-08,2.7799999713897705,2.859999895095825,2.680000066757202,2.8399999141693115,2.516303777694702,119324500,
2023-08-09,2.8399999141693115,2.880000114440918,2.819999933242798,2.880000114440918,2.5517449378967285,23166700,
2023-08-10,2.859999895095825,3.0,2.859999895095825,2.9600000381469727,2.622626543045044,74289500,
2023-08-11,2.9800000190734863,3.0,2.9600000381469727,3.0,2.6580677032470703,30922600,
2023-08-15,3.0,3.0,2.940000057220459,2.9800000190734863,2.6403472423553467,25020000,
2023-08-16,2.9800000190734863,3.0,2.9600000381469727,2.9800000190734863,2.6403472423553467,16870400,
2023-08-17,3.0399999618530273,3.0999999046325684,3.0199999809265137,3.059999942779541,2.711228847503662,87250600,
2023-08-18,3.0799999237060547,3.0999999046325684,3.0399999618530273,3.0799999237060547,2.728949546813965,54682400,
2023-08-21,3.0799999237060547,3.0799999237060547,3.0,3.059999942779541,2.711228847503662,43255800,
2023-08-22,3.0799999237060547,3.0799999237060547,3.0,3.0399999618530273,2.6935086250305176,28595800,
2023-08-23,3.0399999618530273,3.0399999618530273,3.0,3.0,2.6580677032470703,24581300,
2023-08-24,3.0,3.0,2.9600000381469727,2.9800000190734863,2.6580677032470703,12295600,0.02
2023-08-25,2.9800000190734863,3.0399999618530273,2.9600000381469727,3.0,2.6759068965911865,32575300,
2023-08-28,3.0399999618530273,3.0999999046325684,3.0399999618530273,3.0799999237060547,2.7472641468048096,41535100,
2023-08-29,3.0999999046325684,3.140000104904175,3.0799999237060547,3.119999885559082,2.7829430103302,49883100,
2023-08-30,3.1600000858306885,3.240000009536743,3.1600000858306885,3.200000047683716,2.8543007373809814,84438200,
2023-08-31,3.2200000286102295,3.240000009536743,3.140000104904175,3.180000066757202,2.836461305618286,82548000,
2023-09-01,3.140000104904175,3.1600000858306885,3.119999885559082,3.1600000858306885,2.818621873855591,14999500,
2023-09-04,3.180000066757202,3.180000066757202,3.119999885559082,3.1600000858306885,2.818621873855591,21333300,
2023-09-05,3.1600000858306885,3.2200000286102295,3.140000104904175,3.180000066757202,2.836461305618286,36640400,
2023-09-06,3.200000047683716,3.319999933242798,3.200000047683716,3.2799999713897705,2.9256579875946045,129207800,
2023-09-07,3.2799999713897705,3.2799999713897705,3.2200000286102295,3.2799999713897705,2.9256579875946045,30525400,
2023-09-08,3.2799999713897705,3.2799999713897705,3.200000047683716,3.240000009536743,2.889979600906372,28388200,
2023-09-11,3.2799999713897705,3.319999933242798,3.240000009536743,3.319999933242798,2.961336851119995,65578100,
2023-09-12,3.3399999141693115,3.3399999141693115,3.2799999713897705,3.299999952316284,2.9434974193573,25725900,
2023-09-13,3.2799999713897705,3.2799999713897705,3.200000047683716,3.2200000286102295,2.8721399307250977,31613300,
2023-09-14,3.2200000286102295,3.259999990463257,3.200000047683716,3.259999990463257,2.907818555831909,12718300,
2023-09-15,3.259999990463257,3.299999952316284,3.200000047683716,3.2200000286102295,2.8721399307250977,19466400,
2023-09-18,3.240000009536743,3.2799999713897705,3.2200000286102295,3.240000009536743,2.889979600906372,17905400,
2023-09-19,3.240000009536743,3.2799999713897705,3.2200000286102295,3.259999990463257,2.907818555831909,7938100,
2023-09-20,3.240000009536743,3.259999990463257,3.180000066757202,3.2200000286102295,2.8721399307250977,23914300,
2023-09-21,3.200000047683716,3.240000009536743,3.200000047683716,3.2200000286102295,2.8721399307250977,5869000,
2023-09-22,3.240000009536743,3.240000009536743,3.200000047683716,3.240000009536743,2.889979600906372,9013700,
2023-09-25,3.240000009536743,3.259999990463257,3.2200000286102295,3.259999990463257,2.907818555831909,14064600,
2023-09-26,3.2799999713897705,3.3399999141693115,3.259999990463257,3.299999952316284,2.9434974193573,35082100,
2023-09-27,3.259999990463257,3.319999933242798,3.259999990463257,3.319999933242798,2.961336851119995,28804400,
2023-09-28,3.299999952316284,3.319999933242798,3.2200000286102295,3.259999990463257,2.907818555831909,14963300,
2023-09-29,3.240000009536743,3.2799999713897705,3.240000009536743,3.259999990463257,2.907818555831909,12550700,
2023-10-02,3.259999990463257,3.319999933242798,3.240000009536743,3.2799999713897705,2.9256579875946045,33423500,
2023-10-03,3.259999990463257,3.2799999713897705,3.2200000286102295,3.2799999713897705,2.9256579875946045,18265000,
2023-10-04,3.259999990463257,3.319999933242798,3.240000009536743,3.319999933242798,2.961336851119995,22317300,
2023-10-05,3.319999933242798,3.319999933242798,3.2799999713897705,3.299999952316284,2.9434974193573,17229500,
2023-10-06,3.299999952316284,3.4000000953674316,3.2799999713897705,3.3399999141693115,2.9791762828826904,67380600,
2023-10-09,3.3399999141693115,3.3399999141693115,3.240000009536743,3.240000009536743,2.889979600906372,20251600,
2023-10-10,3.2799999713897705,3.299999952316284,3.180000066757202,3.200000047683716,2.8543007373809814,35275300,
2023-10-11,3.200000047683716,3.259999990463257,3.0399999618530273,3.0999999046325684,2.765103578567505,79120700,
2023-10-12,3.0799999237060547,3.119999885559082,3.0799999237060547,3.119999885559082,2.7829430103302,26471200,
2023-10-16,3.0999999046325684,3.119999885559082,3.0199999809265137,3.059999942779541,2.7294247150421143,27638900,
2023-10-17,3.059999942779541,3.0999999046325684,3.0399999618530273,3.059999942779541,2.7294247150421143,19936400,
2023-10-18,3.0799999237060547,3.0799999237060547,3.0199999809265137,3.0799999237060547,2.7472641468048096,22414500,
2023-10-19,3.119999885559082,3.140000104904175,3.0999999046325684,3.119999885559082,2.7829430103302,11842900,
2023-10-20,3.1600000858306885,3.200000047683716,3.140000104904175,3.200000047683716,2.8543007373809814,31058700,
2023-10-24,3.200000047683716,3.2200000286102295,3.140000104904175,3.180000066757202,2.836461305618286,13622300,
2023-10-25,3.180000066757202,3.200000047683716,3.0999999046325684,3.119999885559082,2.7829430103302,17838800,
2023-10-26,3.140000104904175,3.140000104904175,3.0999999046325684,3.0999999046325684,2.765103578567505,9787200,
2023-10-27,3.0999999046325684,3.119999885559082,3.0399999618530273,3.119999885559082,2.7829430103302,12879100,
2023-10-30,3.119999885559082,3.1600000858306885,3.0999999046325684,3.1600000858306885,2.818621873855591,12064700,
2023-10-31,3.140000104904175,3.1600000858306885,3.059999942779541,3.1600000858306885,2.818621873855591,18709500,
2023-11-01,3.1600000858306885,3.180000066757202,3.0999999046325684,3.140000104904175,2.8007826805114746,13250900,
2023-11-02,3.119999885559082,3.200000047683716,3.119999885559082,3.180000066757202,2.836461305618286,11267800,
2023-11-03,3.180000066757202,3.2200000286102295,3.1600000858306885,3.180000066757202,2.836461305618286,7350600,
2023-11-06,3.2200000286102295,3.259999990463257,3.180000066757202,3.2200000286102295,2.8721399307250977,17430800,
2023-11-07,3.2200000286102295,3.299999952316284,3.200000047683716,3.259999990463257,2.907818555831909,17053700,
2023-11-08,3.299999952316284,3.3399999141693115,3.2799999713897705,3.2799999713897705,2.9256579875946045,52684400,
2023-11-09,3.299999952316284,3.299999952316284,3.180000066757202,3.259999990463257,2.907818555831909,25274000,
2023-11-10,3.2200000286102295,3.240000009536743,3.0799999237060547,3.0999999046325684,2.765103578567505,28810100,
2023-11-13,3.0199999809265137,3.0399999618530273,2.5999999046325684,2.8399999141693115,2.533191680908203,253654400,
2023-11-14,2.859999895095825,2.9200000762939453,2.799999952316284,2.8399999141693115,2.533191680908203,51664400,
2023-11-15,2.880000114440918,3.0399999618530273,2.880000114440918,3.0,2.6759068965911865,96780900,
2023-11-16,3.0,3.0399999618530273,2.9800000190734863,3.0,2.6759068965911865,39837400,
2023-11-17,3.0,3.0399999618530273,2.9600000381469727,3.0199999809265137,2.6937460899353027,29903400,
2023-11-20,3.0199999809265137,3.059999942779541,2.9600000381469727,3.0,2.6759068965911865,21147500,
2023-11-21,3.0199999809265137,3.0399999618530273,2.9800000190734863,3.0,2.6759068965911865,14017000,
2023-11-22,3.0199999809265137,3.0399999618530273,3.0,3.0199999809265137,2.6937460899353027,19129900,
2023-11-23,3.0199999809265137,3.0399999618530273,2.9800000190734863,3.0,2.6759068965911865,11054000,
2023-11-24,3.0199999809265137,3.0399999618530273,2.9800000190734863,3.0,2.6759068965911865,13646300,
2023-11-27,3.0,3.0199999809265137,2.9800000190734863,3.0,2.6759068965911865,9614400,
2023-11-28,3.0,3.0199999809265137,2.9200000762939453,2.9200000762939453,2.6045494079589844,33563100,
2023-11-29,2.9200000762939453,2.940000057220459,2.859999895095825,2.9000000953674316,2.586710214614868,31730200,
2023-11-30,2.880000114440918,2.880000114440918,2.799999952316284,2.819999933242798,2.515352249145508,43671700,
2023-12-01,2.819999933242798,2.9200000762939453,2.799999952316284,2.880000114440918,2.5688705444335938,27148300,
2023-12-04,2.8399999141693115,2.880000114440918,2.799999952316284,2.8399999141693115,2.533191680908203,22668900,
2023-12-06,2.859999895095825,2.9000000953674316,2.819999933242798,2.9000000953674316,2.586710214614868,28042300,
2023-12-07,2.9000000953674316,2.9200000762939453,2.859999895095825,2.880000114440918,2.5688705444335938,24023700,
2023-12-08,2.880000114440918,2.9800000190734863,2.880000114440918,2.9800000190734863,2.6580677032470703,38990900,
2023-12-12,2.9800000190734863,3.0,2.9000000953674316,2.9600000381469727,2.640228033065796,25850300,
2023-12-13,2.940000057220459,2.9800000190734863,2.9200000762939453,2.9600000381469727,2.640228033065796,11174900,
2023-12-14,2.9600000381469727,2.9600000381469727,2.880000114440918,2.9200000762939453,2.6045494079589844,23609500,
2023-12-15,2.940000057220459,2.9600000381469727,2.9000000953674316,2.9000000953674316,2.586710214614868,21467200,
2023-12-18,2.9000000953674316,2.9600000381469727,2.880000114440918,2.940000057220459,2.622389078140259,22619500,
2023-12-19,2.940000057220459,2.940000057220459,2.880000114440918,2.940000057220459,2.622389078140259,27174800,
2023-12-20,2.9600000381469727,2.9600000381469727,2.9000000953674316,2.940000057220459,2.622389078140259,10243600,
2023-12-21,2.9200000762939453,2.9600000381469727,2.9000000953674316,2.940000057220459,2.622389078140259,18717400,
2023-12-22,2.940000057220459,3.0199999809265137,2.940000057220459,3.0,2.6759068965911865,26139300,
2023-12-25,3.0199999809265137,3.0999999046325684,3.0,3.059999942779541,2.7294247150421143,18688800,
2023-12-26,3.0799999237060547,3.119999885559082,3.0399999618530273,3.119999885559082,2.7829430103302,25892900,
2023-12-27,3.140000104904175,3.140000104904175,3.0399999618530273,3.0999999046325684,2.765103578567505,35769200,
2023-12-28,3.119999885559082,3.1600000858306885,3.0999999046325684,3.140000104904175,2.8007826805114746,25430300,
2024-01-03,3.180000066757202,3.2200000286102295,3.1600000858306885,3.180000066757202,2.836461305618286,17308800,
2024-01-04,3.200000047683716,3.2200000286102295,3.1600000858306885,3.2200000286102295,2.8721399307250977,25438800,
2024-01-05,3.2200000286102295,3.2200000286102295,3.140000104904175,3.180000066757202,2.836461305618286,15905100,
2024-01-08,3.180000066757202,3.200000047683716,3.140000104904175,3.180000066757202,2.836461305618286,17381700,
2024-01-09,3.1600000858306885,3.200000047683716,3.119999885559082,3.180000066757202,2.836461305618286,24051400,
2024-01-10,3.200000047683716,3.259999990463257,3.180000066757202,3.259999990463257,2.907818555831909,46657800,
2024-01-11,3.259999990463257,3.3399999141693115,3.180000066757202,3.240000009536743,2.889979600906372,36367700,
2024-01-12,3.2200000286102295,3.2799999713897705,3.1600000858306885,3.259999990463257,2.907818555831909,38257800,
2024-01-15,3.259999990463257,3.2799999713897705,3.140000104904175,3.180000066757202,2.836461305618286,26395500,
2024-01-16,3.200000047683716,3.240000009536743,3.180000066757202,3.180000066757202,2.836461305618286,17054600,
2024-01-17,3.180000066757202,3.180000066757202,3.0999999046325684,3.119999885559082,2.7829430103302,13758800,
2024-01-18,3.119999885559082,3.180000066757202,3.0999999046325684,3.140000104904175,2.8007826805114746,20546800,
2024-01-19,3.140000104904175,3.1600000858306885,3.0999999046325684,3.140000104904175,2.8007826805114746,10465100,
2024-01-22,3.119999885559082,3.240000009536743,3.0999999046325684,3.180000066757202,2.836461305618286,32498500,
2024-01-23,3.1600000858306885,3.2200000286102295,3.119999885559082,3.1600000858306885,2.818621873855591,18096400,
2024-01-24,3.140000104904175,3.2200000286102295,3.119999885559082,3.200000047683716,2.8543007373809814,17658200,
2024-01-25,3.2200000286102295,3.2200000286102295,3.1600000858306885,3.200000047683716,2.8543007373809814,5809700,
2024-01-26,3.2200000286102295,3.2200000286102295,3.140000104904175,3.1600000858306885,2.818621873855591,16041200,
2024-01-29,3.140000104904175,3.180000066757202,3.119999885559082,3.180000066757202,2.836461305618286,15084600,
2024-01-30,3.180000066757202,3.200000047683716,3.119999885559082,3.140000104904175,2.8007826805114746,12706000,
2024-01-31,3.140000104904175,3.140000104904175,2.940000057220459,2.9600000381469727,2.640228033065796,111198000,
2024-02-01,2.9800000190734863,3.0399999618530273,2.9000000953674316,3.0199999809265137,2.6937460899353027,32689500,
2024-02-02,3.0,3.059999942779541,3.0,3.0399999618530273,2.711585521697998,16261000,
2024-02-05,3.0199999809265137,3.0999999046325684,3.0199999809265137,3.059999942779541,2.7294247150421143,19063600,
2024-02-06,3.0799999237060547,3.119999885559082,2.8399999141693115,2.9800000190734863,2.6580677032470703,240653300,
2024-02-07,2.9800000190734863,3.0199999809265137,2.9600000381469727,2.9800000190734863,2.6580677032470703,38378300,
2024-02-08,2.9800000190734863,3.0,2.9600000381469727,2.9800000190734863,2.6580677032470703,16284200,
2024-02-09,2.9800000190734863,3.0,2.9600000381469727,3.0,2.6759068965911865,12332600,
2024-02-12,3.0,3.0,2.9600000381469727,3.0,2.6759068965911865,41115300,
2024-02-13,2.9800000190734863,3.0199999809265137,2.9600000381469727,2.9800000190734863,2.6580677032470703,17028400,
2024-02-14,3.0,3.0,2.9600000381469727,2.9800000190734863,2.6580677032470703,27230600,
2024-02-15,2.9600000381469727,2.9800000190734863,2.9200000762939453,2.9200000762939453,2.6045494079589844,40963200,
2024-02-16,2.9200000762939453,2.9600000381469727,2.9200000762939453,2.940000057220459,2.622389078140259,11129800,
2024-02-19,2.940000057220459,2.9600000381469727,2.9200000762939453,2.940000057220459,2.622389078140259,11031600,
2024-02-20,2.940000057220459,2.9800000190734863,2.9200000762939453,2.940000057220459,2.622389078140259,25828300,
2024-02-21,2.940000057220459,2.9800000190734863,2.9200000762939453,2.9600000381469727,2.640228033065796,12888400,
2024-02-22,2.9600000381469727,3.0199999809265137,2.9600000381469727,3.0199999809265137,2.6937460899353027,33798000,
2024-02-23,3.0,3.0,2.859999895095825,2.9000000953674316,2.586710214614868,173247300,
2024-02-27,2.9000000953674316,2.9600000381469727,2.880000114440918,2.940000057220459,2.622389078140259,30019100,
2024-02-28,2.9600000381469727,2.9600000381469727,2.9200000762939453,2.9200000762939453,2.6045494079589844,32457500,
2024-02-29,2.940000057220459,2.9600000381469727,2.9200000762939453,2.940000057220459,2.622389078140259,22356800,
2024-03-01,2.9600000381469727,2.9800000190734863,2.9200000762939453,2.9600000381469727,2.640228033065796,33921200,
2024-03-04,2.9800000190734863,2.9800000190734863,2.940000057220459,2.9600000381469727,2.640228033065796,6688300,
2024-03-05,2.9800000190734863,2.9800000190734863,2.9200000762939453,2.940000057220459,2.622389078140259,12605800,
2024-03-06,2.940000057220459,2.9600000381469727,2.9000000953674316,2.9200000762939453,2.6045494079589844,24901300,
2024-03-07,2.9200000762939453,2.9800000190734863,2.880000114440918,2.9200000762939453,2.6045494079589844,35970000,
2024-03-08,2.9200000762939453,2.9200000762939453,2.880000114440918,2.880000114440918,2.5688705444335938,14886300,
2024-03-11,2.9000000953674316,2.9600000381469727,2.9000000953674316,2.940000057220459,2.622389078140259,26028100,
2024-03-12,2.940000057220459,2.940000057220459,2.940000057220459,2.940000057220459,2.622389078140259,0,
2024-03-13,2.9800000190734863,2.9800000190734863,2.9200000762939453,2.9200000762939453,2.6045494079589844,12073300,
2024-03-14,2.940000057220459,2.940000057220459,2.880000114440918,2.9000000953674316,2.586710214614868,16929700,
2024-03-15,2.9000000953674316,2.9000000953674316,2.9000000953674316,2.9000000953674316,2.586710214614868,0,
2024-03-18,2.9200000762939453,2.940000057220459,2.9200000762939453,2.9200000762939453,2.6045494079589844,6364100,
2024-03-19,2.940000057220459,2.940000057220459,2.9000000953674316,2.9000000953674316,2.586710214614868,23547000,
2024-03-20,2.9200000762939453,2.940000057220459,2.9000000953674316,2.9200000762939453,2.6045494079589844,7196600,
2024-03-21,2.940000057220459,2.9600000381469727,2.9200000762939453,2.9200000762939453,2.6045494079589844,11497000,
2024-03-22,2.9200000762939453,2.9200000762939453,2.9200000762939453,2.9200000762939453,2.6045494079589844,0,
2024-03-25,2.9600000381469727,2.9800000190734863,2.9200000762939453,2.9600000381469727,2.640228033065796,26550700,
2024-03-26,2.9600000381469727,2.9600000381469727,2.9600000381469727,2.9600000381469727,2.640228033065796,0,
2024-03-27,2.9200000762939453,2.940000057220459,2.9000000953674316,2.9000000953674316,2.586710214614868,6900800,
2024-03-28,2.9000000953674316,2.9000000953674316,2.9000000953674316,2.9000000953674316,2.586710214614868,0,
2024-03-29,2.9000000953674316,2.940000057220459,2.880000114440918,2.9200000762939453,2.6045494079589844,11184700,
2024-04-01,2.940000057220459,2.9600000381469727,2.9200000762939453,2.940000057220459,2.622389078140259,11045500,
2024-04-02,2.9200000762939453,2.940000057220459,2.9200000762939453,2.9200000762939453,2.6045494079589844,2485200,
2024-04-03,2.9200000762939453,2.940000057220459,2.9000000953674316,2.9000000953674316,2.586710214614868,12953800,
2024-04-04,2.9200000762939453,2.9200000762939453,2.880000114440918,2.9000000953674316,2.586710214614868,7806300,
2024-04-05,2.880000114440918,2.940000057220459,2.880000114440918,2.9200000762939453,2.6045494079589844,13364600,
2024-04-09,2.9200000762939453,2.940000057220459,2.9000000953674316,2.9200000762939453,2.6045494079589844,12464000,
2024-04-10,2.9200000762939453,2.9200000762939453,2.9200000762939453,2.9200000762939453,2.6045494079589844,0,
2024-04-11,2.9200000762939453,2.9200000762939453,2.859999895095825,2.880000114440918,2.5688705444335938,25845500,
2024-04-17,2.880000114440918,2.880000114440918,2.880000114440918,2.880000114440918,2.5688705444335938,0,
2024-04-18,2.880000114440918,2.880000114440918,2.880000114440918,2.880000114440918,2.5688705444335938,0,
2024-04-19,2.880000114440918,2.880000114440918,2.880000114440918,2.880000114440918,2.5688705444335938,0,
2024-04-22,2.799999952316284,2.859999895095825,2.799999952316284,2.8399999141693115,2.533191680908203,12576600,
2024-04-23,2.859999895095825,2.9000000953674316,2.819999933242798,2.859999895095825,2.5510308742523193,16555900,
2024-04-24,2.859999895095825,2.859999895095825,2.859999895095825,2.859999895095825,2.5510308742523193,0,
2024-04-25,2.880000114440918,2.940000057220459,2.880000114440918,2.9000000953674316,2.586710214614868,39239400,
2024-04-26,2.9000000953674316,2.9200000762939453,2.859999895095825,2.859999895095825,2.5510308742523193,32571500,
2024-04-29,2.880000114440918,2.9000000953674316,2.859999895095825,2.880000114440918,2.5688705444335938,9956400,
2024-04-30,2.880000114440918,2.9200000762939453,2.859999895095825,2.9000000953674316,2.586710214614868,22546500,
2024-05-02,2.9200000762939453,2.940000057220459,2.8399999141693115,2.859999895095825,2.5510308742523193,37662500,
2024-05-03,2.8399999141693115,2.8399999141693115,2.819999933242798,2.819999933242798,2.5601091384887695,7297300,0.05
2024-05-07,2.819999933242798,2.819999933242798,2.819999933242798,2.819999933242798,2.5601091384887695,0,
2024-05-08,2.799999952316284,2.799999952316284,2.759999990463257,2.7799999713897705,2.5237958431243896,26457800,
2024-05-09,2.7799999713897705,2.9000000953674316,2.759999990463257,2.880000114440918,2.614579916000366,68149400,
2024-05-10,2.880000114440918,2.9200000762939453,2.859999895095825,2.9000000953674316,2.6327366828918457,31912600,
2024-05-13,2.9000000953674316,2.9200000762939453,2.8399999141693115,2.8399999141693115,2.5782663822174072,26725800,
2024-05-14,2.880000114440918,2.940000057220459,2.880000114440918,2.9200000762939453,2.6508939266204834,39009600,
2024-05-15,2.9200000762939453,2.9600000381469727,2.9200000762939453,2.9600000381469727,2.6872074604034424,22995500,
2024-05-16,2.9600000381469727,2.9600000381469727,2.9600000381469727,2.9600000381469727,2.6872074604034424,0,
2024-05-17,2.940000057220459,3.059999942779541,2.940000057220459,3.059999942779541,2.77799129486084,96686000,
2024-05-20,3.059999942779541,3.059999942779541,3.059999942779541,3.059999942779541,2.77799129486084,0,
2024-05-21,2.9800000190734863,3.0,2.9600000381469727,2.9800000190734863,2.7053637504577637,5845100,
2024-05-23,2.9800000190734863,3.0,2.9200000762939453,2.940000057220459,2.669050455093384,10106500,
2024-05-24,2.940000057220459,2.940000057220459,2.940000057220459,2.940000057220459,2.669050455093384,0,
2024-05-27,2.9200000762939453,2.9800000190734863,2.9200000762939453,2.940000057220459,2.669050455093384,5761800,
2024-05-28,2.940000057220459,2.9600000381469727,2.9200000762939453,2.940000057220459,2.669050455093384,7345400,
2024-05-29,2.940000057220459,2.9800000190734863,2.940000057220459,2.940000057220459,2.669050455093384,12982000,
2024-05-30,2.940000057220459,2.940000057220459,2.940000057220459,2.940000057220459,2.669050455093384,0,
2024-05-31,2.940000057220459,2.940000057220459,2.940000057220459,2.940000057220459,2.669050455093384,0,
2024-06-04,2.9600000381469727,2.9600000381469727,2.9000000953674316,2.9000000953674316,2.6327366828918457,8175200,
2024-06-05,2.9000000953674316,2.9000000953674316,2.9000000953674316,2.9000000953674316,2.6327366828918457,0,
2024-06-06,2.9600000381469727,2.9800000190734863,2.9200000762939453,2.9200000762939453,2.6508939266204834,17774900,
2024-06-07,2.9200000762939453,2.940000057220459,2.9000000953674316,2.9000000953674316,2.6327366828918457,8500300,
2024-06-10,2.9000000953674316,2.940000057220459,2.9000000953674316,2.9000000953674316,2.6327366828918457,18935500,
2024-06-11,2.9200000762939453,2.9600000381469727,2.9200000762939453,2.9600000381469727,2.6872074604034424,16226300,
2024-06-12,2.940000057220459,2.940000057220459,2.9000000953674316,2.9200000762939453,2.6508939266204834,7979600,
2024-06-13,2.9200000762939453,2.9200000762939453,2.9000000953674316,2.9000000953674316,2.6327366828918457,6690500,
2024-06-14,2.9000000953674316,2.9200000762939453,2.880000114440918,2.880000114440918,2.614579916000366,13178800,
2024-06-17,2.9000000953674316,2.9000000953674316,2.819999933242798,2.8399999141693115,2.5782663822174072,19254600,
2024-06-18,2.8399999141693115,2.8399999141693115,2.8399999141693115,2.8399999141693115,2.5782663822174072,0,
2024-06-19,2.8399999141693115,2.8399999141693115,2.8399999141693115,2.8399999141693115,2.5782663822174072,0,
2024-06-20,2.759999990463257,2.759999990463257,2.680000066757202,2.700000047683716,2.451169013977051,36118300,
2024-06-21,2.740000009536743,2.740000009536743,2.680000066757202,2.700000047683716,2.451169013977051,53631200,
2024-06-24,2.700000047683716,2.700000047683716,2.640000104904175,2.640000104904175,2.3966987133026123,35884600,
2024-06-25,2.640000104904175,2.640000104904175,2.640000104904175,2.640000104904175,2.3966987133026123,0,
2024-06-26,2.640000104904175,2.640000104904175,2.640000104904175,2.640000104904175,2.3966987133026123,0,
2024-06-27,2.640000104904175,2.640000104904175,2.5999999046325684,2.5999999046325684,2.360384464263916,27111900,
2024-06-28,2.619999885559082,2.619999885559082,2.5,2.5999999046325684,2.360384464263916,71393900,
2024-07-01,2.5999999046325684,2.619999885559082,2.5399999618530273,2.559999942779541,2.324070930480957,14869500,
2024-07-02,2.5399999618530273,2.559999942779541,2.5199999809265137,2.5199999809265137,2.287757396697998,5953400,
2024-07-03,2.5199999809265137,2.5399999618530273,2.4200000762939453,2.4600000381469727,2.2332873344421387,38707700,
2024-07-04,2.4800000190734863,2.5199999809265137,2.4600000381469727,2.4600000381469727,2.2332873344421387,41165400,
2024-07-05,2.4600000381469727,2.4600000381469727,2.4200000762939453,2.440000057220459,2.21513032913208,43605200,
2024-07-08,2.440000057220459,2.5399999618530273,2.4200000762939453,2.5199999809265137,2.287757396697998,35026800,
2024-07-09,2.5199999809265137,2.5199999809265137,2.5199999809265137,2.5199999809265137,2.287757396697998,0,
2024-07-10,2.4600000381469727,2.5,2.4600000381469727,2.4800000190734863,2.251444101333618,15310500,
2024-07-11,2.4600000381469727,2.5,2.4600000381469727,2.4800000190734863,2.251444101333618,11046200,
2024-07-12,2.4800000190734863,2.4800000190734863,2.4800000190734863,2.4800000190734863,2.251444101333618,0,
2024-07-15,2.4800000190734863,2.4800000190734863,2.4800000190734863,2.4800000190734863,2.251444101333618,0,
2024-07-16,2.4800000190734863,2.5,2.440000057220459,2.440000057220459,2.21513032913208,14428200,
2024-07-17,2.4800000190734863,2.5199999809265137,2.4200000762939453,2.4800000190734863,2.251444101333618,31010900,
2024-07-18,2.5,2.559999942779541,2.4600000381469727,2.5399999618530273,2.3059144020080566,51499900,
2024-07-19,2.5399999618530273,2.5999999046325684,2.5199999809265137,2.559999942779541,2.324070930480957,29996700,
2024-07-23,2.559999942779541,2.559999942779541,2.4600000381469727,2.4800000190734863,2.251444101333618,29345800,
2024-07-24,2.4800000190734863,2.5,2.440000057220459,2.440000057220459,2.21513032913208,9974300,
2024-07-25,2.440000057220459,2.4800000190734863,2.4000000953674316,2.4000000953674316,2.178816795349121,17782000,
2024-07-26,2.4200000762939453,2.4800000190734863,2.4000000953674316,2.4600000381469727,2.2332873344421387,12930600,
2024-07-30,2.4600000381469727,2.4600000381469727,2.4600000381469727,2.4600000381469727,2.2332873344421387,0,
2024-07-31,2.440000057220459,2.440000057220459,2.4000000953674316,2.4000000953674316,2.178816795349121,11745300,
2024-08-01,2.440000057220459,2.5199999809265137,2.440000057220459,2.4800000190734863,2.251444101333618,39096000,
2024-08-02,2.4800000190734863,2.4800000190734863,2.4000000953674316,2.4200000762939453,2.1969735622406006,20933300,
2024-08-05,2.380000114440918,2.4000000953674316,2.299999952316284,2.319999933242798,2.106189489364624,27544800,
2024-08-06,2.3399999141693115,2.359999895095825,2.2799999713897705,2.299999952316284,2.0880324840545654,20344200,
2024-08-07,2.319999933242798,2.4000000953674316,2.299999952316284,2.380000114440918,2.1606600284576416,23445200,
2024-08-08,2.4000000953674316,2.4600000381469727,2.380000114440918,2.440000057220459,2.21513032913208,20436300,
2024-08-09,2.4600000381469727,2.4800000190734863,2.4000000953674316,2.4200000762939453,2.1969735622406006,17722700,
2024-08-13,2.4200000762939453,2.4200000762939453,2.380000114440918,2.4200000762939453,2.1969735622406006,9237600,
2024-08-14,2.4200000762939453,2.4200000762939453,2.359999895095825,2.4000000953674316,2.178816795349121,8860400,
2024-08-15,2.380000114440918,2.4000000953674316,2.2799999713897705,2.359999895095825,2.142503023147583,21973200,
2024-08-16,2.4000000953674316,2.440000057220459,2.380000114440918,2.4200000762939453,2.1969735622406006,22724600,
2024-08-19,2.4200000762939453,2.4200000762939453,2.4200000762939453,2.4200000762939453,2.1969735622406006,0,
2024-08-20,2.4600000381469727,2.4800000190734863,2.4200000762939453,2.440000057220459,2.21513032913208,16754200,
2024-08-21,2.4600000381469727,2.559999942779541,2.4600000381469727,2.5199999809265137,2.287757396697998,39513000,
2024-08-22,2.5399999618530273,2.619999885559082,2.5199999809265137,2.5799999237060547,2.3422279357910156,37774500,
2024-08-23,2.5799999237060547,2.7200000286102295,2.5799999237060547,2.6600000858306885,2.4148550033569336,56594400,
2024-08-26,2.640000104904175,2.6600000858306885,2.5799999237060547,2.619999885559082,2.3785414695739746,22040000,
2024-08-27,2.5999999046325684,2.619999885559082,2.5399999618530273,2.5999999046325684,2.3785414695739746,21207100,0.02
2024-08-28,2.5999999046325684,2.5999999046325684,2.559999942779541,2.5799999237060547,2.3602449893951416,10889600,
2024-08-29,2.559999942779541,2.5799999237060547,2.5399999618530273,2.559999942779541,2.3419485092163086,4722700,
2024-08-30,2.5399999618530273,2.5999999046325684,2.5399999618530273,2.559999942779541,2.3419485092163086,10342100,
2024-09-02,2.559999942779541,2.559999942779541,2.559999942779541,2.559999942779541,2.3419485092163086,0,
2024-09-03,2.559999942779541,2.559999942779541,2.559999942779541,2.559999942779541,2.3419485092163086,0,
2024-09-04,2.559999942779541,2.559999942779541,2.559999942779541,2.559999942779541,2.3419485092163086,0,
2024-09-05,2.6600000858306885,2.7200000286102295,2.6600000858306885,2.700000047683716,2.4700238704681396,34493100,
2024-09-06,2.700000047683716,2.7200000286102295,2.6600000858306885,2.680000066757202,2.4517276287078857,39209300,
2024-09-09,2.680000066757202,2.680000066757202,2.680000066757202,2.680000066757202,2.4517276287078857,0,
2024-09-10,2.6600000858306885,2.680000066757202,2.640000104904175,2.6600000858306885,2.4334309101104736,11682900,
2024-09-11,2.6600000858306885,2.680000066757202,2.5999999046325684,2.619999885559082,2.3968377113342285,24985600,
2024-09-12,2.640000104904175,2.680000066757202,2.619999885559082,2.6600000858306885,2.4334309101104736,19445500,
2024-09-13,2.680000066757202,2.759999990463257,2.680000066757202,2.700000047683716,2.4700238704681396,37185800,
2024-09-16,2.700000047683716,2.759999990463257,2.680000066757202,2.759999990463257,2.5249135494232178,26483000,
2024-09-17,2.7799999713897705,2.7799999713897705,2.7200000286102295,2.740000009536743,2.5066168308258057,7384200,
2024-09-18,2.740000009536743,2.759999990463257,2.700000047683716,2.7200000286102295,2.4883201122283936,24286900,
2024-09-19,2.7200000286102295,2.759999990463257,2.7200000286102295,2.740000009536743,2.5066168308258057,12434800,
2024-09-20,2.759999990463257,2.7799999713897705,2.7200000286102295,2.7200000286102295,2.4883201122283936,9936500,
2024-09-23,2.7200000286102295,2.7200000286102295,2.5999999046325684,2.619999885559082,2.3968377113342285,34338000,
2024-09-24,2.619999885559082,2.6600000858306885,2.5999999046325684,2.640000104904175,2.4151346683502197,22773100,
2024-09-25,2.6600000858306885,2.680000066757202,2.619999885559082,2.640000104904175,2.4151346683502197,12205600,
2024-09-26,2.700000047683716,2.799999952316284,2.700000047683716,2.740000009536743,2.5066168308258057,54256200,
2024-09-27,2.740000009536743,2.740000009536743,2.740000009536743,2.740000009536743,2.5066168308258057,0,
2024-09-30,2.759999990463257,2.759999990463257,2.680000066757202,2.7200000286102295,2.4883201122283936,39282900,
2024-10-01,2.700000047683716,2.740000009536743,2.680000066757202,2.740000009536743,2.5066168308258057,15467700,
2024-10-02,2.759999990463257,2.759999990463257,2.7200000286102295,2.740000009536743,2.5066168308258057,16318100,
2024-10-03,2.680000066757202,2.700000047683716,2.619999885559082,2.6600000858306885,2.4334309101104736,29090400,
2024-10-04,2.680000066757202,2.680000066757202,2.619999885559082,2.6600000858306885,2.4334309101104736,53478400,
2024-10-07,2.6600000858306885,2.6600000858306885,2.6600000858306885,2.6600000858306885,2.4334309101104736,0,
2024-10-08,2.680000066757202,2.740000009536743,2.680000066757202,2.740000009536743,2.5066168308258057,27291300,
2024-10-09,2.7200000286102295,2.7799999713897705,2.7200000286102295,2.7799999713897705,2.5432097911834717,32061600,
2024-10-10,2.819999933242798,2.9000000953674316,2.799999952316284,2.859999895095825,2.6163957118988037,57716800,
2024-10-11,2.880000114440918,2.9200000762939453,2.8399999141693115,2.880000114440918,2.6346921920776367,46810200,
2024-10-15,2.880000114440918,2.9600000381469727,2.880000114440918,2.9200000762939453,2.6712851524353027,52796100,
2024-10-16,2.9200000762939453,2.9200000762939453,2.9200000762939453,2.9200000762939453,2.6712851524353027,0,
2024-10-17,2.940000057220459,2.9600000381469727,2.9000000953674316,2.9000000953674316,2.6529884338378906,16916200,
2024-10-18,2.9200000762939453,2.9800000190734863,2.9200000762939453,2.940000057220459,2.6895816326141357,55910300,
2024-10-21,2.940000057220459,3.0,2.940000057220459,2.9600000381469727,2.7078781127929688,26418400,
2024-10-22,2.9600000381469727,2.9600000381469727,2.9600000381469727,2.9600000381469727,2.7078781127929688,0,
2024-10-24,2.9000000953674316,2.9200000762939453,2.8399999141693115,2.8399999141693115,2.5980992317199707,16142300,
2024-10-25,2.859999895095825,2.940000057220459,2.819999933242798,2.9200000762939453,2.6712851524353027,46413600,
2024-10-28,2.9200000762939453,2.940000057220459,2.880000114440918,2.9200000762939453,2.6712851524353027,22675000,
2024-10-29,2.9000000953674316,2.9200000762939453,2.7799999713897705,2.799999952316284,2.5615060329437256,49355400,
2024-10-30,2.7799999713897705,2.819999933242798,2.759999990463257,2.7799999713897705,2.5432097911834717,17404400,
2024-10-31,2.759999990463257,2.9000000953674316,2.740000009536743,2.9000000953674316,2.6529884338378906,35113900,
2024-11-01,2.8399999141693115,2.9000000953674316,2.8399999141693115,2.9000000953674316,2.6529884338378906,19718600,
2024-11-04,2.880000114440918,2.880000114440918,2.8399999141693115,2.859999895095825,2.6163957118988037,13237400,
2024-11-05,2.8399999141693115,2.9000000953674316,2.819999933242798,2.9000000953674316,2.6529884338378906,18752800,
2024-11-06,2.880000114440918,2.9200000762939453,2.8399999141693115,2.9200000762939453,2.6712851524353027,18471500,
2024-11-07,2.9200000762939453,2.940000057220459,2.8399999141693115,2.8399999141693115,2.5980992317199707,15367900,
2024-11-08,2.8399999141693115,2.9200000762939453,2.8399999141693115,2.9200000762939453,2.6712851524353027,11282000,
2024-11-11,2.9200000762939453,2.9200000762939453,2.819999933242798,2.859999895095825,2.6163957118988037,12645700,
2024-11-12,2.859999895095825,2.859999895095825,2.7799999713897705,2.799999952316284,2.5615060329437256,13864400,
2024-11-13,2.759999990463257,2.9000000953674316,2.759999990463257,2.819999933242798,2.5798022747039795,26203300,
2024-11-14,2.799999952316284,2.880000114440918,2.799999952316284,2.880000114440918,2.6346921920776367,15574100,
2024-11-15,2.9000000953674316,2.9200000762939453,2.740000009536743,2.759999990463257,2.5249135494232178,54905600,
2024-11-18,2.7799999713897705,2.799999952316284,2.700000047683716,2.740000009536743,2.5066168308258057,21216400,
2024-11-19,2.7200000286102295,2.7200000286102295,2.619999885559082,2.640000104904175,2.4151346683502197,43518900,
2024-11-20,2.640000104904175,2.700000047683716,2.640000104904175,2.640000104904175,2.4151346683502197,22803100,
2024-11-21,2.619999885559082,2.700000047683716,2.619999885559082,2.680000066757202,2.4517276287078857,15428400,
2024-11-22,2.700000047683716,2.700000047683716,2.559999942779541,2.5999999046325684,2.3785414695739746,49593300,
2024-11-25,2.5999999046325684,2.680000066757202,2.5799999237060547,2.640000104904175,2.4151346683502197,39598900,
2024-11-26,2.619999885559082,2.640000104904175,2.5799999237060547,2.619999885559082,2.3968377113342285,36800200,
2024-11-27,2.640000104904175,2.6600000858306885,2.5799999237060547,2.640000104904175,2.4151346683502197,21896000,
2024-11-28,2.619999885559082,2.6600000858306885,2.5399999618530273,2.5799999237060547,2.3602449893951416,62669000,
2024-11-29,2.5799999237060547,2.6600000858306885,2.5799999237060547,2.640000104904175,2.4151346683502197,50133000,
2024-12-02,2.640000104904175,2.700000047683716,2.619999885559082,2.6600000858306885,2.4334309101104736,16598500,
2024-12-03,2.680000066757202,2.700000047683716,2.6600000858306885,2.700000047683716,2.4700238704681396,21570900,
2024-12-04,2.7200000286102295,2.759999990463257,2.680000066757202,2.700000047683716,2.4700238704681396,37989100,
2024-12-06,2.700000047683716,2.740000009536743,2.680000066757202,2.740000009536743,2.5066168308258057,20153800,
2024-12-09,2.7200000286102295,2.740000009536743,2.640000104904175,2.680000066757202,2.4517276287078857,34695300,
2024-12-11,2.680000066757202,2.700000047683716,2.640000104904175,2.640000104904175,2.4151346683502197,14073900,
2024-12-12,2.640000104904175,2.680000066757202,2.5999999046325684,2.640000104904175,2.4151346683502197,39224300,
2024-12-13,2.6600000858306885,2.6600000858306885,2.5999999046325684,2.619999885559082,2.3968377113342285,12027700,
2024-12-16,2.619999885559082,2.640000104904175,2.5999999046325684,2.619999885559082,2.3968377113342285,5431900,
2024-12-17,2.640000104904175,2.640000104904175,2.5399999618530273,2.559999942779541,2.3419485092163086,31486500,
2024-12-18,2.5799999237060547,2.5999999046325684,2.5199999809265137,2.5399999618530273,2.3236522674560547,24670900,
2024-12-19,2.5199999809265137,2.559999942779541,2.4600000381469727,2.4600000381469727,2.2504663467407227,19305300,
2024-12-20,2.4600000381469727,2.5399999618530273,2.4600000381469727,2.4800000190734863,2.2687628269195557,15435300,
2024-12-23,2.4600000381469727,2.5199999809265137,2.440000057220459,2.5,2.2870590686798096,7145000,
2024-12-24,2.5,2.5199999809265137,2.4800000190734863,2.5199999809265137,2.3053553104400635,6010300,
2024-12-25,2.5199999809265137,2.5199999809265137,2.4200000762939453,2.4600000381469727,2.2504663467407227,54440600,
2024-12-26,2.4600000381469727,2.4800000190734863,2.4200000762939453,2.4600000381469727,2.2504663467407227,19374500,
2024-12-27,2.4600000381469727,2.5,2.4200000762939453,2.4800000190734863,2.2687628269195557,17703200,
2024-12-30,2.4600000381469727,2.4800000190734863,2.4200000762939453,2.440000057220459,2.2321698665618896,10853100,
2025-01-02,2.440000057220459,2.4800000190734863,2.4200000762939453,2.4200000762939453,2.2138731479644775,35583800,
2025-01-03,2.4200000762939453,2.4600000381469727,2.4000000953674316,2.440000057220459,2.2321698665618896,19157200,
2025-01-06,2.440000057220459,2.4600000381469727,2.359999895095825,2.359999895095825,2.1589837074279785,17287900,
2025-01-07,2.359999895095825,2.440000057220459,2.3399999141693115,2.4000000953674316,2.1955769062042236,38263500,
2025-01-08,2.4200000762939453,2.4200000762939453,2.359999895095825,2.380000114440918,2.1772806644439697,16782400,
2025-01-09,2.380000114440918,2.380000114440918,2.319999933242798,2.319999933242798,2.1223907470703125,16632100,
2025-01-10,2.319999933242798,2.380000114440918,2.2799999713897705,2.3399999141693115,2.1406872272491455,36368200,
2025-01-13,2.3399999141693115,2.359999895095825,2.299999952316284,2.319999933242798,2.1223907470703125,10584600,
2025-01-14,2.319999933242798,2.3399999141693115,2.259999990463257,2.259999990463257,2.0675015449523926,15156600,
2025-01-15,2.259999990463257,2.319999933242798,2.240000009536743,2.319999933242798,2.1223907470703125,11337100,
2025-01-16,2.299999952316284,2.299999952316284,2.2200000286102295,2.2799999713897705,2.0857980251312256,15776200,
2025-01-17,2.259999990463257,2.259999990463257,2.200000047683716,2.2200000286102295,2.0309083461761475,13302400,
2025-01-20,2.240000009536743,2.259999990463257,2.119999885559082,2.1600000858306885,1.9760193824768066,26494400,
2025-01-21,2.180000066757202,2.2799999713897705,2.180000066757202,2.240000009536743,2.0492050647735596,20999400,
2025-01-22,2.2799999713897705,2.299999952316284,2.2200000286102295,2.259999990463257,2.0675015449523926,16176100,
2025-01-23,2.2799999713897705,2.3399999141693115,2.2799999713897705,2.2799999713897705,2.0857980251312256,25382900,
2025-01-24,2.299999952316284,2.3399999141693115,2.259999990463257,2.2799999713897705,2.0857980251312256,10985100,
2025-01-27,2.2799999713897705,2.3399999141693115,2.2799999713897705,2.2799999713897705,2.0857980251312256,8892300,
2025-01-28,2.259999990463257,2.319999933242798,2.259999990463257,2.2799999713897705,2.0857980251312256,11244100,
2025-01-29,2.2799999713897705,2.299999952316284,2.2200000286102295,2.2200000286102295,2.0309083461761475,6682700,
2025-01-30,2.240000009536743,2.259999990463257,2.1600000858306885,2.180000066757202,1.9943156242370605,24483900,
2025-01-31,2.180000066757202,2.2200000286102295,2.1600000858306885,2.180000066757202,1.9943156242370605,10653800,
2025-02-03,2.1600000858306885,2.259999990463257,2.119999885559082,2.240000009536743,2.0492050647735596,20763400,
2025-02-04,2.2799999713897705,2.2799999713897705,2.1600000858306885,2.180000066757202,1.9943156242370605,9073400,
2025-02-05,2.180000066757202,2.2200000286102295,2.180000066757202,2.180000066757202,1.9943156242370605,19027800,
2025-02-06,2.200000047683716,2.200000047683716,2.140000104904175,2.1600000858306885,1.9760193824768066,9231000,
2025-02-07,2.1600000858306885,2.180000066757202,2.140000104904175,2.180000066757202,1.9943156242370605,7383100,
2025-02-10,2.1600000858306885,2.1600000858306885,2.0399999618530273,2.0399999618530273,1.86624014377594,19507400,
2025-02-11,2.0399999618530273,2.180000066757202,2.0399999618530273,2.1600000858306885,1.9760193824768066,18971100,
2025-02-13,2.0999999046325684,2.140000104904175,2.0799999237060547,2.0999999046325684,1.921129584312439,9962800,
2025-02-14,2.119999885559082,2.1600000858306885,2.0999999046325684,2.119999885559082,1.9394261837005615,8788900,
2025-02-17,2.119999885559082,2.240000009536743,2.119999885559082,2.240000009536743,2.0492050647735596,11461100,
2025-02-18,2.259999990463257,2.259999990463257,2.180000066757202,2.259999990463257,2.0675015449523926,23044000,
2025-02-19,2.240000009536743,2.299999952316284,2.240000009536743,2.2799999713897705,2.0857980251312256,24788400,
2025-02-20,2.259999990463257,2.299999952316284,2.259999990463257,2.2799999713897705,2.0857980251312256,16601400,
2025-02-21,2.299999952316284,2.299999952316284,2.240000009536743,2.2799999713897705,2.0857980251312256,9969100,
2025-02-24,2.2799999713897705,2.2799999713897705,2.200000047683716,2.240000009536743,2.0492050647735596,15238800,
2025-02-25,2.240000009536743,2.240000009536743,2.1600000858306885,2.180000066757202,1.9943156242370605,8991500,
2025-02-26,2.180000066757202,2.299999952316284,2.119999885559082,2.299999952316284,2.1040942668914795,31969600,
2025-02-27,2.319999933242798,2.359999895095825,2.259999990463257,2.259999990463257,2.0675015449523926,10914100,
2025-02-28,1.8200000524520874,2.1600000858306885,1.7100000381469727,2.1600000858306885,1.9760193824768066,179649200,
2025-03-03,2.140000104904175,2.140000104904175,2.059999942779541,2.119999885559082,1.9394261837005615,30735000,
2025-03-04,2.0799999237060547,2.119999885559082,2.0399999618530273,2.0399999618530273,1.86624014377594,11252200,
2025-03-05,2.0399999618530273,2.140000104904175,2.0199999809265137,2.140000104904175,1.957722544670105,19848700,
2025-03-06,2.140000104904175,2.140000104904175,2.059999942779541,2.0799999237060547,1.902833342552185,6293700,
2025-03-07,2.059999942779541,2.119999885559082,2.0399999618530273,2.059999942779541,1.8845367431640625,15001900,
2025-03-10,2.059999942779541,2.059999942779541,2.0,2.0,1.829647183418274,12041100,
2025-03-11,1.9900000095367432,2.0,1.9600000381469727,1.9900000095367432,1.820499062538147,26528000,
2025-03-12,1.9800000190734863,1.9800000190734863,1.840000033378601,1.8799999952316284,1.719868540763855,65307500,
2025-03-13,1.899999976158142,1.899999976158142,1.850000023841858,1.8799999952316284,1.719868540763855,17147100,
2025-03-14,1.8899999856948853,1.899999976158142,1.8700000047683716,1.8899999856948853,1.729016661643982,13620700,
2025-03-17,1.8899999856948853,1.8899999856948853,1.8600000143051147,1.8700000047683716,1.7107203006744385,17852800,
2025-03-18,1.8700000047683716,1.909999966621399,1.840000033378601,1.8799999952316284,1.719868540763855,18963700,
2025-03-19,1.8700000047683716,1.909999966621399,1.8700000047683716,1.8899999856948853,1.729016661643982,17278600,
2025-03-20,1.8899999856948853,1.909999966621399,1.809999942779541,1.809999942779541,1.6558308601379395,45145800,
2025-03-21,1.8300000429153442,1.840000033378601,1.7999999523162842,1.8200000524520874,1.664979100227356,17435300,
2025-03-24,1.8200000524520874,1.8300000429153442,1.809999942779541,1.8200000524520874,1.664979100227356,6066100,
2025-03-25,1.8300000429153442,1.8300000429153442,1.7999999523162842,1.7999999523162842,1.6466825008392334,7875700,
2025-03-26,1.7999999523162842,1.8200000524520874,1.7599999904632568,1.7899999618530273,1.637534260749817,13143900,
2025-03-27,1.7899999618530273,1.7999999523162842,1.7300000190734863,1.7400000095367432,1.591793179512024,16955300,
2025-03-28,1.7400000095367432,1.75,1.7000000476837158,1.7000000476837158,1.555200219154358,11068100,
2025-03-31,1.649999976158142,1.7200000286102295,1.6399999856948853,1.7000000476837158,1.555200219154358,23563200,
2025-04-01,1.690000057220459,1.7100000381469727,1.6699999570846558,1.6799999475479126,1.536903738975525,9304500,
2025-04-02,1.6799999475479126,1.7200000286102295,1.6699999570846558,1.690000057220459,1.546052098274231,9518900,
2025-04-03,1.690000057220459,1.690000057220459,1.6399999856948853,1.6799999475479126,1.536903738975525,27326700,
2025-04-04,1.6699999570846558,1.6799999475479126,1.6299999952316284,1.6699999570846558,1.5277554988861084,43550500,
2025-04-08,1.5800000429153442,1.659999966621399,1.5499999523162842,1.600000023841858,1.4637176990509033,43920400,
2025-04-09,1.5800000429153442,1.690000057220459,1.5800000429153442,1.6299999952316284,1.4911625385284424,25099200,
2025-04-10,1.6799999475479126,1.7000000476837158,1.649999976158142,1.6799999475479126,1.536903738975525,14507500,
2025-04-11,1.6699999570846558,1.7100000381469727,1.659999966621399,1.7000000476837158,1.555200219154358,8640100,
2025-04-16,1.7000000476837158,1.7400000095367432,1.7000000476837158,1.7200000286102295,1.5734968185424805,10612000,
2025-04-17,1.7200000286102295,1.75,1.7000000476837158,1.7400000095367432,1.591793179512024,8789300,
2025-04-18,1.75,1.7699999809265137,1.7400000095367432,1.75,1.6009413003921509,12821900,
2025-04-21,1.7999999523162842,1.809999942779541,1.75,1.7699999809265137,1.6192378997802734,16627300,
2025-04-22,1.7599999904632568,1.7799999713897705,1.7400000095367432,1.7599999904632568,1.610089659690857,23874700,
2025-04-23,1.7699999809265137,1.7699999809265137,1.690000057220459,1.7000000476837158,1.555200219154358,40479700,
2025-04-24,1.7100000381469727,1.7400000095367432,1.6799999475479126,1.7400000095367432,1.591793179512024,39004300,
2025-04-25,1.7300000190734863,1.7899999618530273,1.7300000190734863,1.7699999809265137,1.6192378997802734,13996200,
2025-04-28,1.7699999809265137,1.809999942779541,1.7699999809265137,1.7799999713897705,1.62838613986969,17335600,
2025-04-29,1.7599999904632568,1.8200000524520874,1.7400000095367432,1.7699999809265137,1.6192378997802734,29591900,
2025-04-30,1.7699999809265137,1.7899999618530273,1.75,1.7799999713897705,1.62838613986969,14796700,
2025-05-02,1.7899999618530273,1.8300000429153442,1.7599999904632568,1.8200000524520874,1.664979100227356,51011100,
2025-05-06,1.7799999713897705,1.8200000524520874,1.7599999904632568,1.7699999809265137,1.664979100227356,18396600,0.05
2025-05-07,1.7699999809265137,1.8600000143051147,1.7699999809265137,1.8600000143051147,1.7496390342712402,27403300,
2025-05-08,1.8600000143051147,1.8600000143051147,1.8300000429153442,1.840000033378601,1.7308257818222046,11703900,
2025-05-09,1.850000023841858,1.9199999570846558,1.850000023841858,1.8799999952316284,1.7684524059295654,35753000,
2025-05-13,1.909999966621399,1.940000057220459,1.8899999856948853,1.9299999475479126,1.8154855966567993,24925300,
2025-05-14,1.9199999570846558,1.9199999570846558,1.850000023841858,1.8799999952316284,1.7684524059295654,35705700,
2025-05-15,1.8799999952316284,1.909999966621399,1.840000033378601,1.8899999856948853,1.777859091758728,24606200,
2025-05-16,1.8899999856948853,1.899999976158142,1.8600000143051147,1.899999976158142,1.787265658378601,12795200,
2025-05-19,1.899999976158142,1.899999976158142,1.7999999523162842,1.8300000429153442,1.721419095993042,21235300,
2025-05-20,1.840000033378601,1.840000033378601,1.7899999618530273,1.7899999618530273,1.6837923526763916,11425900,
2025-05-21,1.7899999618530273,1.7999999523162842,1.659999966621399,1.6799999475479126,1.5803190469741821,55476100,
2025-05-22,1.6799999475479126,1.6799999475479126,1.3899999856948853,1.4700000286102295,1.3827792406082153,126788700,
2025-05-23,1.4600000381469727,1.5299999713897705,1.4500000476837158,1.4800000190734863,1.392185926437378,56018900,
2025-05-26,1.4900000095367432,1.5099999904632568,1.4500000476837158,1.4700000286102295,1.3827792406082153,44655800,
2025-05-27,1.4800000190734863,1.5800000429153442,1.4700000286102295,1.5399999618530273,1.448625922203064,54401100,
2025-05-28,1.5399999618530273,1.5700000524520874,1.5299999713897705,1.559999942779541,1.4674391746520996,32216300,
2025-05-29,1.559999942779541,1.6399999856948853,1.5499999523162842,1.6299999952316284,1.5332857370376587,46379500,
2025-05-30,1.6200000047683716,1.6299999952316284,1.559999942779541,1.559999942779541,1.4674391746520996,19442500,
2025-06-04,1.559999942779541,1.6200000047683716,1.5399999618530273,1.590000033378601,1.4956592321395874,29719600,
2025-06-05,1.600000023841858,1.6399999856948853,1.5700000524520874,1.6200000047683716,1.5238792896270752,22190800,
2025-06-06,1.6299999952316284,1.659999966621399,1.6299999952316284,1.6399999856948853,1.5426924228668213,28123000,
2025-06-09,1.6399999856948853,1.690000057220459,1.6200000047683716,1.690000057220459,1.5897258520126343,32907700,
2025-06-10,1.6799999475479126,1.7200000286102295,1.6299999952316284,1.659999966621399,1.5615057945251465,52628800,
2025-06-11,1.659999966621399,1.7300000190734863,1.659999966621399,1.7300000190734863,1.6273525953292847,43777500,
2025-06-12,1.7300000190734863,1.7400000095367432,1.6699999570846558,1.6699999570846558,1.570912480354309,30130700,
2025-06-13,1.649999976158142,1.6699999570846558,1.6399999856948853,1.649999976158142,1.5520992279052734,13387800,
2025-06-16,1.659999966621399,1.6699999570846558,1.590000033378601,1.6200000047683716,1.5238792896270752,19685800,
2025-06-17,1.6200000047683716,1.6399999856948853,1.6100000143051147,1.6100000143051147,1.5144726037979126,5866400,
2025-06-18,1.5700000524520874,1.600000023841858,1.5499999523162842,1.5499999523162842,1.458032488822937,23190400,
2025-06-19,1.5399999618530273,1.5499999523162842,1.5099999904632568,1.5399999618530273,1.448625922203064,10038900,
2025-06-20,1.5399999618530273,1.5499999523162842,1.4700000286102295,1.4700000286102295,1.3827792406082153,50768200,
2025-06-23,1.4700000286102295,1.4700000286102295,1.4199999570846558,1.440000057220459,1.354559302330017,13411700,
2025-06-24,1.4500000476837158,1.5299999713897705,1.4500000476837158,1.5299999713897705,1.4392192363739014,19549100,
2025-06-25,1.5199999809265137,1.5299999713897705,1.4600000381469727,1.5199999809265137,1.4298124313354492,18615000,
2025-06-26,1.5299999713897705,1.559999942779541,1.5199999809265137,1.5399999618530273,1.448625922203064,11147800,
2025-06-27,1.5399999618530273,1.5399999618530273,1.4900000095367432,1.5,1.4109992980957031,8672700,
2025-06-30,1.5099999904632568,1.5199999809265137,1.4900000095367432,1.5199999809265137,1.4298124313354492,11959700,
2025-07-01,1.5299999713897705,1.5399999618530273,1.4900000095367432,1.5399999618530273,1.448625922203064,7690100,
2025-07-02,1.5299999713897705,1.5299999713897705,1.4900000095367432,1.5199999809265137,1.4298124313354492,11575700,
2025-07-03,1.5199999809265137,1.590000033378601,1.5199999809265137,1.5800000429153442,1.4862525463104248,18183000,
2025-07-04,1.5800000429153442,1.590000033378601,1.5499999523162842,1.5499999523162842,1.458032488822937,8474800,
2025-07-07,1.559999942779541,1.559999942779541,1.4800000190734863,1.5,1.4109992980957031,21593000,
2025-07-08,1.4800000190734863,1.5399999618530273,1.4700000286102295,1.5199999809265137,1.4298124313354492,9369700,
2025-07-09,1.5199999809265137,1.5800000429153442,1.5199999809265137,1.5499999523162842,1.458032488822937,15322200,
2025-07-11,1.5499999523162842,1.5700000524520874,1.5299999713897705,1.5299999713897705,1.4392192363739014,6815200,
2025-07-14,1.5399999618530273,1.590000033378601,1.5299999713897705,1.590000033378601,1.4956592321395874,14786800,
2025-07-15,1.590000033378601,1.659999966621399,1.590000033378601,1.659999966621399,1.5615057945251465,31269900,
2025-07-16,1.659999966621399,1.6699999570846558,1.6100000143051147,1.6100000143051147,1.5144726037979126,16695200,
2025-07-17,1.6200000047683716,1.6699999570846558,1.6200000047683716,1.659999966621399,1.5615057945251465,15479000,
2025-07-18,1.6799999475479126,1.7200000286102295,1.649999976158142,1.6799999475479126,1.5803190469741821,30105500,
2025-07-21,1.6799999475479126,1.7000000476837158,1.659999966621399,1.690000057220459,1.5897258520126343,10241100,
2025-07-22,1.690000057220459,1.7000000476837158,1.659999966621399,1.6699999570846558,1.570912480354309,12783900,
2025-07-23,1.6699999570846558,1.7300000190734863,1.6699999570846558,1.7200000286102295,1.617945909500122,16999900,
2025-07-24,1.7100000381469727,1.7599999904632568,1.7000000476837158,1.7300000190734863,1.6273525953292847,17232800,
2025-07-25,1.7300000190734863,1.7300000190734863,1.690000057220459,1.7000000476837158,1.5991325378417969,12053200,
2025-07-29,1.7100000381469727,1.7300000190734863,1.6799999475479126,1.7300000190734863,1.6273525953292847,15954500,
2025-07-30,1.7400000095367432,1.7699999809265137,1.7200000286102295,1.7599999904632568,1.6555724143981934,23224400,
2025-07-31,1.7599999904632568,1.7899999618530273,1.7400000095367432,1.75,1.6461657285690308,12035200,
2025-08-01,1.75,1.7699999809265137,1.7100000381469727,1.7100000381469727,1.60853910446167,9096200,
2025-08-04,1.7000000476837158,1.7799999713897705,1.6799999475479126,1.7699999809265137,1.664979100227356,15853600,
2025-08-05,1.7799999713897705,1.850000023841858,1.7799999713897705,1.850000023841858,1.7402324676513672,28548600,
2025-08-06,1.850000023841858,1.8700000047683716,1.8300000429153442,1.8300000429153442,1.721419095993042,14422800,
2025-08-07,1.840000033378601,1.850000023841858,1.809999942779541,1.8200000524520874,1.7120124101638794,8041600,
2025-08-08,1.8200000524520874,1.840000033378601,1.7799999713897705,1.809999942779541,1.7026057243347168,16757000,
2025-08-13,1.8200000524520874,1.840000033378601,1.7899999618530273,1.8300000429153442,1.721419095993042,15776600,
2025-08-14,1.8200000524520874,1.840000033378601,1.7799999713897705,1.7799999713897705,1.6743857860565186,6922900,
2025-08-15,1.7300000190734863,1.7300000190734863,1.659999966621399,1.6799999475479126,1.5803190469741821,36428000,
2025-08-18,1.690000057220459,1.7100000381469727,1.649999976158142,1.6699999570846558,1.570912480354309,12049700,
2025-08-19,1.659999966621399,1.6799999475479126,1.649999976158142,1.659999966621399,1.5615057945251465,3430200,
2025-08-20,1.6699999570846558,1.6799999475479126,1.6399999856948853,1.6699999570846558,1.570912480354309,6386300,
2025-08-21,1.6799999475479126,1.690000057220459,1.659999966621399,1.659999966621399,1.5615057945251465,6342100,
2025-08-22,1.659999966621399,1.6699999570846558,1.6299999952316284,1.6399999856948853,1.5426924228668213,18564100,
2025-08-25,1.6399999856948853,1.659999966621399,1.6299999952316284,1.6399999856948853,1.5426924228668213,5345500,
2025-08-26,1.649999976158142,1.649999976158142,1.6100000143051147,1.6100000143051147,1.5144726037979126,11559300,
2025-08-27,1.6100000143051147,1.6200000047683716,1.5800000429153442,1.5800000429153442,1.5049476623535156,9108200,0.02
2025-08-28,1.590000033378601,1.6100000143051147,1.5800000429153442,1.600000023841858,1.5239975452423096,9838200,
2025-08-29,1.6100000143051147,1.6200000047683716,1.5800000429153442,1.5800000429153442,1.5049476623535156,7590100,
2025-09-01,1.590000033378601,1.6200000047683716,1.5700000524520874,1.5800000429153442,1.5049476623535156,10932800,
2025-09-02,1.590000033378601,1.6399999856948853,1.5700000524520874,1.6299999952316284,1.55257248878479,19686500,
2025-09-03,1.6299999952316284,1.6399999856948853,1.6200000047683716,1.6299999952316284,1.55257248878479,9809400,
2025-09-04,1.649999976158142,1.6799999475479126,1.6299999952316284,1.6399999856948853,1.562097430229187,16476100,
2025-09-05,1.6399999856948853,1.6699999570846558,1.6299999952316284,1.6699999570846558,1.5906723737716675,12915000,
2025-09-08,1.6799999475479126,1.690000057220459,1.659999966621399,1.6799999475479126,1.600197434425354,8767400,
2025-09-09,1.7000000476837158,1.7200000286102295,1.690000057220459,1.7200000286102295,1.638297438621521,18012600,
2025-09-10,1.7200000286102295,1.7200000286102295,1.7000000476837158,1.7100000381469727,1.6287723779678345,6977700,
2025-09-11,1.7100000381469727,1.7200000286102295,1.6799999475479126,1.6799999475479126,1.600197434425354,22948400,
2025-09-12,1.6799999475479126,1.7000000476837158,1.6799999475479126,1.6799999475479126,1.600197434425354,10040400,
2025-09-15,1.690000057220459,1.7000000476837158,1.6699999570846558,1.690000057220459,1.6097224950790405,9213800,
2025-09-16,1.690000057220459,1.7599999904632568,1.690000057220459,1.7400000095367432,1.657347321510315,25996500,
2025-09-17,1.75,1.75,1.7000000476837158,1.7000000476837158,1.6192474365234375,19342700,
2025-09-18,1.7100000381469727,1.7200000286102295,1.6799999475479126,1.7000000476837158,1.6192474365234375,11631500,
2025-09-19,1.7000000476837158,1.7200000286102295,1.690000057220459,1.7100000381469727,1.6287723779678345,16637000,
2025-09-22,1.7100000381469727,1.7100000381469727,1.6399999856948853,1.6399999856948853,1.562097430229187,18396600,
2025-09-23,1.6399999856948853,1.6399999856948853,1.600000023841858,1.600000023841858,1.5239975452423096,13523000,
2025-09-24,1.600000023841858,1.6699999570846558,1.600000023841858,1.6200000047683716,1.543047547340393,12415600,
2025-09-25,1.6200000047683716,1.6299999952316284,1.600000023841858,1.6200000047683716,1.543047547340393,14791200,
2025-09-26,1.6100000143051147,1.6200000047683716,1.600000023841858,1.6100000143051147,1.533522605895996,10013600,
2025-09-29,1.6200000047683716,1.6399999856948853,1.6100000143051147,1.6200000047683716,1.543047547340393,7640700,
2025-09-30,1.6200000047683716,1.6399999856948853,1.590000033378601,1.590000033378601,1.5144726037979126,8938900,
2025-10-01,1.590000033378601,1.600000023841858,1.5700000524520874,1.590000033378601,1.5144726037979126,11050600,
2025-10-02,1.590000033378601,1.600000023841858,1.5800000429153442,1.590000033378601,1.5144726037979126,12981800,
2025-10-03,1.600000023841858,1.600000023841858,1.559999942779541,1.559999942779541,1.4858975410461426,15265400,
2025-10-06,1.5700000524520874,1.5800000429153442,1.5299999713897705,1.5399999618530273,1.4668476581573486,13389500,
2025-10-07,1.5399999618530273,1.5399999618530273,1.5399999618530273,1.5399999618530273,1.4668476581573486,0,
2025-10-08,1.600000023841858,1.649999976158142,1.5700000524520874,1.5700000524520874,1.4954227209091187,36767500,
2025-10-09,1.5800000429153442,1.6200000047683716,1.5800000429153442,1.600000023841858,1.5239975452423096,14698800,
2025-10-10,1.6200000047683716,1.649999976158142,1.600000023841858,1.6200000047683716,1.543047547340393,14237000,
2025-10-14,1.6299999952316284,1.6399999856948853,1.590000033378601,1.590000033378601,1.5144726037979126,15796700,
2025-10-15,1.590000033378601,1.7200000286102295,1.5800000429153442,1.7200000286102295,1.638297438621521,74912500,
2025-10-16,1.649999976158142,1.6799999475479126,1.590000033378601,1.600000023841858,1.5239975452423096,30463100,
2025-10-17,1.6100000143051147,1.6200000047683716,1.5700000524520874,1.5800000429153442,1.5049476623535156,9609100,
2025-10-20,1.5800000429153442,1.590000033378601,1.5700000524520874,1.5700000524520874,1.4954227209091187,4106600,
2025-10-21,1.5700000524520874,1.5700000524520874,1.5399999618530273,1.5499999523162842,1.4763725996017456,13055600,
2025-10-22,1.5499999523162842,1.5700000524520874,1.5499999523162842,1.5499999523162842,1.4763725996017456,12645200,
2025-10-24,1.559999942779541,1.590000033378601,1.5399999618530273,1.5399999618530273,1.4668476581573486,11747900,
2025-10-27,1.5499999523162842,1.5700000524520874,1.5399999618530273,1.5499999523162842,1.4763725996017456,7508700,
2025-10-28,1.5499999523162842,1.559999942779541,1.5399999618530273,1.559999942779541,1.4858975410461426,4924300,
2025-10-29,1.559999942779541,1.5700000524520874,1.5499999523162842,1.5499999523162842,1.4763725996017456,3068900,
2025-10-30,1.5499999523162842,1.559999942779541,1.5399999618530273,1.559999942779541,1.4858975410461426,9824400,
2025-10-31,1.559999942779541,1.5700000524520874,1.5399999618530273,1.5700000524520874,1.4954227209091187,4703400,
2025-11-03,1.5700000524520874,1.590000033378601,1.5499999523162842,1.5700000524520874,1.4954227209091187,9387300,
2025-11-04,1.5700000524520874,1.5700000524520874,1.5399999618530273,1.5399999618530273,1.4668476581573486,5473100,
2025-11-05,1.5499999523162842,1.5499999523162842,1.5099999904632568,1.5099999904632568,1.4382727146148682,5575300,
2025-11-06,1.5199999809265137,1.5399999618530273,1.5099999904632568,1.5299999713897705,1.4573227167129517,2580400,
2025-11-07,1.5299999713897705,1.5299999713897705,1.5099999904632568,1.5099999904632568,1.4382727146148682,3194800,
2025-11-10,1.5099999904632568,1.5199999809265137,1.4900000095367432,1.4900000095367432,1.4192227125167847,9675500,
2025-11-11,1.5,1.5099999904632568,1.4700000286102295,1.5099999904632568,1.4382727146148682,7105600,
2025-11-12,1.5099999904632568,1.5299999713897705,1.4800000190734863,1.4800000190734863,1.4096977710723877,8968700,
2025-11-13,1.4900000095367432,1.5299999713897705,1.4800000190734863,1.5099999904632568,1.4382727146148682,11918800,
2025-11-14,1.5,1.5099999904632568,1.4800000190734863,1.5,1.4287477731704712,14003400,
2025-11-17,1.5,1.5,1.4600000381469727,1.4600000381469727,1.3906477689743042,12547400,
2025-11-18,1.4600000381469727,1.4700000286102295,1.409999966621399,1.409999966621399,1.3430227041244507,11363900,
2025-11-19,1.4299999475479126,1.4299999475479126,1.3899999856948853,1.399999976158142,1.3334977626800537,17145800,
2025-11-20,1.409999966621399,1.4299999475479126,1.399999976158142,1.4199999570846558,1.3525477647781372,2770800,
2025-11-21,1.4199999570846558,1.5199999809265137,1.409999966621399,1.4800000190734863,1.4096977710723877,18669300,
2025-11-24,1.4800000190734863,1.5199999809265137,1.4800000190734863,1.4900000095367432,1.4192227125167847,7977800,
2025-11-25,1.5099999904632568,1.559999942779541,1.5,1.559999942779541,1.4858975410461426,8067000,
2025-11-26,1.559999942779541,1.559999942779541,1.5199999809265137,1.5499999523162842,1.4763725996017456,5550600,
2025-11-27,1.5399999618530273,1.5700000524520874,1.5399999618530273,1.5499999523162842,1.4763725996017456,8623900,
2025-11-28,1.5499999523162842,1.5499999523162842,1.5299999713897705,1.5399999618530273,1.4668476581573486,2580100,
2025-12-01,1.5299999713897705,1.5399999618530273,1.5199999809265137,1.5399999618530273,1.4668476581573486,3812900,
2025-12-02,1.5299999713897705,1.5800000429153442,1.5199999809265137,1.5700000524520874,1.4954227209091187,15516800,
2025-12-03,1.5700000524520874,1.590000033378601,1.559999942779541,1.559999942779541,1.4858975410461426,12890300,
2025-12-04,1.5800000429153442,1.590000033378601,1.5499999523162842,1.5499999523162842,1.4763725996017456,4603300,
2025-12-08,1.5499999523162842,1.559999942779541,1.5299999713897705,1.5399999618530273,1.4668476581573486,5472700,
2025-12-09,1.5399999618530273,1.5499999523162842,1.5299999713897705,1.5399999618530273,1.4668476581573486,3705700,
2025-12-11,1.5399999618530273,1.5499999523162842,1.5199999809265137,1.5299999713897705,1.4573227167129517,2887900,
2025-12-12,1.5199999809265137,1.590000033378601,1.5199999809265137,1.5800000429153442,1.5049476623535156,17171700,
2025-12-15,1.5800000429153442,1.590000033378601,1.5499999523162842,1.559999942779541,1.4858975410461426,11702100,
2025-12-16,1.559999942779541,1.559999942779541,1.5199999809265137,1.5299999713897705,1.4573227167129517,14011500,
2025-12-17,1.5399999618530273,1.559999942779541,1.5299999713897705,1.5399999618530273,1.4668476581573486,7156500,
2025-12-18,1.5399999618530273,1.559999942779541,1.5,1.5,1.4287477731704712,11441900,
2025-12-19,1.5,1.5099999904632568,1.4900000095367432,1.5099999904632568,1.4382727146148682,6031500,
2025-12-22,1.5099999904632568,1.5099999904632568,1.5,1.5099999904632568,1.4382727146148682,3060500,
2025-12-23,1.5,1.5099999904632568,1.4900000095367432,1.4900000095367432,1.4192227125167847,5761100,
2025-12-24,1.4900000095367432,1.5099999904632568,1.4900000095367432,1.5099999904632568,1.4382727146148682,12971600,
2025-12-25,1.5,1.5099999904632568,1.4900000095367432,1.5,1.4287477731704712,6202100,
2025-12-26,1.4900000095367432,1.5199999809265137,1.4900000095367432,1.5,1.4287477731704712,5706900,
2025-12-29,1.5,1.5,1.4600000381469727,1.4700000286102295,1.4001728296279907,14820100,
2025-12-30,1.4700000286102295,1.5,1.4700000286102295,1.5,1.4287477731704712,10628600,
2026-01-05,1.5,1.5099999904632568,1.4900000095367432,1.4900000095367432,1.4192227125167847,6008200,
2026-01-06,1.5099999904632568,1.5099999904632568,1.4600000381469727,1.4600000381469727,1.3906477689743042,18560400,
2026-01-07,1.4600000381469727,1.5700000524520874,1.4600000381469727,1.5499999523162842,1.4763725996017456,40115400,
2026-01-08,1.5299999713897705,1.5499999523162842,1.5099999904632568,1.5199999809265137,1.4477976560592651,8830400,
2026-01-09,1.5299999713897705,1.5299999713897705,1.5,1.5099999904632568,1.4382727146148682,11582100,
2026-01-12,1.5199999809265137,1.5199999809265137,1.440000057220459,1.4700000286102295,1.4001728296279907,23566900,
2026-01-13,1.4700000286102295,1.4800000190734863,1.4299999475479126,1.4299999475479126,1.3620727062225342,15907700,
2026-01-14,1.4299999475479126,1.4600000381469727,1.4299999475479126,1.4600000381469727,1.3906477689743042,12871400,
2026-01-15,1.4600000381469727,1.5199999809265137,1.4500000476837158,1.5199999809265137,1.4477976560592651,21332800,
2026-01-16,1.5099999904632568,1.5299999713897705,1.5,1.5299999713897705,1.4573227167129517,8461000,
2026-01-19,1.5299999713897705,1.5499999523162842,1.5199999809265137,1.5399999618530273,1.4668476581573486,7355900,
2026-01-20,1.5399999618530273,1.590000033378601,1.5399999618530273,1.5800000429153442,1.5049476623535156,22625700,
2026-01-21,1.590000033378601,1.6100000143051147,1.5700000524520874,1.600000023841858,1.5239975452423096,18415300,
2026-01-22,1.6100000143051147,1.6200000047683716,1.5700000524520874,1.590000033378601,1.5144726037979126,10561000,
2026-01-23,1.590000033378601,1.600000023841858,1.5499999523162842,1.559999942779541,1.4858975410461426,5422900,
2026-01-26,1.559999942779541,1.5700000524520874,1.5399999618530273,1.5499999523162842,1.4763725996017456,5722800,
2026-01-27,1.5499999523162842,1.559999942779541,1.5299999713897705,1.559999942779541,1.4858975410461426,10171100,
2026-01-28,1.5700000524520874,1.5800000429153442,1.5299999713897705,1.5299999713897705,1.4573227167129517,8900100,
2026-01-29,1.5299999713897705,1.5800000429153442,1.5299999713897705,1.5700000524520874,1.4954227209091187,17427900,
2026-01-30,1.5700000524520874,1.5700000524520874,1.5399999618530273,1.5700000524520874,1.4954227209091187,4985300,
2026-02-02,1.5700000524520874,1.5700000524520874,1.5399999618530273,1.5399999618530273,1.4668476581573486,5936700,
2026-02-03,1.5499999523162842,1.590000033378601,1.5499999523162842,1.5800000429153442,1.5049476623535156,17905900,
2026-02-04,1.590000033378601,1.590000033378601,1.5700000524520874,1.5800000429153442,1.5049476623535156,5977500,
2026-02-05,1.5800000429153442,1.6200000047683716,1.5700000524520874,1.5800000429153442,1.5049476623535156,21730600,
2026-02-06,1.5800000429153442,1.6799999475479126,1.5800000429153442,1.6299999952316284,1.55257248878479,52640200,
2026-02-09,1.649999976158142,1.649999976158142,1.600000023841858,1.6200000047683716,1.543047547340393,28663100,
2026-02-10,1.6200000047683716,1.649999976158142,1.6100000143051147,1.649999976158142,1.5716224908828735,18330300,
2026-02-11,1.6399999856948853,1.649999976158142,1.6100000143051147,1.6200000047683716,1.543047547340393,29419800,
2026-02-12,1.6100000143051147,1.6699999570846558,1.6100000143051147,1.649999976158142,1.5716224908828735,21252100,
2026-02-13,1.649999976158142,1.6799999475479126,1.6200000047683716,1.6200000047683716,1.543047547340393,29441600,
2026-02-16,1.6399999856948853,1.690000057220459,1.6399999856948853,1.6699999570846558,1.5906723737716675,28891200,
2026-02-17,1.6799999475479126,1.690000057220459,1.649999976158142,1.6799999475479126,1.600197434425354,46664700,
2026-02-18,1.6699999570846558,1.7000000476837158,1.6699999570846558,1.6799999475479126,1.600197434425354,25448500,
2026-02-19,1.690000057220459,1.7400000095367432,1.6799999475479126,1.7300000190734863,1.647822380065918,37031700,
2026-02-20,1.75,1.7699999809265137,1.7000000476837158,1.7400000095367432,1.657347321510315,47012800,
2026-02-23,1.7400000095367432,1.75,1.6799999475479126,1.7200000286102295,1.638297438621521,39022400,
2026-02-24,1.7000000476837158,1.75,1.6799999475479126,1.75,1.666872262954712,29101700,
2026-02-25,1.75,1.7599999904632568,1.7300000190734863,1.7599999904632568,1.6763973236083984,14362400,
2026-02-26,1.7599999904632568,1.7799999713897705,1.7300000190734863,1.7400000095367432,1.657347321510315,19589400,
2026-02-27,1.6799999475479126,1.7100000381469727,1.6399999856948853,1.649999976158142,1.5716224908828735,63454200,
2026-03-02,1.5800000429153442,1.6100000143051147,1.5499999523162842,1.5499999523162842,1.4763725996017456,30482100,
2026-03-04,1.5199999809265137,1.5199999809265137,1.4500000476837158,1.4700000286102295,1.4001728296279907,30506400,
2026-03-05,1.5099999904632568,1.5299999713897705,1.4600000381469727,1.5,1.4287477731704712,24013300,
2026-03-06,1.4700000286102295,1.5,1.4700000286102295,1.4800000190734863,1.4096977710723877,10393300,
2026-03-09,1.4500000476837158,1.4600000381469727,1.4199999570846558,1.4600000381469727,1.3906477689743042,22907200,
2026-03-10,1.4800000190734863,1.4900000095367432,1.4600000381469727,1.4700000286102295,1.4001728296279907,21627300,
2026-03-11,1.4800000190734863,1.4900000095367432,1.4700000286102295,1.4800000190734863,1.4096977710723877,10740700,
2026-03-12,1.4800000190734863,1.4900000095367432,1.4600000381469727,1.4900000095367432,1.4192227125167847,15649600,
2026-03-13,1.4900000095367432,1.4900000095367432,1.4700000286102295,1.4800000190734863,1.4096977710723877,13144400,
2026-03-16,1.4800000190734863,1.4800000190734863,1.4600000381469727,1.4600000381469727,1.3906477689743042,7808500,
2026-03-17,1.4700000286102295,1.4800000190734863,1.4700000286102295,1.4800000190734863,1.4096977710723877,9563400,
2026-03-18,1.4800000190734863,1.4900000095367432,1.4600000381469727,1.4700000286102295,1.4001728296279907,15262200,
2026-03-19,1.4600000381469727,1.4700000286102295,1.4299999475479126,1.4299999475479126,1.3620727062225342,14102400,
2026-03-20,1.440000057220459,1.4500000476837158,1.4299999475479126,1.4299999475479126,1.3620727062225342,13368200,
2026-03-23,1.409999966621399,1.4199999570846558,1.3600000143051147,1.3600000143051147,1.2953978776931763,51784800,
2026-03-24,1.3799999952316284,1.3899999856948853,1.3600000143051147,1.3700000047683716,1.3049228191375732,14211100,
2026-03-25,1.3799999952316284,1.4299999475479126,1.3700000047683716,1.4299999475479126,1.3620727062225342,34367000,
2026-03-26,1.409999966621399,1.409999966621399,1.3899999856948853,1.399999976158142,1.3334977626800537,10134400,
2026-03-27,1.399999976158142,1.4299999475479126,1.399999976158142,1.409999966621399,1.3430227041244507,11104500,
2026-03-30,1.3799999952316284,1.4199999570846558,1.3799999952316284,1.4199999570846558,1.3525477647781372,5296200,
2026-03-31,1.409999966621399,1.4199999570846558,1.399999976158142,1.409999966621399,1.3430227041244507,23115000,
2026-04-01,1.4299999475479126,1.4600000381469727,1.4199999570846558,1.4500000476837158,1.3811227083206177,33568400,
2026-04-02,1.4500000476837158,1.4500000476837158,1.4299999475479126,1.440000057220459,1.3715977668762207,7654100,
2026-04-03,1.4500000476837158,1.4500000476837158,1.4199999570846558,1.4199999570846558,1.3525477647781372,10672400,
2026-04-07,1.4199999570846558,1.4299999475479126,1.399999976158142,1.409999966621399,1.3430227041244507,16125300,
2026-04-08,1.4299999475479126,1.440000057220459,1.4199999570846558,1.4299999475479126,1.3620727062225342,34630700,
2026-04-09,1.4299999475479126,1.4299999475479126,1.399999976158142,1.409999966621399,1.3430227041244507,8282500,
2026-04-10,1.409999966621399,1.4199999570846558,1.3899999856948853,1.399999976158142,1.3334977626800537,19820100,
2026-04-16,1.409999966621399,1.4299999475479126,1.399999976158142,1.4199999570846558,1.3525477647781372,10689000,
2026-04-17,1.4199999570846558,1.440000057220459,1.399999976158142,1.4199999570846558,1.3525477647781372,16902300,
2026-04-20,1.4199999570846558,1.4199999570846558,1.399999976158142,1.409999966621399,1.3430227041244507,6445300,
2026-04-21,1.409999966621399,1.4299999475479126,1.399999976158142,1.4299999475479126,1.3620727062225342,15151000,
2026-04-22,1.4299999475479126,1.4299999475479126,1.409999966621399,1.409999966621399,1.3430227041244507,8229400,
2026-04-23,1.409999966621399,1.4199999570846558,1.399999976158142,1.399999976158142,1.3334977626800537,10814000,
2026-04-24,1.409999966621399,1.409999966621399,1.399999976158142,1.399999976158142,1.3334977626800537,5570300,
2026-04-27,1.409999966621399,1.4199999570846558,1.409999966621399,1.4199999570846558,1.3525477647781372,3198700,
2026-04-28,1.4199999570846558,1.4299999475479126,1.399999976158142,1.409999966621399,1.3430227041244507,6117900,
2026-04-29,1.409999966621399,1.440000057220459,1.409999966621399,1.4299999475479126,1.3620727062225342,18949900,
2026-04-30,1.4299999475479126,1.4500000476837158,1.4299999475479126,1.4299999475479126,1.3620727062225342,13507600,
2026-05-01,1.4299999475479126,1.4299999475479126,1.4299999475479126,1.4299999475479126,1.3620727062225342,0,
2026-05-04,1.4299999475479126,1.4299999475479126,1.4299999475479126,1.4299999475479126,1.3620727062225342,0,
2026-05-05,1.4299999475479126,1.440000057220459,1.4199999570846558,1.4199999570846558,1.3525477647781372,14442700,
2026-05-06,1.3799999952316284,1.4199999570846558,1.3799999952316284,1.409999966621399,1.3920382261276245,18932900,0.05
2026-05-07,1.4199999570846558,1.4299999475479126,1.399999976158142,1.399999976158142,1.3821656703948975,8409700,
2026-05-08,1.399999976158142,1.399999976158142,1.3899999856948853,1.399999976158142,1.3821656703948975,5969100,
2026-05-11,1.3899999856948853,1.399999976158142,1.3700000047683716,1.3799999952316284,1.3624204397201538,14544900,
2026-05-12,1.3799999952316284,1.3899999856948853,1.3600000143051147,1.3600000143051147,1.3426752090454102,14186400,
2026-05-13,1.3600000143051147,1.3600000143051147,1.3300000429153442,1.3300000429153442,1.3130574226379395,28436200,
2026-05-14,1.3600000143051147,1.399999976158142,1.3600000143051147,1.399999976158142,1.3821656703948975,31144800,
2026-05-15,1.399999976158142,1.399999976158142,1.3600000143051147,1.3700000047683716,1.3525477647781372,23596400,
2026-05-18,1.3700000047683716,1.3700000047683716,1.350000023841858,1.350000023841858,1.332802653312683,7164300,
2026-05-19,1.350000023841858,1.3600000143051147,1.3300000429153442,1.3300000429153442,1.3130574226379395,32315100,
2026-05-20,1.340000033378601,1.3700000047683716,1.3300000429153442,1.3700000047683716,1.3525477647781372,17997100,
2026-05-21,1.3600000143051147,1.3799999952316284,1.3600000143051147,1.3600000143051147,1.3426752090454102,18205100,
2026-05-22,1.3700000047683716,1.3899999856948853,1.3700000047683716,1.3700000047683716,1.3525477647781372,24858000,
2026-05-25,1.3799999952316284,1.409999966621399,1.3600000143051147,1.3700000047683716,1.3525477647781372,64313500,
2026-05-26,1.3700000047683716,1.3799999952316284,1.3600000143051147,1.3700000047683716,1.3525477647781372,38509300,
2026-05-27,1.3799999952316284,1.399999976158142,1.3600000143051147,1.3799999952316284,1.3624204397201538,59136300,
2026-05-28,1.3899999856948853,1.4700000286102295,1.3799999952316284,1.4700000286102295,1.4512739181518555,125211300,
2026-05-29,1.4800000190734863,1.4900000095367432,1.440000057220459,1.440000057220459,1.4216561317443848,62178400,
2026-06-01,1.440000057220459,1.440000057220459,1.440000057220459,1.440000057220459,1.4216561317443848,0,
2026-06-02,1.440000057220459,1.440000057220459,1.399999976158142,1.4199999570846558,1.4019107818603516,58786900,
2026-06-03,1.4199999570846558,1.4199999570846558,1.4199999570846558,1.4199999570846558,1.4019107818603516,0,
2026-06-04,1.4199999570846558,1.4500000476837158,1.409999966621399,1.440000057220459,1.4216561317443848,45028200,
2026-06-05,1.440000057220459,1.4800000190734863,1.4299999475479126,1.4299999475479126,1.4117834568023682,61627600,
2026-06-08,1.4199999570846558,1.4700000286102295,1.4199999570846558,1.4299999475479126,1.4117834568023682,61518300,
2026-06-09,1.4299999475479126,1.440000057220459,1.399999976158142,1.409999966621399,1.3920382261276245,34749800,
2026-06-10,1.399999976158142,1.4199999570846558,1.3899999856948853,1.399999976158142,1.3821656703948975,25399000,
2026-06-11,1.3899999856948853,1.4299999475479126,1.3899999856948853,1.409999966621399,1.3920382261276245,24071500,
2026-06-12,1.4199999570846558,1.440000057220459,1.409999966621399,1.4299999475479126,1.4117834568023682,29552400,
2026-06-15,1.440000057220459,1.4500000476837158,1.4199999570846558,1.4500000476837158,1.4315288066864014,31991400,
2026-06-16,1.4500000476837158,1.4800000190734863,1.440000057220459,1.4700000286102295,1.4512739181518555,58800500,
2026-06-17,1.4600000381469727,1.5199999809265137,1.4600000381469727,1.5,1.4808917045593262,83799000,
2026-06-18,1.5,1.5199999809265137,1.4800000190734863,1.5099999904632568,1.4907643795013428,41046200,
2026-06-19,1.5099999904632568,1.559999942779541,1.5,1.5399999618530273,1.5203821659088135,59502500,
2026-06-22,1.5299999713897705,1.5399999618530273,1.5099999904632568,1.5199999809265137,1.5006369352340698,21808100,
2026-06-23,1.5299999713897705,1.5499999523162842,1.5,1.5099999904632568,1.4907643795013428,48624400,
2026-06-24,1.5099999904632568,1.5399999618530273,1.5099999904632568,1.5399999618530273,1.5203821659088135,17701200,
2026-06-25,1.5399999618530273,1.5800000429153442,1.5399999618530273,1.5700000524520874,1.5500000715255737,46398500,
2026-06-26,1.5700000524520874,1.590000033378601,1.559999942779541,1.590000033378601,1.5697453022003174,22798400,
2026-06-29,1.590000033378601,1.6100000143051147,1.5800000429153442,1.600000023841858,1.5796178579330444,44849800,
2026-06-30,1.600000023841858,1.600000023841858,1.559999942779541,1.559999942779541,1.5401273965835571,37805400,
2026-07-01,1.559999942779541,1.590000033378601,1.559999942779541,1.590000033378601,1.5697453022003174,23754400,
2026-07-02,1.590000033378601,1.6200000047683716,1.5800000429153442,1.600000023841858,1.5796178579330444,35747600,
2026-07-03,1.6100000143051147,1.6399999856948853,1.600000023841858,1.6299999952316284,1.6092357635498047,27414100,
2026-07-06,1.6299999952316284,1.6399999856948853,1.6100000143051147,1.6299999952316284,1.6092357635498047,18216300,
2026-07-07,1.6200000047683716,1.6299999952316284,1.600000023841858,1.6299999952316284,1.6092357635498047,15743700,
2026-07-08,1.6200000047683716,1.6200000047683716,1.559999942779541,1.559999942779541,1.5401273965835571,32896100,
2026-07-09,1.5700000524520874,1.600000023841858,1.5700000524520874,1.590000033378601,1.5697453022003174,15331900,
2026-07-10,1.600000023841858,1.6299999952316284,1.590000033378601,1.6200000047683716,1.599363088607788,22039500,
2026-07-13,1.600000023841858,1.6100000143051147,1.590000033378601,1.6100000143051147,1.589490532875061,12619100,
2026-07-14,1.600000023841858,1.6299999952316284,1.5800000429153442,1.6100000143051147,1.589490532875061,29190600,
2026-07-15,1.6200000047683716,1.6399999856948853,1.6100000143051147,1.6100000143051147,1.589490532875061,16016800,
2026-07-16,1.6200000047683716,1.649999976158142,1.6200000047683716,1.6399999856948853,1.6191083192825317,36324000,
2026-07-17,1.6399999856948853,1.6399999856948853,1.6200000047683716,1.6299999952316284,1.6092357635498047,24984100,
2026-07-20,1.6200000047683716,1.6200000047683716,1.5800000429153442,1.600000023841858,1.5796178579330444,28026300,
2026-07-21,1.600000023841858,1.600000023841858,1.5499999523162842,1.5700000524520874,1.5500000715255737,52456900,
2026-07-22,1.5499999523162842,1.559999942779541,1.5099999904632568,1.5199999809265137,1.5006369352340698,45941400,
2026-07-23,1.5199999809265137,1.5399999618530273,1.5199999809265137,1.5199999809265137,1.5006369352340698,18836400,
2026-07-24,1.5199999809265137,1.5199999809265137,1.5,1.5099999904632568,1.4907643795013428,17724600,
2026-07-27,1.5199999809265137,1.5299999713897705,1.5099999904632568,1.5299999713897705,1.5105096101760864,10386600,
2026-07-28,1.5299999713897705,1.5299999713897705,1.5299999713897705,1.5299999713897705,1.5105096101760864,0,
2026-07-29,1.5299999713897705,1.5299999713897705,1.5299999713897705,1.5299999713897705,1.5105096101760864,0,
2026-07-30,1.5299999713897705,1.559999942779541,1.5199999809265137,1.5499999523162842,1.5302547216415405,35016100,
2026-07-31,1.559999942779541,1.590000033378601,1.5399999618530273,1.590000033378601,1.5697453022003174,48035100,
2026-08-03,1.600000023841858,1.600000023841858,1.559999942779541,1.5700000524520874,1.5500000715255737,36889600,
2026-08-04,1.5800000429153442,1.600000023841858,1.5499999523162842,1.559999942779541,1.5401273965835571,35849200,
2026-08-05,1.5700000524520874,1.5700000524520874,1.5399999618530273,1.5399999618530273,1.5203821659088135,31510000,
2026-08-06,1.5399999618530273,1.649999976158142,1.5399999618530273,1.6299999952316284,1.6092357635498047,75412800,
2026-08-07,1.649999976158142,1.6699999570846558,1.6399999856948853,1.649999976158142,1.6289808750152588,40222600,
2026-08-10,1.6399999856948853,1.649999976158142,1.6200000047683716,1.6399999856948853,1.6191083192825317,21322000,
2026-08-11,1.6299999952316284,1.6399999856948853,1.6100000143051147,1.6299999952316284,1.6092357635498047,19656800,
2026-08-12,1.6299999952316284,1.6299999952316284,1.6299999952316284,1.6299999952316284,1.6092357635498047,0,
2026-08-13,1.6299999952316284,1.6299999952316284,1.590000033378601,1.6100000143051147,1.589490532875061,29587300,
2026-08-14,1.6100000143051147,1.6399999856948853,1.5700000524520874,1.590000033378601,1.5697453022003174,42667500,
2026-08-17,1.590000033378601,1.590000033378601,1.5499999523162842,1.559999942779541,1.5401273965835571,28546000,
2026-08-18,1.559999942779541,1.5700000524520874,1.5499999523162842,1.559999942779541,1.5401273965835571,20120200,
2026-08-19,1.5499999523162842,1.559999942779541,1.5399999618530273,1.5499999523162842,1.5302547216415405,18878800,
2026-08-20,1.559999942779541,1.6399999856948853,1.559999942779541,1.6100000143051147,1.589490532875061,90968200,
2026-08-21,1.6200000047683716,1.659999966621399,1.600000023841858,1.600000023841858,1.5796178579330444,43112700,
2026-08-24,1.6200000047683716,1.6200000047683716,1.5800000429153442,1.5800000429153442,1.5598727464675903,18550400,
2026-08-25,1.590000033378601,1.6100000143051147,1.5800000429153442,1.5800000429153442,1.5598727464675903,15603300,
2026-08-26,1.590000033378601,1.600000023841858,1.5700000524520874,1.5700000524520874,1.5500000715255737,18849100,
2026-08-27,1.559999942779541,1.5700000524520874,1.5399999618530273,1.5499999523162842,1.5499999523162842,29319500,0.02
2026-08-28,1.5499999523162842,1.5499999523162842,1.5,1.5099999904632568,1.5099999904632568,43786000,
2026-08-31,1.5099999904632568,1.5199999809265137,1.4500000476837158,1.4500000476837158,1.4500000476837158,261588800,
2026-09-01,1.4700000286102295,1.5299999713897705,1.4600000381469727,1.5299999713897705,1.5299999713897705,97075500,
2026-09-02,1.5199999809265137,1.5299999713897705,1.5,1.5099999904632568,1.5099999904632568,51307000,
2026-09-03,1.5199999809265137,1.5700000524520874,1.5199999809265137,1.559999942779541,1.559999942779541,78181200,
2026-09-04,1.559999942779541,1.5800000429153442,1.5499999523162842,1.559999942779541,1.559999942779541,50300300,
2026-09-07,1.559999942779541,1.5700000524520874,1.5299999713897705,1.5700000524520874,1.5700000524520874,33650800,
2026-09-08,1.5700000524520874,1.5700000524520874,1.5499999523162842,1.5499999523162842,1.5499999523162842,17705900,
2026-09-09,1.5499999523162842,1.559999942779541,1.5199999809265137,1.5399999618530273,1.5399999618530273,23622800,
2026-09-10,1.5499999523162842,1.5800000429153442,1.5399999618530273,1.5700000524520874,1.5700000524520874,35306300,
2026-09-11,1.559999942779541,1.559999942779541,1.5399999618530273,1.5499999523162842,1.5499999523162842,29082900,
2026-09-14,1.5499999523162842,1.5499999523162842,1.5199999809265137,1.5399999618530273,1.5399999618530273,21936800,
2026-09-15,1.5499999523162842,1.5700000524520874,1.5399999618530273,1.5700000524520874,1.5700000524520874,26463300,
2026-09-16,1.5700000524520874,1.5800000429153442,1.5499999523162842,1.559999942779541,1.559999942779541,20256500,
2026-09-17,1.559999942779541,1.590000033378601,1.559999942779541,1.590000033378601,1.590000033378601,60667900,
2026-09-18,1.590000033378601,1.590000033378601,1.5499999523162842,1.5700000524520874,1.5700000524520874,34611500,
2026-09-21,1.5700000524520874,1.6100000143051147,1.559999942779541,1.600000023841858,1.600000023841858,45224500,
2026-09-22,1.600000023841858,1.6100000143051147,1.5800000429153442,1.600000023841858,1.600000023841858,44175700,
2026-09-23,1.600000023841858,1.6200000047683716,1.590000033378601,1.590000033378601,1.590000033378601,31279600,
2026-09-24,1.5800000429153442,1.590000033378601,1.5499999523162842,1.559999942779541,1.559999942779541,34771900,
2026-09-25,1.5700000524520874,1.600000023841858,1.559999942779541,1.5800000429153442,1.5800000429153442,56439500,
2026-09-28,1.5800000429153442,1.5800000429153442,1.5499999523162842,1.5700000524520874,1.5700000524520874,19907812,
