Date,Open,High,Low,Close,AdjClose,Volume,Dividend
2000-01-20,0.17000000178813934,0.18000000715255737,0.17000000178813934,0.17000000178813934,0.0766172707080841,37546300,
2000-01-21,0.17000000178813934,0.17000000178813934,0.17000000178813934,0.17000000178813934,0.0766172707080841,0,
2000-01-24,0.17000000178813934,0.17000000178813934,0.17000000178813934,0.17000000178813934,0.0766172707080841,0,
2000-01-25,0.17000000178813934,0.17000000178813934,0.17000000178813934,0.17000000178813934,0.0766172707080841,0,
2000-01-26,0.17000000178813934,0.17000000178813934,0.17000000178813934,0.17000000178813934,0.0766172707080841,0,
2000-01-27,0.17000000178813934,0.17000000178813934,0.17000000178813934,0.17000000178813934,0.0766172707080841,0,
2000-01-28,0.17000000178813934,0.17000000178813934,0.17000000178813934,0.17000000178813934,0.0766172707080841,0,
2000-01-31,0.17000000178813934,0.17000000178813934,0.17000000178813934,0.17000000178813934,0.0766172707080841,0,
2000-02-01,0.17000000178813934,0.17000000178813934,0.17000000178813934,0.17000000178813934,0.0766172707080841,0,
2000-02-02,0.17000000178813934,0.17000000178813934,0.17000000178813934,0.17000000178813934,0.0766172707080841,0,
2000-02-03,0.17000000178813934,0.17000000178813934,0.17000000178813934,0.17000000178813934,0.0766172707080841,0,
2000-02-04,0.17000000178813934,0.17000000178813934,0.17000000178813934,0.17000000178813934,0.0766172707080841,0,
2000-02-07,0.17000000178813934,0.17000000178813934,0.17000000178813934,0.17000000178813934,0.0766172707080841,0,
2000-02-08,0.17000000178813934,0.17000000178813934,0.17000000178813934,0.17000000178813934,0.0766172707080841,0,
2000-02-09,0.17000000178813934,0.17000000178813934,0.17000000178813934,0.17000000178813934,0.0766172707080841,0,
2000-02-10,0.17000000178813934,0.17000000178813934,0.17000000178813934,0.17000000178813934,0.0766172707080841,0,
2000-02-11,0.17000000178813934,0.17000000178813934,0.17000000178813934,0.17000000178813934,0.0766172707080841,0,
2000-02-14,0.17000000178813934,0.17000000178813934,0.17000000178813934,0.17000000178813934,0.0766172707080841,0,
2000-02-15,0.17000000178813934,0.17000000178813934,0.17000000178813934,0.17000000178813934,0.0766172707080841,0,
2000-02-16,0.18000000715255737,0.1899999976158142,0.18000000715255737,0.1899999976158142,0.08563105016946793,150185100,
2000-02-17,0.1899999976158142,0.1899999976158142,0.18000000715255737,0.18000000715255737,0.08112414181232452,815505000,
2000-02-18,0.18000000715255737,0.18000000715255737,0.18000000715255737,0.18000000715255737,0.08112414181232452,0,
2000-02-21,0.18000000715255737,0.18000000715255737,0.18000000715255737,0.18000000715255737,0.08112414181232452,0,
2000-02-22,0.18000000715255737,0.18000000715255737,0.18000000715255737,0.18000000715255737,0.08112414181232452,0,
2000-02-23,0.18000000715255737,0.18000000715255737,0.18000000715255737,0.18000000715255737,0.08112414181232452,0,
2000-02-24,0.18000000715255737,0.18000000715255737,0.18000000715255737,0.18000000715255737,0.08112414181232452,0,
2000-02-25,0.18000000715255737,0.18000000715255737,0.18000000715255737,0.18000000715255737,0.08112414181232452,0,
2000-02-28,0.18000000715255737,0.18000000715255737,0.18000000715255737,0.18000000715255737,0.08112414181232452,0,
2000-02-29,0.18000000715255737,0.18000000715255737,0.18000000715255737,0.18000000715255737,0.08112414181232452,0,
2000-03-01,0.18000000715255737,0.18000000715255737,0.18000000715255737,0.18000000715255737,0.08112414181232452,0,
2000-03-02,0.18000000715255737,0.18000000715255737,0.18000000715255737,0.18000000715255737,0.08112414181232452,0,
2000-03-03,0.1599999964237213,0.17000000178813934,0.1599999964237213,0.17000000178813934,0.0766172707080841,62427000,
2000-03-06,0.1599999964237213,0.17000000178813934,0.1599999964237213,0.17000000178813934,0.0766172707080841,255515000,
2000-03-07,0.17000000178813934,0.17000000178813934,0.17000000178813934,0.17000000178813934,0.0766172707080841,0,
2000-03-08,0.17000000178813934,0.17000000178813934,0.17000000178813934,0.17000000178813934,0.0766172707080841,0,
2000-03-09,0.17000000178813934,0.17000000178813934,0.17000000178813934,0.17000000178813934,0.0766172707080841,0,
2000-03-10,0.17000000178813934,0.17000000178813934,0.17000000178813934,0.17000000178813934,0.0766172707080841,0,
2000-03-13,0.17000000178813934,0.17000000178813934,0.17000000178813934,0.17000000178813934,0.0766172707080841,0,
2000-03-14,0.1599999964237213,0.17000000178813934,0.1599999964237213,0.17000000178813934,0.0766172707080841,296165100,
2000-03-15,0.17000000178813934,0.17000000178813934,0.17000000178813934,0.17000000178813934,0.0766172707080841,0,
2000-03-16,0.17000000178813934,0.17000000178813934,0.17000000178813934,0.17000000178813934,0.0766172707080841,0,
2000-03-17,0.17000000178813934,0.17000000178813934,0.17000000178813934,0.17000000178813934,0.0766172707080841,0,
2000-03-20,0.17000000178813934,0.17000000178813934,0.17000000178813934,0.17000000178813934,0.0766172707080841,0,
2000-03-21,0.14000000059604645,0.15000000596046448,0.14000000059604645,0.14000000059604645,0.0630965456366539,587974800,
2000-03-22,0.14000000059604645,0.14000000059604645,0.14000000059604645,0.14000000059604645,0.0630965456366539,0,
2000-03-23,0.14000000059604645,0.14000000059604645,0.14000000059604645,0.14000000059604645,0.0630965456366539,0,
2000-03-24,0.14000000059604645,0.14000000059604645,0.14000000059604645,0.14000000059604645,0.0630965456366539,0,
2000-03-27,0.14000000059604645,0.14000000059604645,0.14000000059604645,0.14000000059604645,0.0630965456366539,0,
2000-03-28,0.14000000059604645,0.14000000059604645,0.14000000059604645,0.14000000059604645,0.0630965456366539,0,
2000-03-29,0.14000000059604645,0.14000000059604645,0.14000000059604645,0.14000000059604645,0.0630965456366539,0,
2000-03-30,0.14000000059604645,0.14000000059604645,0.14000000059604645,0.14000000059604645,0.0630965456366539,0,
2000-03-31,0.14000000059604645,0.14000000059604645,0.14000000059604645,0.14000000059604645,0.0630965456366539,0,
2000-04-03,0.14000000059604645,0.14000000059604645,0.14000000059604645,0.14000000059604645,0.0630965456366539,0,
2000-04-04,0.14000000059604645,0.14000000059604645,0.14000000059604645,0.14000000059604645,0.0630965456366539,0,
2000-04-05,0.14000000059604645,0.14000000059604645,0.14000000059604645,0.14000000059604645,0.0630965456366539,0,
2000-04-06,0.14000000059604645,0.14000000059604645,0.14000000059604645,0.14000000059604645,0.0630965456366539,0,
2000-04-07,0.14000000059604645,0.14000000059604645,0.14000000059604645,0.14000000059604645,0.0630965456366539,0,
2000-04-10,0.14000000059604645,0.14000000059604645,0.14000000059604645,0.14000000059604645,0.0630965456366539,0,
2000-04-11,0.14000000059604645,0.14000000059604645,0.14000000059604645,0.14000000059604645,0.0630965456366539,0,
2000-04-12,0.14000000059604645,0.14000000059604645,0.14000000059604645,0.14000000059604645,0.0630965456366539,0,
2000-04-13,0.14000000059604645,0.14000000059604645,0.14000000059604645,0.14000000059604645,0.0630965456366539,0,
2000-04-14,0.14000000059604645,0.14000000059604645,0.14000000059604645,0.14000000059604645,0.0630965456366539,0,
2000-04-17,0.14000000059604645,0.14000000059604645,0.14000000059604645,0.14000000059604645,0.0630965456366539,0,
2000-04-18,0.14000000059604645,0.14000000059604645,0.14000000059604645,0.14000000059604645,0.0630965456366539,0,
2000-04-19,0.14000000059604645,0.14000000059604645,0.14000000059604645,0.14000000059604645,0.0630965456366539,0,
2000-04-20,0.14000000059604645,0.14000000059604645,0.14000000059604645,0.14000000059604645,0.0630965456366539,0,
2000-04-21,0.14000000059604645,0.14000000059604645,0.14000000059604645,0.14000000059604645,0.0630965456366539,0,
2000-04-24,0.14000000059604645,0.14000000059604645,0.14000000059604645,0.14000000059604645,0.0630965456366539,0,
2000-04-25,0.14000000059604645,0.14000000059604645,0.14000000059604645,0.14000000059604645,0.0630965456366539,0,
2000-04-26,0.14000000059604645,0.14000000059604645,0.14000000059604645,0.14000000059604645,0.0630965456366539,0,
2000-04-27,0.14000000059604645,0.14000000059604645,0.14000000059604645,0.14000000059604645,0.0630965456366539,0,
2000-04-28,0.14000000059604645,0.14000000059604645,0.14000000059604645,0.14000000059604645,0.0630965456366539,0,
2000-05-01,0.14000000059604645,0.14000000059604645,0.14000000059604645,0.14000000059604645,0.0630965456366539,0,
2000-05-02,0.14000000059604645,0.14000000059604645,0.14000000059604645,0.14000000059604645,0.0630965456366539,0,
2000-05-03,0.14000000059604645,0.14000000059604645,0.14000000059604645,0.14000000059604645,0.0630965456366539,0,
2000-05-04,0.14000000059604645,0.14000000059604645,0.14000000059604645,0.14000000059604645,0.0630965456366539,0,
2000-05-05,0.14000000059604645,0.14000000059604645,0.14000000059604645,0.14000000059604645,0.0630965456366539,0,
2000-05-08,0.14000000059604645,0.14000000059604645,0.14000000059604645,0.14000000059604645,0.0630965456366539,0,
2000-05-09,0.14000000059604645,0.14000000059604645,0.14000000059604645,0.14000000059604645,0.0630965456366539,0,
2000-05-10,0.14000000059604645,0.14000000059604645,0.14000000059604645,0.14000000059604645,0.0630965456366539,0,
2000-05-11,0.14000000059604645,0.14000000059604645,0.14000000059604645,0.14000000059604645,0.0630965456366539,0,
2000-05-12,0.12999999523162842,0.15000000596046448,0.12999999523162842,0.14000000059604645,0.0630965456366539,290357900,
2000-05-15,0.14000000059604645,0.14000000059604645,0.14000000059604645,0.14000000059604645,0.0630965456366539,0,
2000-05-16,0.14000000059604645,0.14000000059604645,0.14000000059604645,0.14000000059604645,0.0630965456366539,0,
2000-05-17,0.14000000059604645,0.14000000059604645,0.14000000059604645,0.14000000059604645,0.0630965456366539,0,
2000-05-18,0.14000000059604645,0.14000000059604645,0.14000000059604645,0.14000000059604645,0.0630965456366539,0,
2000-05-19,0.14000000059604645,0.14000000059604645,0.14000000059604645,0.14000000059604645,0.0630965456366539,0,
2000-05-22,0.14000000059604645,0.14000000059604645,0.12999999523162842,0.12999999523162842,0.05858964845538139,391983200,
2000-05-23,0.12999999523162842,0.12999999523162842,0.12999999523162842,0.12999999523162842,0.05858964845538139,0,
2000-05-24,0.12999999523162842,0.12999999523162842,0.12999999523162842,0.12999999523162842,0.05858964845538139,0,
2000-05-25,0.12999999523162842,0.12999999523162842,0.12999999523162842,0.12999999523162842,0.05858964845538139,0,
2000-05-26,0.12999999523162842,0.12999999523162842,0.12999999523162842,0.12999999523162842,0.05858964845538139,0,
2000-05-29,0.14000000059604645,0.14000000059604645,0.12999999523162842,0.12999999523162842,0.05858964845538139,87107400,
2000-05-30,0.12999999523162842,0.12999999523162842,0.12999999523162842,0.12999999523162842,0.05858964845538139,0,
2000-05-31,0.12999999523162842,0.12999999523162842,0.12999999523162842,0.12999999523162842,0.05858964845538139,0,
2000-06-01,0.12999999523162842,0.12999999523162842,0.12999999523162842,0.12999999523162842,0.05858964845538139,0,
2000-06-02,0.12999999523162842,0.12999999523162842,0.12999999523162842,0.12999999523162842,0.05858964845538139,0,
2000-06-05,0.12999999523162842,0.12999999523162842,0.12999999523162842,0.12999999523162842,0.05858964845538139,0,
2000-06-06,0.12999999523162842,0.12999999523162842,0.12999999523162842,0.12999999523162842,0.05858964845538139,0,
2000-06-07,0.12999999523162842,0.12999999523162842,0.12999999523162842,0.12999999523162842,0.05858964845538139,0,
2000-06-08,0.12999999523162842,0.12999999523162842,0.12999999523162842,0.12999999523162842,0.05858964845538139,0,
2000-06-09,0.12999999523162842,0.12999999523162842,0.12999999523162842,0.12999999523162842,0.05858964845538139,0,
2000-06-12,0.12999999523162842,0.12999999523162842,0.12999999523162842,0.12999999523162842,0.05858964845538139,0,
2000-06-13,0.10999999940395355,0.10999999940395355,0.10000000149011612,0.10000000149011612,0.045068975538015366,36294700,
2000-06-14,0.10000000149011612,0.10000000149011612,0.10000000149011612,0.10000000149011612,0.045068975538015366,0,
2000-06-15,0.14000000059604645,0.15000000596046448,0.14000000059604645,0.15000000596046448,0.06760347634553909,50812600,
2000-06-16,0.15000000596046448,0.15000000596046448,0.15000000596046448,0.15000000596046448,0.06760347634553909,0,
2000-06-19,0.15000000596046448,0.15000000596046448,0.15000000596046448,0.15000000596046448,0.06760347634553909,0,
2000-06-20,0.15000000596046448,0.15000000596046448,0.15000000596046448,0.15000000596046448,0.06760347634553909,0,
2000-06-21,0.15000000596046448,0.15000000596046448,0.15000000596046448,0.15000000596046448,0.06760347634553909,0,
2000-06-22,0.15000000596046448,0.15000000596046448,0.15000000596046448,0.15000000596046448,0.06760347634553909,0,
2000-06-23,0.15000000596046448,0.15000000596046448,0.15000000596046448,0.15000000596046448,0.06760347634553909,0,
2000-06-26,0.15000000596046448,0.15000000596046448,0.15000000596046448,0.15000000596046448,0.06760347634553909,0,
2000-06-27,0.15000000596046448,0.15000000596046448,0.15000000596046448,0.15000000596046448,0.06760347634553909,0,
2000-06-28,0.15000000596046448,0.15000000596046448,0.15000000596046448,0.15000000596046448,0.06760347634553909,0,
2000-06-29,0.15000000596046448,0.15000000596046448,0.15000000596046448,0.15000000596046448,0.06760347634553909,0,
2000-06-30,0.15000000596046448,0.15000000596046448,0.15000000596046448,0.15000000596046448,0.06760347634553909,0,
2000-07-03,0.15000000596046448,0.15000000596046448,0.15000000596046448,0.15000000596046448,0.06760347634553909,0,
2000-07-04,0.15000000596046448,0.15000000596046448,0.15000000596046448,0.15000000596046448,0.06760347634553909,0,
2000-07-05,0.15000000596046448,0.15000000596046448,0.15000000596046448,0.15000000596046448,0.06760347634553909,0,
2000-07-06,0.15000000596046448,0.15000000596046448,0.15000000596046448,0.15000000596046448,0.06760347634553909,0,
2000-07-07,0.15000000596046448,0.15000000596046448,0.15000000596046448,0.15000000596046448,0.06760347634553909,0,
2000-07-10,0.15000000596046448,0.15000000596046448,0.15000000596046448,0.15000000596046448,0.06760347634553909,0,
2000-07-11,0.15000000596046448,0.15000000596046448,0.15000000596046448,0.15000000596046448,0.06760347634553909,0,
2000-07-12,0.15000000596046448,0.15000000596046448,0.15000000596046448,0.15000000596046448,0.06760347634553909,0,
2000-07-13,0.15000000596046448,0.15000000596046448,0.15000000596046448,0.15000000596046448,0.06760347634553909,0,
2000-07-14,0.15000000596046448,0.15000000596046448,0.15000000596046448,0.15000000596046448,0.06760347634553909,0,
2000-07-17,0.15000000596046448,0.15000000596046448,0.15000000596046448,0.15000000596046448,0.06760347634553909,0,
2000-07-18,0.15000000596046448,0.15000000596046448,0.15000000596046448,0.15000000596046448,0.06760347634553909,0,
2000-07-19,0.15000000596046448,0.15000000596046448,0.15000000596046448,0.15000000596046448,0.06760347634553909,0,
2000-07-20,0.15000000596046448,0.15000000596046448,0.15000000596046448,0.15000000596046448,0.06760347634553909,0,
2000-07-21,0.15000000596046448,0.15000000596046448,0.15000000596046448,0.15000000596046448,0.06760347634553909,0,
2000-07-24,0.15000000596046448,0.15000000596046448,0.15000000596046448,0.15000000596046448,0.06760347634553909,0,
2000-07-25,0.15000000596046448,0.15000000596046448,0.15000000596046448,0.15000000596046448,0.06760347634553909,0,
2000-07-26,0.15000000596046448,0.15000000596046448,0.15000000596046448,0.15000000596046448,0.06760347634553909,0,
2000-07-27,0.15000000596046448,0.15000000596046448,0.15000000596046448,0.15000000596046448,0.06760347634553909,0,
2000-07-28,0.15000000596046448,0.15000000596046448,0.15000000596046448,0.15000000596046448,0.06760347634553909,0,
2000-07-31,0.15000000596046448,0.15000000596046448,0.15000000596046448,0.15000000596046448,0.06760347634553909,0,
2000-08-01,0.15000000596046448,0.15000000596046448,0.15000000596046448,0.15000000596046448,0.06760347634553909,0,
2000-08-02,0.15000000596046448,0.15000000596046448,0.15000000596046448,0.15000000596046448,0.06760347634553909,0,
2000-08-03,0.15000000596046448,0.15000000596046448,0.15000000596046448,0.15000000596046448,0.06760347634553909,0,
2000-08-04,0.15000000596046448,0.15000000596046448,0.15000000596046448,0.15000000596046448,0.06760347634553909,0,
2000-08-07,0.15000000596046448,0.15000000596046448,0.15000000596046448,0.15000000596046448,0.06760347634553909,0,
2000-08-08,0.15000000596046448,0.15000000596046448,0.15000000596046448,0.15000000596046448,0.06760347634553909,0,
2000-08-09,0.15000000596046448,0.15000000596046448,0.15000000596046448,0.15000000596046448,0.06760347634553909,0,
2000-08-10,0.15000000596046448,0.15000000596046448,0.15000000596046448,0.15000000596046448,0.06760347634553909,0,
2000-08-11,0.15000000596046448,0.15000000596046448,0.15000000596046448,0.15000000596046448,0.06760347634553909,0,
2000-08-14,0.15000000596046448,0.15000000596046448,0.15000000596046448,0.15000000596046448,0.06760347634553909,0,
2000-08-15,0.15000000596046448,0.15000000596046448,0.15000000596046448,0.15000000596046448,0.06760347634553909,0,
2000-08-16,0.15000000596046448,0.15000000596046448,0.15000000596046448,0.15000000596046448,0.06760347634553909,0,
2000-08-17,0.15000000596046448,0.15000000596046448,0.15000000596046448,0.15000000596046448,0.06760347634553909,0,
2000-08-18,0.15000000596046448,0.15000000596046448,0.15000000596046448,0.15000000596046448,0.06760347634553909,0,
2000-08-21,0.15000000596046448,0.15000000596046448,0.15000000596046448,0.15000000596046448,0.06760347634553909,0,
2000-08-22,0.15000000596046448,0.15000000596046448,0.15000000596046448,0.15000000596046448,0.06760347634553909,0,
2000-08-23,0.15000000596046448,0.15000000596046448,0.15000000596046448,0.15000000596046448,0.06760347634553909,0,
2000-08-24,0.15000000596046448,0.15000000596046448,0.15000000596046448,0.15000000596046448,0.06760347634553909,0,
2000-08-25,0.15000000596046448,0.15000000596046448,0.15000000596046448,0.15000000596046448,0.06760347634553909,0,
2000-08-28,0.15000000596046448,0.15000000596046448,0.15000000596046448,0.15000000596046448,0.06760347634553909,0,
2000-08-29,0.15000000596046448,0.15000000596046448,0.15000000596046448,0.15000000596046448,0.06760347634553909,0,
2000-08-30,0.15000000596046448,0.15000000596046448,0.15000000596046448,0.15000000596046448,0.06760347634553909,0,
2000-08-31,0.15000000596046448,0.15000000596046448,0.15000000596046448,0.15000000596046448,0.06760347634553909,0,
2000-09-01,0.15000000596046448,0.15000000596046448,0.15000000596046448,0.15000000596046448,0.06760347634553909,0,
2000-09-04,0.15000000596046448,0.15000000596046448,0.15000000596046448,0.15000000596046448,0.06760347634553909,0,
2000-09-05,0.15000000596046448,0.15000000596046448,0.15000000596046448,0.15000000596046448,0.06760347634553909,0,
2000-09-06,0.15000000596046448,0.15000000596046448,0.15000000596046448,0.15000000596046448,0.06760347634553909,0,
2000-09-07,0.15000000596046448,0.15000000596046448,0.15000000596046448,0.15000000596046448,0.06760347634553909,0,
2000-09-08,0.15000000596046448,0.15000000596046448,0.15000000596046448,0.15000000596046448,0.06760347634553909,0,
2000-09-11,0.15000000596046448,0.15000000596046448,0.15000000596046448,0.15000000596046448,0.06760347634553909,0,
2000-09-12,0.15000000596046448,0.15000000596046448,0.15000000596046448,0.15000000596046448,0.06760347634553909,0,
2000-09-13,0.15000000596046448,0.15000000596046448,0.15000000596046448,0.15000000596046448,0.06760347634553909,0,
2000-09-14,0.15000000596046448,0.15000000596046448,0.15000000596046448,0.15000000596046448,0.06760347634553909,0,
2000-09-15,0.15000000596046448,0.15000000596046448,0.15000000596046448,0.15000000596046448,0.06760347634553909,0,
2000-09-18,0.15000000596046448,0.15000000596046448,0.15000000596046448,0.15000000596046448,0.06760347634553909,0,
2000-09-19,0.15000000596046448,0.15000000596046448,0.15000000596046448,0.15000000596046448,0.06760347634553909,0,
2000-09-20,0.15000000596046448,0.15000000596046448,0.15000000596046448,0.15000000596046448,0.06760347634553909,0,
2000-09-21,0.15000000596046448,0.15000000596046448,0.15000000596046448,0.15000000596046448,0.06760347634553909,0,
2000-09-22,0.15000000596046448,0.15000000596046448,0.15000000596046448,0.15000000596046448,0.06760347634553909,0,
2000-09-25,0.15000000596046448,0.15000000596046448,0.15000000596046448,0.15000000596046448,0.06760347634553909,0,
2000-09-26,0.15000000596046448,0.15000000596046448,0.15000000596046448,0.15000000596046448,0.06760347634553909,0,
2000-09-27,0.15000000596046448,0.15000000596046448,0.15000000596046448,0.15000000596046448,0.06760347634553909,0,
2000-09-28,0.15000000596046448,0.15000000596046448,0.15000000596046448,0.15000000596046448,0.06760347634553909,0,
2000-09-29,0.15000000596046448,0.15000000596046448,0.15000000596046448,0.15000000596046448,0.06760347634553909,0,
2000-10-02,0.15000000596046448,0.15000000596046448,0.15000000596046448,0.15000000596046448,0.06760347634553909,0,
2000-10-03,0.15000000596046448,0.15000000596046448,0.15000000596046448,0.15000000596046448,0.06760347634553909,0,
2000-10-04,0.15000000596046448,0.15000000596046448,0.15000000596046448,0.15000000596046448,0.06760347634553909,0,
2000-10-05,0.15000000596046448,0.15000000596046448,0.15000000596046448,0.15000000596046448,0.06760347634553909,0,
2000-10-06,0.15000000596046448,0.15000000596046448,0.15000000596046448,0.15000000596046448,0.06760347634553909,0,
2000-10-09,0.15000000596046448,0.15000000596046448,0.15000000596046448,0.15000000596046448,0.06760347634553909,0,
2000-10-10,0.15000000596046448,0.15000000596046448,0.15000000596046448,0.15000000596046448,0.06760347634553909,0,
2000-10-11,0.11999999731779099,0.14000000059604645,0.11999999731779099,0.14000000059604645,0.0630965456366539,72589500,
2000-10-12,0.14000000059604645,0.14000000059604645,0.14000000059604645,0.14000000059604645,0.0630965456366539,0,
2000-10-13,0.14000000059604645,0.14000000059604645,0.14000000059604645,0.14000000059604645,0.0630965456366539,0,
2000-10-16,0.14000000059604645,0.14000000059604645,0.14000000059604645,0.14000000059604645,0.0630965456366539,0,
2000-10-17,0.14000000059604645,0.14000000059604645,0.14000000059604645,0.14000000059604645,0.0630965456366539,0,
2000-10-18,0.14000000059604645,0.14000000059604645,0.14000000059604645,0.14000000059604645,0.0630965456366539,0,
2000-10-19,0.14000000059604645,0.14000000059604645,0.14000000059604645,0.14000000059604645,0.0630965456366539,0,
2000-10-20,0.14000000059604645,0.14000000059604645,0.14000000059604645,0.14000000059604645,0.0630965456366539,0,
2000-10-23,0.14000000059604645,0.14000000059604645,0.14000000059604645,0.14000000059604645,0.0630965456366539,0,
2000-10-24,0.14000000059604645,0.14000000059604645,0.14000000059604645,0.14000000059604645,0.0630965456366539,0,
2000-10-25,0.14000000059604645,0.14000000059604645,0.14000000059604645,0.14000000059604645,0.0630965456366539,0,
2000-10-26,0.14000000059604645,0.14000000059604645,0.14000000059604645,0.14000000059604645,0.0630965456366539,0,
2000-10-27,0.14000000059604645,0.14000000059604645,0.14000000059604645,0.14000000059604645,0.0630965456366539,0,
2000-10-30,0.14000000059604645,0.14000000059604645,0.14000000059604645,0.14000000059604645,0.0630965456366539,0,
2000-10-31,0.14000000059604645,0.14000000059604645,0.14000000059604645,0.14000000059604645,0.0630965456366539,0,
2000-11-01,0.14000000059604645,0.14000000059604645,0.14000000059604645,0.14000000059604645,0.0630965456366539,0,
2000-11-02,0.14000000059604645,0.14000000059604645,0.14000000059604645,0.14000000059604645,0.0630965456366539,0,
2000-11-03,0.14000000059604645,0.14000000059604645,0.14000000059604645,0.14000000059604645,0.0630965456366539,0,
2000-11-06,0.14000000059604645,0.14000000059604645,0.14000000059604645,0.14000000059604645,0.0630965456366539,0,
2000-11-07,0.14000000059604645,0.14000000059604645,0.14000000059604645,0.14000000059604645,0.0630965456366539,0,
2000-11-08,0.14000000059604645,0.14000000059604645,0.14000000059604645,0.14000000059604645,0.0630965456366539,0,
2000-11-09,0.14000000059604645,0.14000000059604645,0.14000000059604645,0.14000000059604645,0.0630965456366539,0,
2000-11-10,0.14000000059604645,0.14000000059604645,0.14000000059604645,0.14000000059604645,0.0630965456366539,0,
2000-11-13,0.14000000059604645,0.14000000059604645,0.14000000059604645,0.14000000059604645,0.0630965456366539,0,
2000-11-14,0.14000000059604645,0.14000000059604645,0.14000000059604645,0.14000000059604645,0.0630965456366539,0,
2000-11-15,0.14000000059604645,0.14000000059604645,0.14000000059604645,0.14000000059604645,0.0630965456366539,0,
2000-11-16,0.14000000059604645,0.14000000059604645,0.14000000059604645,0.14000000059604645,0.0630965456366539,0,
2000-11-17,0.14000000059604645,0.14000000059604645,0.14000000059604645,0.14000000059604645,0.0630965456366539,0,
2000-11-20,0.14000000059604645,0.14000000059604645,0.14000000059604645,0.14000000059604645,0.0630965456366539,0,
2000-11-21,0.14000000059604645,0.14000000059604645,0.14000000059604645,0.14000000059604645,0.0630965456366539,0,
2000-11-22,0.14000000059604645,0.14000000059604645,0.14000000059604645,0.14000000059604645,0.0630965456366539,0,
2000-11-23,0.14000000059604645,0.14000000059604645,0.14000000059604645,0.14000000059604645,0.0630965456366539,0,
2000-11-24,0.14000000059604645,0.14000000059604645,0.14000000059604645,0.14000000059604645,0.0630965456366539,0,
2000-11-27,0.14000000059604645,0.14000000059604645,0.14000000059604645,0.14000000059604645,0.0630965456366539,0,
2000-11-28,0.14000000059604645,0.14000000059604645,0.14000000059604645,0.14000000059604645,0.0630965456366539,0,
2000-11-29,0.14000000059604645,0.14000000059604645,0.14000000059604645,0.14000000059604645,0.0630965456366539,0,
2000-11-30,0.14000000059604645,0.14000000059604645,0.14000000059604645,0.14000000059604645,0.0630965456366539,0,
2000-12-01,0.14000000059604645,0.14000000059604645,0.14000000059604645,0.14000000059604645,0.0630965456366539,0,
2000-12-04,0.14000000059604645,0.14000000059604645,0.14000000059604645,0.14000000059604645,0.0630965456366539,0,
2000-12-05,0.14000000059604645,0.14000000059604645,0.14000000059604645,0.14000000059604645,0.0630965456366539,0,
2000-12-06,0.14000000059604645,0.14000000059604645,0.14000000059604645,0.14000000059604645,0.0630965456366539,0,
2000-12-07,0.14000000059604645,0.14000000059604645,0.14000000059604645,0.14000000059604645,0.0630965456366539,0,
2000-12-08,0.14000000059604645,0.14000000059604645,0.14000000059604645,0.14000000059604645,0.0630965456366539,0,
2000-12-11,0.14000000059604645,0.14000000059604645,0.14000000059604645,0.14000000059604645,0.0630965456366539,0,
2000-12-12,0.14000000059604645,0.14000000059604645,0.14000000059604645,0.14000000059604645,0.0630965456366539,0,
2000-12-13,0.14000000059604645,0.14000000059604645,0.14000000059604645,0.14000000059604645,0.0630965456366539,0,
2000-12-14,0.14000000059604645,0.14000000059604645,0.14000000059604645,0.14000000059604645,0.0630965456366539,0,
2000-12-15,0.14000000059604645,0.14000000059604645,0.14000000059604645,0.14000000059604645,0.0630965456366539,0,
2000-12-18,0.14000000059604645,0.14000000059604645,0.14000000059604645,0.14000000059604645,0.0630965456366539,0,
2000-12-19,0.14000000059604645,0.14000000059604645,0.14000000059604645,0.14000000059604645,0.0630965456366539,0,
2000-12-20,0.14000000059604645,0.14000000059604645,0.14000000059604645,0.14000000059604645,0.0630965456366539,0,
2000-12-21,0.14000000059604645,0.14000000059604645,0.14000000059604645,0.14000000059604645,0.0630965456366539,0,
2000-12-22,0.14000000059604645,0.14000000059604645,0.14000000059604645,0.14000000059604645,0.0630965456366539,0,
2000-12-25,0.14000000059604645,0.14000000059604645,0.14000000059604645,0.14000000059604645,0.0630965456366539,0,
2000-12-26,0.14000000059604645,0.14000000059604645,0.14000000059604645,0.14000000059604645,0.0630965456366539,0,
2000-12-27,0.14000000059604645,0.14000000059604645,0.14000000059604645,0.14000000059604645,0.0630965456366539,0,
2000-12-28,0.14000000059604645,0.14000000059604645,0.14000000059604645,0.14000000059604645,0.0630965456366539,0,
2000-12-29,0.14000000059604645,0.14000000059604645,0.14000000059604645,0.14000000059604645,0.0630965456366539,0,
2001-01-01,0.14000000059604645,0.14000000059604645,0.14000000059604645,0.14000000059604645,0.0630965456366539,0,
2001-01-02,0.14000000059604645,0.14000000059604645,0.14000000059604645,0.14000000059604645,0.0630965456366539,0,
2001-01-03,0.14000000059604645,0.14000000059604645,0.14000000059604645,0.14000000059604645,0.0630965456366539,0,
2001-01-04,0.14000000059604645,0.14000000059604645,0.14000000059604645,0.14000000059604645,0.0630965456366539,0,
2001-01-05,0.14000000059604645,0.14000000059604645,0.14000000059604645,0.14000000059604645,0.0630965456366539,0,
2001-01-08,0.14000000059604645,0.14000000059604645,0.14000000059604645,0.14000000059604645,0.0630965456366539,0,
2001-01-09,0.12999999523162842,0.14000000059604645,0.12999999523162842,0.14000000059604645,0.0630965456366539,21776800,
2001-01-10,0.14000000059604645,0.14000000059604645,0.14000000059604645,0.14000000059604645,0.0630965456366539,0,
2001-01-11,0.14000000059604645,0.14000000059604645,0.14000000059604645,0.14000000059604645,0.0630965456366539,0,
2001-01-12,0.14000000059604645,0.14000000059604645,0.14000000059604645,0.14000000059604645,0.0630965456366539,0,
2001-01-15,0.14000000059604645,0.14000000059604645,0.14000000059604645,0.14000000059604645,0.0630965456366539,0,
2001-01-16,0.12999999523162842,0.12999999523162842,0.11999999731779099,0.12999999523162842,0.05858964845538139,23228600,
2001-01-17,0.12999999523162842,0.12999999523162842,0.12999999523162842,0.12999999523162842,0.05858964845538139,0,
2001-01-18,0.12999999523162842,0.12999999523162842,0.12999999523162842,0.12999999523162842,0.05858964845538139,0,
2001-01-19,0.12999999523162842,0.12999999523162842,0.12999999523162842,0.12999999523162842,0.05858964845538139,0,
2001-01-22,0.12999999523162842,0.12999999523162842,0.12999999523162842,0.12999999523162842,0.05858964845538139,0,
2001-01-23,0.12999999523162842,0.12999999523162842,0.12999999523162842,0.12999999523162842,0.05858964845538139,0,
2001-01-24,0.12999999523162842,0.12999999523162842,0.12999999523162842,0.12999999523162842,0.05858964845538139,0,
2001-01-25,0.12999999523162842,0.12999999523162842,0.12999999523162842,0.12999999523162842,0.05858964845538139,0,
2001-01-26,0.12999999523162842,0.12999999523162842,0.12999999523162842,0.12999999523162842,0.05858964845538139,0,
2001-01-29,0.12999999523162842,0.12999999523162842,0.12999999523162842,0.12999999523162842,0.05858964845538139,0,
2001-01-30,0.12999999523162842,0.12999999523162842,0.12999999523162842,0.12999999523162842,0.05858964845538139,0,
2001-01-31,0.12999999523162842,0.12999999523162842,0.12999999523162842,0.12999999523162842,0.05858964845538139,0,
2001-02-01,0.12999999523162842,0.12999999523162842,0.12999999523162842,0.12999999523162842,0.05858964845538139,0,
2001-02-02,0.12999999523162842,0.12999999523162842,0.12999999523162842,0.12999999523162842,0.05858964845538139,0,
2001-02-05,0.12999999523162842,0.12999999523162842,0.12999999523162842,0.12999999523162842,0.05858964845538139,0,
2001-02-06,0.12999999523162842,0.12999999523162842,0.12999999523162842,0.12999999523162842,0.05858964845538139,0,
2001-02-07,0.12999999523162842,0.12999999523162842,0.12999999523162842,0.12999999523162842,0.05858964845538139,0,
2001-02-08,0.12999999523162842,0.12999999523162842,0.12999999523162842,0.12999999523162842,0.05858964845538139,0,
2001-02-09,0.12999999523162842,0.12999999523162842,0.12999999523162842,0.12999999523162842,0.05858964845538139,0,
2001-02-12,0.12999999523162842,0.12999999523162842,0.12999999523162842,0.12999999523162842,0.05858964845538139,0,
2001-02-13,0.12999999523162842,0.12999999523162842,0.12999999523162842,0.12999999523162842,0.05858964845538139,0,
2001-02-14,0.12999999523162842,0.12999999523162842,0.12999999523162842,0.12999999523162842,0.05858964845538139,0,
2001-02-15,0.12999999523162842,0.12999999523162842,0.12999999523162842,0.12999999523162842,0.05858964845538139,0,
2001-02-16,0.12999999523162842,0.12999999523162842,0.12999999523162842,0.12999999523162842,0.05858964845538139,0,
2001-02-19,0.12999999523162842,0.12999999523162842,0.12999999523162842,0.12999999523162842,0.05858964845538139,0,
2001-02-20,0.12999999523162842,0.12999999523162842,0.12999999523162842,0.12999999523162842,0.05858964845538139,0,
2001-02-21,0.12999999523162842,0.12999999523162842,0.12999999523162842,0.12999999523162842,0.05858964845538139,0,
2001-02-22,0.12999999523162842,0.12999999523162842,0.12999999523162842,0.12999999523162842,0.05858964845538139,0,
2001-02-23,0.12999999523162842,0.12999999523162842,0.12999999523162842,0.12999999523162842,0.05858964845538139,0,
2001-02-26,0.12999999523162842,0.12999999523162842,0.12999999523162842,0.12999999523162842,0.05858964845538139,0,
2001-02-27,0.12999999523162842,0.12999999523162842,0.12999999523162842,0.12999999523162842,0.05858964845538139,0,
2001-02-28,0.12999999523162842,0.12999999523162842,0.12999999523162842,0.12999999523162842,0.05858964845538139,0,
2001-03-01,0.12999999523162842,0.12999999523162842,0.12999999523162842,0.12999999523162842,0.05858964845538139,0,
2001-03-02,0.12999999523162842,0.12999999523162842,0.12999999523162842,0.12999999523162842,0.05858964845538139,0,
2001-03-05,0.12999999523162842,0.12999999523162842,0.12999999523162842,0.12999999523162842,0.05858964845538139,0,
2001-03-06,0.12999999523162842,0.12999999523162842,0.12999999523162842,0.12999999523162842,0.05858964845538139,0,
2001-03-07,0.12999999523162842,0.12999999523162842,0.12999999523162842,0.12999999523162842,0.05858964845538139,0,
2001-03-08,0.12999999523162842,0.12999999523162842,0.12999999523162842,0.12999999523162842,0.05858964845538139,0,
2001-03-09,0.12999999523162842,0.12999999523162842,0.12999999523162842,0.12999999523162842,0.05858964845538139,0,
2001-03-12,0.12999999523162842,0.12999999523162842,0.12999999523162842,0.12999999523162842,0.05858964845538139,0,
2001-03-13,0.12999999523162842,0.12999999523162842,0.12999999523162842,0.12999999523162842,0.05858964845538139,0,
2001-03-14,0.12999999523162842,0.12999999523162842,0.12999999523162842,0.12999999523162842,0.05858964845538139,0,
2001-03-15,0.12999999523162842,0.12999999523162842,0.12999999523162842,0.12999999523162842,0.05858964845538139,0,
2001-03-16,0.12999999523162842,0.12999999523162842,0.12999999523162842,0.12999999523162842,0.05858964845538139,0,
2001-03-19,0.12999999523162842,0.12999999523162842,0.12999999523162842,0.12999999523162842,0.05858964845538139,0,
2001-03-20,0.12999999523162842,0.12999999523162842,0.12999999523162842,0.12999999523162842,0.05858964845538139,0,
2001-03-21,0.12999999523162842,0.12999999523162842,0.12999999523162842,0.12999999523162842,0.05858964845538139,0,
2001-03-22,0.12999999523162842,0.12999999523162842,0.12999999523162842,0.12999999523162842,0.05858964845538139,0,
2001-03-23,0.12999999523162842,0.12999999523162842,0.12999999523162842,0.12999999523162842,0.05858964845538139,0,
2001-03-26,0.12999999523162842,0.12999999523162842,0.12999999523162842,0.12999999523162842,0.05858964845538139,0,
2001-03-27,0.12999999523162842,0.12999999523162842,0.12999999523162842,0.12999999523162842,0.05858964845538139,0,
2001-03-28,0.12999999523162842,0.12999999523162842,0.12999999523162842,0.12999999523162842,0.05858964845538139,0,
2001-03-29,0.12999999523162842,0.12999999523162842,0.12999999523162842,0.12999999523162842,0.05858964845538139,0,
2001-03-30,0.12999999523162842,0.12999999523162842,0.12999999523162842,0.12999999523162842,0.05858964845538139,0,
2001-04-02,0.12999999523162842,0.12999999523162842,0.12999999523162842,0.12999999523162842,0.05858964845538139,0,
2001-04-03,0.12999999523162842,0.12999999523162842,0.12999999523162842,0.12999999523162842,0.05858964845538139,0,
2001-04-04,0.12999999523162842,0.12999999523162842,0.12999999523162842,0.12999999523162842,0.05858964845538139,0,
2001-04-05,0.12999999523162842,0.12999999523162842,0.12999999523162842,0.12999999523162842,0.05858964845538139,0,
2001-04-06,0.12999999523162842,0.12999999523162842,0.12999999523162842,0.12999999523162842,0.05858964845538139,0,
2001-04-09,0.12999999523162842,0.12999999523162842,0.12999999523162842,0.12999999523162842,0.05858964845538139,0,
2001-04-10,0.12999999523162842,0.12999999523162842,0.12999999523162842,0.12999999523162842,0.05858964845538139,0,
2001-04-11,0.12999999523162842,0.12999999523162842,0.12999999523162842,0.12999999523162842,0.05858964845538139,0,
2001-04-12,0.12999999523162842,0.12999999523162842,0.12999999523162842,0.12999999523162842,0.05858964845538139,0,
2001-04-13,0.12999999523162842,0.12999999523162842,0.12999999523162842,0.12999999523162842,0.05858964845538139,0,
2001-04-16,0.12999999523162842,0.12999999523162842,0.12999999523162842,0.12999999523162842,0.05858964845538139,0,
2001-04-17,0.12999999523162842,0.12999999523162842,0.12999999523162842,0.12999999523162842,0.05858964845538139,0,
2001-04-18,0.12999999523162842,0.12999999523162842,0.12999999523162842,0.12999999523162842,0.05858964845538139,0,
2001-04-19,0.12999999523162842,0.12999999523162842,0.12999999523162842,0.12999999523162842,0.05858964845538139,0,
2001-04-20,0.12999999523162842,0.12999999523162842,0.12999999523162842,0.12999999523162842,0.05858964845538139,0,
2001-04-23,0.12999999523162842,0.12999999523162842,0.12999999523162842,0.12999999523162842,0.05858964845538139,0,
2001-04-24,0.12999999523162842,0.12999999523162842,0.12999999523162842,0.12999999523162842,0.05858964845538139,0,
2001-04-25,0.12999999523162842,0.12999999523162842,0.12999999523162842,0.12999999523162842,0.05858964845538139,0,
2001-04-26,0.12999999523162842,0.12999999523162842,0.12999999523162842,0.12999999523162842,0.05858964845538139,0,
2001-04-27,0.12999999523162842,0.12999999523162842,0.12999999523162842,0.12999999523162842,0.05858964845538139,0,
2001-04-30,0.12999999523162842,0.12999999523162842,0.12999999523162842,0.12999999523162842,0.05858964845538139,0,
2001-05-01,0.12999999523162842,0.12999999523162842,0.12999999523162842,0.12999999523162842,0.05858964845538139,0,
2001-05-02,0.12999999523162842,0.12999999523162842,0.12999999523162842,0.12999999523162842,0.05858964845538139,0,
2001-05-03,0.12999999523162842,0.12999999523162842,0.12999999523162842,0.12999999523162842,0.05858964845538139,0,
2001-05-04,0.12999999523162842,0.12999999523162842,0.12999999523162842,0.12999999523162842,0.05858964845538139,0,
2001-05-07,0.12999999523162842,0.12999999523162842,0.12999999523162842,0.12999999523162842,0.05858964845538139,0,
2001-05-08,0.12999999523162842,0.12999999523162842,0.12999999523162842,0.12999999523162842,0.05858964845538139,0,
2001-05-09,0.12999999523162842,0.12999999523162842,0.12999999523162842,0.12999999523162842,0.05858964845538139,0,
2001-05-10,0.12999999523162842,0.12999999523162842,0.12999999523162842,0.12999999523162842,0.05858964845538139,0,
2001-05-11,0.12999999523162842,0.12999999523162842,0.12999999523162842,0.12999999523162842,0.05858964845538139,0,
2001-05-14,0.12999999523162842,0.12999999523162842,0.12999999523162842,0.12999999523162842,0.05858964845538139,0,
2001-05-15,0.12999999523162842,0.12999999523162842,0.12999999523162842,0.12999999523162842,0.05858964845538139,0,
2001-05-16,0.12999999523162842,0.12999999523162842,0.12999999523162842,0.12999999523162842,0.05858964845538139,0,
2001-05-17,0.12999999523162842,0.12999999523162842,0.12999999523162842,0.12999999523162842,0.05858964845538139,0,
2001-05-18,0.12999999523162842,0.12999999523162842,0.12999999523162842,0.12999999523162842,0.05858964845538139,0,
2001-05-21,0.12999999523162842,0.12999999523162842,0.12999999523162842,0.12999999523162842,0.05858964845538139,0,
2001-05-22,0.12999999523162842,0.12999999523162842,0.12999999523162842,0.12999999523162842,0.05858964845538139,0,
2001-05-23,0.12999999523162842,0.12999999523162842,0.12999999523162842,0.12999999523162842,0.05858964845538139,0,
2001-05-24,0.12999999523162842,0.12999999523162842,0.12999999523162842,0.12999999523162842,0.05858964845538139,0,
2001-05-25,0.12999999523162842,0.12999999523162842,0.12999999523162842,0.12999999523162842,0.05858964845538139,0,
2001-05-28,0.12999999523162842,0.14000000059604645,0.12999999523162842,0.14000000059604645,0.0630965456366539,715732300,
2001-05-29,0.14000000059604645,0.14000000059604645,0.14000000059604645,0.14000000059604645,0.0630965456366539,0,
2001-05-30,0.14000000059604645,0.14000000059604645,0.14000000059604645,0.14000000059604645,0.0630965456366539,0,
2001-05-31,0.14000000059604645,0.14000000059604645,0.14000000059604645,0.14000000059604645,0.0630965456366539,0,
2001-06-01,0.14000000059604645,0.14000000059604645,0.14000000059604645,0.14000000059604645,0.0630965456366539,0,
2001-06-04,0.14000000059604645,0.14000000059604645,0.14000000059604645,0.14000000059604645,0.0630965456366539,0,
2001-06-05,0.14000000059604645,0.14000000059604645,0.14000000059604645,0.14000000059604645,0.0630965456366539,0,
2001-06-06,0.14000000059604645,0.14000000059604645,0.14000000059604645,0.14000000059604645,0.0630965456366539,0,
2001-06-07,0.14000000059604645,0.14000000059604645,0.14000000059604645,0.14000000059604645,0.0630965456366539,0,
2001-06-08,0.14000000059604645,0.14000000059604645,0.14000000059604645,0.14000000059604645,0.0630965456366539,0,
2001-06-11,0.14000000059604645,0.14000000059604645,0.14000000059604645,0.14000000059604645,0.0630965456366539,0,
2001-06-12,0.14000000059604645,0.14000000059604645,0.14000000059604645,0.14000000059604645,0.0630965456366539,0,
2001-06-13,0.14000000059604645,0.14000000059604645,0.14000000059604645,0.14000000059604645,0.0630965456366539,0,
2001-06-14,0.14000000059604645,0.14000000059604645,0.14000000059604645,0.14000000059604645,0.0630965456366539,0,
2001-06-15,0.14000000059604645,0.14000000059604645,0.14000000059604645,0.14000000059604645,0.0630965456366539,0,
2001-06-18,0.14000000059604645,0.14000000059604645,0.14000000059604645,0.14000000059604645,0.0630965456366539,0,
2001-06-19,0.14000000059604645,0.14000000059604645,0.14000000059604645,0.14000000059604645,0.0630965456366539,0,
2001-06-20,0.14000000059604645,0.14000000059604645,0.14000000059604645,0.14000000059604645,0.0630965456366539,0,
2001-06-21,0.14000000059604645,0.14000000059604645,0.14000000059604645,0.14000000059604645,0.0630965456366539,0,
2001-06-22,0.14000000059604645,0.14000000059604645,0.14000000059604645,0.14000000059604645,0.0630965456366539,0,
2001-06-25,0.14000000059604645,0.14000000059604645,0.14000000059604645,0.14000000059604645,0.0630965456366539,0,
2001-06-26,0.14000000059604645,0.14000000059604645,0.14000000059604645,0.14000000059604645,0.0630965456366539,0,
2001-06-27,0.12999999523162842,0.14000000059604645,0.12999999523162842,0.14000000059604645,0.0630965456366539,682341200,
2001-06-28,0.14000000059604645,0.14000000059604645,0.14000000059604645,0.14000000059604645,0.0630965456366539,0,
2001-06-29,0.14000000059604645,0.14000000059604645,0.12999999523162842,0.14000000059604645,0.0630965456366539,1045288600,
2001-07-02,0.14000000059604645,0.1599999964237213,0.14000000059604645,0.14000000059604645,0.0630965456366539,2157359500,
2001-07-03,0.15000000596046448,0.15000000596046448,0.14000000059604645,0.14000000059604645,0.0630965456366539,560390800,
2001-07-04,0.14000000059604645,0.15000000596046448,0.14000000059604645,0.14000000059604645,0.0630965456366539,692503700,
2001-07-05,0.15000000596046448,0.15000000596046448,0.14000000059604645,0.14000000059604645,0.0630965456366539,145179000,
2001-07-06,0.14000000059604645,0.14000000059604645,0.14000000059604645,0.14000000059604645,0.0630965456366539,0,
2001-07-09,0.14000000059604645,0.15000000596046448,0.14000000059604645,0.14000000059604645,0.0630965456366539,84203800,
2001-07-10,0.14000000059604645,0.15000000596046448,0.14000000059604645,0.14000000059604645,0.0630965456366539,393435000,
2001-07-11,0.14000000059604645,0.15000000596046448,0.14000000059604645,0.15000000596046448,0.06760347634553909,566198000,
2001-07-12,0.15000000596046448,0.15000000596046448,0.15000000596046448,0.15000000596046448,0.06760347634553909,0,
2001-07-13,0.15000000596046448,0.15000000596046448,0.14000000059604645,0.14000000059604645,0.0630965456366539,497963900,
2001-07-16,0.14000000059604645,0.14000000059604645,0.14000000059604645,0.14000000059604645,0.0630965456366539,0,
2001-07-17,0.14000000059604645,0.15000000596046448,0.14000000059604645,0.15000000596046448,0.06760347634553909,182925500,
2001-07-18,0.14000000059604645,0.15000000596046448,0.14000000059604645,0.14000000059604645,0.0630965456366539,317941900,
2001-07-19,0.14000000059604645,0.14000000059604645,0.14000000059604645,0.14000000059604645,0.0630965456366539,0,
2001-07-20,0.14000000059604645,0.14000000059604645,0.14000000059604645,0.14000000059604645,0.0630965456366539,0,
2001-07-23,0.14000000059604645,0.14000000059604645,0.14000000059604645,0.14000000059604645,0.0630965456366539,0,
2001-07-24,0.14000000059604645,0.14000000059604645,0.14000000059604645,0.14000000059604645,0.0630965456366539,0,
2001-07-25,0.14000000059604645,0.15000000596046448,0.14000000059604645,0.15000000596046448,0.06760347634553909,805743300,
2001-07-26,0.15000000596046448,0.15000000596046448,0.15000000596046448,0.15000000596046448,0.06760347634553909,0,
2001-07-27,0.15000000596046448,0.1599999964237213,0.15000000596046448,0.1599999964237213,0.07211034744977951,1158528200,
2001-07-30,0.1599999964237213,0.17000000178813934,0.1599999964237213,0.1599999964237213,0.07211034744977951,338267000,
2001-07-31,0.1599999964237213,0.17000000178813934,0.1599999964237213,0.1599999964237213,0.07211034744977951,313586600,
2001-08-01,0.1599999964237213,0.17000000178813934,0.1599999964237213,0.17000000178813934,0.0766172707080841,75493100,
2001-08-02,0.17000000178813934,0.17000000178813934,0.17000000178813934,0.17000000178813934,0.0766172707080841,0,
2001-08-03,0.17000000178813934,0.17000000178813934,0.1599999964237213,0.17000000178813934,0.0766172707080841,91462800,
2001-08-06,0.1599999964237213,0.17000000178813934,0.1599999964237213,0.1599999964237213,0.07211034744977951,108884200,
2001-08-07,0.1599999964237213,0.17000000178813934,0.1599999964237213,0.17000000178813934,0.0766172707080841,148082500,
2001-08-08,0.17000000178813934,0.17000000178813934,0.17000000178813934,0.17000000178813934,0.0766172707080841,0,
2001-08-09,0.17000000178813934,0.17000000178813934,0.17000000178813934,0.17000000178813934,0.0766172707080841,0,
2001-08-10,0.17000000178813934,0.17000000178813934,0.17000000178813934,0.17000000178813934,0.0766172707080841,0,
2001-08-13,0.17000000178813934,0.17000000178813934,0.17000000178813934,0.17000000178813934,0.0766172707080841,0,
2001-08-14,0.17000000178813934,0.17000000178813934,0.17000000178813934,0.17000000178813934,0.0766172707080841,0,
2001-08-15,0.17000000178813934,0.20999999344348907,0.17000000178813934,0.20999999344348907,0.09464485198259354,445699400,
2001-08-16,0.17000000178813934,0.20000000298023224,0.17000000178813934,0.20000000298023224,0.09013795107603073,81300200,
2001-08-17,0.20000000298023224,0.20000000298023224,0.20000000298023224,0.20000000298023224,0.09013795107603073,0,
2001-08-20,0.20000000298023224,0.20000000298023224,0.20000000298023224,0.20000000298023224,0.09013795107603073,0,
2001-08-21,0.18000000715255737,0.18000000715255737,0.17000000178813934,0.18000000715255737,0.08112414181232452,325200900,
2001-08-22,0.18000000715255737,0.18000000715255737,0.18000000715255737,0.18000000715255737,0.08112414181232452,0,
2001-08-23,0.18000000715255737,0.18000000715255737,0.18000000715255737,0.18000000715255737,0.08112414181232452,0,
2001-08-24,0.18000000715255737,0.1899999976158142,0.18000000715255737,0.1899999976158142,0.08563105016946793,233738100,
2001-08-27,0.1899999976158142,0.1899999976158142,0.17000000178813934,0.17000000178813934,0.0766172707080841,319393700,
2001-08-28,0.17000000178813934,0.17000000178813934,0.17000000178813934,0.17000000178813934,0.0766172707080841,0,
2001-08-29,0.17000000178813934,0.17000000178813934,0.17000000178813934,0.17000000178813934,0.0766172707080841,0,
2001-08-30,0.18000000715255737,0.18000000715255737,0.17000000178813934,0.17000000178813934,0.08140584826469421,157303800,0.01
2001-08-31,0.17000000178813934,0.17000000178813934,0.17000000178813934,0.17000000178813934,0.08140584826469421,0,
2001-09-03,0.17000000178813934,0.17000000178813934,0.17000000178813934,0.17000000178813934,0.08140584826469421,0,
2001-09-04,0.17000000178813934,0.17000000178813934,0.17000000178813934,0.17000000178813934,0.08140584826469421,0,
2001-09-05,0.17000000178813934,0.17000000178813934,0.17000000178813934,0.17000000178813934,0.08140584826469421,0,
2001-09-06,0.17000000178813934,0.17000000178813934,0.17000000178813934,0.17000000178813934,0.08140584826469421,0,
2001-09-07,0.17000000178813934,0.17000000178813934,0.17000000178813934,0.17000000178813934,0.08140584826469421,0,
2001-09-10,0.17000000178813934,0.17000000178813934,0.17000000178813934,0.17000000178813934,0.08140584826469421,0,
2001-09-11,0.17000000178813934,0.17000000178813934,0.17000000178813934,0.17000000178813934,0.08140584826469421,0,
2001-09-12,0.17000000178813934,0.17000000178813934,0.17000000178813934,0.17000000178813934,0.08140584826469421,0,
2001-09-13,0.17000000178813934,0.17000000178813934,0.17000000178813934,0.17000000178813934,0.08140584826469421,0,
2001-09-14,0.17000000178813934,0.17000000178813934,0.17000000178813934,0.17000000178813934,0.08140584826469421,0,
2001-09-17,0.1599999964237213,0.1599999964237213,0.14000000059604645,0.15000000596046448,0.071828693151474,405464200,
2001-09-18,0.15000000596046448,0.1599999964237213,0.15000000596046448,0.1599999964237213,0.07661725580692291,379698900,
2001-09-19,0.15000000596046448,0.1599999964237213,0.15000000596046448,0.1599999964237213,0.07661725580692291,250872500,
2001-09-20,0.1599999964237213,0.1599999964237213,0.1599999964237213,0.1599999964237213,0.07661725580692291,0,
2001-09-21,0.1599999964237213,0.1599999964237213,0.15000000596046448,0.1599999964237213,0.07661725580692291,427161200,
2001-09-24,0.1599999964237213,0.1599999964237213,0.1599999964237213,0.1599999964237213,0.07661725580692291,0,
2001-09-25,0.1599999964237213,0.1599999964237213,0.1599999964237213,0.1599999964237213,0.07661725580692291,0,
2001-09-26,0.1599999964237213,0.1599999964237213,0.1599999964237213,0.1599999964237213,0.07661725580692291,0,
2001-09-27,0.1599999964237213,0.1599999964237213,0.1599999964237213,0.1599999964237213,0.07661725580692291,0,
2001-09-28,0.1599999964237213,0.1599999964237213,0.1599999964237213,0.1599999964237213,0.07661725580692291,0,
2001-10-01,0.15000000596046448,0.1599999964237213,0.15000000596046448,0.1599999964237213,0.07661725580692291,115265700,
2001-10-02,0.1599999964237213,0.1599999964237213,0.1599999964237213,0.1599999964237213,0.07661725580692291,0,
2001-10-03,0.1599999964237213,0.1599999964237213,0.1599999964237213,0.1599999964237213,0.07661725580692291,0,
2001-10-04,0.1599999964237213,0.1599999964237213,0.1599999964237213,0.1599999964237213,0.07661725580692291,0,
2001-10-05,0.1599999964237213,0.1599999964237213,0.1599999964237213,0.1599999964237213,0.07661725580692291,0,
2001-10-08,0.1599999964237213,0.1599999964237213,0.1599999964237213,0.1599999964237213,0.07661725580692291,0,
2001-10-09,0.1599999964237213,0.1599999964237213,0.1599999964237213,0.1599999964237213,0.07661725580692291,0,
2001-10-10,0.1599999964237213,0.1599999964237213,0.1599999964237213,0.1599999964237213,0.07661725580692291,0,
2001-10-11,0.1599999964237213,0.1599999964237213,0.1599999964237213,0.1599999964237213,0.07661725580692291,0,
2001-10-12,0.1599999964237213,0.1599999964237213,0.1599999964237213,0.1599999964237213,0.07661725580692291,0,
2001-10-15,0.1599999964237213,0.1599999964237213,0.1599999964237213,0.1599999964237213,0.07661725580692291,0,
2001-10-16,0.1599999964237213,0.1599999964237213,0.1599999964237213,0.1599999964237213,0.07661725580692291,0,
2001-10-17,0.1599999964237213,0.1599999964237213,0.1599999964237213,0.1599999964237213,0.07661725580692291,0,
2001-10-18,0.1599999964237213,0.1599999964237213,0.1599999964237213,0.1599999964237213,0.07661725580692291,0,
2001-10-19,0.1599999964237213,0.1599999964237213,0.1599999964237213,0.1599999964237213,0.07661725580692291,0,
2001-10-22,0.1599999964237213,0.1599999964237213,0.1599999964237213,0.1599999964237213,0.07661725580692291,0,
2001-10-23,0.1599999964237213,0.1599999964237213,0.1599999964237213,0.1599999964237213,0.07661725580692291,0,
2001-10-24,0.1599999964237213,0.1599999964237213,0.1599999964237213,0.1599999964237213,0.07661725580692291,0,
2001-10-25,0.1599999964237213,0.1599999964237213,0.1599999964237213,0.1599999964237213,0.07661725580692291,0,
2001-10-26,0.1599999964237213,0.1599999964237213,0.1599999964237213,0.1599999964237213,0.07661725580692291,0,
2001-10-29,0.1599999964237213,0.1599999964237213,0.1599999964237213,0.1599999964237213,0.07661725580692291,0,
2001-10-30,0.1599999964237213,0.1599999964237213,0.1599999964237213,0.1599999964237213,0.07661725580692291,0,
2001-10-31,0.1599999964237213,0.1599999964237213,0.1599999964237213,0.1599999964237213,0.07661725580692291,0,
2001-11-01,0.1599999964237213,0.1599999964237213,0.1599999964237213,0.1599999964237213,0.07661725580692291,0,
2001-11-02,0.14000000059604645,0.15000000596046448,0.14000000059604645,0.15000000596046448,0.071828693151474,169508400,
2001-11-05,0.15000000596046448,0.15000000596046448,0.15000000596046448,0.15000000596046448,0.071828693151474,0,
2001-11-06,0.15000000596046448,0.15000000596046448,0.15000000596046448,0.15000000596046448,0.071828693151474,0,
2001-11-07,0.15000000596046448,0.15000000596046448,0.15000000596046448,0.15000000596046448,0.071828693151474,0,
2001-11-08,0.15000000596046448,0.15000000596046448,0.15000000596046448,0.15000000596046448,0.071828693151474,0,
2001-11-09,0.15000000596046448,0.15000000596046448,0.15000000596046448,0.15000000596046448,0.071828693151474,0,
2001-11-12,0.15000000596046448,0.15000000596046448,0.15000000596046448,0.15000000596046448,0.071828693151474,0,
2001-11-13,0.15000000596046448,0.15000000596046448,0.15000000596046448,0.15000000596046448,0.071828693151474,0,
2001-11-14,0.15000000596046448,0.15000000596046448,0.15000000596046448,0.15000000596046448,0.071828693151474,0,
2001-11-15,0.15000000596046448,0.15000000596046448,0.15000000596046448,0.15000000596046448,0.071828693151474,0,
2001-11-16,0.15000000596046448,0.15000000596046448,0.15000000596046448,0.15000000596046448,0.071828693151474,0,
2001-11-19,0.15000000596046448,0.15000000596046448,0.15000000596046448,0.15000000596046448,0.071828693151474,0,
2001-11-20,0.15000000596046448,0.15000000596046448,0.15000000596046448,0.15000000596046448,0.071828693151474,0,
2001-11-21,0.15000000596046448,0.15000000596046448,0.15000000596046448,0.15000000596046448,0.071828693151474,0,
2001-11-22,0.15000000596046448,0.15000000596046448,0.15000000596046448,0.15000000596046448,0.071828693151474,0,
2001-11-23,0.15000000596046448,0.15000000596046448,0.15000000596046448,0.15000000596046448,0.071828693151474,0,
2001-11-26,0.14000000059604645,0.15000000596046448,0.14000000059604645,0.14000000059604645,0.0670401006937027,97636900,
2001-11-27,0.14000000059604645,0.14000000059604645,0.14000000059604645,0.14000000059604645,0.0670401006937027,0,
2001-11-28,0.14000000059604645,0.14000000059604645,0.14000000059604645,0.14000000059604645,0.0670401006937027,0,
2001-11-29,0.14000000059604645,0.14000000059604645,0.14000000059604645,0.14000000059604645,0.0670401006937027,0,
2001-11-30,0.14000000059604645,0.14000000059604645,0.14000000059604645,0.14000000059604645,0.0670401006937027,0,
2001-12-03,0.14000000059604645,0.14000000059604645,0.14000000059604645,0.14000000059604645,0.0670401006937027,0,
2001-12-04,0.14000000059604645,0.14000000059604645,0.14000000059604645,0.14000000059604645,0.0670401006937027,0,
2001-12-05,0.14000000059604645,0.14000000059604645,0.14000000059604645,0.14000000059604645,0.0670401006937027,0,
2001-12-06,0.14000000059604645,0.14000000059604645,0.14000000059604645,0.14000000059604645,0.0670401006937027,0,
2001-12-07,0.14000000059604645,0.14000000059604645,0.14000000059604645,0.14000000059604645,0.0670401006937027,0,
2001-12-10,0.14000000059604645,0.14000000059604645,0.14000000059604645,0.14000000059604645,0.0670401006937027,0,
2001-12-11,0.14000000059604645,0.14000000059604645,0.14000000059604645,0.14000000059604645,0.0670401006937027,0,
2001-12-12,0.14000000059604645,0.14000000059604645,0.14000000059604645,0.14000000059604645,0.0670401006937027,0,
2001-12-13,0.14000000059604645,0.14000000059604645,0.14000000059604645,0.14000000059604645,0.0670401006937027,0,
2001-12-14,0.14000000059604645,0.14000000059604645,0.14000000059604645,0.14000000059604645,0.0670401006937027,0,
2001-12-17,0.14000000059604645,0.14000000059604645,0.14000000059604645,0.14000000059604645,0.0670401006937027,0,
2001-12-18,0.14000000059604645,0.14000000059604645,0.14000000059604645,0.14000000059604645,0.0670401006937027,0,
2001-12-19,0.14000000059604645,0.14000000059604645,0.14000000059604645,0.14000000059604645,0.0670401006937027,0,
2001-12-20,0.14000000059604645,0.14000000059604645,0.14000000059604645,0.14000000059604645,0.0670401006937027,0,
2001-12-21,0.14000000059604645,0.14000000059604645,0.14000000059604645,0.14000000059604645,0.0670401006937027,0,
2001-12-24,0.14000000059604645,0.14000000059604645,0.14000000059604645,0.14000000059604645,0.0670401006937027,0,
2001-12-25,0.14000000059604645,0.14000000059604645,0.14000000059604645,0.14000000059604645,0.0670401006937027,0,
2001-12-26,0.14000000059604645,0.14000000059604645,0.14000000059604645,0.14000000059604645,0.0670401006937027,0,
2001-12-27,0.14000000059604645,0.14000000059604645,0.14000000059604645,0.14000000059604645,0.0670401006937027,0,
2001-12-28,0.14000000059604645,0.14000000059604645,0.14000000059604645,0.14000000059604645,0.0670401006937027,0,
2001-12-31,0.14000000059604645,0.14000000059604645,0.14000000059604645,0.14000000059604645,0.0670401006937027,0,
2002-01-01,0.14000000059604645,0.14000000059604645,0.14000000059604645,0.14000000059604645,0.0670401006937027,0,
2002-01-02,0.14000000059604645,0.14000000059604645,0.14000000059604645,0.14000000059604645,0.0670401006937027,0,
2002-01-03,0.14000000059604645,0.14000000059604645,0.14000000059604645,0.14000000059604645,0.0670401006937027,0,
2002-01-04,0.1599999964237213,0.18000000715255737,0.1599999964237213,0.18000000715255737,0.08619441837072372,8136400,
2002-01-07,0.18000000715255737,0.18000000715255737,0.18000000715255737,0.18000000715255737,0.08619441837072372,0,
2002-01-08,0.18000000715255737,0.18000000715255737,0.18000000715255737,0.18000000715255737,0.08619441837072372,0,
2002-01-09,0.17000000178813934,0.18000000715255737,0.17000000178813934,0.18000000715255737,0.08619441837072372,14916700,
2002-01-10,0.18000000715255737,0.18000000715255737,0.18000000715255737,0.18000000715255737,0.08619441837072372,0,
2002-01-11,0.18000000715255737,0.18000000715255737,0.18000000715255737,0.18000000715255737,0.08619441837072372,0,
2002-01-14,0.18000000715255737,0.18000000715255737,0.18000000715255737,0.18000000715255737,0.08619441837072372,0,
2002-01-15,0.18000000715255737,0.18000000715255737,0.18000000715255737,0.18000000715255737,0.08619441837072372,0,
2002-01-16,0.18000000715255737,0.18000000715255737,0.18000000715255737,0.18000000715255737,0.08619441837072372,0,
2002-01-17,0.18000000715255737,0.18000000715255737,0.18000000715255737,0.18000000715255737,0.08619441837072372,0,
2002-01-18,0.18000000715255737,0.1899999976158142,0.18000000715255737,0.1899999976158142,0.09098298847675323,322744000,
2002-01-21,0.1899999976158142,0.1899999976158142,0.1899999976158142,0.1899999976158142,0.09098298847675323,0,
2002-01-22,0.1899999976158142,0.1899999976158142,0.1899999976158142,0.1899999976158142,0.09098298847675323,0,
2002-01-23,0.1899999976158142,0.1899999976158142,0.1899999976158142,0.1899999976158142,0.09098298847675323,0,
2002-01-24,0.1899999976158142,0.2199999988079071,0.18000000715255737,0.18000000715255737,0.08619441837072372,9492500,
2002-01-25,0.18000000715255737,0.18000000715255737,0.18000000715255737,0.18000000715255737,0.08619441837072372,0,
2002-01-28,0.1899999976158142,0.1899999976158142,0.18000000715255737,0.18000000715255737,0.08619441837072372,16272800,
2002-01-29,0.18000000715255737,0.18000000715255737,0.18000000715255737,0.18000000715255737,0.08619441837072372,0,
2002-01-30,0.18000000715255737,0.18000000715255737,0.18000000715255737,0.18000000715255737,0.08619441837072372,0,
2002-01-31,0.18000000715255737,0.18000000715255737,0.18000000715255737,0.18000000715255737,0.08619441837072372,0,
2002-02-01,0.18000000715255737,0.18000000715255737,0.18000000715255737,0.18000000715255737,0.08619441837072372,0,
2002-02-04,0.20999999344348907,0.20999999344348907,0.20000000298023224,0.20000000298023224,0.09577155858278275,10848500,
2002-02-05,0.20000000298023224,0.20000000298023224,0.20000000298023224,0.20000000298023224,0.09577155858278275,0,
2002-02-06,0.20000000298023224,0.20000000298023224,0.20000000298023224,0.20000000298023224,0.09577155858278275,0,
2002-02-07,0.18000000715255737,0.20000000298023224,0.18000000715255737,0.20000000298023224,0.09577155858278275,23053100,
2002-02-08,0.20000000298023224,0.20000000298023224,0.20000000298023224,0.20000000298023224,0.09577155858278275,0,
2002-02-11,0.20000000298023224,0.20000000298023224,0.20000000298023224,0.20000000298023224,0.09577155858278275,0,
2002-02-12,0.20000000298023224,0.20000000298023224,0.20000000298023224,0.20000000298023224,0.09577155858278275,0,
2002-02-13,0.20000000298023224,0.20000000298023224,0.20000000298023224,0.20000000298023224,0.09577155858278275,0,
2002-02-14,0.20000000298023224,0.20000000298023224,0.20000000298023224,0.20000000298023224,0.09577155858278275,0,
2002-02-15,0.20000000298023224,0.20999999344348907,0.20000000298023224,0.20999999344348907,0.10056015104055405,20341000,
2002-02-18,0.20999999344348907,0.20999999344348907,0.20999999344348907,0.20999999344348907,0.10056015104055405,0,
2002-02-19,0.20999999344348907,0.20999999344348907,0.20999999344348907,0.20999999344348907,0.10056015104055405,0,
2002-02-20,0.20999999344348907,0.20999999344348907,0.20999999344348907,0.20999999344348907,0.10056015104055405,0,
2002-02-21,0.20999999344348907,0.20999999344348907,0.20999999344348907,0.20999999344348907,0.10056015104055405,0,
2002-02-22,0.20999999344348907,0.20999999344348907,0.20999999344348907,0.20999999344348907,0.10056015104055405,0,
2002-02-25,0.20999999344348907,0.20999999344348907,0.20999999344348907,0.20999999344348907,0.10056015104055405,0,
2002-02-26,0.20999999344348907,0.20999999344348907,0.20999999344348907,0.20999999344348907,0.10056015104055405,0,
2002-02-27,0.20999999344348907,0.20999999344348907,0.20999999344348907,0.20999999344348907,0.10056015104055405,0,
2002-02-28,0.20999999344348907,0.20999999344348907,0.20999999344348907,0.20999999344348907,0.10056015104055405,0,
2002-03-01,0.20999999344348907,0.20999999344348907,0.20999999344348907,0.20999999344348907,0.10056015104055405,0,
2002-03-04,0.20999999344348907,0.20999999344348907,0.20999999344348907,0.20999999344348907,0.10056015104055405,0,
2002-03-05,0.20999999344348907,0.20999999344348907,0.20999999344348907,0.20999999344348907,0.10056015104055405,0,
2002-03-06,0.20000000298023224,0.20999999344348907,0.20000000298023224,0.20999999344348907,0.10056015104055405,142387100,
2002-03-07,0.20999999344348907,0.20999999344348907,0.20999999344348907,0.20999999344348907,0.10056015104055405,0,
2002-03-08,0.20999999344348907,0.20999999344348907,0.20999999344348907,0.20999999344348907,0.10056015104055405,0,
2002-03-11,0.20999999344348907,0.20999999344348907,0.20999999344348907,0.20999999344348907,0.10056015104055405,0,
2002-03-12,0.20999999344348907,0.20999999344348907,0.20999999344348907,0.20999999344348907,0.10056015104055405,0,
2002-03-13,0.20999999344348907,0.20999999344348907,0.20999999344348907,0.20999999344348907,0.10056015104055405,0,
2002-03-14,0.20999999344348907,0.20999999344348907,0.20999999344348907,0.20999999344348907,0.10056015104055405,0,
2002-03-15,0.20999999344348907,0.20999999344348907,0.20999999344348907,0.20999999344348907,0.10056015104055405,0,
2002-03-18,0.20999999344348907,0.2199999988079071,0.20000000298023224,0.20000000298023224,0.09577155858278275,47462400,
2002-03-19,0.20000000298023224,0.20000000298023224,0.20000000298023224,0.20000000298023224,0.09577155858278275,0,
2002-03-20,0.20999999344348907,0.20999999344348907,0.20000000298023224,0.20000000298023224,0.09577155858278275,104417200,
2002-03-21,0.20000000298023224,0.20000000298023224,0.20000000298023224,0.20000000298023224,0.09577155858278275,0,
2002-03-22,0.20000000298023224,0.20000000298023224,0.20000000298023224,0.20000000298023224,0.09577155858278275,0,
2002-03-25,0.20000000298023224,0.20000000298023224,0.20000000298023224,0.20000000298023224,0.09577155858278275,0,
2002-03-26,0.20000000298023224,0.20000000298023224,0.20000000298023224,0.20000000298023224,0.09577155858278275,0,
2002-03-27,0.20000000298023224,0.20000000298023224,0.20000000298023224,0.20000000298023224,0.09577155858278275,0,
2002-03-28,0.20000000298023224,0.20000000298023224,0.20000000298023224,0.20000000298023224,0.09577155858278275,0,
2002-03-29,0.20000000298023224,0.20000000298023224,0.20000000298023224,0.20000000298023224,0.09577155858278275,0,
2002-04-01,0.20000000298023224,0.20000000298023224,0.20000000298023224,0.20000000298023224,0.09577155858278275,0,
2002-04-02,0.20000000298023224,0.20000000298023224,0.20000000298023224,0.20000000298023224,0.10641283541917801,0,0.02
2002-04-03,0.1899999976158142,0.1899999976158142,0.18000000715255737,0.18000000715255737,0.09577157348394394,43092800,
2002-04-04,0.18000000715255737,0.18000000715255737,0.18000000715255737,0.18000000715255737,0.09577157348394394,0,
2002-04-05,0.18000000715255737,0.18000000715255737,0.18000000715255737,0.18000000715255737,0.09577157348394394,0,
2002-04-08,0.18000000715255737,0.18000000715255737,0.18000000715255737,0.18000000715255737,0.09577157348394394,0,
2002-04-09,0.18000000715255737,0.1899999976158142,0.18000000715255737,0.1899999976158142,0.10109221190214157,36563600,
2002-04-10,0.1899999976158142,0.1899999976158142,0.1899999976158142,0.1899999976158142,0.10109221190214157,0,
2002-04-11,0.1899999976158142,0.1899999976158142,0.1899999976158142,0.1899999976158142,0.10109221190214157,0,
2002-04-12,0.1899999976158142,0.1899999976158142,0.1899999976158142,0.1899999976158142,0.10109221190214157,0,
2002-04-15,0.1899999976158142,0.1899999976158142,0.1899999976158142,0.1899999976158142,0.10109221190214157,0,
2002-04-16,0.1899999976158142,0.1899999976158142,0.1899999976158142,0.1899999976158142,0.10109221190214157,0,
2002-04-17,0.1899999976158142,0.1899999976158142,0.1899999976158142,0.1899999976158142,0.10109221190214157,0,
2002-04-18,0.1899999976158142,0.1899999976158142,0.1899999976158142,0.1899999976158142,0.10109221190214157,0,
2002-04-19,0.1899999976158142,0.20000000298023224,0.1899999976158142,0.20000000298023224,0.10641283541917801,749553700,
2002-04-22,0.20000000298023224,0.20000000298023224,0.20000000298023224,0.20000000298023224,0.10641283541917801,0,
2002-04-23,0.20000000298023224,0.20000000298023224,0.20000000298023224,0.20000000298023224,0.10641283541917801,0,
2002-04-24,0.18000000715255737,0.1899999976158142,0.18000000715255737,0.1899999976158142,0.10109221190214157,92714800,
2002-04-25,0.1899999976158142,0.1899999976158142,0.1899999976158142,0.1899999976158142,0.10109221190214157,0,
2002-04-26,0.1899999976158142,0.20000000298023224,0.18000000715255737,0.18000000715255737,0.09577157348394394,195876400,
2002-04-29,0.18000000715255737,0.18000000715255737,0.18000000715255737,0.18000000715255737,0.09577157348394394,0,
2002-04-30,0.18000000715255737,0.18000000715255737,0.18000000715255737,0.18000000715255737,0.09577157348394394,0,
2002-05-01,0.18000000715255737,0.18000000715255737,0.18000000715255737,0.18000000715255737,0.09577157348394394,0,
2002-05-02,0.18000000715255737,0.18000000715255737,0.18000000715255737,0.18000000715255737,0.09577157348394394,0,
2002-05-03,0.18000000715255737,0.18000000715255737,0.18000000715255737,0.18000000715255737,0.09577157348394394,0,
2002-05-06,0.18000000715255737,0.18000000715255737,0.18000000715255737,0.18000000715255737,0.09577157348394394,0,
2002-05-07,0.18000000715255737,0.18000000715255737,0.18000000715255737,0.18000000715255737,0.09577157348394394,0,
2002-05-08,0.18000000715255737,0.18000000715255737,0.18000000715255737,0.18000000715255737,0.09577157348394394,0,
2002-05-09,0.18000000715255737,0.18000000715255737,0.18000000715255737,0.18000000715255737,0.09577157348394394,0,
2002-05-10,0.18000000715255737,0.18000000715255737,0.18000000715255737,0.18000000715255737,0.09577157348394394,0,
2002-05-13,0.18000000715255737,0.18000000715255737,0.18000000715255737,0.18000000715255737,0.09577157348394394,0,
2002-05-14,0.18000000715255737,0.1899999976158142,0.18000000715255737,0.1899999976158142,0.10109221190214157,26116900,
2002-05-15,0.1899999976158142,0.1899999976158142,0.18000000715255737,0.18000000715255737,0.09577157348394394,159312800,
2002-05-16,0.18000000715255737,0.18000000715255737,0.18000000715255737,0.18000000715255737,0.09577157348394394,0,
2002-05-17,0.18000000715255737,0.18000000715255737,0.18000000715255737,0.18000000715255737,0.09577157348394394,0,
2002-05-20,0.18000000715255737,0.18000000715255737,0.18000000715255737,0.18000000715255737,0.09577157348394394,0,
2002-05-21,0.18000000715255737,0.1899999976158142,0.18000000715255737,0.1899999976158142,0.10109221190214157,133196000,
2002-05-22,0.1899999976158142,0.1899999976158142,0.18000000715255737,0.18000000715255737,0.09577157348394394,54845400,
2002-05-23,0.18000000715255737,0.18000000715255737,0.18000000715255737,0.18000000715255737,0.09577157348394394,0,
2002-05-24,0.18000000715255737,0.18000000715255737,0.18000000715255737,0.18000000715255737,0.09577157348394394,0,
2002-05-27,0.18000000715255737,0.18000000715255737,0.18000000715255737,0.18000000715255737,0.09577157348394394,0,
2002-05-28,0.18000000715255737,0.1899999976158142,0.18000000715255737,0.1899999976158142,0.10109221190214157,326460700,
2002-05-29,0.1899999976158142,0.1899999976158142,0.1899999976158142,0.1899999976158142,0.10109221190214157,0,
2002-05-30,0.1899999976158142,0.1899999976158142,0.1899999976158142,0.1899999976158142,0.10109221190214157,0,
2002-05-31,0.1899999976158142,0.1899999976158142,0.1899999976158142,0.1899999976158142,0.10109221190214157,0,
2002-06-03,0.1899999976158142,0.1899999976158142,0.1899999976158142,0.1899999976158142,0.10109221190214157,0,
2002-06-04,0.1899999976158142,0.1899999976158142,0.1899999976158142,0.1899999976158142,0.10109221190214157,0,
2002-06-05,0.1899999976158142,0.20000000298023224,0.1899999976158142,0.1899999976158142,0.10109221190214157,56151200,
2002-06-06,0.20000000298023224,0.2199999988079071,0.20000000298023224,0.2199999988079071,0.11705414205789566,565429900,
2002-06-07,0.2199999988079071,0.2199999988079071,0.2199999988079071,0.2199999988079071,0.11705414205789566,0,
2002-06-10,0.20000000298023224,0.20999999344348907,0.20000000298023224,0.20999999344348907,0.11173346638679504,404811200,
2002-06-11,0.20999999344348907,0.20999999344348907,0.20999999344348907,0.20999999344348907,0.11173346638679504,0,
2002-06-12,0.20999999344348907,0.20999999344348907,0.20999999344348907,0.20999999344348907,0.11173346638679504,0,
2002-06-13,0.20999999344348907,0.20999999344348907,0.20999999344348907,0.20999999344348907,0.11173346638679504,0,
2002-06-14,0.20999999344348907,0.20999999344348907,0.20999999344348907,0.20999999344348907,0.11173346638679504,0,
2002-06-17,0.20999999344348907,0.20999999344348907,0.20999999344348907,0.20999999344348907,0.11173346638679504,0,
2002-06-18,0.2199999988079071,0.2199999988079071,0.20999999344348907,0.20999999344348907,0.11173346638679504,84879800,
2002-06-19,0.20999999344348907,0.20999999344348907,0.20999999344348907,0.20999999344348907,0.11173346638679504,0,
2002-06-20,0.20999999344348907,0.20999999344348907,0.20999999344348907,0.20999999344348907,0.11173346638679504,0,
2002-06-21,0.20999999344348907,0.20999999344348907,0.20999999344348907,0.20999999344348907,0.11173346638679504,0,
2002-06-24,0.20999999344348907,0.20999999344348907,0.20999999344348907,0.20999999344348907,0.11173346638679504,0,
2002-06-25,0.20999999344348907,0.20999999344348907,0.20999999344348907,0.20999999344348907,0.11173346638679504,0,
2002-06-26,0.20999999344348907,0.20999999344348907,0.20999999344348907,0.20999999344348907,0.11173346638679504,0,
2002-06-27,0.20999999344348907,0.20999999344348907,0.20999999344348907,0.20999999344348907,0.11173346638679504,0,
2002-06-28,0.20999999344348907,0.20999999344348907,0.20999999344348907,0.20999999344348907,0.11173346638679504,0,
2002-07-01,0.20999999344348907,0.20999999344348907,0.20999999344348907,0.20999999344348907,0.11173346638679504,0,
2002-07-02,0.20999999344348907,0.20999999344348907,0.20999999344348907,0.20999999344348907,0.11173346638679504,0,
2002-07-03,0.20999999344348907,0.20999999344348907,0.20999999344348907,0.20999999344348907,0.11173346638679504,0,
2002-07-04,0.20999999344348907,0.20999999344348907,0.20999999344348907,0.20999999344348907,0.11173346638679504,0,
2002-07-05,0.20999999344348907,0.20999999344348907,0.20999999344348907,0.20999999344348907,0.11173346638679504,0,
2002-07-08,0.20999999344348907,0.20999999344348907,0.20999999344348907,0.20999999344348907,0.11173346638679504,0,
2002-07-09,0.20999999344348907,0.20999999344348907,0.20999999344348907,0.20999999344348907,0.11173346638679504,0,
2002-07-10,0.20999999344348907,0.20999999344348907,0.20999999344348907,0.20999999344348907,0.11173346638679504,0,
2002-07-11,0.20999999344348907,0.20999999344348907,0.20999999344348907,0.20999999344348907,0.11173346638679504,0,
2002-07-12,0.20999999344348907,0.20999999344348907,0.20999999344348907,0.20999999344348907,0.11173346638679504,0,
2002-07-15,0.20999999344348907,0.20999999344348907,0.20999999344348907,0.20999999344348907,0.11173346638679504,0,
2002-07-16,0.20999999344348907,0.20999999344348907,0.20999999344348907,0.20999999344348907,0.11173346638679504,0,
2002-07-17,0.20999999344348907,0.20999999344348907,0.20999999344348907,0.20999999344348907,0.11173346638679504,0,
2002-07-18,0.20999999344348907,0.20999999344348907,0.20999999344348907,0.20999999344348907,0.11173346638679504,0,
2002-07-19,0.20999999344348907,0.20999999344348907,0.20999999344348907,0.20999999344348907,0.11173346638679504,0,
2002-07-22,0.23000000417232513,0.23000000417232513,0.20999999344348907,0.20999999344348907,0.11173346638679504,130584300,
2002-07-23,0.20999999344348907,0.20999999344348907,0.20999999344348907,0.20999999344348907,0.11173346638679504,0,
2002-07-24,0.20999999344348907,0.20999999344348907,0.20999999344348907,0.20999999344348907,0.11173346638679504,0,
2002-07-25,0.20999999344348907,0.20999999344348907,0.20999999344348907,0.20999999344348907,0.11173346638679504,0,
2002-07-26,0.20999999344348907,0.20999999344348907,0.20999999344348907,0.20999999344348907,0.11173346638679504,0,
2002-07-29,0.20999999344348907,0.20999999344348907,0.20999999344348907,0.20999999344348907,0.11173346638679504,0,
2002-07-30,0.20999999344348907,0.2199999988079071,0.20999999344348907,0.20999999344348907,0.11173346638679504,323849000,
2002-07-31,0.20999999344348907,0.2199999988079071,0.20999999344348907,0.2199999988079071,0.11705414205789566,91409000,
2002-08-01,0.2199999988079071,0.2199999988079071,0.2199999988079071,0.2199999988079071,0.11705414205789566,0,
2002-08-02,0.2199999988079071,0.2199999988079071,0.2199999988079071,0.2199999988079071,0.11705414205789566,0,
2002-08-05,0.2199999988079071,0.2199999988079071,0.2199999988079071,0.2199999988079071,0.11705414205789566,0,
2002-08-06,0.2199999988079071,0.2199999988079071,0.2199999988079071,0.2199999988079071,0.11705414205789566,0,
2002-08-07,0.2199999988079071,0.2199999988079071,0.2199999988079071,0.2199999988079071,0.11705414205789566,0,
2002-08-08,0.2199999988079071,0.2199999988079071,0.2199999988079071,0.2199999988079071,0.11705414205789566,0,
2002-08-09,0.2199999988079071,0.2199999988079071,0.2199999988079071,0.2199999988079071,0.11705414205789566,0,
2002-08-12,0.2199999988079071,0.2199999988079071,0.2199999988079071,0.2199999988079071,0.11705414205789566,0,
2002-08-13,0.2199999988079071,0.2199999988079071,0.2199999988079071,0.2199999988079071,0.11705414205789566,0,
2002-08-14,0.20999999344348907,0.23000000417232513,0.20999999344348907,0.23000000417232513,0.12237478047609329,1121718900,
2002-08-15,0.23000000417232513,0.23000000417232513,0.23000000417232513,0.23000000417232513,0.12237478047609329,0,
2002-08-16,0.23000000417232513,0.25999999046325684,0.23000000417232513,0.25,0.13301603496074677,526254600,
2002-08-19,0.25999999046325684,0.3100000023841858,0.25999999046325684,0.28999999165534973,0.15429861843585968,2586874500,
2002-08-20,0.28999999165534973,0.30000001192092896,0.28999999165534973,0.30000001192092896,0.15961933135986328,1069485200,
2002-08-21,0.30000001192092896,0.30000001192092896,0.30000001192092896,0.30000001192092896,0.15961933135986328,0,
2002-08-22,0.30000001192092896,0.30000001192092896,0.30000001192092896,0.30000001192092896,0.15961933135986328,0,
2002-08-23,0.28999999165534973,0.30000001192092896,0.28999999165534973,0.30000001192092896,0.15961933135986328,14364300,
2002-08-26,0.30000001192092896,0.30000001192092896,0.30000001192092896,0.30000001192092896,0.15961933135986328,0,
2002-08-27,0.2800000011920929,0.28999999165534973,0.2800000011920929,0.28999999165534973,0.15429861843585968,156701100,
2002-08-28,0.28999999165534973,0.28999999165534973,0.28999999165534973,0.28999999165534973,0.15429861843585968,0,
2002-08-29,0.28999999165534973,0.28999999165534973,0.28999999165534973,0.28999999165534973,0.15429861843585968,0,
2002-08-30,0.28999999165534973,0.28999999165534973,0.28999999165534973,0.28999999165534973,0.15429861843585968,0,
2002-09-02,0.28999999165534973,0.28999999165534973,0.28999999165534973,0.28999999165534973,0.15429861843585968,0,
2002-09-03,0.28999999165534973,0.28999999165534973,0.28999999165534973,0.28999999165534973,0.15429861843585968,0,
2002-09-04,0.28999999165534973,0.28999999165534973,0.28999999165534973,0.28999999165534973,0.15429861843585968,0,
2002-09-05,0.28999999165534973,0.28999999165534973,0.28999999165534973,0.28999999165534973,0.15429861843585968,0,
2002-09-06,0.28999999165534973,0.28999999165534973,0.28999999165534973,0.28999999165534973,0.15429861843585968,0,
2002-09-09,0.27000001072883606,0.27000001072883606,0.25999999046325684,0.25999999046325684,0.13833670318126678,577182500,
2002-09-10,0.25999999046325684,0.25999999046325684,0.25999999046325684,0.25999999046325684,0.13833670318126678,0,
2002-09-11,0.25999999046325684,0.25999999046325684,0.25999999046325684,0.25999999046325684,0.13833670318126678,0,
2002-09-12,0.25999999046325684,0.25999999046325684,0.25999999046325684,0.25999999046325684,0.13833670318126678,0,
2002-09-13,0.27000001072883606,0.27000001072883606,0.25,0.25999999046325684,0.13833670318126678,86185600,
2002-09-16,0.25999999046325684,0.25999999046325684,0.25999999046325684,0.25999999046325684,0.13833670318126678,0,
2002-09-17,0.25999999046325684,0.25999999046325684,0.25999999046325684,0.25999999046325684,0.13833670318126678,0,
2002-09-18,0.27000001072883606,0.27000001072883606,0.25999999046325684,0.27000001072883606,0.1436573714017868,235051700,
2002-09-19,0.27000001072883606,0.27000001072883606,0.27000001072883606,0.27000001072883606,0.1436573714017868,0,
2002-09-20,0.27000001072883606,0.27000001072883606,0.27000001072883606,0.27000001072883606,0.1436573714017868,0,
2002-09-23,0.27000001072883606,0.27000001072883606,0.27000001072883606,0.27000001072883606,0.1436573714017868,0,
2002-09-24,0.25999999046325684,0.27000001072883606,0.25999999046325684,0.27000001072883606,0.1436573714017868,206323200,
2002-09-25,0.27000001072883606,0.27000001072883606,0.27000001072883606,0.27000001072883606,0.1436573714017868,0,
2002-09-26,0.27000001072883606,0.27000001072883606,0.27000001072883606,0.27000001072883606,0.1436573714017868,0,
2002-09-27,0.25999999046325684,0.25999999046325684,0.25,0.25,0.13301603496074677,9140900,
2002-09-30,0.27000001072883606,0.27000001072883606,0.25,0.25,0.13301603496074677,117525800,
2002-10-01,0.25,0.25,0.25,0.25,0.13301603496074677,0,
2002-10-02,0.25,0.25,0.25,0.25,0.13301603496074677,0,
2002-10-03,0.25,0.25,0.25,0.25,0.13301603496074677,0,
2002-10-04,0.25,0.25,0.25,0.25,0.13301603496074677,0,
2002-10-07,0.25,0.25,0.25,0.25,0.13301603496074677,0,
2002-10-08,0.25,0.25,0.25,0.25,0.13301603496074677,0,
2002-10-09,0.25,0.25,0.25,0.25,0.13301603496074677,0,
2002-10-10,0.25,0.25,0.25,0.25,0.13301603496074677,0,
2002-10-11,0.25,0.25,0.25,0.25,0.13301603496074677,0,
2002-10-14,0.25,0.25,0.25,0.25,0.13301603496074677,0,
2002-10-15,0.25,0.25,0.25,0.25,0.13301603496074677,0,
2002-10-16,0.25,0.25,0.25,0.25,0.13301603496074677,0,
2002-10-17,0.25,0.25,0.25,0.25,0.13301603496074677,0,
2002-10-18,0.25,0.25,0.25,0.25,0.13301603496074677,0,
2002-10-21,0.25,0.25,0.25,0.25,0.13301603496074677,0,
2002-10-22,0.25,0.25,0.25,0.25,0.13301603496074677,0,
2002-10-23,0.25,0.25,0.25,0.25,0.13301603496074677,0,
2002-10-24,0.25,0.25,0.25,0.25,0.13301603496074677,0,
2002-10-25,0.25,0.25,0.25,0.25,0.13301603496074677,0,
2002-10-28,0.25,0.25,0.25,0.25,0.13301603496074677,0,
2002-10-29,0.25,0.25,0.25,0.25,0.13301603496074677,0,
2002-10-30,0.25,0.25,0.25,0.25,0.13301603496074677,0,
2002-10-31,0.25,0.25,0.25,0.25,0.13301603496074677,0,
2002-11-01,0.25,0.25,0.25,0.25,0.13301603496074677,0,
2002-11-04,0.25,0.25,0.25,0.25,0.13301603496074677,0,
2002-11-05,0.25,0.25,0.25,0.25,0.13301603496074677,0,
2002-11-06,0.25,0.25,0.25,0.25,0.13301603496074677,0,
2002-11-07,0.25,0.25,0.25,0.25,0.13301603496074677,0,
2002-11-08,0.25,0.25,0.25,0.25,0.13301603496074677,0,
2002-11-11,0.25,0.25,0.25,0.25,0.13301603496074677,0,
2002-11-12,0.25999999046325684,0.27000001072883606,0.25999999046325684,0.27000001072883606,0.1436573714017868,71821400,
2002-11-13,0.27000001072883606,0.27000001072883606,0.27000001072883606,0.27000001072883606,0.1436573714017868,0,
2002-11-14,0.27000001072883606,0.27000001072883606,0.27000001072883606,0.27000001072883606,0.1436573714017868,0,
2002-11-15,0.27000001072883606,0.27000001072883606,0.27000001072883606,0.27000001072883606,0.1436573714017868,0,
2002-11-18,0.27000001072883606,0.27000001072883606,0.27000001072883606,0.27000001072883606,0.1436573714017868,0,
2002-11-19,0.27000001072883606,0.27000001072883606,0.27000001072883606,0.27000001072883606,0.1436573714017868,0,
2002-11-20,0.27000001072883606,0.27000001072883606,0.27000001072883606,0.27000001072883606,0.1436573714017868,0,
2002-11-21,0.27000001072883606,0.27000001072883606,0.27000001072883606,0.27000001072883606,0.1436573714017868,0,
2002-11-22,0.27000001072883606,0.27000001072883606,0.27000001072883606,0.27000001072883606,0.1436573714017868,0,
2002-11-25,0.27000001072883606,0.27000001072883606,0.27000001072883606,0.27000001072883606,0.1436573714017868,0,
2002-11-26,0.27000001072883606,0.27000001072883606,0.27000001072883606,0.27000001072883606,0.1436573714017868,0,
2002-11-27,0.27000001072883606,0.27000001072883606,0.27000001072883606,0.27000001072883606,0.1436573714017868,0,
2002-11-28,0.27000001072883606,0.27000001072883606,0.27000001072883606,0.27000001072883606,0.1436573714017868,0,
2002-11-29,0.27000001072883606,0.27000001072883606,0.27000001072883606,0.27000001072883606,0.1436573714017868,0,
2002-12-02,0.27000001072883606,0.27000001072883606,0.27000001072883606,0.27000001072883606,0.1436573714017868,0,
2002-12-03,0.27000001072883606,0.27000001072883606,0.27000001072883606,0.27000001072883606,0.1436573714017868,0,
2002-12-04,0.27000001072883606,0.27000001072883606,0.27000001072883606,0.27000001072883606,0.1436573714017868,0,
2002-12-05,0.27000001072883606,0.27000001072883606,0.27000001072883606,0.27000001072883606,0.1436573714017868,0,
2002-12-06,0.27000001072883606,0.27000001072883606,0.27000001072883606,0.27000001072883606,0.1436573714017868,0,
2002-12-09,0.27000001072883606,0.27000001072883606,0.27000001072883606,0.27000001072883606,0.1436573714017868,0,
2002-12-10,0.27000001072883606,0.27000001072883606,0.27000001072883606,0.27000001072883606,0.1436573714017868,0,
2002-12-11,0.25,0.27000001072883606,0.25,0.27000001072883606,0.1436573714017868,2611700,
2002-12-12,0.27000001072883606,0.27000001072883606,0.27000001072883606,0.27000001072883606,0.1436573714017868,0,
2002-12-13,0.27000001072883606,0.27000001072883606,0.27000001072883606,0.27000001072883606,0.1436573714017868,0,
2002-12-16,0.25999999046325684,0.27000001072883606,0.25999999046325684,0.27000001072883606,0.1436573714017868,130584300,
2002-12-17,0.27000001072883606,0.27000001072883606,0.27000001072883606,0.27000001072883606,0.1436573714017868,0,
2002-12-18,0.27000001072883606,0.27000001072883606,0.27000001072883606,0.27000001072883606,0.1436573714017868,0,
2002-12-19,0.27000001072883606,0.27000001072883606,0.27000001072883606,0.27000001072883606,0.1436573714017868,0,
2002-12-20,0.27000001072883606,0.27000001072883606,0.25999999046325684,0.25999999046325684,0.13833670318126678,191958900,
2002-12-23,0.25999999046325684,0.25999999046325684,0.25999999046325684,0.25999999046325684,0.13833670318126678,0,
2002-12-24,0.25999999046325684,0.25999999046325684,0.25999999046325684,0.25999999046325684,0.13833670318126678,0,
2002-12-25,0.27000001072883606,0.2800000011920929,0.27000001072883606,0.2800000011920929,0.14897798001766205,131890100,
2002-12-26,0.2800000011920929,0.2800000011920929,0.2800000011920929,0.2800000011920929,0.14897798001766205,0,
2002-12-27,0.28999999165534973,0.28999999165534973,0.2800000011920929,0.28999999165534973,0.15429861843585968,56151200,
2002-12-30,0.28999999165534973,0.28999999165534973,0.28999999165534973,0.28999999165534973,0.15429861843585968,0,
2002-12-31,0.28999999165534973,0.28999999165534973,0.28999999165534973,0.28999999165534973,0.15429861843585968,0,
2003-01-01,0.28999999165534973,0.28999999165534973,0.28999999165534973,0.28999999165534973,0.15429861843585968,0,
2003-01-02,0.28999999165534973,0.28999999165534973,0.28999999165534973,0.28999999165534973,0.15429861843585968,0,
2003-01-03,0.27000001072883606,0.3100000023841858,0.27000001072883606,0.3100000023841858,0.16493989527225494,41787000,
2003-01-06,0.30000001192092896,0.30000001192092896,0.28999999165534973,0.28999999165534973,0.15429861843585968,287285400,
2003-01-07,0.30000001192092896,0.3100000023841858,0.30000001192092896,0.3100000023841858,0.16493989527225494,326460700,
2003-01-08,0.28999999165534973,0.28999999165534973,0.2800000011920929,0.28999999165534973,0.15429861843585968,117525800,
2003-01-09,0.28999999165534973,0.28999999165534973,0.28999999165534973,0.28999999165534973,0.15429861843585968,0,
2003-01-10,0.28999999165534973,0.28999999165534973,0.28999999165534973,0.28999999165534973,0.15429861843585968,0,
2003-01-13,0.28999999165534973,0.28999999165534973,0.28999999165534973,0.28999999165534973,0.15429861843585968,0,
2003-01-14,0.28999999165534973,0.28999999165534973,0.28999999165534973,0.28999999165534973,0.15429861843585968,0,
2003-01-15,0.28999999165534973,0.28999999165534973,0.28999999165534973,0.28999999165534973,0.15429861843585968,0,
2003-01-16,0.28999999165534973,0.28999999165534973,0.28999999165534973,0.28999999165534973,0.15429861843585968,0,
2003-01-17,0.28999999165534973,0.28999999165534973,0.28999999165534973,0.28999999165534973,0.15429861843585968,0,
2003-01-20,0.28999999165534973,0.28999999165534973,0.28999999165534973,0.28999999165534973,0.15429861843585968,0,
2003-01-21,0.28999999165534973,0.3100000023841858,0.28999999165534973,0.3100000023841858,0.16493989527225494,561512400,
2003-01-22,0.3100000023841858,0.3100000023841858,0.3100000023841858,0.3100000023841858,0.16493989527225494,0,
2003-01-23,0.3100000023841858,0.3100000023841858,0.3100000023841858,0.3100000023841858,0.16493989527225494,0,
2003-01-24,0.3100000023841858,0.3100000023841858,0.3100000023841858,0.3100000023841858,0.16493989527225494,0,
2003-01-27,0.3100000023841858,0.3100000023841858,0.3100000023841858,0.3100000023841858,0.16493989527225494,0,
2003-01-28,0.3100000023841858,0.3100000023841858,0.3100000023841858,0.3100000023841858,0.16493989527225494,0,
2003-01-29,0.3100000023841858,0.3100000023841858,0.3100000023841858,0.3100000023841858,0.16493989527225494,0,
2003-01-30,0.3100000023841858,0.3100000023841858,0.3100000023841858,0.3100000023841858,0.16493989527225494,0,
2003-01-31,0.3100000023841858,0.3100000023841858,0.3100000023841858,0.3100000023841858,0.16493989527225494,0,
2003-02-03,0.3100000023841858,0.3100000023841858,0.3100000023841858,0.3100000023841858,0.16493989527225494,0,
2003-02-04,0.3100000023841858,0.3100000023841858,0.3100000023841858,0.3100000023841858,0.16493989527225494,0,
2003-02-05,0.3100000023841858,0.3100000023841858,0.3100000023841858,0.3100000023841858,0.16493989527225494,0,
2003-02-06,0.3100000023841858,0.3100000023841858,0.3100000023841858,0.3100000023841858,0.16493989527225494,0,
2003-02-07,0.3100000023841858,0.3100000023841858,0.3100000023841858,0.3100000023841858,0.16493989527225494,0,
2003-02-10,0.30000001192092896,0.30000001192092896,0.2800000011920929,0.2800000011920929,0.14897798001766205,197182300,
2003-02-11,0.2800000011920929,0.2800000011920929,0.2800000011920929,0.2800000011920929,0.14897798001766205,0,
2003-02-12,0.2800000011920929,0.2800000011920929,0.2800000011920929,0.2800000011920929,0.14897798001766205,0,
2003-02-13,0.2800000011920929,0.2800000011920929,0.2800000011920929,0.2800000011920929,0.14897798001766205,0,
2003-02-14,0.2800000011920929,0.2800000011920929,0.2800000011920929,0.2800000011920929,0.14897798001766205,0,
2003-02-17,0.2800000011920929,0.2800000011920929,0.2800000011920929,0.2800000011920929,0.14897798001766205,0,
2003-02-18,0.2800000011920929,0.2800000011920929,0.2800000011920929,0.2800000011920929,0.14897798001766205,0,
2003-02-19,0.2800000011920929,0.2800000011920929,0.2800000011920929,0.2800000011920929,0.14897798001766205,0,
2003-02-20,0.2800000011920929,0.2800000011920929,0.2800000011920929,0.2800000011920929,0.14897798001766205,0,
2003-02-21,0.2800000011920929,0.2800000011920929,0.2800000011920929,0.2800000011920929,0.14897798001766205,0,
2003-02-24,0.2800000011920929,0.2800000011920929,0.2800000011920929,0.2800000011920929,0.14897798001766205,0,
2003-02-25,0.2800000011920929,0.2800000011920929,0.2800000011920929,0.2800000011920929,0.14897798001766205,0,
2003-02-26,0.2800000011920929,0.2800000011920929,0.2800000011920929,0.2800000011920929,0.14897798001766205,0,
2003-02-27,0.2800000011920929,0.2800000011920929,0.2800000011920929,0.2800000011920929,0.14897798001766205,0,
2003-02-28,0.2800000011920929,0.2800000011920929,0.2800000011920929,0.2800000011920929,0.14897798001766205,0,
2003-03-03,0.2800000011920929,0.2800000011920929,0.2800000011920929,0.2800000011920929,0.14897798001766205,0,
2003-03-04,0.2800000011920929,0.2800000011920929,0.2800000011920929,0.2800000011920929,0.14897798001766205,0,
2003-03-05,0.2800000011920929,0.2800000011920929,0.2800000011920929,0.2800000011920929,0.14897798001766205,0,
2003-03-06,0.2800000011920929,0.2800000011920929,0.2800000011920929,0.2800000011920929,0.14897798001766205,0,
2003-03-07,0.2800000011920929,0.2800000011920929,0.2800000011920929,0.2800000011920929,0.14897798001766205,0,
2003-03-10,0.2800000011920929,0.2800000011920929,0.2800000011920929,0.2800000011920929,0.14897798001766205,0,
2003-03-11,0.2800000011920929,0.2800000011920929,0.2800000011920929,0.2800000011920929,0.14897798001766205,0,
2003-03-12,0.2800000011920929,0.2800000011920929,0.2800000011920929,0.2800000011920929,0.14897798001766205,0,
2003-03-13,0.2800000011920929,0.2800000011920929,0.2800000011920929,0.2800000011920929,0.14897798001766205,0,
2003-03-14,0.2800000011920929,0.2800000011920929,0.2800000011920929,0.2800000011920929,0.14897798001766205,0,
2003-03-17,0.2800000011920929,0.2800000011920929,0.2800000011920929,0.2800000011920929,0.14897798001766205,0,
2003-03-18,0.2800000011920929,0.2800000011920929,0.2800000011920929,0.2800000011920929,0.14897798001766205,0,
2003-03-19,0.3100000023841858,0.3400000035762787,0.3100000023841858,0.33000001311302185,0.1755812168121338,498831900,
2003-03-20,0.33000001311302185,0.33000001311302185,0.33000001311302185,0.33000001311302185,0.1755812168121338,0,
2003-03-21,0.33000001311302185,0.33000001311302185,0.33000001311302185,0.33000001311302185,0.1755812168121338,0,
2003-03-24,0.3400000035762787,0.3499999940395355,0.3400000035762787,0.3400000035762787,0.18090185523033142,201099800,
2003-03-25,0.33000001311302185,0.3400000035762787,0.33000001311302185,0.3400000035762787,0.18090185523033142,104467400,
2003-03-26,0.33000001311302185,0.36000001430511475,0.33000001311302185,0.36000001430511475,0.19154314696788788,353883400,
2003-03-27,0.36000001430511475,0.46000000834465027,0.36000001430511475,0.4099999964237213,0.21814626455307007,1009416400,
2003-03-28,0.4399999976158142,0.4399999976158142,0.4000000059604645,0.4099999964237213,0.21814626455307007,208934800,
2003-03-31,0.41999998688697815,0.4300000071525574,0.3799999952316284,0.3799999952316284,0.20218442380428314,351271700,
2003-04-01,0.3499999940395355,0.36000001430511475,0.3400000035762787,0.36000001430511475,0.20796112716197968,216769900,0.03
2003-04-02,0.36000001430511475,0.36000001430511475,0.36000001430511475,0.36000001430511475,0.20796112716197968,0,
2003-04-03,0.36000001430511475,0.3799999952316284,0.36000001430511475,0.3799999952316284,0.21951450407505035,116220000,
2003-04-04,0.3799999952316284,0.4099999964237213,0.3799999952316284,0.4099999964237213,0.23684453964233398,984605400,
2003-04-07,0.4099999964237213,0.4099999964237213,0.4099999964237213,0.4099999964237213,0.23684453964233398,0,
2003-04-08,0.4300000071525574,0.4699999988079071,0.4300000071525574,0.4699999988079071,0.27150487899780273,1303231000,
2003-04-09,0.47999998927116394,0.5199999809265137,0.4699999988079071,0.4699999988079071,0.27150487899780273,2249967000,
2003-04-10,0.49000000953674316,0.49000000953674316,0.46000000834465027,0.46000000834465027,0.26572802662849426,504055300,
2003-04-11,0.46000000834465027,0.4699999988079071,0.46000000834465027,0.4699999988079071,0.27150487899780273,22199300,
2003-04-14,0.4699999988079071,0.4699999988079071,0.4699999988079071,0.4699999988079071,0.27150487899780273,0,
2003-04-15,0.4699999988079071,0.4699999988079071,0.4699999988079071,0.4699999988079071,0.27150487899780273,0,
2003-04-16,0.47999998927116394,0.5199999809265137,0.47999998927116394,0.5199999809265137,0.30038830637931824,1606186600,
2003-04-17,0.5099999904632568,0.5099999904632568,0.49000000953674316,0.5099999904632568,0.29461169242858887,1415533500,
2003-04-18,0.5099999904632568,0.5099999904632568,0.49000000953674316,0.5,0.28883489966392517,436151500,
2003-04-21,0.5,0.5,0.49000000953674316,0.49000000953674316,0.283058226108551,114914200,
2003-04-22,0.47999998927116394,0.47999998927116394,0.46000000834465027,0.46000000834465027,0.26572802662849426,847491900,
2003-04-23,0.46000000834465027,0.46000000834465027,0.4000000059604645,0.41999998688697815,0.2426213026046753,1855602500,
2003-04-24,0.41999998688697815,0.41999998688697815,0.4099999964237213,0.4099999964237213,0.23684453964233398,207629000,
2003-04-25,0.4000000059604645,0.4099999964237213,0.4000000059604645,0.4000000059604645,0.23106789588928223,95326500,
2003-04-28,0.4099999964237213,0.41999998688697815,0.4099999964237213,0.4099999964237213,0.23684453964233398,236357500,
2003-04-29,0.4099999964237213,0.41999998688697815,0.4099999964237213,0.4099999964237213,0.23684453964233398,176288800,
2003-04-30,0.4099999964237213,0.4099999964237213,0.4099999964237213,0.4099999964237213,0.23684453964233398,0,
2003-05-01,0.4099999964237213,0.4099999964237213,0.4099999964237213,0.4099999964237213,0.23684453964233398,0,
2003-05-02,0.4099999964237213,0.4300000071525574,0.4099999964237213,0.41999998688697815,0.2426213026046753,377388500,
2003-05-05,0.41999998688697815,0.41999998688697815,0.41999998688697815,0.41999998688697815,0.2426213026046753,0,
2003-05-06,0.4300000071525574,0.4399999976158142,0.4300000071525574,0.4399999976158142,0.25417467951774597,110996600,
2003-05-07,0.4399999976158142,0.4399999976158142,0.4399999976158142,0.4399999976158142,0.25417467951774597,0,
2003-05-08,0.4399999976158142,0.4699999988079071,0.4399999976158142,0.46000000834465027,0.26572802662849426,152783600,
2003-05-09,0.46000000834465027,0.46000000834465027,0.44999998807907104,0.44999998807907104,0.2599514424800873,79656400,
2003-05-12,0.4300000071525574,0.46000000834465027,0.4300000071525574,0.4399999976158142,0.25417467951774597,221993300,
2003-05-13,0.4399999976158142,0.4399999976158142,0.4399999976158142,0.4399999976158142,0.25417467951774597,0,
2003-05-14,0.4399999976158142,0.4399999976158142,0.4399999976158142,0.4399999976158142,0.25417467951774597,0,
2003-05-15,0.4399999976158142,0.4399999976158142,0.4399999976158142,0.4399999976158142,0.25417467951774597,0,
2003-05-16,0.46000000834465027,0.46000000834465027,0.4399999976158142,0.4399999976158142,0.25417467951774597,356495100,
2003-05-19,0.4300000071525574,0.4300000071525574,0.41999998688697815,0.4300000071525574,0.24839799106121063,368247700,
2003-05-20,0.4399999976158142,0.4399999976158142,0.4300000071525574,0.4300000071525574,0.24839799106121063,58762900,
2003-05-21,0.41999998688697815,0.4300000071525574,0.4099999964237213,0.41999998688697815,0.2426213026046753,267697800,
2003-05-22,0.41999998688697815,0.41999998688697815,0.41999998688697815,0.41999998688697815,0.2426213026046753,0,
2003-05-23,0.41999998688697815,0.41999998688697815,0.41999998688697815,0.41999998688697815,0.2426213026046753,0,
2003-05-26,0.4300000071525574,0.4300000071525574,0.4099999964237213,0.4099999964237213,0.23684453964233398,188041400,
2003-05-27,0.4300000071525574,0.4300000071525574,0.41999998688697815,0.41999998688697815,0.2426213026046753,616357800,
2003-05-28,0.41999998688697815,0.41999998688697815,0.4000000059604645,0.4000000059604645,0.23106789588928223,961100300,
2003-05-29,0.4000000059604645,0.4000000059604645,0.4000000059604645,0.4000000059604645,0.23106789588928223,0,
2003-05-30,0.4099999964237213,0.4099999964237213,0.4000000059604645,0.4000000059604645,0.23106789588928223,190653000,
2003-06-02,0.4000000059604645,0.4000000059604645,0.38999998569488525,0.38999998569488525,0.22529123723506927,347354200,
2003-06-03,0.38999998569488525,0.4000000059604645,0.3100000023841858,0.3700000047683716,0.21373780071735382,603299300,
2003-06-04,0.3700000047683716,0.3799999952316284,0.3700000047683716,0.3799999952316284,0.21951450407505035,920619100,
2003-06-05,0.38999998569488525,0.38999998569488525,0.3799999952316284,0.3799999952316284,0.21951450407505035,48316200,
2003-06-06,0.3799999952316284,0.3799999952316284,0.3799999952316284,0.3799999952316284,0.21951450407505035,0,
2003-06-09,0.3799999952316284,0.4099999964237213,0.3799999952316284,0.4000000059604645,0.23106789588928223,84879800,
2003-06-10,0.4000000059604645,0.41999998688697815,0.4000000059604645,0.41999998688697815,0.2426213026046753,224604900,
2003-06-11,0.41999998688697815,0.4399999976158142,0.41999998688697815,0.41999998688697815,0.2426213026046753,874914600,
2003-06-12,0.4300000071525574,0.4399999976158142,0.4300000071525574,0.4399999976158142,0.25417467951774597,1651891100,
2003-06-13,0.4399999976158142,0.4399999976158142,0.41999998688697815,0.41999998688697815,0.2426213026046753,783505600,
2003-06-16,0.4399999976158142,0.4399999976158142,0.4099999964237213,0.41999998688697815,0.2426213026046753,570653300,
2003-06-17,0.41999998688697815,0.4300000071525574,0.41999998688697815,0.41999998688697815,0.2426213026046753,211546500,
2003-06-18,0.41999998688697815,0.41999998688697815,0.4099999964237213,0.4099999964237213,0.23684453964233398,381306100,
2003-06-19,0.4099999964237213,0.41999998688697815,0.4099999964237213,0.4099999964237213,0.23684453964233398,438763200,
2003-06-20,0.4099999964237213,0.4099999964237213,0.4099999964237213,0.4099999964237213,0.23684453964233398,0,
2003-06-23,0.41999998688697815,0.46000000834465027,0.41999998688697815,0.46000000834465027,0.26572802662849426,808316700,
2003-06-24,0.44999998807907104,0.5299999713897705,0.44999998807907104,0.5299999713897705,0.30616500973701477,2862407300,
2003-06-25,0.5299999713897705,0.5400000214576721,0.5,0.5099999904632568,0.29461169242858887,873608800,
2003-06-26,0.5199999809265137,0.5299999713897705,0.5099999904632568,0.5099999904632568,0.29461169242858887,696014200,
2003-06-27,0.5199999809265137,0.550000011920929,0.5199999809265137,0.5400000214576721,0.3119417428970337,2118076900,
2003-06-30,0.550000011920929,0.550000011920929,0.5299999713897705,0.5299999713897705,0.30616500973701477,638557100,
2003-07-01,0.5299999713897705,0.5299999713897705,0.5299999713897705,0.5299999713897705,0.30616500973701477,0,
2003-07-02,0.5299999713897705,0.5299999713897705,0.5199999809265137,0.5199999809265137,0.30038830637931824,300343800,
2003-07-03,0.5199999809265137,0.5299999713897705,0.5099999904632568,0.5099999904632568,0.29461169242858887,506667000,
2003-07-04,0.5099999904632568,0.5199999809265137,0.5,0.5099999904632568,0.29461169242858887,517113700,
2003-07-07,0.5400000214576721,0.5400000214576721,0.5099999904632568,0.5099999904632568,0.29461169242858887,544536400,
2003-07-08,0.5099999904632568,0.5099999904632568,0.5,0.5,0.28883489966392517,566735700,
2003-07-09,0.5,0.5,0.5,0.5,0.28883489966392517,0,
2003-07-10,0.5099999904632568,0.5199999809265137,0.49000000953674316,0.5199999809265137,0.30038830637931824,818763400,
2003-07-11,0.5099999904632568,0.5400000214576721,0.5099999904632568,0.5299999713897705,0.30616500973701477,629416200,
2003-07-14,0.5299999713897705,0.5299999713897705,0.5299999713897705,0.5299999713897705,0.30616500973701477,0,
2003-07-15,0.5299999713897705,0.5600000023841858,0.5199999809265137,0.5400000214576721,0.3119417428970337,1390722500,
2003-07-16,0.5400000214576721,0.5600000023841858,0.5299999713897705,0.550000011920929,0.31771838665008545,1920894700,
2003-07-17,0.550000011920929,0.550000011920929,0.5400000214576721,0.5400000214576721,0.3119417428970337,959794400,
2003-07-18,0.5400000214576721,0.5600000023841858,0.5400000214576721,0.5400000214576721,0.3119417428970337,446598200,
2003-07-21,0.5400000214576721,0.5400000214576721,0.5299999713897705,0.5400000214576721,0.3119417428970337,799175800,
2003-07-22,0.5400000214576721,0.5600000023841858,0.5400000214576721,0.5400000214576721,0.3119417428970337,642474600,
2003-07-23,0.5400000214576721,0.550000011920929,0.5400000214576721,0.5400000214576721,0.3119417428970337,493608600,
2003-07-24,0.5400000214576721,0.5400000214576721,0.5299999713897705,0.5299999713897705,0.30616500973701477,340825000,
2003-07-25,0.5400000214576721,0.5600000023841858,0.5400000214576721,0.5600000023841858,0.323495090007782,1535671100,
2003-07-28,0.5600000023841858,0.5600000023841858,0.5299999713897705,0.5299999713897705,0.30616500973701477,330378200,
2003-07-29,0.5299999713897705,0.5400000214576721,0.5299999713897705,0.5400000214576721,0.3119417428970337,13058400,
2003-07-30,0.5400000214576721,0.5400000214576721,0.5400000214576721,0.5400000214576721,0.3119417428970337,0,
2003-07-31,0.5400000214576721,0.550000011920929,0.5400000214576721,0.550000011920929,0.31771838665008545,306873000,
2003-08-01,0.550000011920929,0.550000011920929,0.550000011920929,0.550000011920929,0.31771838665008545,0,
2003-08-04,0.550000011920929,0.5600000023841858,0.550000011920929,0.550000011920929,0.31771838665008545,823986800,
2003-08-05,0.5600000023841858,0.5600000023841858,0.550000011920929,0.550000011920929,0.31771838665008545,483161800,
2003-08-06,0.5600000023841858,0.5600000023841858,0.5400000214576721,0.550000011920929,0.31771838665008545,48316200,
2003-08-07,0.550000011920929,0.5600000023841858,0.550000011920929,0.550000011920929,0.31771838665008545,442680700,
2003-08-08,0.550000011920929,0.5600000023841858,0.550000011920929,0.5600000023841858,0.323495090007782,346048300,
2003-08-11,0.5600000023841858,0.5699999928474426,0.550000011920929,0.5699999928474426,0.32927173376083374,211546500,
2003-08-12,0.5699999928474426,0.5699999928474426,0.5699999928474426,0.5699999928474426,0.32927173376083374,0,
2003-08-13,0.5699999928474426,0.5699999928474426,0.5600000023841858,0.5699999928474426,0.32927173376083374,280756200,
2003-08-14,0.5600000023841858,0.5600000023841858,0.550000011920929,0.5600000023841858,0.323495090007782,285979600,
2003-08-15,0.5699999928474426,0.5699999928474426,0.5600000023841858,0.5600000023841858,0.323495090007782,225910800,
2003-08-18,0.5699999928474426,0.5799999833106995,0.5699999928474426,0.5699999928474426,0.32927173376083374,577182500,
2003-08-19,0.5699999928474426,0.5799999833106995,0.5699999928474426,0.5699999928474426,0.32927173376083374,291202900,
2003-08-20,0.5699999928474426,0.5699999928474426,0.5699999928474426,0.5699999928474426,0.32927173376083374,0,
2003-08-21,0.5699999928474426,0.5699999928474426,0.5699999928474426,0.5699999928474426,0.32927173376083374,0,
2003-08-22,0.5699999928474426,0.5699999928474426,0.5699999928474426,0.5699999928474426,0.32927173376083374,0,
2003-08-25,0.5699999928474426,0.5699999928474426,0.5699999928474426,0.5699999928474426,0.32927173376083374,0,
2003-08-26,0.5699999928474426,0.5699999928474426,0.5699999928474426,0.5699999928474426,0.32927173376083374,0,
2003-08-27,0.5699999928474426,0.5699999928474426,0.5600000023841858,0.5600000023841858,0.323495090007782,403505400,
2003-08-28,0.550000011920929,0.5600000023841858,0.550000011920929,0.5600000023841858,0.323495090007782,182818000,
2003-08-29,0.5600000023841858,0.5600000023841858,0.5600000023841858,0.5600000023841858,0.323495090007782,0,
2003-09-01,0.5699999928474426,0.5699999928474426,0.550000011920929,0.550000011920929,0.31771838665008545,235051700,
2003-09-02,0.5600000023841858,0.5600000023841858,0.5400000214576721,0.5400000214576721,0.3119417428970337,48316200,
2003-09-03,0.550000011920929,0.550000011920929,0.5400000214576721,0.5400000214576721,0.3119417428970337,94020700,
2003-09-04,0.5400000214576721,0.5400000214576721,0.5299999713897705,0.5299999713897705,0.30616500973701477,332989900,
2003-09-05,0.5299999713897705,0.5299999713897705,0.5299999713897705,0.5299999713897705,0.30616500973701477,0,
2003-09-08,0.550000011920929,0.550000011920929,0.5400000214576721,0.5400000214576721,0.3119417428970337,198488100,
2003-09-09,0.5400000214576721,0.5400000214576721,0.5199999809265137,0.5400000214576721,0.3119417428970337,221993300,
2003-09-10,0.5400000214576721,0.5400000214576721,0.5400000214576721,0.5400000214576721,0.3119417428970337,0,
2003-09-11,0.5400000214576721,0.5400000214576721,0.5400000214576721,0.5400000214576721,0.3119417428970337,0,
2003-09-12,0.5400000214576721,0.550000011920929,0.5400000214576721,0.5400000214576721,0.3119417428970337,390447000,
2003-09-15,0.5400000214576721,0.550000011920929,0.5400000214576721,0.5400000214576721,0.3119417428970337,575876600,
2003-09-16,0.5600000023841858,0.5899999737739563,0.5600000023841858,0.5699999928474426,0.32927173376083374,902337300,
2003-09-17,0.5600000023841858,0.5799999833106995,0.5600000023841858,0.5699999928474426,0.32927173376083374,1244468100,
2003-09-18,0.5699999928474426,0.5899999737739563,0.5600000023841858,0.5699999928474426,0.32927173376083374,1044674200,
2003-09-19,0.6000000238418579,0.6000000238418579,0.5899999737739563,0.5899999737739563,0.3408251404762268,801787400,
2003-09-22,0.5899999737739563,0.5899999737739563,0.5799999833106995,0.5899999737739563,0.3408251404762268,765223800,
2003-09-23,0.5899999737739563,0.5899999737739563,0.5899999737739563,0.5899999737739563,0.3408251404762268,0,
2003-09-24,0.5899999737739563,0.5899999737739563,0.5899999737739563,0.5899999737739563,0.3408251404762268,0,
2003-09-25,0.5799999833106995,0.5899999737739563,0.5799999833106995,0.5899999737739563,0.3408251404762268,408728800,
2003-09-26,0.5899999737739563,0.6000000238418579,0.5799999833106995,0.5799999833106995,0.33504849672317505,443986500,
2003-09-29,0.5899999737739563,0.6000000238418579,0.5799999833106995,0.5799999833106995,0.33504849672317505,305567200,
2003-09-30,0.5799999833106995,0.5799999833106995,0.5799999833106995,0.5799999833106995,0.33504849672317505,0,
2003-10-01,0.5799999833106995,0.5799999833106995,0.5799999833106995,0.5799999833106995,0.33504849672317505,0,
2003-10-02,0.5799999833106995,0.5799999833106995,0.5799999833106995,0.5799999833106995,0.33504849672317505,0,
2003-10-03,0.5799999833106995,0.5799999833106995,0.5799999833106995,0.5799999833106995,0.33504849672317505,0,
2003-10-06,0.5799999833106995,0.5799999833106995,0.5799999833106995,0.5799999833106995,0.33504849672317505,0,
2003-10-07,0.5799999833106995,0.5799999833106995,0.5799999833106995,0.5799999833106995,0.33504849672317505,0,
2003-10-08,0.5799999833106995,0.5799999833106995,0.5799999833106995,0.5799999833106995,0.33504849672317505,0,
2003-10-09,0.5799999833106995,0.5799999833106995,0.5799999833106995,0.5799999833106995,0.33504849672317505,0,
2003-10-10,0.5799999833106995,0.5799999833106995,0.5799999833106995,0.5799999833106995,0.33504849672317505,0,
2003-10-13,0.5799999833106995,0.5799999833106995,0.5799999833106995,0.5799999833106995,0.33504849672317505,0,
2003-10-14,0.5799999833106995,0.5799999833106995,0.5799999833106995,0.5799999833106995,0.33504849672317505,0,
2003-10-15,0.5799999833106995,0.5799999833106995,0.5799999833106995,0.5799999833106995,0.33504849672317505,0,
2003-10-16,0.5799999833106995,0.5799999833106995,0.5799999833106995,0.5799999833106995,0.33504849672317505,0,
2003-10-17,0.5799999833106995,0.5799999833106995,0.5799999833106995,0.5799999833106995,0.33504849672317505,0,
2003-10-20,0.5799999833106995,0.5799999833106995,0.5799999833106995,0.5799999833106995,0.33504849672317505,0,
2003-10-21,0.5799999833106995,0.5799999833106995,0.5799999833106995,0.5799999833106995,0.33504849672317505,0,
2003-10-22,0.5799999833106995,0.5799999833106995,0.5799999833106995,0.5799999833106995,0.33504849672317505,0,
2003-10-23,0.5799999833106995,0.5799999833106995,0.5799999833106995,0.5799999833106995,0.33504849672317505,0,
2003-10-24,0.5799999833106995,0.5799999833106995,0.5799999833106995,0.5799999833106995,0.33504849672317505,0,
2003-10-27,0.5799999833106995,0.5799999833106995,0.5799999833106995,0.5799999833106995,0.33504849672317505,0,
2003-10-28,0.5799999833106995,0.5799999833106995,0.5799999833106995,0.5799999833106995,0.33504849672317505,0,
2003-10-29,0.5799999833106995,0.5799999833106995,0.5799999833106995,0.5799999833106995,0.33504849672317505,0,
2003-10-30,0.5799999833106995,0.5799999833106995,0.5799999833106995,0.5799999833106995,0.33504849672317505,0,
2003-10-31,0.5799999833106995,0.5799999833106995,0.5799999833106995,0.5799999833106995,0.33504849672317505,0,
2003-11-03,0.5799999833106995,0.5799999833106995,0.5799999833106995,0.5799999833106995,0.33504849672317505,0,
2003-11-04,0.5799999833106995,0.5799999833106995,0.5799999833106995,0.5799999833106995,0.33504849672317505,0,
2003-11-05,0.5799999833106995,0.5799999833106995,0.5799999833106995,0.5799999833106995,0.33504849672317505,0,
2003-11-06,0.5799999833106995,0.5799999833106995,0.5799999833106995,0.5799999833106995,0.33504849672317505,0,
2003-11-07,0.5799999833106995,0.5799999833106995,0.5799999833106995,0.5799999833106995,0.33504849672317505,0,
2003-11-10,0.5799999833106995,0.5799999833106995,0.5799999833106995,0.5799999833106995,0.33504849672317505,0,
2003-11-11,0.5799999833106995,0.5799999833106995,0.5799999833106995,0.5799999833106995,0.33504849672317505,0,
2003-11-12,0.5799999833106995,0.5799999833106995,0.5799999833106995,0.5799999833106995,0.33504849672317505,0,
2003-11-13,0.5799999833106995,0.5799999833106995,0.5799999833106995,0.5799999833106995,0.33504849672317505,0,
2003-11-14,0.5799999833106995,0.5799999833106995,0.5799999833106995,0.5799999833106995,0.33504849672317505,0,
2003-11-17,0.5799999833106995,0.5799999833106995,0.5799999833106995,0.5799999833106995,0.33504849672317505,0,
2003-11-18,0.5799999833106995,0.5799999833106995,0.5799999833106995,0.5799999833106995,0.33504849672317505,0,
2003-11-19,0.5799999833106995,0.5799999833106995,0.5799999833106995,0.5799999833106995,0.33504849672317505,0,
2003-11-20,0.5799999833106995,0.5799999833106995,0.5799999833106995,0.5799999833106995,0.33504849672317505,0,
2003-11-21,0.5799999833106995,0.5799999833106995,0.5799999833106995,0.5799999833106995,0.33504849672317505,0,
2003-11-24,0.5799999833106995,0.5799999833106995,0.5799999833106995,0.5799999833106995,0.33504849672317505,0,
2003-11-25,0.5799999833106995,0.5799999833106995,0.5799999833106995,0.5799999833106995,0.33504849672317505,0,
2003-11-26,0.5799999833106995,0.5799999833106995,0.5799999833106995,0.5799999833106995,0.33504849672317505,0,
2003-11-27,0.5799999833106995,0.5799999833106995,0.5799999833106995,0.5799999833106995,0.33504849672317505,0,
2003-11-28,0.5799999833106995,0.5799999833106995,0.5799999833106995,0.5799999833106995,0.33504849672317505,0,
2003-12-01,0.5799999833106995,0.5799999833106995,0.5799999833106995,0.5799999833106995,0.33504849672317505,0,
2003-12-02,0.5799999833106995,0.5799999833106995,0.5799999833106995,0.5799999833106995,0.33504849672317505,0,
2003-12-03,0.5799999833106995,0.5799999833106995,0.5799999833106995,0.5799999833106995,0.33504849672317505,0,
2003-12-04,0.5799999833106995,0.5799999833106995,0.5799999833106995,0.5799999833106995,0.33504849672317505,0,
2003-12-05,0.5799999833106995,0.5799999833106995,0.5799999833106995,0.5799999833106995,0.33504849672317505,0,
2003-12-08,0.5799999833106995,0.5799999833106995,0.5799999833106995,0.5799999833106995,0.33504849672317505,0,
2003-12-09,0.5799999833106995,0.5799999833106995,0.5799999833106995,0.5799999833106995,0.33504849672317505,0,
2003-12-10,0.5799999833106995,0.5799999833106995,0.5799999833106995,0.5799999833106995,0.33504849672317505,0,
2003-12-11,0.5799999833106995,0.5799999833106995,0.5799999833106995,0.5799999833106995,0.33504849672317505,0,
2003-12-12,0.5799999833106995,0.5799999833106995,0.5799999833106995,0.5799999833106995,0.33504849672317505,0,
2003-12-15,0.5799999833106995,0.5799999833106995,0.5799999833106995,0.5799999833106995,0.33504849672317505,0,
2003-12-16,0.5799999833106995,0.5799999833106995,0.5799999833106995,0.5799999833106995,0.33504849672317505,0,
2003-12-17,0.5799999833106995,0.5799999833106995,0.5799999833106995,0.5799999833106995,0.33504849672317505,0,
2003-12-18,0.5799999833106995,0.5799999833106995,0.5799999833106995,0.5799999833106995,0.33504849672317505,0,
2003-12-19,0.5799999833106995,0.5799999833106995,0.5799999833106995,0.5799999833106995,0.33504849672317505,0,
2003-12-22,0.5799999833106995,0.5799999833106995,0.5799999833106995,0.5799999833106995,0.33504849672317505,0,
2003-12-23,0.5799999833106995,0.5799999833106995,0.5799999833106995,0.5799999833106995,0.33504849672317505,0,
2003-12-24,0.5799999833106995,0.5799999833106995,0.5799999833106995,0.5799999833106995,0.33504849672317505,0,
2003-12-25,0.5799999833106995,0.5799999833106995,0.5799999833106995,0.5799999833106995,0.33504849672317505,0,
2003-12-26,0.5799999833106995,0.5799999833106995,0.5799999833106995,0.5799999833106995,0.33504849672317505,0,
2003-12-29,0.5799999833106995,0.5799999833106995,0.5799999833106995,0.5799999833106995,0.33504849672317505,0,
2003-12-30,0.5799999833106995,0.5799999833106995,0.5799999833106995,0.5799999833106995,0.33504849672317505,0,
2003-12-31,0.5799999833106995,0.5799999833106995,0.5799999833106995,0.5799999833106995,0.33504849672317505,0,
2004-01-01,0.5799999833106995,0.5799999833106995,0.5799999833106995,0.5799999833106995,0.33504849672317505,0,
2004-01-02,0.5799999833106995,0.5799999833106995,0.5799999833106995,0.5799999833106995,0.33504849672317505,0,
2004-01-05,0.5799999833106995,0.5799999833106995,0.5799999833106995,0.5799999833106995,0.33504849672317505,0,
2004-01-06,0.5799999833106995,0.5799999833106995,0.5799999833106995,0.5799999833106995,0.33504849672317505,0,
2004-01-07,0.5799999833106995,0.5799999833106995,0.5799999833106995,0.5799999833106995,0.33504849672317505,0,
2004-01-08,0.5799999833106995,0.5799999833106995,0.5799999833106995,0.5799999833106995,0.33504849672317505,0,
2004-01-09,0.5799999833106995,0.5799999833106995,0.5799999833106995,0.5799999833106995,0.33504849672317505,0,
2004-01-12,0.5799999833106995,0.5799999833106995,0.5799999833106995,0.5799999833106995,0.33504849672317505,0,
2004-01-13,0.5799999833106995,0.5799999833106995,0.5799999833106995,0.5799999833106995,0.33504849672317505,0,
2004-01-14,0.5799999833106995,0.5799999833106995,0.5799999833106995,0.5799999833106995,0.33504849672317505,0,
2004-01-15,0.5799999833106995,0.5799999833106995,0.5799999833106995,0.5799999833106995,0.33504849672317505,0,
2004-01-16,0.5799999833106995,0.5799999833106995,0.5799999833106995,0.5799999833106995,0.33504849672317505,0,
2004-01-19,0.5799999833106995,0.5799999833106995,0.5799999833106995,0.5799999833106995,0.33504849672317505,0,
2004-01-20,0.5799999833106995,0.5799999833106995,0.5799999833106995,0.5799999833106995,0.33504849672317505,0,
2004-01-21,0.5799999833106995,0.5799999833106995,0.5799999833106995,0.5799999833106995,0.33504849672317505,0,
2004-01-22,0.5799999833106995,0.5799999833106995,0.5799999833106995,0.5799999833106995,0.33504849672317505,0,
2004-01-23,0.5799999833106995,0.5799999833106995,0.5799999833106995,0.5799999833106995,0.33504849672317505,0,
2004-01-26,0.5799999833106995,0.5799999833106995,0.5799999833106995,0.5799999833106995,0.33504849672317505,0,
2004-01-27,0.5799999833106995,0.5799999833106995,0.5799999833106995,0.5799999833106995,0.33504849672317505,0,
2004-01-28,0.5799999833106995,0.5799999833106995,0.5799999833106995,0.5799999833106995,0.33504849672317505,0,
2004-01-29,0.5799999833106995,0.5799999833106995,0.5799999833106995,0.5799999833106995,0.33504849672317505,0,
2004-01-30,0.5799999833106995,0.5799999833106995,0.5799999833106995,0.5799999833106995,0.33504849672317505,0,
2004-02-02,0.5799999833106995,0.5799999833106995,0.5799999833106995,0.5799999833106995,0.33504849672317505,0,
2004-02-03,0.5799999833106995,0.5799999833106995,0.5799999833106995,0.5799999833106995,0.33504849672317505,0,
2004-02-04,0.5799999833106995,0.5799999833106995,0.5799999833106995,0.5799999833106995,0.33504849672317505,0,
2004-02-05,0.5799999833106995,0.5799999833106995,0.5799999833106995,0.5799999833106995,0.33504849672317505,0,
2004-02-06,0.5799999833106995,0.5799999833106995,0.5799999833106995,0.5799999833106995,0.33504849672317505,0,
2004-02-09,0.5799999833106995,0.5799999833106995,0.5799999833106995,0.5799999833106995,0.33504849672317505,0,
2004-02-10,0.5799999833106995,0.5799999833106995,0.5799999833106995,0.5799999833106995,0.33504849672317505,0,
2004-02-11,0.5799999833106995,0.5799999833106995,0.5799999833106995,0.5799999833106995,0.33504849672317505,0,
2004-02-12,0.5799999833106995,0.5799999833106995,0.5799999833106995,0.5799999833106995,0.33504849672317505,0,
2004-02-13,0.5799999833106995,0.5799999833106995,0.5799999833106995,0.5799999833106995,0.33504849672317505,0,
2004-02-16,0.5799999833106995,0.5799999833106995,0.5799999833106995,0.5799999833106995,0.33504849672317505,0,
2004-02-17,0.5799999833106995,0.5799999833106995,0.5799999833106995,0.5799999833106995,0.33504849672317505,0,
2004-02-18,0.5799999833106995,0.5799999833106995,0.5799999833106995,0.5799999833106995,0.33504849672317505,0,
2004-02-19,0.5799999833106995,0.5799999833106995,0.5799999833106995,0.5799999833106995,0.33504849672317505,0,
2004-02-20,0.5799999833106995,0.5799999833106995,0.5799999833106995,0.5799999833106995,0.33504849672317505,0,
2004-02-23,0.5799999833106995,0.5799999833106995,0.5799999833106995,0.5799999833106995,0.33504849672317505,0,
2004-02-24,0.5799999833106995,0.5799999833106995,0.5799999833106995,0.5799999833106995,0.33504849672317505,0,
2004-02-25,0.5799999833106995,0.5799999833106995,0.5799999833106995,0.5799999833106995,0.33504849672317505,0,
2004-02-26,0.5799999833106995,0.5799999833106995,0.5799999833106995,0.5799999833106995,0.33504849672317505,0,
2004-02-27,0.5799999833106995,0.5799999833106995,0.5799999833106995,0.5799999833106995,0.33504849672317505,0,
2004-03-01,0.5799999833106995,0.5799999833106995,0.5799999833106995,0.5799999833106995,0.33504849672317505,0,
2004-03-02,0.5799999833106995,0.5799999833106995,0.5799999833106995,0.5799999833106995,0.33504849672317505,0,
2004-03-03,0.5799999833106995,0.5799999833106995,0.5799999833106995,0.5799999833106995,0.33504849672317505,0,
2004-03-04,0.5799999833106995,0.5799999833106995,0.5799999833106995,0.5799999833106995,0.33504849672317505,0,
2004-03-05,0.5799999833106995,0.5799999833106995,0.5799999833106995,0.5799999833106995,0.33504849672317505,0,
2004-03-08,0.5799999833106995,0.5799999833106995,0.5799999833106995,0.5799999833106995,0.33504849672317505,0,
2004-03-09,0.5799999833106995,0.5799999833106995,0.5799999833106995,0.5799999833106995,0.33504849672317505,0,
2004-03-10,0.5799999833106995,0.5799999833106995,0.5799999833106995,0.5799999833106995,0.33504849672317505,0,
2004-03-11,0.5799999833106995,0.5799999833106995,0.5799999833106995,0.5799999833106995,0.33504849672317505,0,
2004-03-12,0.5799999833106995,0.5799999833106995,0.5799999833106995,0.5799999833106995,0.33504849672317505,0,
2004-03-15,0.5799999833106995,0.5799999833106995,0.5799999833106995,0.5799999833106995,0.33504849672317505,0,
2004-03-16,0.5799999833106995,0.5799999833106995,0.5799999833106995,0.5799999833106995,0.33504849672317505,0,
2004-03-17,0.5799999833106995,0.5799999833106995,0.5799999833106995,0.5799999833106995,0.33504849672317505,0,
2004-03-18,0.5799999833106995,0.5799999833106995,0.5799999833106995,0.5799999833106995,0.33504849672317505,0,
2004-03-19,0.5799999833106995,0.5799999833106995,0.5799999833106995,0.5799999833106995,0.33504849672317505,0,
2004-03-22,0.5799999833106995,0.5799999833106995,0.5799999833106995,0.5799999833106995,0.33504849672317505,0,
2004-03-23,0.5799999833106995,0.5799999833106995,0.5799999833106995,0.5799999833106995,0.33504849672317505,0,
2004-03-24,0.5799999833106995,0.5799999833106995,0.5799999833106995,0.5799999833106995,0.33504849672317505,0,
2004-03-25,0.5799999833106995,0.5799999833106995,0.5799999833106995,0.5799999833106995,0.33504849672317505,0,
2004-03-26,0.5799999833106995,0.5799999833106995,0.5799999833106995,0.5799999833106995,0.33504849672317505,0,
2004-03-29,0.5799999833106995,0.5799999833106995,0.5799999833106995,0.5799999833106995,0.33504849672317505,0,
2004-03-30,0.5799999833106995,0.5799999833106995,0.5799999833106995,0.5799999833106995,0.33504849672317505,0,
2004-03-31,0.5799999833106995,0.5799999833106995,0.5799999833106995,0.5799999833106995,0.33504849672317505,0,
2004-04-01,0.5799999833106995,0.5799999833106995,0.5799999833106995,0.5799999833106995,0.3598668873310089,0,0.04
2004-04-02,0.5799999833106995,0.5799999833106995,0.5799999833106995,0.5799999833106995,0.3598668873310089,0,
2004-04-05,0.5799999833106995,0.5799999833106995,0.5799999833106995,0.5799999833106995,0.3598668873310089,0,
2004-04-06,0.5799999833106995,0.5799999833106995,0.5799999833106995,0.5799999833106995,0.3598668873310089,0,
2004-04-07,0.5799999833106995,0.5799999833106995,0.5799999833106995,0.5799999833106995,0.3598668873310089,0,
2004-04-08,0.5799999833106995,0.5799999833106995,0.5799999833106995,0.5799999833106995,0.3598668873310089,0,
2004-04-09,0.5799999833106995,0.5799999833106995,0.5799999833106995,0.5799999833106995,0.3598668873310089,0,
2004-04-12,0.5799999833106995,0.5799999833106995,0.5799999833106995,0.5799999833106995,0.3598668873310089,0,
2004-04-13,0.5799999833106995,0.5799999833106995,0.5799999833106995,0.5799999833106995,0.3598668873310089,0,
2004-04-14,0.5799999833106995,0.5799999833106995,0.5799999833106995,0.5799999833106995,0.3598668873310089,0,
2004-04-15,0.5799999833106995,0.5799999833106995,0.5799999833106995,0.5799999833106995,0.3598668873310089,0,
2004-04-16,0.5799999833106995,0.5799999833106995,0.5799999833106995,0.5799999833106995,0.3598668873310089,0,
2004-04-19,0.5799999833106995,0.5799999833106995,0.5799999833106995,0.5799999833106995,0.3598668873310089,0,
2004-04-20,0.5799999833106995,0.5799999833106995,0.5799999833106995,0.5799999833106995,0.3598668873310089,0,
2004-04-21,0.5799999833106995,0.5799999833106995,0.5799999833106995,0.5799999833106995,0.3598668873310089,0,
2004-04-22,0.5799999833106995,0.5799999833106995,0.5799999833106995,0.5799999833106995,0.3598668873310089,0,
2004-04-23,0.5799999833106995,0.5799999833106995,0.5799999833106995,0.5799999833106995,0.3598668873310089,0,
2004-04-26,0.5799999833106995,0.5799999833106995,0.5799999833106995,0.5799999833106995,0.3598668873310089,0,
2004-04-27,0.5799999833106995,0.5799999833106995,0.5799999833106995,0.5799999833106995,0.3598668873310089,0,
2004-04-28,0.5799999833106995,0.5799999833106995,0.5799999833106995,0.5799999833106995,0.3598668873310089,0,
2004-04-29,0.5799999833106995,0.5799999833106995,0.5799999833106995,0.5799999833106995,0.3598668873310089,0,
2004-04-30,0.5799999833106995,0.5799999833106995,0.5799999833106995,0.5799999833106995,0.3598668873310089,0,
2004-05-03,0.5799999833106995,0.5799999833106995,0.5799999833106995,0.5799999833106995,0.3598668873310089,0,
2004-05-04,0.5799999833106995,0.5799999833106995,0.5799999833106995,0.5799999833106995,0.3598668873310089,0,
2004-05-05,0.5799999833106995,0.5799999833106995,0.5799999833106995,0.5799999833106995,0.3598668873310089,0,
2004-05-06,0.5799999833106995,0.5799999833106995,0.5799999833106995,0.5799999833106995,0.3598668873310089,0,
2004-05-07,0.5799999833106995,0.5799999833106995,0.5799999833106995,0.5799999833106995,0.3598668873310089,0,
2004-05-10,0.5799999833106995,0.5799999833106995,0.5799999833106995,0.5799999833106995,0.3598668873310089,0,
2004-05-11,0.5799999833106995,0.5799999833106995,0.5799999833106995,0.5799999833106995,0.3598668873310089,0,
2004-05-12,0.5799999833106995,0.5799999833106995,0.5799999833106995,0.5799999833106995,0.3598668873310089,0,
2004-05-13,0.5799999833106995,0.5799999833106995,0.5799999833106995,0.5799999833106995,0.3598668873310089,0,
2004-05-14,0.5799999833106995,0.5799999833106995,0.5799999833106995,0.5799999833106995,0.3598668873310089,0,
2004-05-17,0.5799999833106995,0.5799999833106995,0.5799999833106995,0.5799999833106995,0.3598668873310089,0,
2004-05-18,0.8299999833106995,0.8299999833106995,0.8199999928474426,0.8199999928474426,0.5087772011756897,1112000,
2004-05-19,0.8349999785423279,0.8349999785423279,0.8349999785423279,0.8349999785423279,0.5180841684341431,1180000,
2004-05-20,0.8399999737739563,0.8500000238418579,0.824999988079071,0.824999988079071,0.5118797421455383,640000,
2004-05-21,0.8299999833106995,0.8299999833106995,0.824999988079071,0.824999988079071,0.5118797421455383,127000,
2004-05-24,0.824999988079071,0.8299999833106995,0.824999988079071,0.824999988079071,0.5118797421455383,1700000,
2004-05-25,0.8199999928474426,0.8399999737739563,0.8199999928474426,0.8299999833106995,0.5149818658828735,1696000,
2004-05-26,0.8399999737739563,0.8399999737739563,0.8299999833106995,0.8349999785423279,0.5180841684341431,270000,
2004-05-27,0.8349999785423279,0.8349999785423279,0.8349999785423279,0.8349999785423279,0.5180841684341431,1000,
2004-05-28,0.8399999737739563,0.8399999737739563,0.8349999785423279,0.8349999785423279,0.5180841684341431,593000,
2004-05-31,0.8299999833106995,0.8349999785423279,0.8299999833106995,0.8349999785423279,0.5180841684341431,190000,
2004-06-01,0.8349999785423279,0.8399999737739563,0.8349999785423279,0.8349999785423279,0.5180841684341431,994000,
2004-06-02,0.8349999785423279,0.8349999785423279,0.8349999785423279,0.8349999785423279,0.5180841684341431,0,
2004-06-03,0.8199999928474426,0.8199999928474426,0.8100000023841858,0.8149999976158142,0.5056749582290649,1210000,
2004-06-04,0.824999988079071,0.824999988079071,0.8149999976158142,0.8149999976158142,0.5056749582290649,1066000,
2004-06-07,0.8050000071525574,0.8199999928474426,0.7950000166893005,0.8199999928474426,0.5087772011756897,5120000,
2004-06-08,0.8199999928474426,0.8299999833106995,0.800000011920929,0.8149999976158142,0.5056749582290649,2570000,
2004-06-09,0.8100000023841858,0.8149999976158142,0.8050000071525574,0.8100000023841858,0.502572774887085,137000,
2004-06-10,0.8100000023841858,0.8100000023841858,0.800000011920929,0.800000011920929,0.49636808037757874,1640000,
2004-06-11,0.800000011920929,0.8050000071525574,0.800000011920929,0.800000011920929,0.49636808037757874,1540000,
2004-06-14,0.800000011920929,0.800000011920929,0.7799999713897705,0.800000011920929,0.49636808037757874,2626000,
2004-06-15,0.800000011920929,0.800000011920929,0.7900000214576721,0.800000011920929,0.49636808037757874,755000,
2004-06-16,0.800000011920929,0.8050000071525574,0.7950000166893005,0.800000011920929,0.49636808037757874,962000,
2004-06-17,0.800000011920929,0.8050000071525574,0.800000011920929,0.8050000071525574,0.49947044253349304,1322000,
2004-06-18,0.8050000071525574,0.8050000071525574,0.7950000166893005,0.800000011920929,0.49636808037757874,955000,
2004-06-21,0.800000011920929,0.800000011920929,0.7850000262260437,0.800000011920929,0.49636808037757874,9692000,
2004-06-22,0.7900000214576721,0.800000011920929,0.7900000214576721,0.800000011920929,0.49636808037757874,4620000,
2004-06-23,0.7900000214576721,0.800000011920929,0.7900000214576721,0.7900000214576721,0.49016350507736206,2222000,
2004-06-24,0.800000011920929,0.824999988079071,0.800000011920929,0.8199999928474426,0.5087772011756897,11353000,
2004-06-25,0.8149999976158142,0.9100000262260437,0.8149999976158142,0.8849999904632568,0.5491071343421936,15100000,
2004-06-28,0.9150000214576721,0.949999988079071,0.9100000262260437,0.9100000262260437,0.5646187663078308,2733000,
2004-06-29,0.9399999976158142,1.1100000143051147,0.9399999976158142,1.0199999809265137,0.63286954164505,40084000,
2004-06-30,1.059999942779541,1.1200000047683716,1.059999942779541,1.0700000524520874,0.6638923287391663,44409000,
2004-07-01,1.0700000524520874,1.0700000524520874,1.0700000524520874,1.0700000524520874,0.6638923287391663,0,
2004-07-02,1.0800000429153442,1.0800000429153442,1.0099999904632568,1.0299999713897705,0.6390739679336548,7872000,
2004-07-05,1.0299999713897705,1.0299999713897705,1.0299999713897705,1.0299999713897705,0.6390739679336548,0,
2004-07-06,1.0299999713897705,1.0399999618530273,1.0199999809265137,1.0199999809265137,0.63286954164505,6565000,
2004-07-07,1.0199999809265137,1.0199999809265137,0.9900000095367432,1.0,0.6204600930213928,9154000,
2004-07-08,1.0,1.0099999904632568,0.9900000095367432,0.9900000095367432,0.6142555475234985,4998000,
2004-07-09,0.9950000047683716,1.0,0.9900000095367432,0.9950000047683716,0.6173577904701233,2655000,
2004-07-12,0.9900000095367432,1.0,0.9900000095367432,0.9900000095367432,0.6142555475234985,2700000,
2004-07-13,0.9900000095367432,1.0299999713897705,0.9900000095367432,1.0199999809265137,0.63286954164505,6024000,
2004-07-14,1.0199999809265137,1.0299999713897705,1.0,1.0099999904632568,0.6266645789146423,2034000,
2004-07-15,1.0,1.059999942779541,0.9950000047683716,1.0,0.6204600930213928,11112000,
2004-07-16,0.9950000047683716,1.0099999904632568,0.9850000143051147,1.0,0.6204600930213928,3032000,
2004-07-19,1.0,1.0299999713897705,1.0,1.0099999904632568,0.6266645789146423,2574000,
2004-07-20,1.0199999809265137,1.0299999713897705,1.0099999904632568,1.0199999809265137,0.63286954164505,1485000,
2004-07-21,1.0299999713897705,1.059999942779541,1.0199999809265137,1.0399999618530273,0.6452785134315491,11648000,
2004-07-22,1.0399999618530273,1.1699999570846558,1.0399999618530273,1.149999976158142,0.7135291695594788,68025000,
2004-07-23,1.1799999475479126,1.309999942779541,1.1799999475479126,1.2400000095367432,0.769370436668396,81601000,
2004-07-26,1.2599999904632568,1.2599999904632568,1.1699999570846558,1.190000057220459,0.738347589969635,6862000,
2004-07-27,1.190000057220459,1.25,1.190000057220459,1.2200000286102295,0.7569613456726074,10316000,
2004-07-28,1.2400000095367432,1.2999999523162842,1.2300000190734863,1.2400000095367432,0.769370436668396,17500000,
2004-07-29,1.2400000095367432,1.2699999809265137,1.2300000190734863,1.2699999809265137,0.7879844307899475,10297000,
2004-07-30,1.2899999618530273,1.3300000429153442,1.2899999618530273,1.3300000429153442,0.825211763381958,46428000,
2004-08-02,1.3300000429153442,1.3300000429153442,1.3300000429153442,1.3300000429153442,0.825211763381958,0,
2004-08-03,1.3300000429153442,1.3600000143051147,1.2999999523162842,1.2999999523162842,0.8065980672836304,14004000,
2004-08-04,1.2999999523162842,1.2999999523162842,1.2300000190734863,1.2799999713897705,0.794188916683197,11313000,
2004-08-05,1.2999999523162842,1.3899999856948853,1.2999999523162842,1.3700000047683716,0.8500304818153381,69158000,
2004-08-06,1.350000023841858,1.3700000047683716,1.340000033378601,1.350000023841858,0.8376214504241943,8651000,
2004-08-09,1.3300000429153442,1.350000023841858,1.2999999523162842,1.309999942779541,0.8128026723861694,8519000,
2004-08-10,1.309999942779541,1.3300000429153442,1.2999999523162842,1.3200000524520874,0.8190072774887085,4918000,
2004-08-11,1.3300000429153442,1.3300000429153442,1.2699999809265137,1.2899999618530273,0.80039381980896,7143000,
2004-08-12,1.2899999618530273,1.2899999618530273,1.2899999618530273,1.2899999618530273,0.80039381980896,0,
2004-08-13,1.2699999809265137,1.309999942779541,1.2699999809265137,1.309999942779541,0.8128026723861694,4916000,
2004-08-16,1.309999942779541,1.3300000429153442,1.309999942779541,1.309999942779541,0.8128026723861694,2637000,
2004-08-17,1.3200000524520874,1.3700000047683716,1.309999942779541,1.3200000524520874,0.8190072774887085,11825000,
2004-08-18,1.3200000524520874,1.3300000429153442,1.2999999523162842,1.309999942779541,0.8128026723861694,7955000,
2004-08-19,1.3200000524520874,1.350000023841858,1.2899999618530273,1.2899999618530273,0.80039381980896,9036000,
2004-08-20,1.2699999809265137,1.2999999523162842,1.2699999809265137,1.2799999713897705,0.794188916683197,15455000,
2004-08-23,1.2899999618530273,1.2999999523162842,1.2799999713897705,1.2899999618530273,0.80039381980896,4524000,
2004-08-24,1.2799999713897705,1.2899999618530273,1.2799999713897705,1.2799999713897705,0.794188916683197,1745000,
2004-08-25,1.2899999618530273,1.3200000524520874,1.2799999713897705,1.309999942779541,0.8128026723861694,11089000,
2004-08-26,1.309999942779541,1.3200000524520874,1.2999999523162842,1.309999942779541,0.8128026723861694,17130000,
2004-08-27,1.309999942779541,1.3300000429153442,1.309999942779541,1.3200000524520874,0.8190072774887085,9159000,
2004-08-30,1.309999942779541,1.3200000524520874,1.2799999713897705,1.2999999523162842,0.8065980672836304,10860000,
2004-08-31,1.2999999523162842,1.2999999523162842,1.2899999618530273,1.2899999618530273,0.80039381980896,1955000,
2004-09-01,1.2999999523162842,1.2999999523162842,1.2899999618530273,1.2899999618530273,0.80039381980896,1897000,
2004-09-02,1.2899999618530273,1.2999999523162842,1.2899999618530273,1.2999999523162842,0.8065980672836304,3138000,
2004-09-03,1.2999999523162842,1.3300000429153442,1.2999999523162842,1.309999942779541,0.8128026723861694,27994000,
2004-09-06,1.3200000524520874,1.340000033378601,1.2899999618530273,1.2899999618530273,0.80039381980896,4915000,
2004-09-07,1.2999999523162842,1.309999942779541,1.2799999713897705,1.2799999713897705,0.794188916683197,3391000,
2004-09-08,1.2899999618530273,1.2999999523162842,1.2899999618530273,1.2899999618530273,0.80039381980896,2526000,
2004-09-09,1.2999999523162842,1.3200000524520874,1.2999999523162842,1.309999942779541,0.8128026723861694,12711000,
2004-09-10,1.309999942779541,1.3200000524520874,1.2999999523162842,1.309999942779541,0.8128026723861694,4942000,
2004-09-13,1.309999942779541,1.3300000429153442,1.2999999523162842,1.309999942779541,0.8128026723861694,8519000,
2004-09-14,1.3200000524520874,1.3600000143051147,1.309999942779541,1.3600000143051147,0.8438257575035095,44089000,
2004-09-15,1.3799999952316284,1.440000057220459,1.3700000047683716,1.4199999570846558,0.8810533285140991,76576000,
2004-09-16,1.4299999475479126,1.440000057220459,1.3899999856948853,1.4199999570846558,0.8810533285140991,16138000,
2004-09-17,1.4199999570846558,1.440000057220459,1.3700000047683716,1.3899999856948853,0.8624395728111267,11128000,
2004-09-20,1.3899999856948853,1.3899999856948853,1.350000023841858,1.350000023841858,0.8376214504241943,2070000,
2004-09-21,1.3300000429153442,1.350000023841858,1.3200000524520874,1.340000033378601,0.8314164876937866,3330000,
2004-09-22,1.340000033378601,1.350000023841858,1.309999942779541,1.309999942779541,0.8128026723861694,2430000,
2004-09-23,1.2999999523162842,1.340000033378601,1.2999999523162842,1.3300000429153442,0.825211763381958,4594000,
2004-09-24,1.3300000429153442,1.340000033378601,1.309999942779541,1.3200000524520874,0.8190072774887085,1965000,
2004-09-27,1.3200000524520874,1.3200000524520874,1.2899999618530273,1.2999999523162842,0.8065980672836304,3389000,
2004-09-28,1.309999942779541,1.309999942779541,1.2799999713897705,1.2799999713897705,0.794188916683197,4016000,
2004-09-29,1.2799999713897705,1.2999999523162842,1.2799999713897705,1.2999999523162842,0.8065980672836304,625000,
2004-09-30,1.2999999523162842,1.2999999523162842,1.2799999713897705,1.2799999713897705,0.794188916683197,3294000,
2004-10-01,1.2799999713897705,1.340000033378601,1.2799999713897705,1.3200000524520874,0.8190072774887085,5045000,
2004-10-04,1.340000033378601,1.4299999475479126,1.340000033378601,1.409999966621399,0.8748485445976257,44315000,
2004-10-05,1.4299999475479126,1.5199999809265137,1.4299999475479126,1.5099999904632568,0.9368945956230164,56295000,
2004-10-06,1.5099999904632568,1.590000033378601,1.4900000095367432,1.4900000095367432,0.9244855642318726,61860000,
2004-10-07,1.5099999904632568,1.690000057220459,1.5,1.690000057220459,1.0485777854919434,114400000,
2004-10-08,1.6799999475479126,1.6799999475479126,1.649999976158142,1.649999976158142,1.0237594842910767,35974000,
2004-10-11,1.659999966621399,1.850000023841858,1.659999966621399,1.7999999523162842,1.116828441619873,67073000,
2004-10-12,1.7999999523162842,1.8799999952316284,1.7999999523162842,1.7999999523162842,1.116828441619873,50873000,
2004-10-13,1.7999999523162842,1.8700000047683716,1.7999999523162842,1.8300000429153442,1.1354420185089111,26502000,
2004-10-14,1.809999942779541,1.8600000143051147,1.7899999618530273,1.7999999523162842,1.116828441619873,28393000,
2004-10-15,1.7999999523162842,1.8200000524520874,1.690000057220459,1.7400000095367432,1.0796005725860596,35022000,
2004-10-18,1.7200000286102295,1.7200000286102295,1.559999942779541,1.6100000143051147,0.9989408850669861,37073000,
2004-10-19,1.6200000047683716,1.7400000095367432,1.6200000047683716,1.7400000095367432,1.0796005725860596,15724000,
2004-10-20,1.7400000095367432,1.840000033378601,1.7300000190734863,1.8200000524520874,1.1292375326156616,34811000,
2004-10-21,1.8300000429153442,1.8899999856948853,1.8200000524520874,1.8600000143051147,1.154056191444397,48107000,
2004-10-22,1.8799999952316284,1.9199999570846558,1.8600000143051147,1.8600000143051147,1.154056191444397,17746000,
2004-10-25,1.8600000143051147,1.8600000143051147,1.8600000143051147,1.8600000143051147,1.154056191444397,0,
2004-10-26,1.8600000143051147,1.8600000143051147,1.7599999904632568,1.7799999713897705,1.1044188737869263,11839000,
2004-10-27,1.7799999713897705,1.7799999713897705,1.7100000381469727,1.7300000190734863,1.0733959674835205,8033000,
2004-10-28,1.7300000190734863,1.7699999809265137,1.7000000476837158,1.7000000476837158,1.0547822713851929,7945000,
2004-10-29,1.7000000476837158,1.7200000286102295,1.659999966621399,1.7100000381469727,1.0609869956970215,6468000,
2004-11-01,1.7100000381469727,1.7300000190734863,1.690000057220459,1.690000057220459,1.0485777854919434,4718000,
2004-11-02,1.7100000381469727,1.7300000190734863,1.7000000476837158,1.7000000476837158,1.0547822713851929,3108000,
2004-11-03,1.7000000476837158,1.7400000095367432,1.7000000476837158,1.7000000476837158,1.0547822713851929,5146000,
2004-11-04,1.7000000476837158,1.7799999713897705,1.7000000476837158,1.7799999713897705,1.1044188737869263,8401000,
2004-11-05,1.8200000524520874,1.8300000429153442,1.7999999523162842,1.8300000429153442,1.1354420185089111,12463000,
2004-11-08,1.850000023841858,1.850000023841858,1.7799999713897705,1.7799999713897705,1.1044188737869263,3217000,
2004-11-09,1.7599999904632568,1.850000023841858,1.7599999904632568,1.8300000429153442,1.1354420185089111,6259000,
2004-11-10,1.8200000524520874,1.8300000429153442,1.7899999618530273,1.7999999523162842,1.116828441619873,1528000,
2004-11-11,1.7999999523162842,1.7999999523162842,1.7300000190734863,1.7599999904632568,1.0920097827911377,2092000,
2004-11-12,1.7799999713897705,1.7799999713897705,1.7200000286102295,1.7200000286102295,1.0671916007995605,5462000,
2004-11-15,1.75,1.75,1.7300000190734863,1.7400000095367432,1.0796005725860596,1798000,
2004-11-16,1.7400000095367432,1.75,1.7200000286102295,1.7300000190734863,1.0733959674835205,2192000,
2004-11-17,1.7400000095367432,1.7400000095367432,1.7000000476837158,1.7200000286102295,1.0671916007995605,3410000,
2004-11-18,1.7200000286102295,1.7200000286102295,1.659999966621399,1.659999966621399,1.029963731765747,16245000,
2004-11-19,1.6699999570846558,1.690000057220459,1.649999976158142,1.649999976158142,1.0237594842910767,5314000,
2004-11-22,1.649999976158142,1.649999976158142,1.6200000047683716,1.6399999856948853,1.0175544023513794,1912000,
2004-11-23,1.6399999856948853,1.6399999856948853,1.6200000047683716,1.6399999856948853,1.0175544023513794,947000,
2004-11-24,1.649999976158142,1.649999976158142,1.5800000429153442,1.590000033378601,0.9865315556526184,7968000,
2004-11-25,1.590000033378601,1.590000033378601,1.5099999904632568,1.5299999713897705,0.9493042230606079,18197000,
2004-11-26,1.5299999713897705,1.6200000047683716,1.5299999713897705,1.5700000524520874,0.9741223454475403,13770000,
2004-11-29,1.5800000429153442,1.600000023841858,1.5800000429153442,1.590000033378601,0.9865315556526184,4825000,
2004-11-30,1.600000023841858,1.6299999952316284,1.590000033378601,1.6299999952316284,1.0113499164581299,7195000,
2004-12-01,1.6299999952316284,1.649999976158142,1.600000023841858,1.6399999856948853,1.0175544023513794,4829000,
2004-12-02,1.6399999856948853,1.6699999570846558,1.6399999856948853,1.659999966621399,1.029963731765747,3744000,
2004-12-03,1.6699999570846558,1.6699999570846558,1.6399999856948853,1.6399999856948853,1.0175544023513794,2741000,
2004-12-06,1.6399999856948853,1.6399999856948853,1.6399999856948853,1.6399999856948853,1.0175544023513794,0,
2004-12-07,1.649999976158142,1.649999976158142,1.6100000143051147,1.6200000047683716,1.00514554977417,960000,
2004-12-08,1.6100000143051147,1.659999966621399,1.6100000143051147,1.6399999856948853,1.0175544023513794,3172000,
2004-12-09,1.6200000047683716,1.649999976158142,1.6200000047683716,1.649999976158142,1.0237594842910767,1063000,
2004-12-10,1.649999976158142,1.649999976158142,1.649999976158142,1.649999976158142,1.0237594842910767,0,
2004-12-13,1.649999976158142,1.659999966621399,1.649999976158142,1.659999966621399,1.029963731765747,5956000,
2004-12-14,1.649999976158142,1.6799999475479126,1.649999976158142,1.6799999475479126,1.0423731803894043,3643000,
2004-12-15,1.6799999475479126,1.6799999475479126,1.659999966621399,1.6799999475479126,1.0423731803894043,2781000,
2004-12-16,1.6799999475479126,1.6799999475479126,1.659999966621399,1.6699999570846558,1.0361683368682861,444000,
2004-12-17,1.6699999570846558,1.6699999570846558,1.649999976158142,1.649999976158142,1.0237594842910767,1406000,
2004-12-20,1.649999976158142,1.6699999570846558,1.649999976158142,1.6699999570846558,1.0361683368682861,2958000,
2004-12-21,1.6699999570846558,1.6699999570846558,1.649999976158142,1.649999976158142,1.0237594842910767,4125000,
2004-12-22,1.6699999570846558,1.690000057220459,1.649999976158142,1.649999976158142,1.0237594842910767,3881000,
2004-12-23,1.6699999570846558,1.6699999570846558,1.649999976158142,1.649999976158142,1.0237594842910767,4934000,
2004-12-24,1.649999976158142,1.649999976158142,1.6100000143051147,1.6200000047683716,1.00514554977417,1238000,
2004-12-27,1.6200000047683716,1.659999966621399,1.6100000143051147,1.649999976158142,1.0237594842910767,4109000,
2004-12-28,1.649999976158142,1.659999966621399,1.6299999952316284,1.649999976158142,1.0237594842910767,5761000,
2004-12-29,1.6399999856948853,1.649999976158142,1.6399999856948853,1.649999976158142,1.0237594842910767,8906000,
2004-12-30,1.649999976158142,1.659999966621399,1.6399999856948853,1.649999976158142,1.0237594842910767,4773000,
2004-12-31,1.649999976158142,1.649999976158142,1.649999976158142,1.649999976158142,1.0237594842910767,0,
2005-01-04,1.649999976158142,1.649999976158142,1.6200000047683716,1.6200000047683716,1.00514554977417,10281000,
2005-01-05,1.6200000047683716,1.6399999856948853,1.5700000524520874,1.6200000047683716,1.00514554977417,17754000,
2005-01-06,1.6200000047683716,1.6699999570846558,1.590000033378601,1.6100000143051147,0.9989408850669861,29418000,
2005-01-07,1.6100000143051147,1.6399999856948853,1.6100000143051147,1.6399999856948853,1.0175544023513794,2592000,
2005-01-10,1.6399999856948853,1.6399999856948853,1.6200000047683716,1.6200000047683716,1.00514554977417,1788000,
2005-01-11,1.6200000047683716,1.659999966621399,1.6200000047683716,1.649999976158142,1.0237594842910767,8702000,
2005-01-12,1.649999976158142,1.649999976158142,1.649999976158142,1.649999976158142,1.0237594842910767,3425000,
2005-01-13,1.649999976158142,1.649999976158142,1.6399999856948853,1.6399999856948853,1.0175544023513794,1510000,
2005-01-14,1.6399999856948853,1.6399999856948853,1.6299999952316284,1.6399999856948853,1.0175544023513794,1713000,
2005-01-17,1.6399999856948853,1.6399999856948853,1.6100000143051147,1.6299999952316284,1.0113499164581299,2006000,
2005-01-18,1.6200000047683716,1.6399999856948853,1.6200000047683716,1.6200000047683716,1.00514554977417,764000,
2005-01-19,1.6299999952316284,1.6299999952316284,1.6200000047683716,1.6200000047683716,1.00514554977417,1324000,
2005-01-20,1.6299999952316284,1.6299999952316284,1.6100000143051147,1.6100000143051147,0.9989408850669861,948000,
2005-01-21,1.6100000143051147,1.6100000143051147,1.600000023841858,1.600000023841858,0.9927361607551575,1798000,
2005-01-24,1.590000033378601,1.600000023841858,1.590000033378601,1.590000033378601,0.9865315556526184,988000,
2005-01-25,1.600000023841858,1.7100000381469727,1.600000023841858,1.7000000476837158,1.0547822713851929,58448000,
2005-01-26,1.7000000476837158,1.7000000476837158,1.6399999856948853,1.649999976158142,1.0237594842910767,3820000,
2005-01-27,1.659999966621399,1.659999966621399,1.6299999952316284,1.659999966621399,1.029963731765747,1864000,
2005-01-28,1.6699999570846558,1.690000057220459,1.6699999570846558,1.690000057220459,1.0485777854919434,18744000,
2005-01-31,1.6799999475479126,1.690000057220459,1.659999966621399,1.659999966621399,1.029963731765747,5105000,
2005-02-01,1.690000057220459,1.690000057220459,1.649999976158142,1.649999976158142,1.0237594842910767,4653000,
2005-02-02,1.659999966621399,1.6799999475479126,1.659999966621399,1.659999966621399,1.029963731765747,5352000,
2005-02-03,1.6799999475479126,1.6799999475479126,1.659999966621399,1.659999966621399,1.029963731765747,3818000,
2005-02-04,1.6699999570846558,1.6799999475479126,1.659999966621399,1.659999966621399,1.029963731765747,4435000,
2005-02-07,1.659999966621399,1.6699999570846558,1.649999976158142,1.649999976158142,1.0237594842910767,2380000,
2005-02-08,1.649999976158142,1.659999966621399,1.649999976158142,1.659999966621399,1.029963731765747,2046000,
2005-02-09,1.649999976158142,1.6799999475479126,1.6399999856948853,1.6699999570846558,1.0361683368682861,3739000,
2005-02-10,1.6799999475479126,1.690000057220459,1.6699999570846558,1.6699999570846558,1.0361683368682861,5041000,
2005-02-11,1.690000057220459,1.690000057220459,1.6699999570846558,1.6699999570846558,1.0361683368682861,6047000,
2005-02-14,1.6799999475479126,1.6799999475479126,1.659999966621399,1.6699999570846558,1.0361683368682861,1319000,
2005-02-15,1.6799999475479126,1.690000057220459,1.6699999570846558,1.690000057220459,1.0485777854919434,6017000,
2005-02-16,1.690000057220459,1.7300000190734863,1.6799999475479126,1.7000000476837158,1.0547822713851929,23839000,
2005-02-17,1.7100000381469727,1.7400000095367432,1.690000057220459,1.690000057220459,1.0485777854919434,14357000,
2005-02-18,1.690000057220459,1.7000000476837158,1.690000057220459,1.690000057220459,1.0485777854919434,1493000,
2005-02-21,1.690000057220459,1.690000057220459,1.649999976158142,1.659999966621399,1.029963731765747,4345000,
2005-02-22,1.6699999570846558,1.6699999570846558,1.649999976158142,1.649999976158142,1.0237594842910767,2211000,
2005-02-24,1.659999966621399,1.659999966621399,1.6100000143051147,1.6200000047683716,1.00514554977417,16703000,
2005-02-25,1.6200000047683716,1.659999966621399,1.6200000047683716,1.6299999952316284,1.0113499164581299,12292000,
2005-02-28,1.6299999952316284,1.6299999952316284,1.6200000047683716,1.6200000047683716,1.00514554977417,3663000,
2005-03-01,1.6299999952316284,1.6799999475479126,1.6299999952316284,1.659999966621399,1.029963731765747,20507000,
2005-03-02,1.659999966621399,1.6699999570846558,1.649999976158142,1.659999966621399,1.029963731765747,10937000,
2005-03-03,1.649999976158142,1.6799999475479126,1.649999976158142,1.6799999475479126,1.0423731803894043,12035000,
2005-03-04,1.6799999475479126,1.6799999475479126,1.659999966621399,1.6799999475479126,1.0423731803894043,8700000,
2005-03-07,1.6699999570846558,1.7000000476837158,1.6699999570846558,1.7000000476837158,1.0547822713851929,9935000,
2005-03-08,1.6799999475479126,1.7100000381469727,1.6799999475479126,1.7100000381469727,1.0609869956970215,8319000,
2005-03-09,1.7100000381469727,1.7100000381469727,1.7000000476837158,1.7000000476837158,1.0547822713851929,5152000,
2005-03-10,1.7000000476837158,1.7000000476837158,1.690000057220459,1.7000000476837158,1.0547822713851929,3851000,
2005-03-11,1.690000057220459,1.7000000476837158,1.690000057220459,1.690000057220459,1.0485777854919434,3496000,
2005-03-14,1.690000057220459,1.7000000476837158,1.6799999475479126,1.690000057220459,1.0485777854919434,8840000,
2005-03-15,1.690000057220459,1.690000057220459,1.6799999475479126,1.6799999475479126,1.0423731803894043,17920000,
2005-03-16,1.649999976158142,1.659999966621399,1.6399999856948853,1.659999966621399,1.0615577697753906,19725000,0.05
2005-03-17,1.659999966621399,1.659999966621399,1.6299999952316284,1.6299999952316284,1.0423731803894043,1780000,
2005-03-18,1.6299999952316284,1.6699999570846558,1.6299999952316284,1.659999966621399,1.0615577697753906,9836000,
2005-03-21,1.659999966621399,1.659999966621399,1.659999966621399,1.659999966621399,1.0615577697753906,7325000,
2005-03-22,1.659999966621399,1.7100000381469727,1.659999966621399,1.690000057220459,1.080742597579956,11792000,
2005-03-23,1.690000057220459,1.7000000476837158,1.6799999475479126,1.690000057220459,1.080742597579956,1631000,
2005-03-24,1.690000057220459,1.7000000476837158,1.6799999475479126,1.690000057220459,1.080742597579956,8879000,
2005-03-25,1.690000057220459,1.690000057220459,1.6699999570846558,1.6699999570846558,1.0679526329040527,580000,
2005-03-28,1.6699999570846558,1.690000057220459,1.6699999570846558,1.6699999570846558,1.0679526329040527,1003000,
2005-03-29,1.6799999475479126,1.690000057220459,1.6699999570846558,1.6799999475479126,1.0743476152420044,1267000,
2005-03-30,1.690000057220459,1.690000057220459,1.6799999475479126,1.6799999475479126,1.0743476152420044,300000,
2005-03-31,1.6799999475479126,1.6799999475479126,1.659999966621399,1.659999966621399,1.0615577697753906,2212000,
2005-04-01,1.659999966621399,1.7000000476837158,1.659999966621399,1.6799999475479126,1.0743476152420044,4182000,
2005-04-04,1.6699999570846558,1.690000057220459,1.6699999570846558,1.690000057220459,1.080742597579956,448000,
2005-04-05,1.690000057220459,1.7000000476837158,1.6799999475479126,1.690000057220459,1.080742597579956,1092000,
2005-04-07,1.6799999475479126,1.6799999475479126,1.659999966621399,1.659999966621399,1.0615577697753906,695000,
2005-04-08,1.6699999570846558,1.6799999475479126,1.6699999570846558,1.6799999475479126,1.0743476152420044,3050000,
2005-04-11,1.6799999475479126,1.6799999475479126,1.6799999475479126,1.6799999475479126,1.0743476152420044,4398000,
2005-04-12,1.6799999475479126,1.690000057220459,1.6799999475479126,1.6799999475479126,1.0743476152420044,2325000,
2005-04-18,1.6799999475479126,1.6799999475479126,1.6799999475479126,1.6799999475479126,1.0743476152420044,6017000,
2005-04-19,1.659999966621399,1.659999966621399,1.659999966621399,1.659999966621399,1.0615577697753906,532000,
2005-04-20,1.6799999475479126,1.690000057220459,1.6699999570846558,1.6699999570846558,1.0679526329040527,3998000,
2005-04-21,1.6799999475479126,1.6799999475479126,1.6699999570846558,1.6799999475479126,1.0743476152420044,1816000,
2005-04-22,1.6799999475479126,1.6799999475479126,1.6799999475479126,1.6799999475479126,1.0743476152420044,737000,
2005-04-25,1.6799999475479126,1.690000057220459,1.6699999570846558,1.690000057220459,1.080742597579956,3883000,
2005-04-26,1.690000057220459,1.690000057220459,1.6799999475479126,1.6799999475479126,1.0743476152420044,150000,
2005-04-27,1.6699999570846558,1.6699999570846558,1.659999966621399,1.659999966621399,1.0615577697753906,1120000,
2005-04-28,1.659999966621399,1.6799999475479126,1.649999976158142,1.649999976158142,1.055162787437439,9079000,
2005-04-29,1.649999976158142,1.649999976158142,1.6200000047683716,1.6399999856948853,1.0487679243087769,7404000,
2005-05-03,1.659999966621399,1.6699999570846558,1.6399999856948853,1.659999966621399,1.0615577697753906,1130000,
2005-05-04,1.649999976158142,1.6699999570846558,1.6399999856948853,1.6699999570846558,1.0679526329040527,1675000,
2005-05-06,1.6699999570846558,1.690000057220459,1.6699999570846558,1.6799999475479126,1.0743476152420044,6367000,
2005-05-09,1.690000057220459,1.7000000476837158,1.6799999475479126,1.7000000476837158,1.0871375799179077,2717000,
2005-05-10,1.7000000476837158,1.7000000476837158,1.6799999475479126,1.6799999475479126,1.0743476152420044,4665000,
2005-05-11,1.690000057220459,1.7000000476837158,1.690000057220459,1.690000057220459,1.080742597579956,1909000,
2005-05-12,1.690000057220459,1.7000000476837158,1.690000057220459,1.7000000476837158,1.0871375799179077,2652000,
2005-05-13,1.7000000476837158,1.7000000476837158,1.690000057220459,1.690000057220459,1.080742597579956,1390000,
2005-05-16,1.690000057220459,1.690000057220459,1.690000057220459,1.690000057220459,1.080742597579956,4567000,
2005-05-17,1.690000057220459,1.690000057220459,1.659999966621399,1.690000057220459,1.080742597579956,3161000,
2005-05-18,1.690000057220459,1.690000057220459,1.6799999475479126,1.6799999475479126,1.0743476152420044,165000,
2005-05-19,1.6799999475479126,1.6799999475479126,1.6699999570846558,1.6799999475479126,1.0743476152420044,3145000,
2005-05-20,1.6799999475479126,1.6799999475479126,1.6699999570846558,1.6699999570846558,1.0679526329040527,1497000,
2005-05-24,1.6699999570846558,1.6799999475479126,1.6699999570846558,1.6699999570846558,1.0679526329040527,3556000,
2005-05-25,1.6699999570846558,1.6799999475479126,1.659999966621399,1.659999966621399,1.0615577697753906,3016000,
2005-05-26,1.659999966621399,1.659999966621399,1.6399999856948853,1.6399999856948853,1.0487679243087769,3925000,
2005-05-27,1.6299999952316284,1.6399999856948853,1.6200000047683716,1.6200000047683716,1.035978078842163,10792000,
2005-05-30,1.6200000047683716,1.6399999856948853,1.6200000047683716,1.6299999952316284,1.0423731803894043,1306000,
2005-05-31,1.6299999952316284,1.7000000476837158,1.6299999952316284,1.690000057220459,1.080742597579956,5187000,
2005-06-01,1.6699999570846558,1.6699999570846558,1.649999976158142,1.659999966621399,1.0615577697753906,4468000,
2005-06-02,1.6699999570846558,1.6699999570846558,1.649999976158142,1.6699999570846558,1.0679526329040527,1104000,
2005-06-03,1.6699999570846558,1.6699999570846558,1.6399999856948853,1.6399999856948853,1.0487679243087769,3160000,
2005-06-06,1.6399999856948853,1.6399999856948853,1.6399999856948853,1.6399999856948853,1.0487679243087769,5573000,
2005-06-07,1.6399999856948853,1.6399999856948853,1.6200000047683716,1.6200000047683716,1.035978078842163,2150000,
2005-06-08,1.6299999952316284,1.6299999952316284,1.6100000143051147,1.6100000143051147,1.029583215713501,6885000,
2005-06-09,1.6200000047683716,1.6200000047683716,1.6100000143051147,1.6100000143051147,1.029583215713501,907000,
2005-06-10,1.600000023841858,1.6200000047683716,1.600000023841858,1.6200000047683716,1.035978078842163,2254000,
2005-06-13,1.6200000047683716,1.6299999952316284,1.6200000047683716,1.6299999952316284,1.0423731803894043,1469000,
2005-06-14,1.6299999952316284,1.6299999952316284,1.6200000047683716,1.6299999952316284,1.0423731803894043,944000,
2005-06-15,1.6299999952316284,1.649999976158142,1.6299999952316284,1.6399999856948853,1.0487679243087769,3215000,
2005-06-16,1.6299999952316284,1.6299999952316284,1.6200000047683716,1.6200000047683716,1.035978078842163,1333000,
2005-06-17,1.6200000047683716,1.6299999952316284,1.6100000143051147,1.6200000047683716,1.035978078842163,1645000,
2005-06-20,1.6200000047683716,1.6399999856948853,1.6100000143051147,1.6299999952316284,1.0423731803894043,2861000,
2005-06-21,1.6299999952316284,1.6399999856948853,1.6200000047683716,1.6399999856948853,1.0487679243087769,628000,
2005-06-22,1.6299999952316284,1.6299999952316284,1.6299999952316284,1.6299999952316284,1.0423731803894043,1456000,
2005-06-23,1.6200000047683716,1.6200000047683716,1.590000033378601,1.6100000143051147,1.029583215713501,9192000,
2005-06-24,1.600000023841858,1.6100000143051147,1.590000033378601,1.6100000143051147,1.029583215713501,2359000,
2005-06-27,1.600000023841858,1.600000023841858,1.590000033378601,1.600000023841858,1.0231883525848389,1810000,
2005-06-28,1.600000023841858,1.600000023841858,1.590000033378601,1.590000033378601,1.0167933702468872,961000,
2005-06-29,1.600000023841858,1.600000023841858,1.590000033378601,1.600000023841858,1.0231883525848389,826000,
2005-06-30,1.600000023841858,1.600000023841858,1.5800000429153442,1.590000033378601,1.0167933702468872,308000,
2005-07-04,1.590000033378601,1.590000033378601,1.5399999618530273,1.5499999523162842,0.9912134408950806,1603000,
2005-07-05,1.5499999523162842,1.5499999523162842,1.5199999809265137,1.5199999809265137,0.972028911113739,547000,
2005-07-06,1.5499999523162842,1.5499999523162842,1.5299999713897705,1.5299999713897705,0.9784240126609802,74000,
2005-07-07,1.5299999713897705,1.5299999713897705,1.4700000286102295,1.4700000286102295,0.9400544166564941,979000,
2005-07-08,1.4700000286102295,1.5299999713897705,1.4700000286102295,1.5299999713897705,0.9784240126609802,400000,
2005-07-11,1.5199999809265137,1.5199999809265137,1.4700000286102295,1.5,0.9592389464378357,1547000,
2005-07-12,1.4900000095367432,1.4900000095367432,1.4700000286102295,1.4900000095367432,0.9528440237045288,5381000,
2005-07-13,1.4800000190734863,1.5099999904632568,1.4800000190734863,1.5099999904632568,0.9656341671943665,2980000,
2005-07-14,1.5099999904632568,1.5099999904632568,1.4900000095367432,1.5099999904632568,0.9656341671943665,718000,
2005-07-15,1.4900000095367432,1.4900000095367432,1.4800000190734863,1.4900000095367432,0.9528440237045288,830000,
2005-07-18,1.4900000095367432,1.5,1.4900000095367432,1.5,0.9592389464378357,1123000,
2005-07-19,1.5,1.5,1.4900000095367432,1.5,0.9592389464378357,3540000,
2005-07-20,1.4900000095367432,1.4900000095367432,1.4800000190734863,1.4800000190734863,0.9464491605758667,320000,
2005-07-21,1.5,1.5,1.4900000095367432,1.4900000095367432,0.9528440237045288,1847000,
2005-07-25,1.4900000095367432,1.4900000095367432,1.4900000095367432,1.4900000095367432,0.9528440237045288,619000,
2005-07-26,1.4900000095367432,1.4900000095367432,1.4800000190734863,1.4900000095367432,0.9528440237045288,626000,
2005-07-27,1.4900000095367432,1.4900000095367432,1.4700000286102295,1.4900000095367432,0.9528440237045288,323000,
2005-07-28,1.4900000095367432,1.4900000095367432,1.4800000190734863,1.4800000190734863,0.9464491605758667,328000,
2005-07-29,1.4800000190734863,1.4900000095367432,1.4700000286102295,1.4900000095367432,0.9528440237045288,1845000,
2005-08-01,1.4900000095367432,1.4900000095367432,1.4800000190734863,1.4900000095367432,0.9528440237045288,1070000,
2005-08-02,1.4800000190734863,1.4800000190734863,1.399999976158142,1.409999966621399,0.9016846418380737,7756000,
2005-08-03,1.409999966621399,1.409999966621399,1.399999976158142,1.399999976158142,0.8952895998954773,4180000,
2005-08-04,1.409999966621399,1.4199999570846558,1.3899999856948853,1.409999966621399,0.9016846418380737,2891000,
2005-08-05,1.399999976158142,1.4299999475479126,1.3899999856948853,1.399999976158142,0.8952895998954773,6207000,
2005-08-08,1.3899999856948853,1.4199999570846558,1.3899999856948853,1.3899999856948853,0.8888949155807495,12373000,
2005-08-09,1.399999976158142,1.399999976158142,1.3700000047683716,1.3799999952316284,0.8824999332427979,4074000,
2005-08-10,1.3899999856948853,1.399999976158142,1.3600000143051147,1.3799999952316284,0.8824999332427979,5652000,
2005-08-11,1.3899999856948853,1.5199999809265137,1.3799999952316284,1.4900000095367432,0.9528440237045288,22914000,
2005-08-15,1.5099999904632568,1.5099999904632568,1.4600000381469727,1.4900000095367432,0.9528440237045288,11111000,
2005-08-16,1.4900000095367432,1.4900000095367432,1.4500000476837158,1.4800000190734863,0.9464491605758667,2457000,
2005-08-17,1.4700000286102295,1.4700000286102295,1.4600000381469727,1.4700000286102295,0.9400544166564941,1059000,
2005-08-18,1.4700000286102295,1.4700000286102295,1.4199999570846558,1.4500000476837158,0.9272644519805908,2925000,
2005-08-19,1.440000057220459,1.4500000476837158,1.4299999475479126,1.4500000476837158,0.9272644519805908,925000,
2005-08-22,1.4500000476837158,1.4500000476837158,1.440000057220459,1.4500000476837158,0.9272644519805908,1550000,
2005-08-23,1.440000057220459,1.4500000476837158,1.440000057220459,1.4500000476837158,0.9272644519805908,2440000,
2005-08-24,1.4500000476837158,1.4500000476837158,1.4299999475479126,1.4500000476837158,0.9272644519805908,11825000,
2005-08-25,1.440000057220459,1.4700000286102295,1.440000057220459,1.4700000286102295,0.9400544166564941,2215000,
2005-08-26,1.4700000286102295,1.4900000095367432,1.4700000286102295,1.4900000095367432,0.9528440237045288,5050000,
2005-08-29,1.4800000190734863,1.5199999809265137,1.4800000190734863,1.5099999904632568,0.9656341671943665,11704000,
2005-08-30,1.5199999809265137,1.6200000047683716,1.5199999809265137,1.5800000429153442,1.010398507118225,15680000,
2005-08-31,1.5800000429153442,1.6100000143051147,1.5800000429153442,1.600000023841858,1.0231883525848389,4371000,
2005-09-01,1.6100000143051147,1.6100000143051147,1.559999942779541,1.5700000524520874,1.0040035247802734,1918000,
2005-09-02,1.5700000524520874,1.5800000429153442,1.5700000524520874,1.5800000429153442,1.010398507118225,952000,
2005-09-05,1.559999942779541,1.5800000429153442,1.559999942779541,1.559999942779541,0.9976087808609009,776000,
2005-09-06,1.5399999618530273,1.5399999618530273,1.5099999904632568,1.5199999809265137,0.972028911113739,6846000,
2005-09-07,1.5199999809265137,1.5499999523162842,1.5099999904632568,1.5499999523162842,0.9912134408950806,2556000,
2005-09-08,1.5499999523162842,1.590000033378601,1.5499999523162842,1.5800000429153442,1.010398507118225,2171000,
2005-09-09,1.5800000429153442,1.590000033378601,1.5800000429153442,1.590000033378601,1.0167933702468872,155000,
2005-09-12,1.5800000429153442,1.590000033378601,1.5800000429153442,1.5800000429153442,1.010398507118225,901000,
2005-09-13,1.5800000429153442,1.5800000429153442,1.5800000429153442,1.5800000429153442,1.010398507118225,4067000,
2005-09-14,1.5800000429153442,1.6299999952316284,1.5800000429153442,1.6100000143051147,1.029583215713501,22075000,
2005-09-15,1.6200000047683716,1.6200000047683716,1.6100000143051147,1.6200000047683716,1.035978078842163,5294000,
2005-09-16,1.6200000047683716,1.659999966621399,1.6200000047683716,1.649999976158142,1.055162787437439,11836000,
2005-09-19,1.6299999952316284,1.6399999856948853,1.6200000047683716,1.6299999952316284,1.0423731803894043,2197000,
2005-09-20,1.6299999952316284,1.659999966621399,1.6299999952316284,1.6399999856948853,1.0487679243087769,4439000,
2005-09-21,1.649999976158142,1.7200000286102295,1.649999976158142,1.690000057220459,1.080742597579956,39004000,
2005-09-22,1.7000000476837158,1.7200000286102295,1.7000000476837158,1.7100000381469727,1.0935323238372803,3701000,
2005-09-23,1.7100000381469727,1.7300000190734863,1.7000000476837158,1.7100000381469727,1.0935323238372803,10508000,
2005-09-26,1.7000000476837158,1.7699999809265137,1.7000000476837158,1.7599999904632568,1.12550687789917,10612000,
2005-09-27,1.7699999809265137,1.7799999713897705,1.7400000095367432,1.75,1.1191123723983765,8139000,
2005-09-28,1.75,1.7599999904632568,1.7400000095367432,1.75,1.1191123723983765,5344000,
2005-09-29,1.75,1.75,1.6699999570846558,1.6699999570846558,1.0679526329040527,8197000,
2005-09-30,1.6699999570846558,1.7200000286102295,1.6699999570846558,1.7100000381469727,1.0935323238372803,8707000,
2005-10-03,1.7100000381469727,1.7200000286102295,1.7000000476837158,1.7000000476837158,1.0871375799179077,911000,
2005-10-04,1.7100000381469727,1.809999942779541,1.7100000381469727,1.7999999523162842,1.1510869264602661,27037000,
2005-10-05,1.7999999523162842,1.850000023841858,1.7999999523162842,1.850000023841858,1.183061122894287,14576000,
2005-10-06,1.840000033378601,1.909999966621399,1.840000033378601,1.8899999856948853,1.2086411714553833,33270000,
2005-10-07,1.9199999570846558,2.069999933242798,1.899999976158142,2.059999942779541,1.3173547983169556,50699000,
2005-10-10,2.0999999046325684,2.2200000286102295,2.069999933242798,2.200000047683716,1.4068835973739624,48136000,
2005-10-11,2.200000047683716,2.2300000190734863,2.0,2.049999952316284,1.3109599351882935,49124000,
2005-10-12,2.0399999618530273,2.0799999237060547,2.0,2.0299999713897705,1.298169732093811,13062000,
2005-10-13,2.0299999713897705,2.069999933242798,2.0299999713897705,2.049999952316284,1.3109599351882935,39885000,
2005-10-14,2.059999942779541,2.0799999237060547,2.0399999618530273,2.0399999618530273,1.3045650720596313,34034000,
2005-10-17,2.059999942779541,2.069999933242798,2.0399999618530273,2.0399999618530273,1.3045650720596313,29536000,
2005-10-18,2.049999952316284,2.119999885559082,2.0399999618530273,2.109999895095825,1.3493297100067139,65334000,
2005-10-19,2.119999885559082,2.140000104904175,2.0899999141693115,2.0899999141693115,1.3365397453308105,39639000,
2005-10-20,2.109999895095825,2.130000114440918,2.0999999046325684,2.130000114440918,1.362119436264038,19372000,
2005-10-21,2.130000114440918,2.130000114440918,2.0899999141693115,2.109999895095825,1.3493297100067139,9518000,
2005-10-25,2.109999895095825,2.109999895095825,2.059999942779541,2.059999942779541,1.3173547983169556,8516000,
2005-10-26,2.049999952316284,2.0799999237060547,2.0399999618530273,2.059999942779541,1.3173547983169556,9095000,
2005-10-27,2.049999952316284,2.109999895095825,2.049999952316284,2.109999895095825,1.3493297100067139,13805000,
2005-10-28,2.0999999046325684,2.109999895095825,2.0799999237060547,2.0799999237060547,1.3301446437835693,5401000,
2005-10-31,2.0899999141693115,2.0899999141693115,2.0799999237060547,2.0899999141693115,1.3365397453308105,1646000,
2005-11-01,2.0899999141693115,2.1600000858306885,2.0899999141693115,2.1600000858306885,1.3813042640686035,21268000,
2005-11-02,2.1700000762939453,2.259999990463257,2.1700000762939453,2.25,1.4388585090637207,40752000,
2005-11-03,2.2699999809265137,2.299999952316284,2.240000009536743,2.259999990463257,1.4452532529830933,10194000,
2005-11-04,2.2699999809265137,2.2799999713897705,2.259999990463257,2.259999990463257,1.4452532529830933,9151000,
2005-11-07,2.2699999809265137,2.299999952316284,2.2699999809265137,2.299999952316284,1.4708331823349,3318000,
2005-11-08,2.299999952316284,2.3299999237060547,2.2899999618530273,2.2899999618530273,1.4644381999969482,7397000,
2005-11-09,2.2799999713897705,2.2799999713897705,2.25,2.2699999809265137,1.4516483545303345,3955000,
2005-11-10,2.259999990463257,2.2699999809265137,2.259999990463257,2.2699999809265137,1.4516483545303345,922000,
2005-11-11,2.2699999809265137,2.2799999713897705,2.25,2.259999990463257,1.4452532529830933,1659000,
2005-11-14,2.240000009536743,2.259999990463257,2.240000009536743,2.259999990463257,1.4452532529830933,1762000,
2005-11-15,2.259999990463257,2.309999942779541,2.259999990463257,2.299999952316284,1.4708331823349,12255000,
2005-11-16,2.2899999618530273,2.319999933242798,2.2799999713897705,2.299999952316284,1.4708331823349,5973000,
2005-11-17,2.299999952316284,2.319999933242798,2.299999952316284,2.309999942779541,1.4772279262542725,4204000,
2005-11-18,2.309999942779541,2.3499999046325684,2.309999942779541,2.3299999237060547,1.4900178909301758,7012000,
2005-11-21,2.3299999237060547,2.3399999141693115,2.319999933242798,2.3299999237060547,1.4900178909301758,1294000,
2005-11-22,2.3299999237060547,2.3299999237060547,2.25,2.25,1.4388585090637207,6261000,
2005-11-23,2.25,2.25,2.180000066757202,2.2100000381469727,1.4132786989212036,6697000,
2005-11-24,2.2100000381469727,2.2300000190734863,2.200000047683716,2.2100000381469727,1.4132786989212036,5336000,
2005-11-25,2.2100000381469727,2.2100000381469727,2.1500000953674316,2.1600000858306885,1.3813042640686035,8253000,
2005-11-28,2.1600000858306885,2.1600000858306885,2.0799999237060547,2.0899999141693115,1.3365397453308105,9581000,
2005-11-29,2.0899999141693115,2.140000104904175,2.069999933242798,2.119999885559082,1.3557244539260864,4321000,
2005-11-30,2.130000114440918,2.2300000190734863,2.130000114440918,2.2200000286102295,1.4196738004684448,8149000,
2005-12-01,2.2300000190734863,2.2300000190734863,2.1600000858306885,2.190000057220459,1.4004888534545898,5029000,
2005-12-02,2.200000047683716,2.200000047683716,2.1700000762939453,2.1700000762939453,1.3876992464065552,2185000,
2005-12-06,2.180000066757202,2.180000066757202,2.1500000953674316,2.1600000858306885,1.3813042640686035,8107000,
2005-12-07,2.1700000762939453,2.2200000286102295,2.1700000762939453,2.2100000381469727,1.4132786989212036,11200000,
2005-12-08,2.2100000381469727,2.2100000381469727,2.1700000762939453,2.180000066757202,1.3940941095352173,4550000,
2005-12-09,2.180000066757202,2.180000066757202,2.1600000858306885,2.1600000858306885,1.3813042640686035,7162000,
2005-12-13,2.1600000858306885,2.1600000858306885,2.0799999237060547,2.0799999237060547,1.3301446437835693,9339000,
2005-12-14,2.0799999237060547,2.119999885559082,2.0799999237060547,2.109999895095825,1.3493297100067139,4356000,
2005-12-15,2.119999885559082,2.130000114440918,2.0799999237060547,2.0899999141693115,1.3365397453308105,2474000,
2005-12-16,2.0899999141693115,2.0899999141693115,2.0799999237060547,2.0899999141693115,1.3365397453308105,1247000,
2005-12-19,2.109999895095825,2.119999885559082,2.0899999141693115,2.109999895095825,1.3493297100067139,682000,
2005-12-20,2.109999895095825,2.109999895095825,2.0899999141693115,2.0899999141693115,1.3365397453308105,6863000,
2005-12-21,2.0899999141693115,2.109999895095825,2.0899999141693115,2.0999999046325684,1.342934489250183,1625000,
2005-12-22,2.0999999046325684,2.130000114440918,2.0899999141693115,2.0999999046325684,1.342934489250183,5843000,
2005-12-23,2.0899999141693115,2.0899999141693115,2.069999933242798,2.069999933242798,1.3237495422363281,4389000,
2005-12-26,2.0799999237060547,2.109999895095825,2.0799999237060547,2.0999999046325684,1.342934489250183,2172000,
2005-12-27,2.109999895095825,2.119999885559082,2.109999895095825,2.109999895095825,1.3493297100067139,1713000,
2005-12-28,2.119999885559082,2.240000009536743,2.119999885559082,2.2100000381469727,1.4132786989212036,14724000,
2005-12-29,2.2100000381469727,2.309999942779541,2.2100000381469727,2.2899999618530273,1.4644381999969482,23830000,
2005-12-30,2.299999952316284,2.4600000381469727,2.299999952316284,2.369999885559082,1.5155973434448242,28137000,
2006-01-03,2.390000104904175,2.4800000190734863,2.369999885559082,2.4800000190734863,1.5859417915344238,7150000,
2006-01-04,2.4800000190734863,2.5250000953674316,2.4200000762939453,2.490000009536743,1.592336654663086,24748000,
2006-01-05,2.490000009536743,2.5250000953674316,2.430000066757202,2.4760000705718994,1.5833842754364014,16690,
2006-01-06,2.440000057220459,2.4700000286102295,2.4100000858306885,2.440000057220459,1.5603618621826172,12611000,
2006-01-09,2.440000057220459,2.490000009536743,2.430000066757202,2.490000009536743,1.592336654663086,10508000,
2006-01-10,2.5,2.575000047683716,2.5,2.549999952316284,1.6307063102722168,21796000,
2006-01-11,2.549999952316284,2.549999952316284,2.390000104904175,2.4100000858306885,1.5411773920059204,31241000,
2006-01-12,2.4100000858306885,2.430000066757202,2.380000114440918,2.4000000953674316,1.5347822904586792,11465000,
2006-01-13,2.4000000953674316,2.430000066757202,2.4000000953674316,2.4200000762939453,1.5475722551345825,6425000,
2006-01-16,2.4200000762939453,2.5,2.4200000762939453,2.4800000190734863,1.5859417915344238,13944000,
2006-01-17,2.5,2.5,2.4200000762939453,2.4200000762939453,1.5475722551345825,6143000,
2006-01-18,2.4600000381469727,2.4600000381469727,2.4000000953674316,2.4000000953674316,1.5347822904586792,5345000,
2006-01-19,2.4200000762939453,2.450000047683716,2.4200000762939453,2.430000066757202,1.5539674758911133,2802000,
2006-01-20,2.450000047683716,2.450000047683716,2.390000104904175,2.390000104904175,1.5283879041671753,3988000,
2006-01-23,2.380000114440918,2.390000104904175,2.3499999046325684,2.380000114440918,1.5219924449920654,3321000,
2006-01-24,2.4000000953674316,2.430000066757202,2.359999895095825,2.369999885559082,1.5155973434448242,4959000,
2006-01-25,2.380000114440918,2.440000057220459,2.380000114440918,2.440000057220459,1.5603618621826172,5595000,
2006-01-26,2.450000047683716,2.5250000953674316,2.440000057220459,2.5,1.5987313985824585,23447000,
2006-01-27,2.5250000953674316,2.549999952316284,2.4800000190734863,2.4800000190734863,1.5859417915344238,7227000,
2006-01-30,2.5,2.5,2.4700000286102295,2.4800000190734863,1.5859417915344238,4992000,
2006-01-31,2.4800000190734863,2.4800000190734863,2.450000047683716,2.4700000286102295,1.5795468091964722,1857000,
2006-02-01,2.390000104904175,2.450000047683716,2.359999895095825,2.440000057220459,1.5603618621826172,17753000,
2006-02-02,2.440000057220459,2.4600000381469727,2.4000000953674316,2.440000057220459,1.5603618621826172,18034000,
2006-02-03,2.440000057220459,2.4600000381469727,2.4000000953674316,2.440000057220459,1.5603618621826172,18030,
2006-02-06,2.440000057220459,2.450000047683716,2.4100000858306885,2.440000057220459,1.5603618621826172,8912000,
2006-02-07,2.440000057220459,2.440000057220459,2.390000104904175,2.4000000953674316,1.5347822904586792,6514000,
2006-02-08,2.4100000858306885,2.4100000858306885,2.4000000953674316,2.4000000953674316,1.5347822904586792,4033000,
2006-02-09,2.4000000953674316,2.4000000953674316,2.390000104904175,2.390000104904175,1.5283879041671753,2936000,
2006-02-10,2.4000000953674316,2.4200000762939453,2.390000104904175,2.4100000858306885,1.5411773920059204,6107000,
2006-02-13,2.4100000858306885,2.4100000858306885,2.4100000858306885,2.4100000858306885,1.5411773920059204,0,
2006-02-14,2.4100000858306885,2.4100000858306885,2.3499999046325684,2.4100000858306885,1.5411773920059204,10369000,
2006-02-15,2.4000000953674316,2.4000000953674316,2.4000000953674316,2.4000000953674316,1.5347822904586792,4349000,
2006-02-16,2.4000000953674316,2.4100000858306885,2.390000104904175,2.4100000858306885,1.5411773920059204,14749000,
2006-02-17,2.4000000953674316,2.4100000858306885,2.390000104904175,2.4000000953674316,1.5347822904586792,5799000,
2006-02-20,2.380000114440918,2.380000114440918,2.3499999046325684,2.359999895095825,1.5092023611068726,12035000,
2006-02-21,2.359999895095825,2.359999895095825,2.3499999046325684,2.359999895095825,1.5092023611068726,2188000,
2006-02-22,2.369999885559082,2.369999885559082,2.359999895095825,2.359999895095825,1.5092023611068726,14424000,
2006-02-23,2.359999895095825,2.4000000953674316,2.359999895095825,2.390000104904175,1.5283879041671753,15203000,
2006-02-24,2.380000114440918,2.380000114440918,2.309999942779541,2.3399999141693115,1.4964125156402588,12849000,
2006-02-27,2.3399999141693115,2.359999895095825,2.319999933242798,2.359999895095825,1.5092023611068726,3828000,
2006-02-28,2.359999895095825,2.4000000953674316,2.3499999046325684,2.369999885559082,1.5155973434448242,7575000,
2006-03-01,2.3499999046325684,2.4000000953674316,2.3499999046325684,2.4000000953674316,1.5347822904586792,11158000,
2006-03-02,2.4100000858306885,2.450000047683716,2.4100000858306885,2.440000057220459,1.5603618621826172,32722000,
2006-03-03,2.450000047683716,2.5,2.440000057220459,2.4800000190734863,1.5859417915344238,22166000,
2006-03-06,2.4800000190734863,2.549999952316284,2.4800000190734863,2.5250000953674316,1.6147191524505615,13853000,
2006-03-07,2.5250000953674316,2.5250000953674316,2.490000009536743,2.5,1.5987313985824585,15533000,
2006-03-08,2.5,2.5250000953674316,2.4700000286102295,2.4700000286102295,1.5795468091964722,4755000,
2006-03-09,2.4700000286102295,2.5,2.4700000286102295,2.4700000286102295,1.5795468091964722,6524000,
2006-03-10,2.440000057220459,2.450000047683716,2.430000066757202,2.450000047683716,1.5991287231445312,3083000,0.05
2006-03-13,2.4200000762939453,2.4600000381469727,2.4000000953674316,2.450000047683716,1.5991287231445312,876000,
2006-03-14,2.450000047683716,2.4600000381469727,2.450000047683716,2.4600000381469727,1.605655312538147,1775000,
2006-03-15,2.450000047683716,2.4700000286102295,2.430000066757202,2.4700000286102295,1.6121821403503418,3510000,
2006-03-16,2.450000047683716,2.450000047683716,2.440000057220459,2.450000047683716,1.5991287231445312,842000,
2006-03-17,2.440000057220459,2.4700000286102295,2.440000057220459,2.4700000286102295,1.6121821403503418,1426000,
2006-03-20,2.4700000286102295,2.5250000953674316,2.4700000286102295,2.490000009536743,1.6252361536026,5987000,
2006-03-21,2.490000009536743,2.490000009536743,2.4700000286102295,2.4700000286102295,1.6121821403503418,503000,
2006-03-22,2.4800000190734863,2.4800000190734863,2.430000066757202,2.430000066757202,1.5860742330551147,10097000,
2006-03-23,2.4100000858306885,2.440000057220459,2.4100000858306885,2.4200000762939453,1.5795469284057617,7880000,
2006-03-24,2.440000057220459,2.450000047683716,2.430000066757202,2.430000066757202,1.5860742330551147,2042000,
2006-03-27,2.430000066757202,2.450000047683716,2.430000066757202,2.450000047683716,1.5991287231445312,1272000,
2006-03-28,2.4200000762939453,2.440000057220459,2.4200000762939453,2.430000066757202,1.5860742330551147,84000,
2006-03-29,2.440000057220459,2.440000057220459,2.430000066757202,2.440000057220459,1.5926008224487305,1428000,
2006-03-30,2.450000047683716,2.5,2.430000066757202,2.5,1.6317628622055054,4755000,
2006-03-31,2.5,2.5250000953674316,2.5,2.5250000953674316,1.6480813026428223,13314000,
2006-04-03,2.5250000953674316,2.5250000953674316,2.490000009536743,2.5250000953674316,1.6480813026428223,1301000,
2006-04-04,2.5,2.6500000953674316,2.5,2.6500000953674316,1.7296688556671143,14544000,
2006-04-05,2.7249999046325684,2.799999952316284,2.700000047683716,2.799999952316284,1.827574610710144,24042000,
2006-04-06,2.799999952316284,2.799999952316284,2.799999952316284,2.799999952316284,1.827574610710144,0,
2006-04-07,2.799999952316284,2.825000047683716,2.75,2.799999952316284,1.827574610710144,7045000,
2006-04-10,2.75,2.7750000953674316,2.7249999046325684,2.7249999046325684,1.778622031211853,1702000,
2006-04-11,2.7249999046325684,2.7249999046325684,2.6500000953674316,2.700000047683716,1.7623045444488525,3765000,
2006-04-12,2.674999952316284,2.75,2.6500000953674316,2.75,1.7949397563934326,1786000,
2006-04-13,2.75,2.75,2.75,2.75,1.7949397563934326,0,
2006-04-14,2.75,2.75,2.75,2.75,1.7949397563934326,0,
2006-04-17,2.7750000953674316,2.799999952316284,2.75,2.799999952316284,1.827574610710144,743000,
2006-04-18,2.75,2.799999952316284,2.75,2.75,1.7949397563934326,905000,
2006-04-19,2.75,2.75,2.75,2.75,1.7949397563934326,0,
2006-04-20,2.799999952316284,2.799999952316284,2.75,2.799999952316284,1.827574610710144,2826000,
2006-04-21,2.799999952316284,2.799999952316284,2.7750000953674316,2.799999952316284,1.827574610710144,1687000,
2006-04-24,2.7750000953674316,2.825000047683716,2.7750000953674316,2.799999952316284,1.827574610710144,6754000,
2006-04-25,2.799999952316284,2.799999952316284,2.75,2.799999952316284,1.827574610710144,22920000,
2006-04-26,2.799999952316284,2.924999952316284,2.799999952316284,2.875,1.8765275478363037,26124000,
2006-04-27,2.875,2.9000000953674316,2.8499999046325684,2.8499999046325684,1.860209584236145,4176000,
2006-04-28,2.825000047683716,2.9000000953674316,2.825000047683716,2.9000000953674316,1.8928457498550415,2724000,
2006-05-01,2.9000000953674316,2.9000000953674316,2.9000000953674316,2.9000000953674316,1.8928457498550415,0,
2006-05-02,2.875,2.9749999046325684,2.875,2.9749999046325684,1.941798210144043,13891000,
2006-05-03,3.0,3.075000047683716,2.9749999046325684,3.075000047683716,2.0070693492889404,10450000,
2006-05-04,3.049999952316284,3.075000047683716,3.0,3.075000047683716,2.0070693492889404,1983000,
2006-05-05,3.075000047683716,3.075000047683716,3.075000047683716,3.075000047683716,2.0070693492889404,0,
2006-05-08,3.0999999046325684,3.0999999046325684,3.0250000953674316,3.0250000953674316,1.9744341373443604,1976000,
2006-05-09,3.049999952316284,3.125,3.049999952316284,3.0999999046325684,2.023386240005493,3743000,
2006-05-10,3.125,3.1500000953674316,3.0999999046325684,3.125,2.0397040843963623,5187000,
2006-05-11,3.125,3.4000000953674316,3.125,3.3499999046325684,2.186563014984131,29506000,
2006-05-12,3.3499999046325684,3.3499999046325684,3.3499999046325684,3.3499999046325684,2.186563014984131,0,
2006-05-15,3.325000047683716,3.3499999046325684,3.2750000953674316,3.299999952316284,2.1539273262023926,19997000,
2006-05-16,3.25,3.299999952316284,3.075000047683716,3.0999999046325684,2.023386240005493,23290000,
2006-05-17,3.125,3.174999952316284,3.125,3.174999952316284,2.0723397731781006,4404000,
2006-05-18,3.1500000953674316,3.200000047683716,3.125,3.200000047683716,2.0886569023132324,7889000,
2006-05-19,3.125,3.174999952316284,3.125,3.1500000953674316,2.0560221672058105,4029000,
2006-05-22,3.1500000953674316,3.1500000953674316,2.799999952316284,2.8499999046325684,1.860209584236145,14467000,
2006-05-23,2.9000000953674316,2.9749999046325684,2.8499999046325684,2.9749999046325684,1.941798210144043,11661000,
2006-05-24,2.9749999046325684,2.9749999046325684,2.8499999046325684,2.924999952316284,1.9091633558273315,6430000,
2006-05-25,2.9000000953674316,2.9000000953674316,2.700000047683716,2.700000047683716,1.7623045444488525,13307000,
2006-05-26,2.75,2.875,2.7249999046325684,2.875,1.8765275478363037,5648000,
2006-05-29,2.875,2.875,2.825000047683716,2.875,1.8765275478363037,2612000,
2006-05-30,2.8499999046325684,2.875,2.8499999046325684,2.875,1.8765275478363037,2627000,
2006-05-31,2.799999952316284,2.950000047683716,2.75,2.950000047683716,1.9254810810089111,9560000,
2006-06-01,2.950000047683716,2.950000047683716,2.875,2.9000000953674316,1.8928457498550415,2261000,
2006-06-02,2.9000000953674316,3.075000047683716,2.9000000953674316,3.075000047683716,2.0070693492889404,10508000,
2006-06-05,3.049999952316284,3.125,3.0250000953674316,3.0999999046325684,2.023386240005493,4181000,
2006-06-06,3.075000047683716,3.0999999046325684,3.0250000953674316,3.049999952316284,1.99075186252594,3837000,
2006-06-07,3.049999952316284,3.075000047683716,2.950000047683716,3.0250000953674316,1.9744341373443604,8309000,
2006-06-08,3.0,3.0,2.8499999046325684,2.9000000953674316,1.8928457498550415,7121000,
2006-06-09,2.9000000953674316,2.9000000953674316,2.825000047683716,2.8499999046325684,1.860209584236145,5504000,
2006-06-12,2.8499999046325684,2.8499999046325684,2.8499999046325684,2.8499999046325684,1.860209584236145,0,
2006-06-13,2.8499999046325684,2.8499999046325684,2.8499999046325684,2.8499999046325684,1.860209584236145,0,
2006-06-14,2.799999952316284,2.8499999046325684,2.799999952316284,2.8499999046325684,1.860209584236145,3518000,
2006-06-15,2.875,2.9000000953674316,2.799999952316284,2.8499999046325684,1.860209584236145,5388000,
2006-06-16,2.9000000953674316,2.924999952316284,2.875,2.9000000953674316,1.8928457498550415,4869000,
2006-06-19,2.8499999046325684,2.875,2.799999952316284,2.8499999046325684,1.860209584236145,14213000,
2006-06-20,2.825000047683716,2.8499999046325684,2.799999952316284,2.825000047683716,1.8438926935195923,3279000,
2006-06-21,2.799999952316284,2.825000047683716,2.799999952316284,2.825000047683716,1.8438926935195923,4894000,
2006-06-22,2.825000047683716,2.875,2.825000047683716,2.8499999046325684,1.860209584236145,1960000,
2006-06-23,2.8499999046325684,2.9000000953674316,2.8499999046325684,2.875,1.8765275478363037,1343000,
2006-06-26,2.9000000953674316,2.9000000953674316,2.875,2.9000000953674316,1.8928457498550415,700000,
2006-06-27,2.9000000953674316,2.950000047683716,2.9000000953674316,2.950000047683716,1.9254810810089111,2573000,
2006-06-28,2.950000047683716,3.0,2.924999952316284,2.9749999046325684,1.941798210144043,3669000,
2006-06-29,3.0,3.0,2.9749999046325684,3.0,1.9581159353256226,3343000,
2006-06-30,3.0,3.0250000953674316,2.950000047683716,3.0250000953674316,1.9744341373443604,11832000,
2006-07-03,2.9749999046325684,3.049999952316284,2.9749999046325684,3.049999952316284,1.99075186252594,1866000,
2006-07-04,3.049999952316284,3.0999999046325684,3.049999952316284,3.049999952316284,1.99075186252594,3293000,
2006-07-05,3.049999952316284,3.049999952316284,3.0,3.0,1.9581159353256226,2805000,
2006-07-06,3.0,3.200000047683716,3.0,3.200000047683716,2.0886569023132324,6733000,
2006-07-07,3.200000047683716,3.25,3.0,3.049999952316284,1.99075186252594,21141000,
2006-07-10,3.049999952316284,3.049999952316284,3.0,3.0,1.9581159353256226,6085000,
2006-07-11,3.0,3.0,3.0,3.0,1.9581159353256226,0,
2006-07-12,3.0,3.0250000953674316,2.950000047683716,3.0,1.9581159353256226,11889000,
2006-07-13,3.0,3.0,2.9749999046325684,2.9749999046325684,1.941798210144043,1144000,
2006-07-14,2.924999952316284,2.9749999046325684,2.924999952316284,2.9749999046325684,1.941798210144043,844000,
2006-07-17,2.9000000953674316,2.924999952316284,2.9000000953674316,2.9000000953674316,1.8928457498550415,3403000,
2006-07-18,2.9000000953674316,3.0250000953674316,2.9000000953674316,2.9749999046325684,1.941798210144043,4221000,
2006-07-19,2.9749999046325684,3.0,2.924999952316284,2.924999952316284,1.9091633558273315,5327000,
2006-07-20,2.9749999046325684,3.0,2.924999952316284,2.950000047683716,1.9254810810089111,20273000,
2006-07-21,2.924999952316284,2.950000047683716,2.9000000953674316,2.924999952316284,1.9091633558273315,8972000,
2006-07-24,2.924999952316284,2.924999952316284,2.9000000953674316,2.9000000953674316,1.8928457498550415,4065000,
2006-07-25,2.924999952316284,2.9749999046325684,2.875,2.875,1.8765275478363037,8878000,
2006-07-26,2.924999952316284,2.924999952316284,2.9000000953674316,2.924999952316284,1.9091633558273315,5147000,
2006-07-27,2.924999952316284,2.9749999046325684,2.924999952316284,2.9749999046325684,1.941798210144043,3850000,
2006-07-28,3.0,3.0250000953674316,2.9749999046325684,2.9749999046325684,1.941798210144043,4673000,
2006-07-31,3.0,3.0999999046325684,2.9749999046325684,3.075000047683716,2.0070693492889404,31618000,
2006-08-01,3.049999952316284,3.0999999046325684,2.9749999046325684,3.0,1.9581159353256226,6178000,
2006-08-02,3.0,3.0,2.950000047683716,2.950000047683716,1.9254810810089111,5172000,
2006-08-03,3.0,3.0,2.9749999046325684,3.0,1.9581159353256226,1118000,
2006-08-04,2.9749999046325684,3.0250000953674316,2.9749999046325684,3.0250000953674316,1.9744341373443604,4606000,
2006-08-07,2.9749999046325684,3.0250000953674316,2.9749999046325684,3.0250000953674316,1.9744341373443604,1404000,
2006-08-08,3.0250000953674316,3.0250000953674316,2.9749999046325684,2.9749999046325684,1.941798210144043,2495000,
2006-08-09,3.0,3.0,2.9749999046325684,2.9749999046325684,1.941798210144043,8902000,
2006-08-10,2.9749999046325684,3.0,2.9000000953674316,2.950000047683716,1.9254810810089111,2581000,
2006-08-11,2.9749999046325684,2.9749999046325684,2.950000047683716,2.950000047683716,1.9254810810089111,797000,
2006-08-14,2.950000047683716,2.950000047683716,2.950000047683716,2.950000047683716,1.9254810810089111,0,
2006-08-15,2.950000047683716,2.950000047683716,2.875,2.875,1.8765275478363037,7958000,
2006-08-16,2.924999952316284,2.924999952316284,2.8499999046325684,2.875,1.8765275478363037,17267000,
2006-08-17,2.9000000953674316,2.9000000953674316,2.8499999046325684,2.875,1.8765275478363037,15425000,
2006-08-18,2.875,2.924999952316284,2.875,2.9000000953674316,1.8928457498550415,5864000,
2006-08-21,2.9000000953674316,2.9749999046325684,2.9000000953674316,2.9749999046325684,1.941798210144043,4493000,
2006-08-22,2.9749999046325684,2.9749999046325684,2.875,2.9000000953674316,1.8928457498550415,8970000,
2006-08-23,2.9000000953674316,2.924999952316284,2.875,2.9000000953674316,1.8928457498550415,8379000,
2006-08-24,2.875,2.9000000953674316,2.875,2.9000000953674316,1.8928457498550415,5488000,
2006-08-25,2.875,2.924999952316284,2.875,2.924999952316284,1.9091633558273315,7896000,
2006-08-28,2.9000000953674316,2.9000000953674316,2.875,2.9000000953674316,1.8928457498550415,2243000,
2006-08-29,2.924999952316284,2.924999952316284,2.9000000953674316,2.9000000953674316,1.8928457498550415,1554000,
2006-08-30,2.9000000953674316,2.9000000953674316,2.8499999046325684,2.875,1.8765275478363037,5535000,
2006-08-31,2.875,2.875,2.875,2.875,1.8765275478363037,4218000,
2006-09-01,2.875,2.9000000953674316,2.875,2.9000000953674316,1.8928457498550415,5917000,
2006-09-04,2.9000000953674316,2.9000000953674316,2.875,2.875,1.8765275478363037,11722000,
2006-09-05,2.875,2.875,2.8499999046325684,2.875,1.8765275478363037,5867000,
2006-09-06,2.875,2.875,2.8499999046325684,2.875,1.8765275478363037,3898000,
2006-09-07,2.875,2.875,2.8499999046325684,2.8499999046325684,1.860209584236145,3650000,
2006-09-08,2.875,2.875,2.8499999046325684,2.8499999046325684,1.860209584236145,5257000,
2006-09-11,2.8499999046325684,2.8499999046325684,2.825000047683716,2.8499999046325684,1.860209584236145,1410000,
2006-09-12,2.8499999046325684,2.875,2.8499999046325684,2.875,1.8765275478363037,1455000,
2006-09-13,2.875,2.875,2.8499999046325684,2.8499999046325684,1.860209584236145,5374000,
2006-09-14,2.875,2.875,2.8499999046325684,2.8499999046325684,1.860209584236145,11341000,
2006-09-15,2.875,2.875,2.825000047683716,2.825000047683716,1.8438926935195923,10644000,
2006-09-18,2.825000047683716,2.875,2.825000047683716,2.875,1.8765275478363037,4187000,
2006-09-19,2.875,2.875,2.799999952316284,2.799999952316284,1.827574610710144,11986000,
2006-09-20,2.799999952316284,2.799999952316284,2.799999952316284,2.799999952316284,1.827574610710144,0,
2006-09-21,2.700000047683716,2.8499999046325684,2.700000047683716,2.799999952316284,1.827574610710144,12547000,
2006-09-22,2.825000047683716,2.825000047683716,2.75,2.799999952316284,1.827574610710144,5329000,
2006-09-25,2.799999952316284,2.825000047683716,2.7750000953674316,2.825000047683716,1.8438926935195923,962000,
2006-09-26,2.799999952316284,2.8499999046325684,2.799999952316284,2.8499999046325684,1.860209584236145,1638000,
2006-09-27,2.8499999046325684,2.8499999046325684,2.799999952316284,2.799999952316284,1.827574610710144,4588000,
2006-09-28,2.799999952316284,2.799999952316284,2.7750000953674316,2.7750000953674316,1.811257243156433,5784000,
2006-09-29,2.799999952316284,2.799999952316284,2.7750000953674316,2.7750000953674316,1.811257243156433,5780,
2006-10-02,2.799999952316284,2.799999952316284,2.7750000953674316,2.7750000953674316,1.811257243156433,2657000,
2006-10-03,2.799999952316284,2.825000047683716,2.7750000953674316,2.825000047683716,1.8438926935195923,5108000,
2006-10-04,2.825000047683716,2.825000047683716,2.799999952316284,2.825000047683716,1.8438926935195923,801000,
2006-10-05,2.825000047683716,2.8499999046325684,2.825000047683716,2.8499999046325684,1.860209584236145,2347000,
2006-10-06,2.8499999046325684,2.8499999046325684,2.825000047683716,2.8499999046325684,1.860209584236145,2527000,
2006-10-09,2.825000047683716,2.9000000953674316,2.825000047683716,2.9000000953674316,1.8928457498550415,6244000,
2006-10-10,2.924999952316284,2.924999952316284,2.9000000953674316,2.924999952316284,1.9091633558273315,6776000,
2006-10-11,2.924999952316284,2.924999952316284,2.875,2.875,1.8765275478363037,1609000,
2006-10-12,2.9000000953674316,2.9000000953674316,2.875,2.875,1.8765275478363037,2237000,
2006-10-13,2.875,2.9000000953674316,2.875,2.875,1.8765275478363037,3674000,
2006-10-16,2.9000000953674316,2.9000000953674316,2.875,2.9000000953674316,1.8928457498550415,5466000,
2006-10-17,2.9000000953674316,2.924999952316284,2.875,2.875,1.8765275478363037,3383000,
2006-10-18,2.875,2.9000000953674316,2.8499999046325684,2.9000000953674316,1.8928457498550415,3185000,
2006-10-19,2.9000000953674316,2.9000000953674316,2.8499999046325684,2.875,1.8765275478363037,3222000,
2006-10-20,2.875,2.875,2.799999952316284,2.825000047683716,1.8438926935195923,12753000,
2006-10-23,2.825000047683716,2.825000047683716,2.825000047683716,2.825000047683716,1.8438926935195923,0,
2006-10-24,2.825000047683716,2.825000047683716,2.799999952316284,2.799999952316284,1.827574610710144,7424000,
2006-10-25,2.799999952316284,2.825000047683716,2.7750000953674316,2.825000047683716,1.8438926935195923,9943000,
2006-10-26,2.825000047683716,2.825000047683716,2.7750000953674316,2.7750000953674316,1.811257243156433,7259000,
2006-10-27,2.7750000953674316,2.825000047683716,2.7750000953674316,2.7750000953674316,1.811257243156433,9031000,
2006-10-30,2.7750000953674316,2.7750000953674316,2.75,2.75,1.7949397563934326,5655000,
2006-10-31,2.75,2.799999952316284,2.700000047683716,2.799999952316284,1.827574610710144,12408000,
2006-11-01,2.825000047683716,2.924999952316284,2.825000047683716,2.924999952316284,1.9091633558273315,35573000,
2006-11-02,2.924999952316284,2.924999952316284,2.8499999046325684,2.875,1.8765275478363037,7035000,
2006-11-03,2.875,2.9000000953674316,2.875,2.875,1.8765275478363037,6072000,
2006-11-06,2.875,2.875,2.8499999046325684,2.8499999046325684,1.860209584236145,3334000,
2006-11-07,2.875,2.875,2.8499999046325684,2.875,1.8765275478363037,12954000,
2006-11-08,2.875,2.9000000953674316,2.875,2.875,1.8765275478363037,12477000,
2006-11-09,2.9000000953674316,2.924999952316284,2.9000000953674316,2.924999952316284,1.9091633558273315,9678000,
2006-11-10,2.924999952316284,3.0,2.924999952316284,2.950000047683716,1.9254810810089111,21090000,
2006-11-13,2.950000047683716,2.950000047683716,2.8499999046325684,2.924999952316284,1.9091633558273315,9056000,
2006-11-14,2.950000047683716,2.950000047683716,2.875,2.9000000953674316,1.8928457498550415,11003000,
2006-11-15,2.924999952316284,2.9749999046325684,2.924999952316284,2.950000047683716,1.9254810810089111,20233000,
2006-11-16,2.9749999046325684,3.0,2.950000047683716,2.950000047683716,1.9254810810089111,7598000,
2006-11-17,2.950000047683716,3.0,2.950000047683716,3.0,1.9581159353256226,5209000,
2006-11-20,3.0,3.0,2.950000047683716,2.950000047683716,1.9254810810089111,2820,
2006-11-21,2.950000047683716,3.0,2.950000047683716,3.0,1.9581159353256226,9040,
2006-11-22,3.0,3.0250000953674316,2.9749999046325684,2.9749999046325684,1.941798210144043,4580,
2006-11-23,2.9749999046325684,3.0250000953674316,2.9749999046325684,3.0,1.9581159353256226,5270,
2006-11-24,3.0,3.0,2.950000047683716,3.0,1.9581159353256226,4054000,
2006-11-27,3.0250000953674316,3.075000047683716,3.0250000953674316,3.049999952316284,1.99075186252594,6890,
2006-11-28,3.049999952316284,3.0999999046325684,3.049999952316284,3.0999999046325684,2.023386240005493,5180,
2006-11-29,3.0999999046325684,3.2249999046325684,3.0999999046325684,3.200000047683716,2.0886569023132324,23540,
2006-11-30,3.2249999046325684,3.2750000953674316,3.1500000953674316,3.1500000953674316,2.0560221672058105,28550,
2006-12-01,3.1500000953674316,3.3499999046325684,3.1500000953674316,3.3499999046325684,2.186563014984131,40350,
2006-12-04,3.3499999046325684,3.375,3.2750000953674316,3.375,2.202880382537842,7358000,
2006-12-05,3.375,3.375,3.375,3.375,2.202880382537842,0,
2006-12-06,3.375,3.549999952316284,3.375,3.5,2.2844691276550293,30400,
2006-12-07,3.5,3.575000047683716,3.4749999046325684,3.575000047683716,2.3334217071533203,8490,
2006-12-08,3.5250000953674316,3.5250000953674316,3.4749999046325684,3.5,2.2844691276550293,13010,
2006-12-11,3.5,3.5,3.5,3.5,2.2844691276550293,0,
2006-12-12,3.5,3.5,3.424999952316284,3.5,2.2844691276550293,4882000,
2006-12-13,3.4749999046325684,3.4749999046325684,3.450000047683716,3.4749999046325684,2.268150568008423,5164000,
2006-12-14,3.4749999046325684,3.5,3.424999952316284,3.4749999046325684,2.268150568008423,9610000,
2006-12-15,3.4749999046325684,3.5,3.450000047683716,3.5,2.2844691276550293,5070,
2006-12-18,3.5,3.549999952316284,3.5,3.5250000953674316,2.3007864952087402,9650,
2006-12-19,3.3499999046325684,3.3499999046325684,3.0999999046325684,3.2249999046325684,2.1049740314483643,67380,
2006-12-20,3.5999999046325684,3.5999999046325684,3.424999952316284,3.5,2.2844691276550293,52170,
2006-12-21,3.4000000953674316,3.4749999046325684,3.375,3.4749999046325684,2.268150568008423,6490,
2006-12-22,3.450000047683716,3.4749999046325684,3.424999952316284,3.450000047683716,2.251833438873291,1730000,
2006-12-25,3.4749999046325684,3.4749999046325684,3.450000047683716,3.4749999046325684,2.268150568008423,6055000,
2006-12-26,3.4749999046325684,3.549999952316284,3.4749999046325684,3.549999952316284,2.3171041011810303,3530,
2006-12-27,3.5250000953674316,3.5250000953674316,3.5,3.5250000953674316,2.3007864952087402,1090000,
2006-12-28,3.549999952316284,3.575000047683716,3.5250000953674316,3.549999952316284,2.3171041011810303,7309000,
2006-12-29,3.549999952316284,3.549999952316284,3.4749999046325684,3.4749999046325684,2.268150568008423,6830,
2007-01-03,3.450000047683716,3.450000047683716,3.3499999046325684,3.450000047683716,2.251833438873291,14102000,
2007-01-04,3.3499999046325684,3.450000047683716,3.3499999046325684,3.3499999046325684,2.186563014984131,2729000,
2007-01-05,3.174999952316284,3.375,3.1500000953674316,3.174999952316284,2.0723397731781006,19800000,
2007-01-08,3.25,3.2750000953674316,3.174999952316284,3.25,2.1212925910949707,3413000,
2007-01-09,3.125,3.2750000953674316,3.0999999046325684,3.125,2.0397040843963623,13753000,
2007-01-10,3.0999999046325684,3.125,3.049999952316284,3.0999999046325684,2.023386240005493,11530000,
2007-01-11,3.1500000953674316,3.174999952316284,3.125,3.1500000953674316,2.0560221672058105,11387000,
2007-01-12,3.200000047683716,3.2249999046325684,3.1500000953674316,3.200000047683716,2.0886569023132324,5231000,
2007-01-15,3.299999952316284,3.299999952316284,3.2249999046325684,3.299999952316284,2.1539273262023926,5133000,
2007-01-16,3.2750000953674316,3.2750000953674316,3.200000047683716,3.2750000953674316,2.137610673904419,4499000,
2007-01-17,3.2249999046325684,3.325000047683716,3.2249999046325684,3.325000047683716,2.17024564743042,6045000,
2007-01-18,3.375,3.450000047683716,3.375,3.4000000953674316,2.219198226928711,16680000,
2007-01-19,3.4000000953674316,3.450000047683716,3.4000000953674316,3.424999952316284,2.2355153560638428,7215000,
2007-01-22,3.4000000953674316,3.4000000953674316,3.375,3.375,2.202880382537842,2841000,
2007-01-23,3.4000000953674316,3.4749999046325684,3.4000000953674316,3.4749999046325684,2.268150568008423,9901000,
2007-01-24,3.4749999046325684,3.4749999046325684,3.424999952316284,3.450000047683716,2.251833438873291,7699000,
2007-01-25,3.450000047683716,3.4749999046325684,3.424999952316284,3.450000047683716,2.251833438873291,6722000,
2007-01-26,3.450000047683716,3.4749999046325684,3.450000047683716,3.450000047683716,2.251833438873291,3230000,
2007-01-29,3.4749999046325684,3.4749999046325684,3.4749999046325684,3.4749999046325684,2.268150568008423,1515000,
2007-01-30,3.4749999046325684,3.5,3.4749999046325684,3.5,2.2844691276550293,1975000,
2007-01-31,3.5,3.5,3.4749999046325684,3.4749999046325684,2.268150568008423,2592000,
2007-02-01,3.4749999046325684,3.4749999046325684,3.4749999046325684,3.4749999046325684,2.268150568008423,2405000,
2007-02-02,3.5,3.575000047683716,3.5,3.549999952316284,2.3171041011810303,15797000,
2007-02-05,3.549999952316284,3.5999999046325684,3.549999952316284,3.5999999046325684,2.3497393131256104,9073000,
2007-02-06,3.5999999046325684,3.674999952316284,3.575000047683716,3.6500000953674316,2.3823750019073486,11672000,
2007-02-07,3.6500000953674316,3.6500000953674316,3.5999999046325684,3.5999999046325684,2.3497393131256104,18976000,
2007-02-08,3.625,3.625,3.5250000953674316,3.5250000953674316,2.3007864952087402,15493000,
2007-02-09,3.5250000953674316,3.674999952316284,3.5250000953674316,3.674999952316284,2.3986916542053223,14690000,
2007-02-12,3.674999952316284,3.825000047683716,3.674999952316284,3.799999952316284,2.4802803993225098,35508000,
2007-02-13,3.799999952316284,3.799999952316284,3.674999952316284,3.674999952316284,2.3986916542053223,21444000,
2007-02-14,3.700000047683716,3.700000047683716,3.6500000953674316,3.674999952316284,2.3986916542053223,9653000,
2007-02-15,3.700000047683716,3.700000047683716,3.625,3.625,2.3660571575164795,5820000,
2007-02-16,3.674999952316284,3.674999952316284,3.625,3.6500000953674316,2.3823750019073486,1474000,
2007-02-19,3.674999952316284,3.674999952316284,3.5999999046325684,3.6500000953674316,2.3823750019073486,550000,
2007-02-20,3.6500000953674316,3.674999952316284,3.625,3.6500000953674316,2.3823750019073486,1115000,
2007-02-21,3.6500000953674316,3.75,3.6500000953674316,3.700000047683716,2.415009021759033,7808000,
2007-02-22,3.700000047683716,3.7249999046325684,3.674999952316284,3.700000047683716,2.415009021759033,19384000,
2007-02-23,3.700000047683716,3.700000047683716,3.6500000953674316,3.6500000953674316,2.3823750019073486,7849000,
2007-02-26,3.700000047683716,3.700000047683716,3.6500000953674316,3.6500000953674316,2.3823750019073486,3220000,
2007-02-27,3.6500000953674316,3.674999952316284,3.625,3.6500000953674316,2.3823750019073486,9297000,
2007-02-28,3.5250000953674316,3.5999999046325684,3.5,3.5999999046325684,2.3497393131256104,33980000,
2007-03-01,3.5999999046325684,3.6500000953674316,3.5999999046325684,3.6500000953674316,2.3823750019073486,5589000,
2007-03-02,3.6500000953674316,3.6500000953674316,3.5999999046325684,3.5999999046325684,2.3497393131256104,2485000,
2007-03-06,3.5999999046325684,3.700000047683716,3.5999999046325684,3.700000047683716,2.415009021759033,7739000,
2007-03-07,3.700000047683716,3.700000047683716,3.625,3.625,2.3660571575164795,3577000,
2007-03-08,3.625,3.674999952316284,3.625,3.674999952316284,2.3986916542053223,1897000,
2007-03-09,3.625,3.6500000953674316,3.625,3.625,2.3660571575164795,3801000,
2007-03-12,3.625,3.625,3.575000047683716,3.575000047683716,2.3334217071533203,22695000,
2007-03-13,3.549999952316284,3.575000047683716,3.5,3.5250000953674316,2.3334219455718994,12697000,0.05
2007-03-14,3.5250000953674316,3.575000047683716,3.5250000953674316,3.5250000953674316,2.3334219455718994,4996000,
2007-03-15,3.5250000953674316,3.575000047683716,3.5250000953674316,3.549999952316284,2.3499701023101807,5269000,
2007-03-16,3.549999952316284,3.575000047683716,3.549999952316284,3.549999952316284,2.3499701023101807,5422000,
2007-03-19,3.5999999046325684,3.5999999046325684,3.5250000953674316,3.5250000953674316,2.3334219455718994,1995000,
2007-03-20,3.575000047683716,3.575000047683716,3.5250000953674316,3.549999952316284,2.3499701023101807,3352000,
2007-03-21,3.549999952316284,3.549999952316284,3.5250000953674316,3.5250000953674316,2.3334219455718994,1394000,
2007-03-22,3.549999952316284,3.549999952316284,3.5250000953674316,3.5250000953674316,2.3334219455718994,1665000,
2007-03-23,3.549999952316284,3.575000047683716,3.5,3.5250000953674316,2.3334219455718994,15526000,
2007-03-26,3.5250000953674316,3.549999952316284,3.5,3.5250000953674316,2.3334219455718994,12874000,
2007-03-27,3.5250000953674316,3.549999952316284,3.5250000953674316,3.5250000953674316,2.3334219455718994,25266000,
2007-03-28,3.549999952316284,3.549999952316284,3.549999952316284,3.549999952316284,2.3499701023101807,18048000,
2007-03-29,3.549999952316284,3.575000047683716,3.5250000953674316,3.549999952316284,2.3499701023101807,3656000,
2007-03-30,3.549999952316284,3.549999952316284,3.5,3.5250000953674316,2.3334219455718994,4889000,
2007-04-02,3.549999952316284,3.549999952316284,3.5,3.5250000953674316,2.3334219455718994,1508000,
2007-04-03,3.5250000953674316,3.549999952316284,3.5250000953674316,3.5250000953674316,2.3334219455718994,19695000,
2007-04-04,3.5250000953674316,3.549999952316284,3.5250000953674316,3.549999952316284,2.3499701023101807,10432000,
2007-04-05,3.575000047683716,3.5999999046325684,3.549999952316284,3.575000047683716,2.3665196895599365,3442000,
2007-04-09,3.5999999046325684,3.6500000953674316,3.5999999046325684,3.625,2.399618148803711,6188000,
2007-04-10,3.625,3.6500000953674316,3.5999999046325684,3.6500000953674316,2.4161670207977295,5143000,
2007-04-11,3.6500000953674316,3.700000047683716,3.625,3.700000047683716,2.4492647647857666,11025000,
2007-04-12,3.700000047683716,3.75,3.674999952316284,3.75,2.482362747192383,11462000,
2007-04-17,3.75,3.75,3.700000047683716,3.700000047683716,2.4492647647857666,2957000,
2007-04-18,3.674999952316284,3.674999952316284,3.6500000953674316,3.6500000953674316,2.4161670207977295,2886000,
2007-04-19,3.6500000953674316,3.674999952316284,3.625,3.625,2.399618148803711,6771000,
2007-04-20,3.625,3.674999952316284,3.625,3.6500000953674316,2.4161670207977295,3908000,
2007-04-23,3.625,3.674999952316284,3.625,3.674999952316284,2.432716131210327,3333000,
2007-04-24,3.6500000953674316,3.700000047683716,3.6500000953674316,3.674999952316284,2.432716131210327,4714000,
2007-04-25,3.674999952316284,3.75,3.674999952316284,3.75,2.482362747192383,8137000,
2007-04-26,3.75,3.75,3.700000047683716,3.700000047683716,2.4492647647857666,7463000,
2007-04-27,3.674999952316284,3.7249999046325684,3.674999952316284,3.7249999046325684,2.4658145904541016,2295000,
2007-04-30,3.7249999046325684,3.8499999046325684,3.700000047683716,3.799999952316284,2.5154614448547363,20496000,
2007-05-02,3.8499999046325684,3.950000047683716,3.8499999046325684,3.950000047683716,2.6147565841674805,25673000,
2007-05-03,3.9749999046325684,3.9749999046325684,3.9000000953674316,3.9000000953674316,2.5816574096679688,19617000,
2007-05-04,3.9000000953674316,3.950000047683716,3.9000000953674316,3.9000000953674316,2.5816574096679688,10141000,
2007-05-08,3.950000047683716,3.950000047683716,3.924999952316284,3.924999952316284,2.5982067584991455,10492000,
2007-05-09,3.924999952316284,3.9749999046325684,3.9000000953674316,3.9749999046325684,2.631304979324341,12532000,
2007-05-10,3.9749999046325684,4.125,3.9749999046325684,4.125,2.7305986881256104,31388000,
2007-05-11,4.099999904632568,4.099999904632568,4.025000095367432,4.050000190734863,2.680952548980713,7170000,
2007-05-14,4.025000095367432,4.175000190734863,4.025000095367432,4.150000095367432,2.7471489906311035,17448000,
2007-05-15,4.150000095367432,4.150000095367432,3.9749999046325684,3.9749999046325684,2.631304979324341,22951000,
2007-05-16,3.9749999046325684,4.025000095367432,3.9749999046325684,4.0,2.6478543281555176,6428000,
2007-05-17,4.0,4.0,3.9749999046325684,4.0,2.6478543281555176,10102000,
2007-05-18,4.0,4.025000095367432,3.9749999046325684,3.9749999046325684,2.631304979324341,8210000,
2007-05-21,3.9749999046325684,4.025000095367432,3.9749999046325684,4.0,2.6478543281555176,2495000,
2007-05-22,3.9749999046325684,4.0,3.9749999046325684,4.0,2.6478543281555176,15388000,
2007-05-23,4.0,4.025000095367432,4.0,4.025000095367432,2.6644034385681152,4356000,
2007-05-24,4.025000095367432,4.025000095367432,3.9749999046325684,4.0,2.6478543281555176,12321000,
2007-05-25,4.0,4.025000095367432,4.0,4.0,2.6478543281555176,3985000,
2007-05-28,4.0,4.025000095367432,3.9749999046325684,4.025000095367432,2.6644034385681152,18591000,
2007-05-29,4.025000095367432,4.099999904632568,4.025000095367432,4.050000190734863,2.680952548980713,22188000,
2007-05-30,4.025000095367432,4.074999809265137,4.025000095367432,4.074999809265137,2.6975009441375732,6327000,
2007-06-01,4.074999809265137,4.074999809265137,4.074999809265137,4.074999809265137,2.6975009441375732,40,
2007-06-04,4.175000190734863,4.224999904632568,4.150000095367432,4.224999904632568,2.79679536819458,13600000,
2007-06-05,4.224999904632568,4.25,4.175000190734863,4.175000190734863,2.763697385787964,6529000,
2007-06-06,4.199999809265137,4.199999809265137,4.175000190734863,4.175000190734863,2.763697385787964,1873000,
2007-06-07,4.175000190734863,4.175000190734863,4.150000095367432,4.150000095367432,2.7471489906311035,5424000,
2007-06-08,4.175000190734863,4.324999809265137,4.175000190734863,4.324999809265137,2.862992763519287,33441000,
2007-06-11,4.324999809265137,4.400000095367432,4.300000190734863,4.300000190734863,2.8464441299438477,15169000,
2007-06-12,4.324999809265137,4.324999809265137,4.275000095367432,4.300000190734863,2.8464441299438477,10414000,
2007-06-13,4.275000095367432,4.324999809265137,4.224999904632568,4.224999904632568,2.79679536819458,17829000,
2007-06-14,4.275000095367432,4.275000095367432,4.224999904632568,4.25,2.813345432281494,4863000,
2007-06-15,4.275000095367432,4.275000095367432,4.25,4.275000095367432,2.829894542694092,8108000,
2007-06-18,4.324999809265137,4.375,4.300000190734863,4.349999904632568,2.8795416355133057,8186000,
2007-06-19,4.349999904632568,4.375,4.324999809265137,4.375,2.896090030670166,9144000,
2007-06-20,4.349999904632568,4.425000190734863,4.349999904632568,4.425000190734863,2.9291882514953613,14349000,
2007-06-21,4.425000190734863,4.425000190734863,4.349999904632568,4.375,2.896090030670166,15221000,
2007-06-22,4.349999904632568,4.375,4.349999904632568,4.349999904632568,2.8795416355133057,10710000,
2007-06-25,4.324999809265137,4.425000190734863,4.324999809265137,4.400000095367432,2.912639617919922,6504000,
2007-06-26,4.400000095367432,4.425000190734863,4.400000095367432,4.400000095367432,2.912639617919922,12614000,
2007-06-27,4.400000095367432,4.474999904632568,4.400000095367432,4.474999904632568,2.962287664413452,10043000,
2007-06-28,4.5,4.5,4.449999809265137,4.5,2.9788358211517334,12303000,
2007-06-29,4.474999904632568,4.5,4.449999809265137,4.449999809265137,2.94573712348938,7681000,
2007-07-02,4.449999809265137,4.525000095367432,4.449999809265137,4.474999904632568,2.962287664413452,9315000,
2007-07-03,4.550000190734863,4.625,4.525000095367432,4.599999904632568,3.045032262802124,18194000,
2007-07-04,4.599999904632568,4.625,4.525000095367432,4.525000095367432,2.995384931564331,16637000,
2007-07-05,4.550000190734863,4.574999809265137,4.5,4.5,2.9788358211517334,15125000,
2007-07-06,4.525000095367432,4.599999904632568,4.525000095367432,4.550000190734863,3.0119333267211914,9003000,
2007-07-09,4.550000190734863,4.625,4.525000095367432,4.599999904632568,3.045032262802124,19786000,
2007-07-10,4.599999904632568,4.650000095367432,4.574999809265137,4.625,3.061581611633301,15039000,
2007-07-11,4.625,4.650000095367432,4.574999809265137,4.650000095367432,3.078130006790161,17304000,
2007-07-12,4.625,4.625,4.574999809265137,4.599999904632568,3.045032262802124,17628000,
2007-07-13,4.625,4.625,4.574999809265137,4.599999904632568,3.045032262802124,32264000,
2007-07-16,4.650000095367432,4.650000095367432,4.599999904632568,4.599999904632568,3.045032262802124,8393000,
2007-07-17,4.625,4.625,4.599999904632568,4.625,3.061581611633301,6909000,
2007-07-18,4.625,4.650000095367432,4.625,4.650000095367432,3.078130006790161,10623000,
2007-07-19,4.625,4.650000095367432,4.599999904632568,4.650000095367432,3.078130006790161,19489000,
2007-07-20,4.650000095367432,4.650000095367432,4.625,4.625,3.061581611633301,7456000,
2007-07-23,4.625,4.625,4.550000190734863,4.574999809265137,3.0284833908081055,9206000,
2007-07-24,4.599999904632568,4.599999904632568,4.525000095367432,4.525000095367432,2.995384931564331,20789000,
2007-07-25,4.550000190734863,4.550000190734863,4.5,4.5,2.9788358211517334,9996000,
2007-07-26,4.550000190734863,4.599999904632568,4.474999904632568,4.599999904632568,3.045032262802124,15609000,
2007-07-27,4.599999904632568,4.599999904632568,4.474999904632568,4.5,2.9788358211517334,9801000,
2007-07-31,4.5,4.550000190734863,4.5,4.550000190734863,3.0119333267211914,12836000,
2007-08-01,4.525000095367432,4.525000095367432,4.224999904632568,4.25,2.813345432281494,27842000,
2007-08-02,4.275000095367432,4.300000190734863,4.074999809265137,4.300000190734863,2.8464441299438477,19455000,
2007-08-03,4.300000190734863,4.425000190734863,4.300000190734863,4.375,2.896090030670166,9743000,
2007-08-06,4.375,4.375,4.199999809265137,4.275000095367432,2.829894542694092,9035000,
2007-08-07,4.300000190734863,4.300000190734863,4.199999809265137,4.224999904632568,2.79679536819458,10731000,
2007-08-08,4.300000190734863,4.300000190734863,3.9000000953674316,4.0,2.6478543281555176,100340000,
2007-08-09,4.074999809265137,4.150000095367432,4.050000190734863,4.099999904632568,2.71405029296875,22495000,
2007-08-10,4.0,4.099999904632568,4.0,4.099999904632568,2.71405029296875,18528000,
2007-08-14,4.0,4.0,3.8499999046325684,3.9000000953674316,2.5816574096679688,32956000,
2007-08-15,3.825000047683716,3.8499999046325684,3.75,3.799999952316284,2.5154614448547363,20894000,
2007-08-16,3.5250000953674316,3.6500000953674316,3.5250000953674316,3.5999999046325684,2.383068799972534,49892000,
2007-08-17,3.6500000953674316,3.7249999046325684,3.5250000953674316,3.674999952316284,2.432716131210327,32152000,
2007-08-20,3.799999952316284,3.8499999046325684,3.7249999046325684,3.8499999046325684,2.5485596656799316,22379000,
2007-08-21,3.8499999046325684,3.8499999046325684,3.5999999046325684,3.5999999046325684,2.383068799972534,24183000,
2007-08-22,3.6500000953674316,3.700000047683716,3.6500000953674316,3.700000047683716,2.4492647647857666,10567000,
2007-08-23,3.75,3.799999952316284,3.7249999046325684,3.7249999046325684,2.4658145904541016,13711000,
2007-08-24,3.7750000953674316,3.7750000953674316,3.7249999046325684,3.7750000953674316,2.4989123344421387,1987000,
2007-08-27,3.799999952316284,3.875,3.799999952316284,3.8499999046325684,2.5485596656799316,11581000,
2007-08-28,3.825000047683716,3.9000000953674316,3.799999952316284,3.9000000953674316,2.5816574096679688,3262000,
2007-08-29,3.825000047683716,3.8499999046325684,3.7750000953674316,3.8499999046325684,2.5485596656799316,11739000,
2007-08-30,3.8499999046325684,3.8499999046325684,3.799999952316284,3.799999952316284,2.5154614448547363,4519000,
2007-08-31,3.799999952316284,3.8499999046325684,3.75,3.8499999046325684,2.5485596656799316,8458000,
2007-09-03,3.825000047683716,3.9000000953674316,3.799999952316284,3.9000000953674316,2.5816574096679688,6690000,
2007-09-04,3.9000000953674316,3.9000000953674316,3.875,3.875,2.5651087760925293,2738000,
2007-09-05,3.9000000953674316,3.950000047683716,3.9000000953674316,3.950000047683716,2.6147565841674805,7323000,
2007-09-06,3.9749999046325684,4.0,3.950000047683716,3.9749999046325684,2.631304979324341,14943000,
2007-09-07,3.950000047683716,3.9749999046325684,3.9000000953674316,3.9000000953674316,2.5816574096679688,9531000,
2007-09-10,3.9000000953674316,3.9000000953674316,3.8499999046325684,3.9000000953674316,2.5816574096679688,3160000,
2007-09-11,3.9000000953674316,3.9000000953674316,3.875,3.875,2.5651087760925293,5649000,
2007-09-12,3.875,3.9000000953674316,3.8499999046325684,3.9000000953674316,2.5816574096679688,5279000,
2007-09-13,3.875,3.924999952316284,3.875,3.875,2.5651087760925293,1091000,
2007-09-14,3.8499999046325684,4.0,3.8499999046325684,4.0,2.6478543281555176,10135000,
2007-09-17,4.0,4.0,3.924999952316284,3.950000047683716,2.6147565841674805,2089000,
2007-09-18,3.9749999046325684,3.9749999046325684,3.924999952316284,3.950000047683716,2.6147565841674805,4920000,
2007-09-19,3.9749999046325684,3.9749999046325684,3.924999952316284,3.950000047683716,2.6147565841674805,1253000,
2007-09-20,4.0,4.0,3.875,3.924999952316284,2.5982067584991455,3190000,
2007-09-21,3.9000000953674316,3.9000000953674316,3.875,3.875,2.5651087760925293,13252000,
2007-09-24,3.875,3.950000047683716,3.875,3.875,2.5651087760925293,4964000,
2007-09-25,3.875,3.9000000953674316,3.8499999046325684,3.9000000953674316,2.5816574096679688,10168000,
2007-09-26,3.9000000953674316,4.0,3.9000000953674316,3.9749999046325684,2.631304979324341,9805000,
2007-09-27,4.0,4.050000190734863,4.0,4.025000095367432,2.6644034385681152,13966000,
2007-09-28,4.0,4.025000095367432,3.9749999046325684,3.9749999046325684,2.631304979324341,10053000,
2007-10-01,3.9749999046325684,4.025000095367432,3.9749999046325684,4.0,2.6478543281555176,3914000,
2007-10-02,4.025000095367432,4.050000190734863,3.9749999046325684,4.0,2.6478543281555176,10781000,
2007-10-03,4.0,4.0,3.799999952316284,3.875,2.5651087760925293,55191000,
2007-10-04,3.9000000953674316,3.950000047683716,3.9000000953674316,3.950000047683716,2.6147565841674805,13162000,
2007-10-05,3.9749999046325684,3.9749999046325684,3.924999952316284,3.924999952316284,2.5982067584991455,3618000,
2007-10-08,3.924999952316284,3.950000047683716,3.875,3.924999952316284,2.5982067584991455,3803000,
2007-10-09,3.924999952316284,3.950000047683716,3.9000000953674316,3.950000047683716,2.6147565841674805,3852000,
2007-10-10,3.9749999046325684,4.050000190734863,3.9749999046325684,4.0,2.6478543281555176,25861000,
2007-10-11,4.025000095367432,4.050000190734863,4.0,4.0,2.6478543281555176,10278000,
2007-10-12,4.025000095367432,4.025000095367432,3.9749999046325684,4.0,2.6478543281555176,18469000,
2007-10-15,4.0,4.025000095367432,4.0,4.0,2.6478543281555176,10742000,
2007-10-16,4.0,4.0,3.9000000953674316,3.9000000953674316,2.5816574096679688,15677000,
2007-10-17,3.9000000953674316,3.9000000953674316,3.825000047683716,3.825000047683716,2.532010316848755,22830000,
2007-10-18,3.825000047683716,3.875,3.825000047683716,3.875,2.5651087760925293,3763000,
2007-10-19,3.875,3.875,3.700000047683716,3.700000047683716,2.4492647647857666,22452000,
2007-10-22,3.700000047683716,3.75,3.700000047683716,3.700000047683716,2.4492647647857666,5267000,
2007-10-24,3.75,3.799999952316284,3.7249999046325684,3.7249999046325684,2.4658145904541016,3702000,
2007-10-25,3.7249999046325684,3.924999952316284,3.7249999046325684,3.924999952316284,2.5982067584991455,5985000,
2007-10-26,3.950000047683716,3.950000047683716,3.875,3.9000000953674316,2.5816574096679688,10041000,
2007-10-29,3.924999952316284,3.9749999046325684,3.9000000953674316,3.924999952316284,2.5982067584991455,3476000,
2007-10-30,3.950000047683716,3.9749999046325684,3.9000000953674316,3.924999952316284,2.5982067584991455,3413000,
2007-10-31,3.950000047683716,3.9749999046325684,3.924999952316284,3.950000047683716,2.6147565841674805,3733000,
2007-11-01,3.9749999046325684,3.9749999046325684,3.9000000953674316,3.9000000953674316,2.5816574096679688,2184000,
2007-11-02,3.9000000953674316,3.9000000953674316,3.8499999046325684,3.9000000953674316,2.5816574096679688,2134000,
2007-11-05,3.9000000953674316,3.9000000953674316,3.8499999046325684,3.9000000953674316,2.5816574096679688,3807000,
2007-11-06,3.9000000953674316,3.9000000953674316,3.8499999046325684,3.875,2.5651087760925293,1169000,
2007-11-07,3.9000000953674316,3.924999952316284,3.875,3.875,2.5651087760925293,5196000,
2007-11-08,3.825000047683716,3.825000047683716,3.700000047683716,3.7249999046325684,2.4658145904541016,17428000,
2007-11-09,3.75,3.75,3.6500000953674316,3.700000047683716,2.4492647647857666,7535000,
2007-11-12,3.674999952316284,3.700000047683716,3.674999952316284,3.700000047683716,2.4492647647857666,2511000,
2007-11-13,3.700000047683716,3.700000047683716,3.6500000953674316,3.6500000953674316,2.4161670207977295,5956000,
2007-11-14,3.674999952316284,3.674999952316284,3.674999952316284,3.674999952316284,2.432716131210327,7539000,
2007-11-15,3.700000047683716,3.700000047683716,3.5999999046325684,3.625,2.399618148803711,2638000,
2007-11-16,3.625,3.625,3.5250000953674316,3.549999952316284,2.3499701023101807,4549000,
2007-11-19,3.5999999046325684,3.5999999046325684,3.5,3.5250000953674316,2.3334219455718994,5224000,
2007-11-20,3.5,3.5,3.375,3.450000047683716,2.2837743759155273,6797000,
2007-11-21,3.424999952316284,3.424999952316284,3.1500000953674316,3.200000047683716,2.118283987045288,19099000,
2007-11-22,3.174999952316284,3.25,3.174999952316284,3.2249999046325684,2.1348326206207275,8012000,
2007-11-23,3.25,3.325000047683716,3.200000047683716,3.299999952316284,2.1844804286956787,4935000,
2007-11-26,3.299999952316284,3.325000047683716,3.25,3.299999952316284,2.1844804286956787,6274000,
2007-11-27,3.25,3.2750000953674316,3.25,3.2750000953674316,2.167931079864502,8936000,
2007-11-28,3.2750000953674316,3.299999952316284,3.2249999046325684,3.25,2.151381492614746,8556000,
2007-11-29,3.2750000953674316,3.325000047683716,3.2750000953674316,3.325000047683716,2.201028823852539,10910000,
2007-11-30,3.325000047683716,3.4000000953674316,3.299999952316284,3.4000000953674316,2.250676155090332,3890000,
2007-12-03,3.4000000953674316,3.4000000953674316,3.325000047683716,3.325000047683716,2.201028823852539,2684000,
2007-12-04,3.299999952316284,3.325000047683716,3.299999952316284,3.299999952316284,2.1844804286956787,5474000,
2007-12-06,3.299999952316284,3.325000047683716,3.2750000953674316,3.299999952316284,2.1844804286956787,5806000,
2007-12-07,3.299999952316284,3.299999952316284,3.25,3.299999952316284,2.1844804286956787,4791000,
2007-12-11,3.2750000953674316,3.299999952316284,3.2750000953674316,3.299999952316284,2.1844804286956787,1634000,
2007-12-12,3.2750000953674316,3.299999952316284,3.25,3.299999952316284,2.1844804286956787,1273000,
2007-12-13,3.299999952316284,3.299999952316284,3.25,3.299999952316284,2.1844804286956787,2321000,
2007-12-14,3.25,3.299999952316284,3.25,3.2750000953674316,2.167931079864502,1619000,
2007-12-17,3.299999952316284,3.299999952316284,3.25,3.2750000953674316,2.167931079864502,3685000,
2007-12-18,3.25,3.2750000953674316,3.25,3.2750000953674316,2.167931079864502,6809000,
2007-12-19,3.25,3.2750000953674316,3.200000047683716,3.25,2.151381492614746,7815000,
2007-12-20,3.2249999046325684,3.2249999046325684,3.125,3.125,2.068636178970337,4047000,
2007-12-21,3.125,3.2249999046325684,3.125,3.200000047683716,2.118283987045288,3212000,
2007-12-24,3.200000047683716,3.200000047683716,3.200000047683716,3.200000047683716,2.118283987045288,0,
2007-12-25,3.200000047683716,3.299999952316284,3.200000047683716,3.299999952316284,2.1844804286956787,5400000,
2007-12-26,3.325000047683716,3.325000047683716,3.299999952316284,3.299999952316284,2.1844804286956787,4295000,
2007-12-27,3.299999952316284,3.3499999046325684,3.299999952316284,3.3499999046325684,2.217578172683716,5370000,
2007-12-28,3.3499999046325684,3.4000000953674316,3.325000047683716,3.3499999046325684,2.217578172683716,5470000,
2008-01-02,3.375,3.375,3.25,3.25,2.151381492614746,3006000,
2008-01-03,3.2249999046325684,3.2750000953674316,3.200000047683716,3.2750000953674316,2.167931079864502,5436000,
2008-01-04,3.325000047683716,3.3499999046325684,3.299999952316284,3.325000047683716,2.201028823852539,3700000,
2008-01-07,3.299999952316284,3.325000047683716,3.25,3.299999952316284,2.1844804286956787,3781000,
2008-01-08,3.2750000953674316,3.299999952316284,3.25,3.299999952316284,2.1844804286956787,1278000,
2008-01-09,3.2750000953674316,3.325000047683716,3.25,3.2750000953674316,2.167931079864502,1591000,
2008-01-10,3.325000047683716,3.325000047683716,3.299999952316284,3.299999952316284,2.1844804286956787,2279000,
2008-01-11,3.299999952316284,3.299999952316284,3.299999952316284,3.299999952316284,2.1844804286956787,2434000,
2008-01-14,3.2750000953674316,3.299999952316284,3.2750000953674316,3.299999952316284,2.1844804286956787,4781000,
2008-01-15,3.299999952316284,3.299999952316284,3.174999952316284,3.174999952316284,2.1017343997955322,2019000,
2008-01-16,3.174999952316284,3.174999952316284,3.0250000953674316,3.0999999046325684,2.0520873069763184,6598000,
2008-01-17,3.0999999046325684,3.1500000953674316,3.0999999046325684,3.1500000953674316,2.0851852893829346,5146000,
2008-01-18,3.1500000953674316,3.174999952316284,3.0999999046325684,3.1500000953674316,2.0851852893829346,632000,
2008-01-21,3.200000047683716,3.200000047683716,3.0,3.0250000953674316,2.0024397373199463,6365000,
2008-01-22,2.950000047683716,3.0,2.950000047683716,2.950000047683716,1.9527926445007324,5477000,
2008-01-23,3.0,3.0250000953674316,2.8499999046325684,2.875,1.9031448364257812,9628000,
2008-01-24,2.9000000953674316,2.924999952316284,2.875,2.875,1.9031448364257812,3143000,
2008-01-25,2.9000000953674316,3.0250000953674316,2.875,3.0,1.9858907461166382,4256000,
2008-01-28,2.950000047683716,2.950000047683716,2.875,2.9000000953674316,1.9196946620941162,2250000,
2008-01-29,2.950000047683716,2.950000047683716,2.8499999046325684,2.8499999046325684,1.8865957260131836,4989000,
2008-01-30,2.8499999046325684,2.875,2.799999952316284,2.8499999046325684,1.8865957260131836,5384000,
2008-01-31,2.8499999046325684,2.9000000953674316,2.825000047683716,2.8499999046325684,1.8865957260131836,4255000,
2008-02-01,2.9000000953674316,3.0250000953674316,2.9000000953674316,2.9749999046325684,1.9693418741226196,8093000,
2008-02-04,3.0250000953674316,3.075000047683716,2.875,2.875,1.9031448364257812,13736000,
2008-02-05,2.875,2.875,2.825000047683716,2.8499999046325684,1.8865957260131836,8311000,
2008-02-06,2.825000047683716,2.9000000953674316,2.825000047683716,2.875,1.9031448364257812,3166000,
2008-02-07,2.8499999046325684,2.9000000953674316,2.8499999046325684,2.9000000953674316,1.9196946620941162,2070000,
2008-02-08,2.924999952316284,2.9749999046325684,2.924999952316284,2.9749999046325684,1.9693418741226196,3509000,
2008-02-11,2.9749999046325684,3.0250000953674316,2.9749999046325684,3.0,1.9858907461166382,5887000,
2008-02-12,3.0,3.049999952316284,3.0,3.049999952316284,2.018989086151123,4159000,
2008-02-13,3.0999999046325684,3.0999999046325684,3.0250000953674316,3.075000047683716,2.0355384349823,3188000,
2008-02-14,3.1500000953674316,3.25,3.1500000953674316,3.25,2.151381492614746,14021000,
2008-02-15,3.2249999046325684,3.2249999046325684,3.1500000953674316,3.2249999046325684,2.1348326206207275,4623000,
2008-02-18,3.2249999046325684,3.25,3.200000047683716,3.2249999046325684,2.1348326206207275,4231000,
2008-02-19,3.2249999046325684,3.25,3.200000047683716,3.25,2.151381492614746,4486000,
2008-02-20,3.2750000953674316,3.2750000953674316,3.200000047683716,3.200000047683716,2.118283987045288,5897000,
2008-02-22,3.200000047683716,3.2750000953674316,3.200000047683716,3.2750000953674316,2.167931079864502,4180000,
2008-02-25,3.2750000953674316,3.2750000953674316,3.25,3.25,2.151381492614746,2053000,
2008-02-26,3.2750000953674316,3.299999952316284,3.2249999046325684,3.2750000953674316,2.167931079864502,5492000,
2008-02-27,3.2750000953674316,3.4000000953674316,3.2750000953674316,3.4000000953674316,2.250676155090332,10382000,
2008-02-28,3.4000000953674316,3.4000000953674316,3.375,3.4000000953674316,2.250676155090332,6657000,
2008-02-29,3.375,3.4000000953674316,3.2750000953674316,3.3499999046325684,2.217578172683716,6821000,
2008-03-03,3.299999952316284,3.375,3.299999952316284,3.375,2.234126567840576,2725000,
2008-03-04,3.375,3.375,3.325000047683716,3.325000047683716,2.201028823852539,2023000,
2008-03-05,3.3499999046325684,3.3499999046325684,3.299999952316284,3.299999952316284,2.1844804286956787,2078000,
2008-03-06,3.25,3.299999952316284,3.25,3.2750000953674316,2.2012832164764404,1946000,0.05
2008-03-07,3.299999952316284,3.299999952316284,3.25,3.2750000953674316,2.2012832164764404,2820000,
2008-03-10,3.2750000953674316,3.2750000953674316,3.200000047683716,3.200000047683716,2.1508724689483643,3558000,
2008-03-11,3.200000047683716,3.200000047683716,3.125,3.1500000953674316,2.117265462875366,5365000,
2008-03-12,3.200000047683716,3.200000047683716,3.125,3.125,2.10046124458313,5285000,
2008-03-13,3.125,3.174999952316284,3.125,3.174999952316284,2.134068489074707,2849000,
2008-03-14,3.174999952316284,3.200000047683716,3.174999952316284,3.200000047683716,2.1508724689483643,2917000,
2008-03-17,3.174999952316284,3.174999952316284,3.125,3.1500000953674316,2.117265462875366,5822000,
2008-03-18,3.125,3.1500000953674316,3.0999999046325684,3.0999999046325684,2.0836572647094727,7562000,
2008-03-19,3.174999952316284,3.174999952316284,3.1500000953674316,3.174999952316284,2.134068489074707,3980000,
2008-03-20,3.174999952316284,3.174999952316284,3.125,3.1500000953674316,2.117265462875366,4286000,
2008-03-21,3.1500000953674316,3.1500000953674316,3.125,3.1500000953674316,2.117265462875366,2851000,
2008-03-24,3.1500000953674316,3.174999952316284,3.125,3.174999952316284,2.134068489074707,3159000,
2008-03-25,3.174999952316284,3.174999952316284,3.174999952316284,3.174999952316284,2.134068489074707,5164000,
2008-03-26,3.174999952316284,3.200000047683716,3.174999952316284,3.174999952316284,2.134068489074707,3892000,
2008-03-27,3.200000047683716,3.200000047683716,3.174999952316284,3.174999952316284,2.134068489074707,5346000,
2008-03-28,3.174999952316284,3.25,3.174999952316284,3.2249999046325684,2.1676762104034424,14117000,
2008-03-31,3.2249999046325684,3.2249999046325684,3.174999952316284,3.174999952316284,2.134068489074707,1881000,
2008-04-01,3.174999952316284,3.174999952316284,3.174999952316284,3.174999952316284,2.134068489074707,6467000,
2008-04-02,3.174999952316284,3.200000047683716,3.174999952316284,3.174999952316284,2.134068489074707,9419000,
2008-04-03,3.174999952316284,3.25,3.174999952316284,3.2249999046325684,2.1676762104034424,2734000,
2008-04-04,3.2249999046325684,3.25,3.200000047683716,3.25,2.1844801902770996,1459000,
2008-04-08,3.2750000953674316,3.299999952316284,3.25,3.2750000953674316,2.2012832164764404,4853000,
2008-04-09,3.299999952316284,3.299999952316284,3.25,3.25,2.1844801902770996,1978000,
2008-04-10,3.2750000953674316,3.3499999046325684,3.2750000953674316,3.325000047683716,2.234891176223755,6629000,
2008-04-11,3.299999952316284,3.3499999046325684,3.299999952316284,3.3499999046325684,2.2516942024230957,1622000,
2008-04-16,3.3499999046325684,3.375,3.325000047683716,3.325000047683716,2.234891176223755,4199000,
2008-04-17,3.325000047683716,3.3499999046325684,3.299999952316284,3.299999952316284,2.2180869579315186,7682000,
2008-04-18,3.325000047683716,3.325000047683716,3.299999952316284,3.325000047683716,2.234891176223755,2357000,
2008-04-21,3.3499999046325684,3.424999952316284,3.325000047683716,3.3499999046325684,2.2516942024230957,39751000,
2008-04-22,3.4000000953674316,3.4749999046325684,3.4000000953674316,3.450000047683716,2.318909168243408,13864000,
2008-04-23,3.450000047683716,3.450000047683716,3.424999952316284,3.424999952316284,2.3021059036254883,3890000,
2008-04-24,3.424999952316284,3.450000047683716,3.4000000953674316,3.450000047683716,2.318909168243408,3084000,
2008-04-25,3.450000047683716,3.5,3.424999952316284,3.5,2.3525166511535645,4302000,
2008-04-28,3.5,3.5,3.450000047683716,3.4749999046325684,2.3357126712799072,1866000,
2008-04-29,3.4749999046325684,3.549999952316284,3.4749999046325684,3.5250000953674316,2.3693203926086426,5841000,
2008-04-30,3.5250000953674316,3.575000047683716,3.5250000953674316,3.549999952316284,2.3861236572265625,5421000,
2008-05-02,3.549999952316284,3.700000047683716,3.549999952316284,3.700000047683716,2.4869461059570312,10746000,
2008-05-06,3.7249999046325684,3.799999952316284,3.7249999046325684,3.7750000953674316,2.5373568534851074,20289000,
2008-05-07,3.7750000953674316,3.799999952316284,3.7249999046325684,3.7750000953674316,2.5373568534851074,18377000,
2008-05-08,3.7750000953674316,3.799999952316284,3.7750000953674316,3.7750000953674316,2.5373568534851074,9308000,
2008-05-09,3.7750000953674316,3.7750000953674316,3.75,3.75,2.5205531120300293,15144000,
2008-05-12,3.700000047683716,3.9000000953674316,3.700000047683716,3.875,2.6045713424682617,16818000,
2008-05-13,3.875,3.924999952316284,3.875,3.875,2.6045713424682617,11647000,
2008-05-14,3.875,3.9000000953674316,3.875,3.9000000953674316,2.6213760375976562,9651000,
2008-05-15,3.9000000953674316,3.950000047683716,3.9000000953674316,3.924999952316284,2.6381797790527344,16583000,
2008-05-16,3.924999952316284,3.9749999046325684,3.924999952316284,3.950000047683716,2.654982805252075,7762000,
2008-05-20,3.950000047683716,3.950000047683716,3.950000047683716,3.950000047683716,2.654982805252075,13630000,
2008-05-21,3.950000047683716,3.9749999046325684,3.799999952316284,3.8499999046325684,2.5877676010131836,13292000,
2008-05-22,3.8499999046325684,3.8499999046325684,3.7750000953674316,3.7750000953674316,2.5373568534851074,7988000,
2008-05-23,3.7750000953674316,3.924999952316284,3.7750000953674316,3.9000000953674316,2.6213760375976562,6905000,
2008-05-26,3.8499999046325684,3.950000047683716,3.799999952316284,3.875,2.6045713424682617,5330000,
2008-05-27,3.9000000953674316,3.9749999046325684,3.9000000953674316,3.9749999046325684,2.671786308288574,11527000,
2008-05-28,3.9749999046325684,4.025000095367432,3.950000047683716,3.9749999046325684,2.671786308288574,18255000,
2008-05-29,4.0,4.0,3.924999952316284,3.950000047683716,2.654982805252075,10999000,
2008-05-30,3.950000047683716,3.950000047683716,3.9000000953674316,3.924999952316284,2.6381797790527344,4929000,
2008-06-02,3.924999952316284,3.924999952316284,3.7750000953674316,3.7750000953674316,2.5373568534851074,9880000,
2008-06-03,3.700000047683716,3.9000000953674316,3.700000047683716,3.9000000953674316,2.6213760375976562,4214000,
2008-06-04,3.875,3.9000000953674316,3.825000047683716,3.825000047683716,2.570965051651001,4755000,
2008-06-05,3.9000000953674316,3.9000000953674316,3.7750000953674316,3.875,2.6045713424682617,11830000,
2008-06-06,3.8499999046325684,3.875,3.825000047683716,3.8499999046325684,2.5877676010131836,8013000,
2008-06-09,3.825000047683716,3.8499999046325684,3.799999952316284,3.799999952316284,2.5541605949401855,3712000,
2008-06-10,3.825000047683716,3.9000000953674316,3.825000047683716,3.9000000953674316,2.6213760375976562,5306000,
2008-06-11,3.9000000953674316,3.924999952316284,3.825000047683716,3.875,2.6045713424682617,2860000,
2008-06-12,3.875,3.875,3.799999952316284,3.799999952316284,2.5541605949401855,2347000,
2008-06-13,3.799999952316284,3.8499999046325684,3.799999952316284,3.825000047683716,2.570965051651001,2359000,
2008-06-16,3.825000047683716,3.875,3.799999952316284,3.875,2.6045713424682617,2479000,
2008-06-17,3.875,3.875,3.825000047683716,3.8499999046325684,2.5877676010131836,803000,
2008-06-18,3.8499999046325684,3.8499999046325684,3.799999952316284,3.825000047683716,2.570965051651001,7992000,
2008-06-19,3.825000047683716,3.825000047683716,3.5999999046325684,3.700000047683716,2.4869461059570312,8331000,
2008-06-20,3.674999952316284,3.875,3.625,3.875,2.6045713424682617,5038000,
2008-06-23,3.799999952316284,3.825000047683716,3.7249999046325684,3.7249999046325684,2.5037500858306885,1820000,
2008-06-24,3.7249999046325684,3.7249999046325684,3.6500000953674316,3.674999952316284,2.470142126083374,3750000,
2008-06-25,3.700000047683716,3.7249999046325684,3.6500000953674316,3.6500000953674316,2.453338623046875,2767000,
2008-06-26,3.674999952316284,3.674999952316284,3.625,3.6500000953674316,2.453338623046875,6281000,
2008-06-27,3.5999999046325684,3.75,3.5999999046325684,3.7249999046325684,2.5037500858306885,5586000,
2008-06-30,3.825000047683716,3.825000047683716,3.75,3.799999952316284,2.5541605949401855,6205000,
2008-07-02,3.799999952316284,3.799999952316284,3.75,3.7750000953674316,2.5373568534851074,6149000,
2008-07-03,3.7249999046325684,3.799999952316284,3.7249999046325684,3.799999952316284,2.5541605949401855,2803000,
2008-07-04,3.799999952316284,3.799999952316284,3.7750000953674316,3.799999952316284,2.5541605949401855,2412000,
2008-07-07,3.799999952316284,3.799999952316284,3.7750000953674316,3.799999952316284,2.5541605949401855,4059000,
2008-07-08,3.7750000953674316,3.799999952316284,3.75,3.799999952316284,2.5541605949401855,988000,
2008-07-09,3.7750000953674316,3.799999952316284,3.7750000953674316,3.799999952316284,2.5541605949401855,1991000,
2008-07-10,3.7750000953674316,3.825000047683716,3.75,3.825000047683716,2.570965051651001,5351000,
2008-07-11,3.825000047683716,4.050000190734863,3.825000047683716,3.950000047683716,2.654982805252075,19722000,
2008-07-14,3.9749999046325684,3.9749999046325684,3.8499999046325684,3.875,2.6045713424682617,1602000,
2008-07-15,3.8499999046325684,3.8499999046325684,3.700000047683716,3.700000047683716,2.4869461059570312,4970000,
2008-07-16,3.700000047683716,3.875,3.700000047683716,3.7750000953674316,2.5373568534851074,3289000,
2008-07-18,3.7750000953674316,3.825000047683716,3.7750000953674316,3.799999952316284,2.5541605949401855,5542000,
2008-07-21,3.799999952316284,3.825000047683716,3.7750000953674316,3.799999952316284,2.5541605949401855,11518000,
2008-07-22,3.7750000953674316,3.799999952316284,3.75,3.7750000953674316,2.5373568534851074,1369000,
2008-07-23,3.7750000953674316,3.799999952316284,3.7249999046325684,3.75,2.5205531120300293,2817000,
2008-07-24,3.75,3.75,3.549999952316284,3.5999999046325684,2.4197311401367188,11650000,
2008-07-25,3.5250000953674316,3.575000047683716,3.5250000953674316,3.575000047683716,2.4029276371002197,6976000,
2008-07-28,3.5250000953674316,3.5999999046325684,3.5250000953674316,3.5999999046325684,2.4197311401367188,930000,
2008-07-29,3.5999999046325684,3.5999999046325684,3.549999952316284,3.5999999046325684,2.4197311401367188,1334000,
2008-07-30,3.5999999046325684,3.75,3.5999999046325684,3.7249999046325684,2.5037500858306885,5137000,
2008-07-31,3.7750000953674316,3.799999952316284,3.75,3.7750000953674316,2.5373568534851074,5538000,
2008-08-01,3.75,3.825000047683716,3.75,3.825000047683716,2.570965051651001,2304000,
2008-08-04,3.825000047683716,3.825000047683716,3.75,3.7750000953674316,2.5373568534851074,168000,
2008-08-05,3.75,3.799999952316284,3.75,3.799999952316284,2.5541605949401855,2011000,
2008-08-06,3.7750000953674316,3.7750000953674316,3.75,3.75,2.5205531120300293,569000,
2008-08-07,3.75,3.7750000953674316,3.7249999046325684,3.75,2.5205531120300293,6069000,
2008-08-08,3.75,3.75,3.674999952316284,3.700000047683716,2.4869461059570312,1168000,
2008-08-11,3.700000047683716,3.700000047683716,3.549999952316284,3.549999952316284,2.3861236572265625,18190000,
2008-08-13,3.549999952316284,3.6500000953674316,3.549999952316284,3.625,2.4365346431732178,2091000,
2008-08-14,3.625,3.7249999046325684,3.625,3.7249999046325684,2.5037500858306885,11783000,
2008-08-15,3.75,3.75,3.674999952316284,3.7249999046325684,2.5037500858306885,5185000,
2008-08-18,3.7249999046325684,3.75,3.700000047683716,3.700000047683716,2.4869461059570312,1463000,
2008-08-19,3.700000047683716,3.700000047683716,3.625,3.6500000953674316,2.453338623046875,1845000,
2008-08-20,3.674999952316284,3.700000047683716,3.625,3.700000047683716,2.4869461059570312,4133000,
2008-08-21,3.700000047683716,3.700000047683716,3.674999952316284,3.674999952316284,2.470142126083374,1405000,
2008-08-22,3.625,3.6500000953674316,3.5999999046325684,3.6500000953674316,2.453338623046875,1097000,
2008-08-25,3.6500000953674316,3.6500000953674316,3.625,3.625,2.4365346431732178,336000,
2008-08-26,3.575000047683716,3.674999952316284,3.575000047683716,3.674999952316284,2.470142126083374,1376000,
2008-08-27,3.674999952316284,3.674999952316284,3.625,3.674999952316284,2.470142126083374,1712000,
2008-08-28,3.674999952316284,3.674999952316284,3.625,3.674999952316284,2.470142126083374,3406000,
2008-08-29,3.6500000953674316,3.674999952316284,3.6500000953674316,3.6500000953674316,2.453338623046875,1202000,
2008-09-01,3.6500000953674316,3.6500000953674316,3.5999999046325684,3.5999999046325684,2.4197311401367188,728000,
2008-09-02,3.5999999046325684,3.5999999046325684,3.549999952316284,3.5999999046325684,2.4197311401367188,3017000,
2008-09-03,3.5999999046325684,3.5999999046325684,3.549999952316284,3.549999952316284,2.3861236572265625,5376000,
2008-09-04,3.549999952316284,3.549999952316284,3.5,3.549999952316284,2.3861236572265625,3520000,
2008-09-05,3.5250000953674316,3.549999952316284,3.5250000953674316,3.549999952316284,2.3861236572265625,3167000,
2008-09-08,3.575000047683716,3.5999999046325684,3.549999952316284,3.5999999046325684,2.4197311401367188,667000,
2008-09-09,3.575000047683716,3.575000047683716,3.5250000953674316,3.549999952316284,2.3861236572265625,4227000,
2008-09-10,3.5250000953674316,3.5250000953674316,3.424999952316284,3.5,2.3525166511535645,6766000,
2008-09-11,3.5,3.5,3.3499999046325684,3.3499999046325684,2.2516942024230957,3118000,
2008-09-12,3.375,3.450000047683716,3.3499999046325684,3.450000047683716,2.318909168243408,2385000,
2008-09-15,3.450000047683716,3.450000047683716,3.3499999046325684,3.4000000953674316,2.285301685333252,556000,
2008-09-16,3.325000047683716,3.375,3.2750000953674316,3.375,2.268497943878174,1662000,
2008-09-17,3.3499999046325684,3.3499999046325684,3.299999952316284,3.325000047683716,2.234891176223755,1942000,
2008-09-18,3.2750000953674316,3.2750000953674316,3.049999952316284,3.200000047683716,2.1508724689483643,5389000,
2008-09-19,3.2249999046325684,3.375,3.2249999046325684,3.375,2.268497943878174,2524000,
2008-09-22,3.4000000953674316,3.4000000953674316,3.174999952316284,3.2249999046325684,2.1676762104034424,2210000,
2008-09-23,3.2249999046325684,3.2249999046325684,3.174999952316284,3.200000047683716,2.1508724689483643,1360000,
2008-09-24,3.200000047683716,3.2249999046325684,3.1500000953674316,3.200000047683716,2.1508724689483643,7028000,
2008-09-25,3.174999952316284,3.200000047683716,3.174999952316284,3.200000047683716,2.1508724689483643,5195000,
2008-09-26,3.200000047683716,3.200000047683716,3.174999952316284,3.200000047683716,2.1508724689483643,2183000,
2008-09-29,3.200000047683716,3.200000047683716,3.049999952316284,3.049999952316284,2.0500495433807373,4988000,
2008-09-30,2.825000047683716,3.1500000953674316,2.825000047683716,3.0999999046325684,2.0836572647094727,8021000,
2008-10-01,3.125,3.1500000953674316,3.049999952316284,3.1500000953674316,2.117265462875366,348000,
2008-10-02,3.125,3.125,3.049999952316284,3.0999999046325684,2.0836572647094727,847000,
2008-10-03,3.049999952316284,3.049999952316284,2.950000047683716,2.950000047683716,1.9828355312347412,2324000,
2008-10-06,2.9000000953674316,2.9000000953674316,2.75,2.7750000953674316,1.8652094602584839,10883000,
2008-10-07,2.6500000953674316,2.674999952316284,2.450000047683716,2.5250000953674316,1.6971725225448608,21764000,
2008-10-08,2.4600000381469727,2.490000009536743,2.369999885559082,2.450000047683716,1.6467616558074951,13792000,
2008-10-09,2.450000047683716,2.4800000190734863,2.4000000953674316,2.4700000286102295,1.6602046489715576,10671000,
2008-10-10,2.299999952316284,2.369999885559082,2.180000066757202,2.200000047683716,1.478724718093872,8263000,
2008-10-13,2.2100000381469727,2.2300000190734863,2.140000104904175,2.1700000762939453,1.4585604667663574,10242000,
2008-10-14,2.2100000381469727,2.309999942779541,2.2100000381469727,2.2699999809265137,1.5257749557495117,29695000,
2008-10-15,2.2699999809265137,2.2799999713897705,2.1700000762939453,2.2300000190734863,1.4988889694213867,18946000,
2008-10-16,2.1500000953674316,2.180000066757202,2.130000114440918,2.1700000762939453,1.4585604667663574,8507000,
2008-10-17,2.180000066757202,2.2300000190734863,2.180000066757202,2.180000066757202,1.4652817249298096,3876000,
2008-10-20,2.200000047683716,2.200000047683716,2.140000104904175,2.140000104904175,1.4383959770202637,4657000,
2008-10-21,2.130000114440918,2.140000104904175,2.0799999237060547,2.0799999237060547,1.398066759109497,5895000,
2008-10-22,2.0799999237060547,2.0799999237060547,1.9500000476837158,1.9500000476837158,1.3106880187988281,9256000,
2008-10-24,1.9299999475479126,1.9299999475479126,1.8700000047683716,1.9299999475479126,1.297244906425476,9715000,
2008-10-27,1.9299999475479126,1.9299999475479126,1.75,1.850000023841858,1.2434730529785156,10951000,
2008-10-28,1.7999999523162842,1.8300000429153442,1.7599999904632568,1.8200000524520874,1.2233085632324219,11681000,
2008-10-29,1.8200000524520874,1.8799999952316284,1.809999942779541,1.8600000143051147,1.2501945495605469,9439000,
2008-10-30,1.8899999856948853,1.9700000286102295,1.8700000047683716,1.9700000286102295,1.3241305351257324,5978000,
2008-10-31,1.940000057220459,2.0,1.899999976158142,2.0,1.3442953824996948,8424000,
2008-11-03,2.0199999809265137,2.0199999809265137,1.9700000286102295,1.9900000095367432,1.337573766708374,6387000,
2008-11-04,2.0,2.059999942779541,1.9900000095367432,2.0,1.3442953824996948,9695000,
2008-11-05,2.0399999618530273,2.0399999618530273,1.9900000095367432,2.0,1.3442953824996948,10656000,
2008-11-06,1.9800000190734863,1.9900000095367432,1.9600000381469727,1.9800000190734863,1.3308522701263428,3561000,
2008-11-07,1.9800000190734863,1.9800000190734863,1.840000033378601,1.899999976158142,1.2770802974700928,15290000,
2008-11-10,1.9299999475479126,1.9299999475479126,1.840000033378601,1.840000033378601,1.2367514371871948,6648000,
2008-11-11,1.840000033378601,1.840000033378601,1.75,1.7799999713897705,1.1964225769042969,11949000,
2008-11-12,1.7699999809265137,1.7699999809265137,1.649999976158142,1.6799999475479126,1.1292076110839844,20791000,
2008-11-13,1.659999966621399,1.659999966621399,1.5299999713897705,1.5700000524520874,1.055271863937378,36414000,
2008-11-14,1.6200000047683716,1.7200000286102295,1.600000023841858,1.6100000143051147,1.0821577310562134,18011000,
2008-11-17,1.6399999856948853,1.690000057220459,1.6100000143051147,1.690000057220459,1.1359293460845947,4894000,
2008-11-18,1.6799999475479126,1.6799999475479126,1.649999976158142,1.659999966621399,1.1157649755477905,5540000,
2008-11-19,1.649999976158142,1.6699999570846558,1.6399999856948853,1.649999976158142,1.1090434789657593,5157000,
2008-11-20,1.6299999952316284,1.6299999952316284,1.6100000143051147,1.6299999952316284,1.0956004858016968,5208000,
2008-11-21,1.600000023841858,1.6699999570846558,1.590000033378601,1.649999976158142,1.1090434789657593,9328000,
2008-11-24,1.6399999856948853,1.659999966621399,1.6299999952316284,1.6399999856948853,1.1023221015930176,14941000,
2008-11-25,1.6799999475479126,1.690000057220459,1.6299999952316284,1.6299999952316284,1.0956004858016968,12971000,
2008-11-26,1.6200000047683716,1.6200000047683716,1.5299999713897705,1.5399999618530273,1.0351072549819946,24223000,
2008-11-27,1.5399999618530273,1.5700000524520874,1.5299999713897705,1.5399999618530273,1.0351072549819946,12686000,
2008-11-28,1.5399999618530273,1.590000033378601,1.5399999618530273,1.5700000524520874,1.055271863937378,13554000,
2008-12-01,1.5700000524520874,1.6200000047683716,1.5,1.5,1.0082212686538696,15266000,
2008-12-02,1.5,1.5,1.4199999570846558,1.440000057220459,0.9678928852081299,24312000,
2008-12-03,1.4900000095367432,1.4900000095367432,1.4199999570846558,1.4199999570846558,0.954449474811554,15960000,
2008-12-04,1.4299999475479126,1.4299999475479126,1.3600000143051147,1.3899999856948853,0.9342848062515259,10468000,
2008-12-08,1.409999966621399,1.5099999904632568,1.409999966621399,1.4500000476837158,0.974614143371582,30489000,
2008-12-09,1.4600000381469727,1.5199999809265137,1.4500000476837158,1.5,1.0082212686538696,36635000,
2008-12-11,1.5299999713897705,1.5399999618530273,1.4900000095367432,1.5199999809265137,1.0216641426086426,20524000,
2008-12-12,1.5,1.5099999904632568,1.4500000476837158,1.4800000190734863,0.9947784543037415,17175000,
2008-12-15,1.5,1.5399999618530273,1.4700000286102295,1.5399999618530273,1.0351072549819946,25562000,
2008-12-16,1.5499999523162842,1.6200000047683716,1.5299999713897705,1.600000023841858,1.0754362344741821,57659000,
2008-12-17,1.6399999856948853,1.6699999570846558,1.600000023841858,1.6200000047683716,1.0888792276382446,57727000,
2008-12-18,1.649999976158142,1.690000057220459,1.600000023841858,1.6799999475479126,1.1292076110839844,46418000,
2008-12-19,1.6699999570846558,1.7200000286102295,1.659999966621399,1.7100000381469727,1.1493725776672363,21603000,
2008-12-22,1.7200000286102295,1.7300000190734863,1.690000057220459,1.7000000476837158,1.142650842666626,27043000,
2008-12-23,1.6799999475479126,1.7200000286102295,1.6799999475479126,1.7000000476837158,1.142650842666626,13612000,
2008-12-24,1.7000000476837158,1.7100000381469727,1.7000000476837158,1.7100000381469727,1.1493725776672363,5800000,
2008-12-25,1.7100000381469727,1.7200000286102295,1.7100000381469727,1.7200000286102295,1.1560940742492676,5656000,
2008-12-26,1.7200000286102295,1.7999999523162842,1.7200000286102295,1.7599999904632568,1.1829798221588135,20735000,
2008-12-29,1.7599999904632568,1.7599999904632568,1.7000000476837158,1.75,1.1762583255767822,6196000,
2008-12-30,1.7599999904632568,1.809999942779541,1.7400000095367432,1.7999999523162842,1.2098655700683594,16282000,
2009-01-02,1.7999999523162842,1.7999999523162842,1.7999999523162842,1.7999999523162842,1.2098655700683594,0,
2009-01-05,1.8300000429153442,1.840000033378601,1.809999942779541,1.840000033378601,1.2367514371871948,12912000,
2009-01-06,1.840000033378601,1.850000023841858,1.7799999713897705,1.7899999618530273,1.2031441926956177,14401000,
2009-01-07,1.7999999523162842,1.809999942779541,1.7699999809265137,1.7899999618530273,1.2031441926956177,10063000,
2009-01-08,1.7599999904632568,1.7999999523162842,1.7599999904632568,1.7899999618530273,1.2031441926956177,5808000,
2009-01-09,1.7899999618530273,1.809999942779541,1.7899999618530273,1.7899999618530273,1.2031441926956177,5554000,
2009-01-12,1.809999942779541,1.8200000524520874,1.7999999523162842,1.7999999523162842,1.2098655700683594,4278000,
2009-01-13,1.7999999523162842,1.7999999523162842,1.7300000190734863,1.75,1.1762583255767822,15058000,
2009-01-14,1.75,1.7599999904632568,1.7200000286102295,1.7400000095367432,1.1695367097854614,4532000,
2009-01-15,1.7000000476837158,1.7100000381469727,1.6699999570846558,1.690000057220459,1.1359293460845947,8549000,
2009-01-16,1.7000000476837158,1.7100000381469727,1.690000057220459,1.7100000381469727,1.1493725776672363,4105000,
2009-01-19,1.7100000381469727,1.7300000190734863,1.7100000381469727,1.7300000190734863,1.1628152132034302,4820000,
2009-01-20,1.7300000190734863,1.7300000190734863,1.7000000476837158,1.7200000286102295,1.1560940742492676,2417000,
2009-01-21,1.7100000381469727,1.7200000286102295,1.7100000381469727,1.7200000286102295,1.1560940742492676,1223000,
2009-01-22,1.7200000286102295,1.7200000286102295,1.7000000476837158,1.7000000476837158,1.142650842666626,3392000,
2009-01-23,1.690000057220459,1.7000000476837158,1.6799999475479126,1.690000057220459,1.1359293460845947,2053000,
2009-01-26,1.7200000286102295,1.7200000286102295,1.7000000476837158,1.7100000381469727,1.1493725776672363,304000,
2009-01-27,1.7100000381469727,1.75,1.7100000381469727,1.75,1.1762583255767822,2084000,
2009-01-28,1.75,1.75,1.7200000286102295,1.75,1.1762583255767822,2864000,
2009-01-29,1.75,1.75,1.6699999570846558,1.6799999475479126,1.1292076110839844,7069000,
2009-01-30,1.6799999475479126,1.7000000476837158,1.6699999570846558,1.7000000476837158,1.142650842666626,1850000,
2009-02-02,1.7000000476837158,1.7000000476837158,1.6799999475479126,1.6799999475479126,1.1292076110839844,605000,
2009-02-03,1.6799999475479126,1.690000057220459,1.6799999475479126,1.6799999475479126,1.1292076110839844,1862000,
2009-02-04,1.6799999475479126,1.7000000476837158,1.6799999475479126,1.6799999475479126,1.1292076110839844,751000,
2009-02-05,1.7000000476837158,1.7100000381469727,1.690000057220459,1.7000000476837158,1.142650842666626,2680000,
2009-02-06,1.7100000381469727,1.7300000190734863,1.7100000381469727,1.7300000190734863,1.1628152132034302,8814000,
2009-02-10,1.75,1.75,1.7400000095367432,1.7400000095367432,1.1695367097854614,3280000,
2009-02-11,1.7400000095367432,1.75,1.7200000286102295,1.75,1.1762583255767822,4217000,
2009-02-12,1.7400000095367432,1.7400000095367432,1.7300000190734863,1.7300000190734863,1.1628152132034302,3026000,
2009-02-13,1.7100000381469727,1.7400000095367432,1.7100000381469727,1.7300000190734863,1.1628152132034302,5648000,
2009-02-16,1.7400000095367432,1.7400000095367432,1.7200000286102295,1.7400000095367432,1.1695367097854614,3265000,
2009-02-17,1.7300000190734863,1.7400000095367432,1.7200000286102295,1.7400000095367432,1.1695367097854614,11923000,
2009-02-18,1.7200000286102295,1.7300000190734863,1.7200000286102295,1.7300000190734863,1.1628152132034302,3246000,
2009-02-19,1.7300000190734863,1.7300000190734863,1.7200000286102295,1.7200000286102295,1.1560940742492676,4507000,
2009-02-20,1.7300000190734863,1.7300000190734863,1.7100000381469727,1.7200000286102295,1.1560940742492676,4696000,
2009-02-23,1.7100000381469727,1.7400000095367432,1.7100000381469727,1.7400000095367432,1.1695367097854614,6528000,
2009-02-24,1.7100000381469727,1.7100000381469727,1.690000057220459,1.7000000476837158,1.142650842666626,3652000,
2009-02-25,1.7300000190734863,1.7300000190734863,1.7000000476837158,1.7200000286102295,1.1560940742492676,1904000,
2009-02-26,1.7300000190734863,1.7400000095367432,1.7100000381469727,1.7400000095367432,1.1695367097854614,3516000,
2009-02-27,1.7400000095367432,1.7400000095367432,1.7100000381469727,1.7100000381469727,1.1493725776672363,1810000,
2009-03-02,1.7000000476837158,1.7100000381469727,1.6799999475479126,1.7100000381469727,1.1493725776672363,7408000,
2009-03-03,1.6799999475479126,1.690000057220459,1.659999966621399,1.659999966621399,1.1157649755477905,12236000,
2009-03-04,1.6699999570846558,1.6799999475479126,1.649999976158142,1.649999976158142,1.1090434789657593,6331000,
2009-03-05,1.6699999570846558,1.6799999475479126,1.649999976158142,1.659999966621399,1.1157649755477905,7011000,
2009-03-06,1.6699999570846558,1.6699999570846558,1.649999976158142,1.659999966621399,1.1157649755477905,3909000,
2009-03-09,1.659999966621399,1.6699999570846558,1.659999966621399,1.659999966621399,1.1157649755477905,2930000,
2009-03-10,1.6799999475479126,1.7100000381469727,1.6799999475479126,1.7100000381469727,1.1493725776672363,3257000,
2009-03-11,1.649999976158142,1.659999966621399,1.6399999856948853,1.659999966621399,1.1563382148742676,3975000,0.06
2009-03-12,1.6299999952316284,1.649999976158142,1.6299999952316284,1.649999976158142,1.1493723392486572,4072000,
2009-03-13,1.649999976158142,1.6699999570846558,1.649999976158142,1.6699999570846558,1.163304090499878,1101000,
2009-03-16,1.690000057220459,1.690000057220459,1.6699999570846558,1.6699999570846558,1.163304090499878,3352000,
2009-03-17,1.649999976158142,1.6699999570846558,1.649999976158142,1.659999966621399,1.1563382148742676,3050000,
2009-03-18,1.6699999570846558,1.6799999475479126,1.6699999570846558,1.6799999475479126,1.1702697277069092,1472000,
2009-03-19,1.6799999475479126,1.7000000476837158,1.6799999475479126,1.6799999475479126,1.1702697277069092,2464000,
2009-03-20,1.7100000381469727,1.7100000381469727,1.690000057220459,1.7000000476837158,1.1842020750045776,640000,
2009-03-23,1.7000000476837158,1.7300000190734863,1.7000000476837158,1.7100000381469727,1.191167950630188,4180000,
2009-03-24,1.7300000190734863,1.7300000190734863,1.7000000476837158,1.7100000381469727,1.191167950630188,2051000,
2009-03-25,1.7100000381469727,1.7100000381469727,1.6799999475479126,1.6799999475479126,1.1702697277069092,6281000,
2009-03-26,1.6799999475479126,1.690000057220459,1.6799999475479126,1.6799999475479126,1.1702697277069092,1680000,
2009-03-27,1.690000057220459,1.690000057220459,1.690000057220459,1.690000057220459,1.1772358417510986,261000,
2009-03-30,1.6799999475479126,1.7100000381469727,1.6799999475479126,1.7100000381469727,1.191167950630188,2872000,
2009-03-31,1.7000000476837158,1.7000000476837158,1.690000057220459,1.7000000476837158,1.1842020750045776,7792000,
2009-04-01,1.690000057220459,1.690000057220459,1.659999966621399,1.690000057220459,1.1772358417510986,2947000,
2009-04-02,1.690000057220459,1.7000000476837158,1.690000057220459,1.7000000476837158,1.1842020750045776,6729000,
2009-04-03,1.7000000476837158,1.75,1.7000000476837158,1.7200000286102295,1.198133945465088,11554000,
2009-04-07,1.7300000190734863,1.7300000190734863,1.6799999475479126,1.7100000381469727,1.191167950630188,3338000,
2009-04-08,1.7000000476837158,1.7000000476837158,1.6799999475479126,1.7000000476837158,1.1842020750045776,3512000,
2009-04-09,1.7000000476837158,1.7100000381469727,1.690000057220459,1.7000000476837158,1.1842020750045776,5646000,
2009-04-10,1.7000000476837158,1.7100000381469727,1.7000000476837158,1.7000000476837158,1.1842020750045776,997000,
2009-04-16,1.7000000476837158,1.7300000190734863,1.6799999475479126,1.7000000476837158,1.1842020750045776,11287000,
2009-04-17,1.7000000476837158,1.7699999809265137,1.7000000476837158,1.7599999904632568,1.2259972095489502,22189000,
2009-04-20,1.7799999713897705,1.7899999618530273,1.7699999809265137,1.7799999713897705,1.2399288415908813,11113000,
2009-04-21,1.7599999904632568,1.8300000429153442,1.7599999904632568,1.8300000429153442,1.2747583389282227,9835000,
2009-04-22,1.850000023841858,1.850000023841858,1.7899999618530273,1.8200000524520874,1.2677925825119019,10350000,
2009-04-23,1.809999942779541,1.8700000047683716,1.809999942779541,1.8700000047683716,1.3026219606399536,17138000,
2009-04-24,1.899999976158142,2.0399999618530273,1.8899999856948853,2.0399999618530273,1.4210420846939087,31504000,
2009-04-27,2.059999942779541,2.109999895095825,2.0299999713897705,2.049999952316284,1.428007960319519,9082000,
2009-04-28,2.0199999809265137,2.0299999713897705,1.899999976158142,1.9600000381469727,1.3653148412704468,18574000,
2009-04-29,1.9600000381469727,1.9600000381469727,1.899999976158142,1.9500000476837158,1.3583492040634155,11365000,
2009-04-30,1.9900000095367432,2.009999990463257,1.9700000286102295,1.9800000190734863,1.3792469501495361,6363000,
2009-05-04,2.0,2.009999990463257,1.9500000476837158,1.9800000190734863,1.3792469501495361,10969000,
2009-05-06,2.0,2.0999999046325684,1.9800000190734863,2.0999999046325684,1.4628373384475708,19319000,
2009-05-07,2.0999999046325684,2.140000104904175,2.0199999809265137,2.0999999046325684,1.4628373384475708,17594000,
2009-05-11,2.059999942779541,2.130000114440918,2.059999942779541,2.069999933242798,1.4419397115707397,8737000,
2009-05-12,2.059999942779541,2.0899999141693115,2.0299999713897705,2.069999933242798,1.4419397115707397,9693000,
2009-05-13,2.0399999618530273,2.069999933242798,2.0299999713897705,2.0299999713897705,1.4140760898590088,6610000,
2009-05-14,2.0299999713897705,2.0299999713897705,1.940000057220459,1.9700000286102295,1.3722808361053467,15727000,
2009-05-15,1.9700000286102295,2.049999952316284,1.9700000286102295,2.0399999618530273,1.4210420846939087,24598000,
2009-05-18,2.0,2.0299999713897705,1.9800000190734863,2.0299999713897705,1.4140760898590088,4096000,
2009-05-19,2.0799999237060547,2.0799999237060547,2.0,2.0199999809265137,1.4071104526519775,15532000,
2009-05-20,2.0199999809265137,2.0299999713897705,1.9900000095367432,2.009999990463257,1.4001446962356567,12026000,
2009-05-21,2.0,2.069999933242798,2.0,2.009999990463257,1.4001446962356567,14721000,
2009-05-22,2.009999990463257,2.0299999713897705,2.0,2.0299999713897705,1.4140760898590088,5154000,
2009-05-25,2.0199999809265137,2.0399999618530273,2.0199999809265137,2.0399999618530273,1.4210420846939087,7530000,
2009-05-26,2.0299999713897705,2.049999952316284,2.009999990463257,2.009999990463257,1.4001446962356567,8051000,
2009-05-27,2.009999990463257,2.0399999618530273,2.009999990463257,2.009999990463257,1.4001446962356567,12480000,
2009-05-28,2.0199999809265137,2.0399999618530273,1.9900000095367432,2.0399999618530273,1.4210420846939087,15409000,
2009-05-29,2.0299999713897705,2.059999942779541,2.0199999809265137,2.049999952316284,1.428007960319519,16214000,
2009-06-01,2.059999942779541,2.059999942779541,2.0399999618530273,2.0399999618530273,1.4210420846939087,3608000,
2009-06-02,2.0299999713897705,2.0299999713897705,2.009999990463257,2.009999990463257,1.4001446962356567,7943000,
2009-06-03,2.009999990463257,2.049999952316284,2.009999990463257,2.009999990463257,1.4001446962356567,12589000,
2009-06-04,2.0,2.0299999713897705,2.0,2.0199999809265137,1.4071104526519775,7754000,
2009-06-05,2.0399999618530273,2.180000066757202,2.0199999809265137,2.130000114440918,1.4837356805801392,53556000,
2009-06-08,2.1700000762939453,2.1700000762939453,2.109999895095825,2.130000114440918,1.4837356805801392,35778000,
2009-06-09,2.140000104904175,2.2899999618530273,2.130000114440918,2.259999990463257,1.5742915868759155,73498000,
2009-06-10,2.25,2.3399999141693115,2.25,2.309999942779541,1.6091216802597046,30938000,
2009-06-11,2.309999942779541,2.3499999046325684,2.2799999713897705,2.2899999618530273,1.5951894521713257,12347000,
2009-06-12,2.2899999618530273,2.3399999141693115,2.2699999809265137,2.299999952316284,1.6021558046340942,19492000,
2009-06-15,2.3499999046325684,2.3499999046325684,2.2699999809265137,2.2699999809265137,1.5812574625015259,25408000,
2009-06-16,2.240000009536743,2.259999990463257,2.200000047683716,2.240000009536743,1.5603599548339844,12762000,
2009-06-17,2.2200000286102295,2.259999990463257,2.2200000286102295,2.240000009536743,1.5603599548339844,9287000,
2009-06-18,2.2200000286102295,2.2300000190734863,2.200000047683716,2.200000047683716,1.5324965715408325,15066000,
2009-06-19,2.200000047683716,2.2300000190734863,2.200000047683716,2.2200000286102295,1.5464282035827637,5759000,
2009-06-22,2.2200000286102295,2.2200000286102295,2.190000057220459,2.2100000381469727,1.5394620895385742,4445000,
2009-06-23,2.200000047683716,2.2300000190734863,2.1700000762939453,2.2300000190734863,1.553394079208374,19774000,
2009-06-24,2.2200000286102295,2.2200000286102295,2.200000047683716,2.2100000381469727,1.5394620895385742,23388000,
2009-06-25,2.2300000190734863,2.2699999809265137,2.2100000381469727,2.2200000286102295,1.5464282035827637,5948000,
2009-06-26,2.2200000286102295,2.2699999809265137,2.2200000286102295,2.240000009536743,1.5603599548339844,9019000,
2009-06-29,2.240000009536743,2.259999990463257,2.2300000190734863,2.240000009536743,1.5603599548339844,3662000,
2009-06-30,2.2699999809265137,2.3299999237060547,2.25,2.2699999809265137,1.5812574625015259,15267000,
2009-07-02,2.2699999809265137,2.2699999809265137,2.25,2.259999990463257,1.5742915868759155,14946000,
2009-07-03,2.240000009536743,2.2699999809265137,2.240000009536743,2.2699999809265137,1.5812574625015259,1679000,
2009-07-06,2.2699999809265137,2.2699999809265137,2.2699999809265137,2.2699999809265137,1.5812574625015259,0,
2009-07-08,2.25,2.259999990463257,2.2200000286102295,2.240000009536743,1.5603599548339844,3333000,
2009-07-09,2.25,2.25,2.2200000286102295,2.240000009536743,1.5603599548339844,5909000,
2009-07-10,2.240000009536743,2.25,2.240000009536743,2.25,1.5673257112503052,4617000,
2009-07-13,2.25,2.309999942779541,2.2300000190734863,2.259999990463257,1.5742915868759155,21146000,
2009-07-14,2.2899999618530273,2.319999933242798,2.2799999713897705,2.299999952316284,1.6021558046340942,21788000,
2009-07-15,2.309999942779541,2.3499999046325684,2.309999942779541,2.3499999046325684,1.6369845867156982,17520000,
2009-07-16,2.369999885559082,2.390000104904175,2.309999942779541,2.309999942779541,1.6091216802597046,16077000,
2009-07-17,2.319999933242798,2.3499999046325684,2.319999933242798,2.3299999237060547,1.6230531930923462,5343000,
2009-07-20,2.359999895095825,2.369999885559082,2.3399999141693115,2.369999885559082,1.6509170532226562,9946000,
2009-07-21,2.359999895095825,2.359999895095825,2.3399999141693115,2.3399999141693115,1.6300190687179565,5253000,
2009-07-22,2.3399999141693115,2.369999885559082,2.319999933242798,2.3399999141693115,1.6300190687179565,13305000,
2009-07-23,2.3499999046325684,2.359999895095825,2.3399999141693115,2.3499999046325684,1.6369845867156982,3988000,
2009-07-24,2.3399999141693115,2.359999895095825,2.3399999141693115,2.3399999141693115,1.6300190687179565,3239000,
2009-07-27,2.3499999046325684,2.359999895095825,2.3299999237060547,2.359999895095825,1.6439507007598877,9769000,
2009-07-28,2.359999895095825,2.359999895095825,2.299999952316284,2.359999895095825,1.6439507007598877,15774000,
2009-07-29,2.3399999141693115,2.3399999141693115,2.319999933242798,2.319999933242798,1.6160874366760254,5944000,
2009-07-30,2.309999942779541,2.3299999237060547,2.299999952316284,2.319999933242798,1.6160874366760254,6956000,
2009-07-31,2.3299999237060547,2.3499999046325684,2.319999933242798,2.319999933242798,1.6160874366760254,15799000,
2009-08-03,2.3299999237060547,2.3499999046325684,2.319999933242798,2.319999933242798,1.6160874366760254,6418000,
2009-08-04,2.319999933242798,2.3299999237060547,2.299999952316284,2.309999942779541,1.6091216802597046,16180000,
2009-08-05,2.299999952316284,2.319999933242798,2.2699999809265137,2.2799999713897705,1.5882235765457153,20263000,
2009-08-06,2.2799999713897705,2.2899999618530273,2.259999990463257,2.259999990463257,1.5742915868759155,10721000,
2009-08-07,2.259999990463257,2.2699999809265137,2.25,2.25,1.5673257112503052,3775000,
2009-08-10,2.2699999809265137,2.2799999713897705,2.25,2.259999990463257,1.5742915868759155,5001000,
2009-08-11,2.259999990463257,2.2799999713897705,2.2200000286102295,2.2799999713897705,1.5882235765457153,3800000,
2009-08-13,2.2699999809265137,2.2799999713897705,2.240000009536743,2.240000009536743,1.5603599548339844,13464000,
2009-08-14,2.25,2.2699999809265137,2.25,2.2699999809265137,1.5812574625015259,5222000,
2009-08-17,2.240000009536743,2.2699999809265137,2.2300000190734863,2.2300000190734863,1.553394079208374,6328000,
2009-08-18,2.259999990463257,2.259999990463257,2.2300000190734863,2.259999990463257,1.5742915868759155,2528000,
2009-08-19,2.240000009536743,2.25,2.240000009536743,2.25,1.5673257112503052,1010000,
2009-08-20,2.2699999809265137,2.2699999809265137,2.240000009536743,2.240000009536743,1.5603599548339844,8732000,
2009-08-21,2.259999990463257,2.2699999809265137,2.25,2.259999990463257,1.5742915868759155,2270000,
2009-08-24,2.2899999618530273,2.2899999618530273,2.2200000286102295,2.240000009536743,1.5603599548339844,12303000,
2009-08-25,2.2300000190734863,2.259999990463257,2.2300000190734863,2.259999990463257,1.5742915868759155,9581000,
2009-08-26,2.299999952316284,2.430000066757202,2.2899999618530273,2.430000066757202,1.6927120685577393,63480000,
2009-08-27,2.5250000953674316,2.549999952316284,2.4600000381469727,2.4800000190734863,1.7275416851043701,47633000,
2009-08-28,2.4800000190734863,2.490000009536743,2.430000066757202,2.4700000286102295,1.7205756902694702,9459000,
2009-08-31,2.4700000286102295,2.5250000953674316,2.450000047683716,2.4800000190734863,1.7275416851043701,11738000,
2009-09-01,2.5,2.5250000953674316,2.4800000190734863,2.4800000190734863,1.7275416851043701,15307000,
2009-09-02,2.4600000381469727,2.4700000286102295,2.450000047683716,2.4600000381469727,1.7136096954345703,8145000,
2009-09-03,2.4600000381469727,2.4600000381469727,2.4200000762939453,2.430000066757202,1.6927120685577393,7259000,
2009-09-04,2.4100000858306885,2.4200000762939453,2.369999885559082,2.369999885559082,1.6509170532226562,20584000,
2009-09-07,2.380000114440918,2.430000066757202,2.380000114440918,2.4000000953674316,1.6718144416809082,14233000,
2009-09-08,2.4100000858306885,2.430000066757202,2.4100000858306885,2.4200000762939453,1.6857460737228394,11950000,
2009-09-09,2.4200000762939453,2.4200000762939453,2.369999885559082,2.390000104904175,1.6648485660552979,10486000,
2009-09-10,2.4100000858306885,2.430000066757202,2.4000000953674316,2.4100000858306885,1.6787800788879395,25673000,
2009-09-11,2.4100000858306885,2.430000066757202,2.4100000858306885,2.4100000858306885,1.6787800788879395,8408000,
2009-09-14,2.4000000953674316,2.440000057220459,2.390000104904175,2.4000000953674316,1.6718144416809082,15796000,
2009-09-15,2.4000000953674316,2.4200000762939453,2.4000000953674316,2.4000000953674316,1.6718144416809082,24212000,
2009-09-16,2.4000000953674316,2.4100000858306885,2.390000104904175,2.4000000953674316,1.6718144416809082,12837000,
2009-09-17,2.4000000953674316,2.4200000762939453,2.4000000953674316,2.4000000953674316,1.6718144416809082,10815000,
2009-09-18,2.4000000953674316,2.4000000953674316,2.390000104904175,2.4000000953674316,1.6718144416809082,3162000,
2009-09-21,2.4000000953674316,2.4100000858306885,2.390000104904175,2.4100000858306885,1.6787800788879395,6687000,
2009-09-22,2.4100000858306885,2.5,2.4100000858306885,2.4800000190734863,1.7275416851043701,35360000,
2009-09-23,2.5,2.5,2.4700000286102295,2.4800000190734863,1.7275416851043701,40054000,
2009-09-24,2.4600000381469727,2.4700000286102295,2.440000057220459,2.4700000286102295,1.7205756902694702,20681000,
2009-09-25,2.4700000286102295,2.4700000286102295,2.440000057220459,2.440000057220459,1.6996779441833496,10219000,
2009-09-28,2.440000057220459,2.440000057220459,2.390000104904175,2.4200000762939453,1.6857460737228394,12001000,
2009-09-29,2.4200000762939453,2.5250000953674316,2.4200000762939453,2.4800000190734863,1.7275416851043701,20322000,
2009-09-30,2.4800000190734863,2.5999999046325684,2.4800000190734863,2.575000047683716,1.7937177419662476,61872000,
2009-10-01,2.5999999046325684,2.5999999046325684,2.549999952316284,2.549999952316284,1.7763028144836426,39344000,
2009-10-02,2.5250000953674316,2.674999952316284,2.5250000953674316,2.625,1.828547477722168,30470000,
2009-10-05,2.674999952316284,2.700000047683716,2.575000047683716,2.625,1.828547477722168,23471000,
2009-10-06,2.625,2.674999952316284,2.5999999046325684,2.625,1.828547477722168,14173000,
2009-10-07,2.674999952316284,2.674999952316284,2.575000047683716,2.575000047683716,1.7937177419662476,17430000,
2009-10-08,2.575000047683716,2.5999999046325684,2.549999952316284,2.575000047683716,1.7937177419662476,9143000,
2009-10-09,2.5999999046325684,2.625,2.549999952316284,2.575000047683716,1.7937177419662476,17903000,
2009-10-12,2.575000047683716,2.6500000953674316,2.575000047683716,2.625,1.828547477722168,15578000,
2009-10-13,2.5999999046325684,2.625,2.575000047683716,2.5999999046325684,1.8111321926116943,7243000,
2009-10-14,2.5999999046325684,2.5999999046325684,2.4600000381469727,2.490000009536743,1.7345073223114014,16733000,
2009-10-15,2.5250000953674316,2.5250000953674316,2.3399999141693115,2.4200000762939453,1.6857460737228394,19945000,
2009-10-16,2.440000057220459,2.490000009536743,2.390000104904175,2.490000009536743,1.7345073223114014,12281000,
2009-10-19,2.4800000190734863,2.5250000953674316,2.450000047683716,2.5250000953674316,1.7588882446289062,5510000,
2009-10-20,2.5,2.5,2.440000057220459,2.440000057220459,1.6996779441833496,14216000,
2009-10-21,2.450000047683716,2.450000047683716,2.4200000762939453,2.430000066757202,1.6927120685577393,9461000,
2009-10-22,2.440000057220459,2.440000057220459,2.380000114440918,2.4000000953674316,1.6718144416809082,13091000,
2009-10-26,2.4000000953674316,2.4100000858306885,2.390000104904175,2.390000104904175,1.6648485660552979,8081000,
2009-10-27,2.390000104904175,2.4700000286102295,2.380000114440918,2.4700000286102295,1.7205756902694702,22387000,
2009-10-28,2.5,2.5250000953674316,2.4700000286102295,2.490000009536743,1.7345073223114014,18145000,
2009-10-29,2.4700000286102295,2.4700000286102295,2.4200000762939453,2.450000047683716,1.70664381980896,7821000,
2009-10-30,2.490000009536743,2.490000009536743,2.4100000858306885,2.4200000762939453,1.6857460737228394,4207000,
2009-11-02,2.4000000953674316,2.4200000762939453,2.4000000953674316,2.4200000762939453,1.6857460737228394,3162000,
2009-11-03,2.4100000858306885,2.450000047683716,2.4100000858306885,2.440000057220459,1.6996779441833496,3211000,
2009-11-04,2.440000057220459,2.450000047683716,2.4200000762939453,2.430000066757202,1.6927120685577393,7670000,
2009-11-05,2.430000066757202,2.430000066757202,2.4200000762939453,2.4200000762939453,1.6857460737228394,1501000,
2009-11-06,2.4200000762939453,2.4600000381469727,2.4200000762939453,2.430000066757202,1.6927120685577393,13080000,
2009-11-09,2.440000057220459,2.4800000190734863,2.4200000762939453,2.4600000381469727,1.7136096954345703,11664000,
2009-11-10,2.4700000286102295,2.5,2.4600000381469727,2.4800000190734863,1.7275416851043701,25952000,
2009-11-11,2.490000009536743,2.5250000953674316,2.490000009536743,2.5,1.7414735555648804,11602000,
2009-11-12,2.5,2.5250000953674316,2.4200000762939453,2.430000066757202,1.6927120685577393,22545000,
2009-11-13,2.450000047683716,2.490000009536743,2.430000066757202,2.490000009536743,1.7345073223114014,14438000,
2009-11-16,2.5,2.5,2.4700000286102295,2.4800000190734863,1.7275416851043701,9988000,
2009-11-17,2.490000009536743,2.490000009536743,2.4600000381469727,2.4700000286102295,1.7205756902694702,4069000,
2009-11-18,2.4700000286102295,2.4800000190734863,2.4600000381469727,2.4600000381469727,1.7136096954345703,2300000,
2009-11-19,2.4700000286102295,2.490000009536743,2.4600000381469727,2.490000009536743,1.7345073223114014,4744000,
2009-11-20,2.490000009536743,2.490000009536743,2.4600000381469727,2.490000009536743,1.7345073223114014,10196000,
2009-11-23,2.4800000190734863,2.490000009536743,2.4600000381469727,2.4800000190734863,1.7275416851043701,3220000,
2009-11-24,2.490000009536743,2.490000009536743,2.450000047683716,2.450000047683716,1.70664381980896,11992000,
2009-11-25,2.4700000286102295,2.4700000286102295,2.430000066757202,2.4700000286102295,1.7205756902694702,4438000,
2009-11-26,2.4600000381469727,2.4700000286102295,2.450000047683716,2.4600000381469727,1.7136096954345703,10454000,
2009-11-27,2.430000066757202,2.440000057220459,2.4000000953674316,2.430000066757202,1.6927120685577393,10877000,
2009-11-30,2.430000066757202,2.430000066757202,2.380000114440918,2.390000104904175,1.6648485660552979,15547000,
2009-12-01,2.4000000953674316,2.4200000762939453,2.369999885559082,2.4100000858306885,1.6787800788879395,19970000,
2009-12-02,2.430000066757202,2.450000047683716,2.4100000858306885,2.4200000762939453,1.6857460737228394,10465000,
2009-12-03,2.440000057220459,2.450000047683716,2.430000066757202,2.440000057220459,1.6996779441833496,6952000,
2009-12-04,2.440000057220459,2.450000047683716,2.430000066757202,2.440000057220459,1.6996779441833496,2887000,
2009-12-08,2.440000057220459,2.450000047683716,2.430000066757202,2.450000047683716,1.70664381980896,2342000,
2009-12-09,2.440000057220459,2.4600000381469727,2.430000066757202,2.450000047683716,1.70664381980896,5450000,
2009-12-11,2.450000047683716,2.4600000381469727,2.430000066757202,2.450000047683716,1.70664381980896,8828000,
2009-12-14,2.440000057220459,2.4800000190734863,2.430000066757202,2.4600000381469727,1.7136096954345703,12779000,
2009-12-15,2.4800000190734863,2.4800000190734863,2.4600000381469727,2.4600000381469727,1.7136096954345703,4615000,
2009-12-16,2.450000047683716,2.4700000286102295,2.450000047683716,2.4700000286102295,1.7205756902694702,15403000,
2009-12-17,2.4700000286102295,2.5250000953674316,2.4600000381469727,2.490000009536743,1.7345073223114014,28407000,
2009-12-18,2.490000009536743,2.5250000953674316,2.4800000190734863,2.5,1.7414735555648804,12589000,
2009-12-21,2.5250000953674316,2.5250000953674316,2.4600000381469727,2.490000009536743,1.7345073223114014,8688000,
2009-12-22,2.490000009536743,2.5250000953674316,2.490000009536743,2.5,1.7414735555648804,5336000,
2009-12-23,2.5,2.5250000953674316,2.5,2.5250000953674316,1.7588882446289062,5113000,
2009-12-24,2.5250000953674316,2.549999952316284,2.5250000953674316,2.5250000953674316,1.7588882446289062,6525000,
2009-12-25,2.549999952316284,2.549999952316284,2.5250000953674316,2.549999952316284,1.7763028144836426,3370000,
2009-12-28,2.549999952316284,2.549999952316284,2.5250000953674316,2.549999952316284,1.7763028144836426,1905000,
2009-12-29,2.549999952316284,2.549999952316284,2.5,2.5,1.7414735555648804,6005000,
2009-12-30,2.5,2.549999952316284,2.490000009536743,2.490000009536743,1.7345073223114014,4372000,
2010-01-04,2.490000009536743,2.5250000953674316,2.490000009536743,2.5,1.7414735555648804,3544000,
2010-01-05,2.5250000953674316,2.5250000953674316,2.4800000190734863,2.5,1.7414735555648804,5127000,
2010-01-06,2.490000009536743,2.5250000953674316,2.4700000286102295,2.4800000190734863,1.7275416851043701,14893000,
2010-01-07,2.4800000190734863,2.490000009536743,2.4700000286102295,2.4800000190734863,1.7275416851043701,7642000,
2010-01-08,2.490000009536743,2.5250000953674316,2.490000009536743,2.5,1.7414735555648804,6759000,
2010-01-11,2.5,2.5,2.4700000286102295,2.4800000190734863,1.7275416851043701,6844000,
2010-01-12,2.490000009536743,2.5250000953674316,2.4800000190734863,2.490000009536743,1.7345073223114014,7199000,
2010-01-13,2.490000009536743,2.5250000953674316,2.490000009536743,2.5,1.7414735555648804,4107000,
2010-01-14,2.5,2.5,2.490000009536743,2.5,1.7414735555648804,11514000,
2010-01-15,2.5250000953674316,2.5999999046325684,2.5,2.575000047683716,1.7937177419662476,35216000,
2010-01-18,2.575000047683716,2.5999999046325684,2.5250000953674316,2.575000047683716,1.7937177419662476,8889000,
2010-01-19,2.575000047683716,2.575000047683716,2.490000009536743,2.490000009536743,1.7345073223114014,10280000,
2010-01-20,2.5,2.5250000953674316,2.490000009536743,2.5,1.7414735555648804,11457000,
2010-01-21,2.490000009536743,2.5250000953674316,2.490000009536743,2.5250000953674316,1.7588882446289062,18257000,
2010-01-22,2.5,2.5,2.4800000190734863,2.5,1.7414735555648804,5471000,
2010-01-25,2.5,2.5,2.4700000286102295,2.490000009536743,1.7345073223114014,3788000,
2010-01-26,2.4800000190734863,2.490000009536743,2.440000057220459,2.450000047683716,1.70664381980896,15550000,
2010-01-27,2.450000047683716,2.4600000381469727,2.4000000953674316,2.4000000953674316,1.6718144416809082,8294000,
2010-01-28,2.4100000858306885,2.4200000762939453,2.380000114440918,2.380000114440918,1.6578824520111084,5489000,
2010-01-29,2.390000104904175,2.4000000953674316,2.390000104904175,2.390000104904175,1.6648485660552979,3643000,
2010-02-01,2.390000104904175,2.4100000858306885,2.369999885559082,2.4100000858306885,1.6787800788879395,2194000,
2010-02-02,2.4200000762939453,2.4200000762939453,2.369999885559082,2.380000114440918,1.6578824520111084,14979000,
2010-02-03,2.390000104904175,2.4000000953674316,2.380000114440918,2.4000000953674316,1.6718144416809082,19544000,
2010-02-04,2.4000000953674316,2.4200000762939453,2.4000000953674316,2.4100000858306885,1.6787800788879395,5808000,
2010-02-05,2.390000104904175,2.4000000953674316,2.369999885559082,2.390000104904175,1.6648485660552979,7671000,
2010-02-08,2.390000104904175,2.390000104904175,2.3499999046325684,2.3499999046325684,1.6369845867156982,9985000,
2010-02-09,2.3499999046325684,2.359999895095825,2.3299999237060547,2.359999895095825,1.6439507007598877,3322000,
2010-02-10,2.3499999046325684,2.4000000953674316,2.3499999046325684,2.4000000953674316,1.6718144416809082,2122000,
2010-02-11,2.380000114440918,2.4200000762939453,2.380000114440918,2.4200000762939453,1.6857460737228394,3832000,
2010-02-12,2.430000066757202,2.430000066757202,2.4100000858306885,2.430000066757202,1.6927120685577393,2815000,
2010-02-15,2.430000066757202,2.430000066757202,2.390000104904175,2.4000000953674316,1.6718144416809082,1641000,
2010-02-16,2.390000104904175,2.4000000953674316,2.380000114440918,2.390000104904175,1.6648485660552979,1244000,
2010-02-17,2.390000104904175,2.4000000953674316,2.380000114440918,2.380000114440918,1.6578824520111084,1652000,
2010-02-18,2.390000104904175,2.4000000953674316,2.380000114440918,2.390000104904175,1.6648485660552979,1779000,
2010-02-19,2.380000114440918,2.390000104904175,2.369999885559082,2.380000114440918,1.6578824520111084,7173000,
2010-02-22,2.390000104904175,2.4000000953674316,2.380000114440918,2.4000000953674316,1.6718144416809082,7212000,
2010-02-23,2.4000000953674316,2.440000057220459,2.4000000953674316,2.440000057220459,1.6996779441833496,10536000,
2010-02-24,2.430000066757202,2.440000057220459,2.4100000858306885,2.430000066757202,1.6927120685577393,10150000,
2010-02-25,2.450000047683716,2.4700000286102295,2.430000066757202,2.450000047683716,1.70664381980896,7721000,
2010-02-26,2.4600000381469727,2.4800000190734863,2.4600000381469727,2.4600000381469727,1.7136096954345703,5214000,
2010-03-02,2.4700000286102295,2.5,2.4600000381469727,2.490000009536743,1.7345073223114014,4557000,
2010-03-03,2.490000009536743,2.549999952316284,2.490000009536743,2.5250000953674316,1.7588882446289062,21947000,
2010-03-04,2.5250000953674316,2.5999999046325684,2.5250000953674316,2.549999952316284,1.7763028144836426,12554000,
2010-03-05,2.575000047683716,2.575000047683716,2.5250000953674316,2.5250000953674316,1.7588882446289062,6368000,
2010-03-08,2.5250000953674316,2.5250000953674316,2.490000009536743,2.5250000953674316,1.7588882446289062,5699000,
2010-03-09,2.5250000953674316,2.5250000953674316,2.4800000190734863,2.5,1.7414735555648804,3680000,
2010-03-10,2.4600000381469727,2.4600000381469727,2.430000066757202,2.430000066757202,1.7414733171463013,11294000,0.07
2010-03-11,2.430000066757202,2.440000057220459,2.430000066757202,2.440000057220459,1.7486393451690674,7155000,
2010-03-12,2.440000057220459,2.440000057220459,2.4200000762939453,2.440000057220459,1.7486393451690674,6558000,
2010-03-15,2.450000047683716,2.4600000381469727,2.450000047683716,2.4600000381469727,1.7629728317260742,2906000,
2010-03-16,2.450000047683716,2.4800000190734863,2.450000047683716,2.4600000381469727,1.7629728317260742,6327000,
2010-03-17,2.4800000190734863,2.5250000953674316,2.4800000190734863,2.5,1.7916395664215088,9168000,
2010-03-18,2.5250000953674316,2.549999952316284,2.4800000190734863,2.4800000190734863,1.777306079864502,10147000,
2010-03-19,2.490000009536743,2.5,2.4600000381469727,2.4700000286102295,1.7701398134231567,10628000,
2010-03-22,2.4600000381469727,2.490000009536743,2.4600000381469727,2.4600000381469727,1.7629728317260742,15878000,
2010-03-23,2.4700000286102295,2.490000009536743,2.440000057220459,2.4700000286102295,1.7701398134231567,10193000,
2010-03-24,2.4700000286102295,2.549999952316284,2.4700000286102295,2.5,1.7916395664215088,22412000,
2010-03-25,2.5250000953674316,2.549999952316284,2.490000009536743,2.5250000953674316,1.8095552921295166,12800000,
2010-03-26,2.549999952316284,2.549999952316284,2.5,2.5,1.7916395664215088,3366000,
2010-03-29,2.5,2.5250000953674316,2.5,2.5,1.7916395664215088,4485000,
2010-03-30,2.5250000953674316,2.5999999046325684,2.5250000953674316,2.575000047683716,1.845388412475586,16902000,
2010-03-31,2.575000047683716,2.5999999046325684,2.549999952316284,2.549999952316284,1.82747220993042,15469000,
2010-04-01,2.549999952316284,2.6500000953674316,2.549999952316284,2.575000047683716,1.845388412475586,17432000,
2010-04-02,2.625,2.625,2.549999952316284,2.549999952316284,1.82747220993042,2791000,
2010-04-05,2.549999952316284,2.5999999046325684,2.549999952316284,2.5999999046325684,1.863304853439331,4134000,
2010-04-07,2.5999999046325684,2.6500000953674316,2.5999999046325684,2.5999999046325684,1.863304853439331,5907000,
2010-04-08,2.625,2.625,2.549999952316284,2.549999952316284,1.82747220993042,8134000,
2010-04-09,2.549999952316284,2.5999999046325684,2.5250000953674316,2.5999999046325684,1.863304853439331,13493000,
2010-04-12,2.5250000953674316,2.575000047683716,2.4800000190734863,2.575000047683716,1.845388412475586,19434000,
2010-04-16,2.5,2.549999952316284,2.4600000381469727,2.5,1.7916395664215088,20697000,
2010-04-19,2.4800000190734863,2.4800000190734863,2.450000047683716,2.4600000381469727,1.7629728317260742,11924000,
2010-04-20,2.4600000381469727,2.4700000286102295,2.4600000381469727,2.4700000286102295,1.7701398134231567,22731000,
2010-04-21,2.4700000286102295,2.5,2.4600000381469727,2.5,1.7916395664215088,15382000,
2010-04-22,2.5250000953674316,2.5250000953674316,2.4800000190734863,2.490000009536743,1.7844728231430054,14071000,
2010-04-23,2.4600000381469727,2.4800000190734863,2.4600000381469727,2.4800000190734863,1.777306079864502,3262000,
2010-04-26,2.5,2.5250000953674316,2.490000009536743,2.490000009536743,1.7844728231430054,1349000,
2010-04-27,2.490000009536743,2.5250000953674316,2.490000009536743,2.5250000953674316,1.8095552921295166,2561000,
2010-04-28,2.4800000190734863,2.490000009536743,2.4700000286102295,2.4800000190734863,1.777306079864502,4114000,
2010-04-29,2.490000009536743,2.490000009536743,2.4700000286102295,2.4800000190734863,1.777306079864502,1581000,
2010-04-30,2.4800000190734863,2.5,2.4800000190734863,2.490000009536743,1.7844728231430054,5379000,
2010-05-04,2.5,2.575000047683716,2.5,2.575000047683716,1.845388412475586,5318000,
2010-05-06,2.575000047683716,2.575000047683716,2.5250000953674316,2.575000047683716,1.845388412475586,3608000,
2010-05-07,2.5250000953674316,2.549999952316284,2.5,2.549999952316284,1.82747220993042,5958000,
2010-05-10,2.549999952316284,2.5999999046325684,2.549999952316284,2.549999952316284,1.82747220993042,6847000,
2010-05-11,2.5999999046325684,2.5999999046325684,2.5250000953674316,2.5250000953674316,1.8095552921295166,6648000,
2010-05-12,2.5250000953674316,2.549999952316284,2.5,2.5250000953674316,1.8095552921295166,7930000,
2010-05-13,2.5250000953674316,2.549999952316284,2.5,2.5250000953674316,1.8095552921295166,2960000,
2010-05-14,2.575000047683716,2.5999999046325684,2.549999952316284,2.5999999046325684,1.863304853439331,10346000,
2010-05-17,2.5250000953674316,2.5999999046325684,2.5250000953674316,2.5999999046325684,1.863304853439331,5923000,
2010-05-18,2.5999999046325684,2.5999999046325684,2.549999952316284,2.5999999046325684,1.863304853439331,2903000,
2010-05-19,2.575000047683716,2.5999999046325684,2.549999952316284,2.575000047683716,1.845388412475586,3335000,
2010-05-20,2.575000047683716,2.575000047683716,2.575000047683716,2.575000047683716,1.845388412475586,0,
2010-05-21,2.575000047683716,2.575000047683716,2.575000047683716,2.575000047683716,1.845388412475586,0,
2010-05-24,2.549999952316284,2.575000047683716,2.5,2.549999952316284,1.82747220993042,7937000,
2010-05-25,2.5,2.674999952316284,2.490000009536743,2.5999999046325684,1.863304853439331,15108000,
2010-05-26,2.575000047683716,2.625,2.575000047683716,2.5999999046325684,1.863304853439331,6463000,
2010-05-27,2.5999999046325684,2.625,2.575000047683716,2.5999999046325684,1.863304853439331,7249000,
2010-05-31,2.5999999046325684,2.5999999046325684,2.549999952316284,2.575000047683716,1.845388412475586,2278000,
2010-06-01,2.575000047683716,2.575000047683716,2.5250000953674316,2.549999952316284,1.82747220993042,9945000,
2010-06-02,2.549999952316284,2.549999952316284,2.5250000953674316,2.549999952316284,1.82747220993042,4238000,
2010-06-03,2.549999952316284,2.575000047683716,2.549999952316284,2.549999952316284,1.82747220993042,5569000,
2010-06-04,2.549999952316284,2.5999999046325684,2.549999952316284,2.5999999046325684,1.863304853439331,5281000,
2010-06-07,2.575000047683716,2.575000047683716,2.549999952316284,2.575000047683716,1.845388412475586,1849000,
2010-06-08,2.549999952316284,2.575000047683716,2.549999952316284,2.575000047683716,1.845388412475586,3584000,
2010-06-09,2.575000047683716,2.575000047683716,2.5250000953674316,2.549999952316284,1.82747220993042,11634000,
2010-06-10,2.549999952316284,2.549999952316284,2.5250000953674316,2.5250000953674316,1.8095552921295166,8685000,
2010-06-11,2.549999952316284,2.575000047683716,2.5250000953674316,2.549999952316284,1.82747220993042,2203000,
2010-06-14,2.549999952316284,2.575000047683716,2.5250000953674316,2.549999952316284,1.82747220993042,5596000,
2010-06-15,2.549999952316284,2.575000047683716,2.5250000953674316,2.549999952316284,1.82747220993042,15350000,
2010-06-16,2.549999952316284,2.5999999046325684,2.549999952316284,2.575000047683716,1.845388412475586,7389000,
2010-06-17,2.575000047683716,2.625,2.575000047683716,2.625,1.8812214136123657,7733000,
2010-06-18,2.625,2.950000047683716,2.5999999046325684,2.9000000953674316,2.0783019065856934,69842000,
2010-06-21,2.924999952316284,2.950000047683716,2.7750000953674316,2.799999952316284,2.0066354274749756,36801000,
2010-06-22,2.799999952316284,3.125,2.799999952316284,2.950000047683716,2.1141340732574463,52370000,
2010-06-23,2.950000047683716,3.049999952316284,2.950000047683716,3.0,2.1499669551849365,16224000,
2010-06-24,3.0,3.299999952316284,3.0,3.174999952316284,2.275381088256836,66228000,
2010-06-25,3.1500000953674316,3.2249999046325684,2.9749999046325684,3.0250000953674316,2.16788387298584,26449000,
2010-06-28,3.0,3.049999952316284,3.0,3.0250000953674316,2.16788387298584,5277000,
2010-06-29,3.0,3.049999952316284,2.9749999046325684,3.0,2.1499669551849365,7707000,
2010-06-30,2.950000047683716,3.0,2.9000000953674316,2.924999952316284,2.096217632293701,18284000,
2010-07-02,2.950000047683716,3.075000047683716,2.950000047683716,3.0,2.1499669551849365,13367000,
2010-07-05,3.0250000953674316,3.0250000953674316,2.9000000953674316,2.924999952316284,2.096217632293701,11068000,
2010-07-06,2.924999952316284,2.9749999046325684,2.9000000953674316,2.950000047683716,2.1141340732574463,14607000,
2010-07-07,2.950000047683716,3.0250000953674316,2.950000047683716,2.9749999046325684,2.1320502758026123,8898000,
2010-07-08,3.0,3.0250000953674316,2.9749999046325684,2.9749999046325684,2.1320502758026123,9006000,
2010-07-09,2.9749999046325684,3.1500000953674316,2.9749999046325684,3.0999999046325684,2.221633195877075,20137000,
2010-07-12,3.1500000953674316,3.1500000953674316,3.049999952316284,3.125,2.239548921585083,14721000,
2010-07-13,3.1500000953674316,3.1500000953674316,3.049999952316284,3.125,2.239548921585083,14225000,
2010-07-14,3.1500000953674316,3.200000047683716,3.125,3.1500000953674316,2.257465124130249,14905000,
2010-07-15,3.125,3.1500000953674316,3.0999999046325684,3.125,2.239548921585083,14200000,
2010-07-16,3.0999999046325684,3.0999999046325684,3.0,3.0,2.1499669551849365,9345000,
2010-07-19,3.0,3.0,2.950000047683716,2.950000047683716,2.1141340732574463,8290000,
2010-07-20,2.9749999046325684,2.9749999046325684,2.8499999046325684,2.875,2.060385227203369,14155000,
2010-07-21,2.8499999046325684,2.9000000953674316,2.825000047683716,2.875,2.060385227203369,20657000,
2010-07-22,2.9000000953674316,2.9000000953674316,2.825000047683716,2.825000047683716,2.024552345275879,20362000,
2010-07-23,2.825000047683716,2.9000000953674316,2.825000047683716,2.875,2.060385227203369,29325000,
2010-07-27,2.9000000953674316,2.924999952316284,2.875,2.875,2.060385227203369,14727000,
2010-07-28,2.875,2.9000000953674316,2.8499999046325684,2.8499999046325684,2.042468309402466,18412000,
2010-07-29,2.875,2.875,2.825000047683716,2.875,2.060385227203369,13962000,
2010-07-30,2.875,2.924999952316284,2.8499999046325684,2.924999952316284,2.096217632293701,5731000,
2010-08-02,2.924999952316284,2.924999952316284,2.875,2.875,2.060385227203369,11488000,
2010-08-03,2.875,2.950000047683716,2.875,2.9000000953674316,2.0783019065856934,12295000,
2010-08-04,2.924999952316284,3.075000047683716,2.924999952316284,3.075000047683716,2.203716516494751,30157000,
2010-08-05,3.0999999046325684,3.200000047683716,3.0999999046325684,3.174999952316284,2.275381088256836,37244000,
2010-08-06,3.174999952316284,3.200000047683716,3.1500000953674316,3.200000047683716,2.2932982444763184,22192000,
2010-08-09,3.25,3.375,3.2249999046325684,3.2750000953674316,2.3470475673675537,58463000,
2010-08-10,3.325000047683716,3.3499999046325684,3.25,3.2750000953674316,2.3470475673675537,54024000,
2010-08-11,3.299999952316284,3.299999952316284,3.174999952316284,3.200000047683716,2.2932982444763184,15968000,
2010-08-16,3.200000047683716,3.2249999046325684,3.075000047683716,3.174999952316284,2.275381088256836,23388000,
2010-08-17,3.1500000953674316,3.200000047683716,3.1500000953674316,3.200000047683716,2.2932982444763184,12848000,
2010-08-18,3.2249999046325684,3.2249999046325684,3.1500000953674316,3.174999952316284,2.275381088256836,15378000,
2010-08-19,3.174999952316284,3.174999952316284,3.075000047683716,3.075000047683716,2.203716516494751,39329000,
2010-08-20,3.075000047683716,3.125,3.0,3.0999999046325684,2.221633195877075,31957000,
2010-08-23,3.125,3.174999952316284,3.0999999046325684,3.125,2.239548921585083,8074000,
2010-08-24,3.125,3.174999952316284,3.0999999046325684,3.125,2.239548921585083,10849000,
2010-08-25,3.125,3.299999952316284,3.125,3.2750000953674316,2.3470475673675537,35890000,
2010-08-26,3.325000047683716,3.424999952316284,3.2750000953674316,3.299999952316284,2.3649632930755615,48221000,
2010-08-27,3.325000047683716,3.325000047683716,3.2750000953674316,3.299999952316284,2.3649632930755615,29491000,
2010-08-30,3.3499999046325684,3.3499999046325684,3.25,3.25,2.3291308879852295,19548000,
2010-08-31,3.2750000953674316,3.3499999046325684,3.25,3.299999952316284,2.3649632930755615,17629000,
2010-09-01,3.325000047683716,3.375,3.299999952316284,3.375,2.418712615966797,28953000,
2010-09-02,3.375,3.575000047683716,3.375,3.5250000953674316,2.5262112617492676,94119000,
2010-09-03,3.575000047683716,3.575000047683716,3.5,3.5,2.5082952976226807,17531000,
2010-09-06,3.5250000953674316,3.5250000953674316,3.325000047683716,3.375,2.418712615966797,40444000,
2010-09-07,3.4000000953674316,3.424999952316284,3.2750000953674316,3.2750000953674316,2.3470475673675537,38961000,
2010-09-08,3.325000047683716,3.325000047683716,3.2750000953674316,3.299999952316284,2.3649632930755615,11516000,
2010-09-09,3.299999952316284,3.299999952316284,3.200000047683716,3.200000047683716,2.2932982444763184,34419000,
2010-09-10,3.25,3.375,3.25,3.375,2.418712615966797,17992000,
2010-09-13,3.5,3.799999952316284,3.5,3.7750000953674316,2.7053749561309814,166057000,
2010-09-14,3.799999952316284,3.9000000953674316,3.700000047683716,3.700000047683716,2.6516261100769043,78822000,
2010-09-15,3.75,3.825000047683716,3.6500000953674316,3.825000047683716,2.7412075996398926,70558000,
2010-09-16,3.8499999046325684,3.9000000953674316,3.7750000953674316,3.799999952316284,2.7232911586761475,46805000,
2010-09-17,3.799999952316284,3.875,3.7750000953674316,3.825000047683716,2.7412075996398926,29506000,
2010-09-20,3.8499999046325684,3.8499999046325684,3.75,3.75,2.6874585151672363,9110000,
2010-09-21,3.7750000953674316,3.9000000953674316,3.7249999046325684,3.9000000953674316,2.794957399368286,31934000,
2010-09-22,3.950000047683716,3.9749999046325684,3.875,3.924999952316284,2.8128738403320312,19774000,
2010-09-23,3.924999952316284,3.924999952316284,3.799999952316284,3.799999952316284,2.7232911586761475,19886000,
2010-09-24,3.8499999046325684,3.875,3.7750000953674316,3.875,2.777040481567383,13854000,
2010-09-27,3.9000000953674316,3.924999952316284,3.875,3.875,2.777040481567383,10980000,
2010-09-28,3.9000000953674316,3.9000000953674316,3.8499999046325684,3.8499999046325684,2.759124517440796,9512000,
2010-09-29,3.8499999046325684,3.924999952316284,3.8499999046325684,3.875,2.777040481567383,24868000,
2010-09-30,3.875,3.950000047683716,3.825000047683716,3.950000047683716,2.8307902812957764,28293000,
2010-10-01,3.9749999046325684,3.9749999046325684,3.875,3.875,2.777040481567383,7253000,
2010-10-04,3.9000000953674316,3.9000000953674316,3.700000047683716,3.7249999046325684,2.669542074203491,22200000,
2010-10-05,3.700000047683716,3.799999952316284,3.674999952316284,3.799999952316284,2.7232911586761475,8023000,
2010-10-06,3.825000047683716,3.825000047683716,3.7249999046325684,3.75,2.6874585151672363,16139000,
2010-10-07,3.7249999046325684,3.75,3.700000047683716,3.7249999046325684,2.669542074203491,13195000,
2010-10-08,3.674999952316284,3.7249999046325684,3.674999952316284,3.700000047683716,2.6516261100769043,7617000,
2010-10-11,3.700000047683716,3.7249999046325684,3.674999952316284,3.700000047683716,2.6516261100769043,12786000,
2010-10-12,3.674999952316284,3.700000047683716,3.625,3.6500000953674316,2.615792751312256,13828000,
2010-10-13,3.700000047683716,3.7249999046325684,3.674999952316284,3.7249999046325684,2.669542074203491,9096000,
2010-10-14,3.7750000953674316,3.799999952316284,3.700000047683716,3.700000047683716,2.6516261100769043,8465000,
2010-10-15,3.75,3.75,3.674999952316284,3.674999952316284,2.6337099075317383,10056000,
2010-10-18,3.674999952316284,3.674999952316284,3.5999999046325684,3.625,2.5978763103485107,9424000,
2010-10-19,3.6500000953674316,3.75,3.625,3.674999952316284,2.6337099075317383,23094000,
2010-10-20,3.674999952316284,3.7249999046325684,3.6500000953674316,3.700000047683716,2.6516261100769043,9104000,
2010-10-21,3.7249999046325684,3.7249999046325684,3.674999952316284,3.674999952316284,2.6337099075317383,17456000,
2010-10-22,3.674999952316284,3.674999952316284,3.575000047683716,3.625,2.5978763103485107,34676000,
2010-10-26,3.674999952316284,3.799999952316284,3.674999952316284,3.7750000953674316,2.7053749561309814,36687000,
2010-10-27,3.8499999046325684,3.924999952316284,3.799999952316284,3.799999952316284,2.7232911586761475,48918000,
2010-10-28,3.825000047683716,3.924999952316284,3.825000047683716,3.9000000953674316,2.794957399368286,29697000,
2010-10-29,3.924999952316284,4.074999809265137,3.924999952316284,4.025000095367432,2.8845393657684326,94584000,
2010-11-01,4.099999904632568,4.150000095367432,4.025000095367432,4.050000190734863,2.9024553298950195,23325000,
2010-11-02,4.050000190734863,4.050000190734863,3.9749999046325684,3.9749999046325684,2.848706007003784,16939000,
2010-11-03,4.025000095367432,4.074999809265137,3.9749999046325684,3.9749999046325684,2.848706007003784,24143000,
2010-11-04,4.0,4.025000095367432,3.825000047683716,3.875,2.777040481567383,45559000,
2010-11-05,3.9000000953674316,3.9000000953674316,3.7249999046325684,3.825000047683716,2.7412075996398926,55617000,
2010-11-08,3.8499999046325684,3.924999952316284,3.8499999046325684,3.9000000953674316,2.794957399368286,11418000,
2010-11-09,3.875,3.950000047683716,3.8499999046325684,3.924999952316284,2.8128738403320312,15559000,
2010-11-10,3.924999952316284,3.9749999046325684,3.9000000953674316,3.9000000953674316,2.794957399368286,31370000,
2010-11-11,3.9000000953674316,4.025000095367432,3.9000000953674316,3.924999952316284,2.8128738403320312,22183000,
2010-11-12,3.9749999046325684,4.050000190734863,3.9000000953674316,3.950000047683716,2.8307902812957764,50265000,
2010-11-15,4.025000095367432,4.025000095367432,3.950000047683716,3.9749999046325684,2.848706007003784,13972000,
2010-11-16,3.950000047683716,4.0,3.825000047683716,3.825000047683716,2.7412075996398926,16298000,
2010-11-17,3.799999952316284,3.825000047683716,3.7249999046325684,3.799999952316284,2.7232911586761475,22216000,
2010-11-18,3.75,3.799999952316284,3.75,3.7750000953674316,2.7053749561309814,8350000,
2010-11-19,3.825000047683716,3.875,3.799999952316284,3.825000047683716,2.7412075996398926,9318000,
2010-11-22,3.8499999046325684,3.8499999046325684,3.799999952316284,3.825000047683716,2.7412075996398926,8282000,
2010-11-23,3.8499999046325684,3.8499999046325684,3.75,3.7750000953674316,2.7053749561309814,13456000,
2010-11-24,3.7750000953674316,3.825000047683716,3.7750000953674316,3.7750000953674316,2.7053749561309814,17152000,
2010-11-25,3.799999952316284,3.799999952316284,3.75,3.7750000953674316,2.7053749561309814,15187000,
2010-11-26,3.7750000953674316,3.799999952316284,3.700000047683716,3.7249999046325684,2.669542074203491,14397000,
2010-11-29,3.7249999046325684,3.799999952316284,3.700000047683716,3.799999952316284,2.7232911586761475,13979000,
2010-11-30,3.7750000953674316,3.825000047683716,3.7750000953674316,3.825000047683716,2.7412075996398926,30818000,
2010-12-01,3.8499999046325684,3.875,3.75,3.7750000953674316,2.7053749561309814,30402000,
2010-12-02,3.75,3.799999952316284,3.75,3.75,2.6874585151672363,18896000,
2010-12-03,3.7750000953674316,3.8499999046325684,3.7750000953674316,3.8499999046325684,2.759124517440796,48516000,
2010-12-07,3.9000000953674316,3.924999952316284,3.875,3.875,2.777040481567383,55696000,
2010-12-08,3.875,3.875,3.7750000953674316,3.7750000953674316,2.7053749561309814,47012000,
2010-12-09,3.7750000953674316,3.825000047683716,3.7750000953674316,3.825000047683716,2.7412075996398926,13516000,
2010-12-13,3.8499999046325684,3.8499999046325684,3.799999952316284,3.825000047683716,2.7412075996398926,19498000,
2010-12-14,3.9000000953674316,3.924999952316284,3.8499999046325684,3.924999952316284,2.8128738403320312,93266000,
2010-12-15,4.400000095367432,4.699999809265137,4.275000095367432,4.550000190734863,3.2607834339141846,310689000,
2010-12-16,4.625,4.875,4.599999904632568,4.675000190734863,3.35036563873291,270316000,
2010-12-17,4.800000190734863,4.800000190734863,4.650000095367432,4.650000095367432,3.332448720932007,75461000,
2010-12-20,4.650000095367432,4.699999809265137,4.5,4.599999904632568,3.296616554260254,54276000,
2010-12-21,4.625,4.800000190734863,4.525000095367432,4.800000190734863,3.4399473667144775,111476000,
2010-12-22,4.775000095367432,4.849999904632568,4.699999809265137,4.775000095367432,3.4220314025878906,62143000,
2010-12-23,4.75,4.800000190734863,4.650000095367432,4.650000095367432,3.332448720932007,62512000,
2010-12-24,4.599999904632568,4.675000190734863,4.599999904632568,4.675000190734863,3.4090158939361572,9930000,0.08
2010-12-27,4.675000190734863,4.724999904632568,4.650000095367432,4.650000095367432,3.390784502029419,21713000,
2010-12-28,4.650000095367432,4.675000190734863,4.599999904632568,4.599999904632568,3.354325532913208,11675000,
2010-12-29,4.625,4.75,4.625,4.724999904632568,3.445474624633789,51220000,
2010-12-30,4.724999904632568,4.724999904632568,4.650000095367432,4.650000095367432,3.390784502029419,17485000,
2011-01-04,4.675000190734863,4.75,4.574999809265137,4.574999809265137,3.3360941410064697,48930000,
2011-01-05,4.574999809265137,4.650000095367432,4.574999809265137,4.650000095367432,3.390784502029419,35194000,
2011-01-06,4.650000095367432,4.775000095367432,4.650000095367432,4.775000095367432,3.4819352626800537,84271000,
2011-01-07,4.775000095367432,5.050000190734863,4.699999809265137,5.0,3.6460044384002686,206302000,
2011-01-10,4.974999904632568,5.349999904632568,4.925000190734863,5.300000190734863,3.8647654056549072,208660000,
2011-01-11,5.224999904632568,5.275000095367432,5.125,5.175000190734863,3.7736153602600098,58336000,
2011-01-12,5.175000190734863,5.375,5.150000095367432,5.224999904632568,3.8100745677948,97660000,
2011-01-13,5.25,5.275000095367432,5.175000190734863,5.199999809265137,3.7918453216552734,35756000,
2011-01-14,5.175000190734863,5.25,5.150000095367432,5.224999904632568,3.8100745677948,24489000,
2011-01-17,5.224999904632568,5.25,5.074999809265137,5.099999904632568,3.7189245223999023,26338000,
2011-01-18,5.099999904632568,5.125,4.949999809265137,5.0,3.6460044384002686,20826000,
2011-01-19,5.0,5.125,5.0,5.125,3.7371559143066406,27437000,
2011-01-20,5.099999904632568,5.150000095367432,5.050000190734863,5.074999809265137,3.700695037841797,25535000,
2011-01-21,5.050000190734863,5.175000190734863,5.0,5.099999904632568,3.7189245223999023,23736000,
2011-01-24,5.025000095367432,5.074999809265137,4.75,4.800000190734863,3.50016450881958,79523000,
2011-01-25,4.875,4.875,4.650000095367432,4.775000095367432,3.4819352626800537,48640000,
2011-01-26,4.824999809265137,5.025000095367432,4.800000190734863,5.0,3.6460044384002686,46208000,
2011-01-27,5.0,5.050000190734863,4.925000190734863,4.925000190734863,3.5913145542144775,24512000,
2011-01-28,4.925000190734863,4.925000190734863,4.849999904632568,4.925000190734863,3.5913145542144775,9056000,
2011-01-31,4.849999904632568,4.875,4.800000190734863,4.800000190734863,3.50016450881958,13973000,
2011-02-01,4.849999904632568,4.849999904632568,4.699999809265137,4.724999904632568,3.445474624633789,9931000,
2011-02-02,4.75,4.849999904632568,4.75,4.824999809265137,3.5183944702148438,11782000,
2011-02-03,4.800000190734863,4.824999809265137,4.75,4.824999809265137,3.5183944702148438,16076000,
2011-02-04,4.824999809265137,5.025000095367432,4.800000190734863,4.925000190734863,3.5913145542144775,48392000,
2011-02-07,4.875,5.025000095367432,4.875,4.974999904632568,3.627774715423584,58583000,
2011-02-08,5.0,5.025000095367432,4.925000190734863,4.925000190734863,3.5913145542144775,17381000,
2011-02-09,4.925000190734863,5.025000095367432,4.900000095367432,4.974999904632568,3.627774715423584,26686000,
2011-02-10,4.949999809265137,4.974999904632568,4.875,4.949999809265137,3.6095454692840576,20535000,
2011-02-11,4.900000095367432,5.125,4.875,5.099999904632568,3.7189245223999023,43308000,
2011-02-14,5.150000095367432,5.324999809265137,5.099999904632568,5.275000095367432,3.8465352058410645,84224000,
2011-02-15,5.275000095367432,5.324999809265137,5.199999809265137,5.275000095367432,3.8465352058410645,18070000,
2011-02-16,5.275000095367432,5.425000190734863,5.275000095367432,5.324999809265137,3.882995367050171,38017000,
2011-02-17,5.375,5.5,5.349999904632568,5.474999904632568,3.9923765659332275,60485000,
2011-02-18,5.474999904632568,5.474999904632568,5.474999904632568,5.474999904632568,3.9923765659332275,0,
2011-02-21,5.474999904632568,5.474999904632568,5.25,5.324999809265137,3.882995367050171,37796000,
2011-02-22,5.275000095367432,5.375,5.224999904632568,5.349999904632568,3.9012250900268555,21702000,
2011-02-23,5.324999809265137,5.349999904632568,5.150000095367432,5.25,3.828306198120117,26889000,
2011-02-24,5.199999809265137,5.199999809265137,5.025000095367432,5.025000095367432,3.664235830307007,25341000,
2011-02-25,5.074999809265137,5.125,5.050000190734863,5.074999809265137,3.700695037841797,32637000,
2011-02-28,5.025000095367432,5.125,4.925000190734863,4.925000190734863,3.5913145542144775,46824000,
2011-03-01,4.925000190734863,5.025000095367432,4.824999809265137,4.875,3.55485463142395,46846000,
2011-03-02,4.849999904632568,5.025000095367432,4.849999904632568,4.974999904632568,3.627774715423584,39180000,
2011-03-03,5.0,5.025000095367432,4.974999904632568,4.974999904632568,3.627774715423584,11951000,
2011-03-04,5.025000095367432,5.050000190734863,4.974999904632568,4.974999904632568,3.627774715423584,23872000,
2011-03-07,5.0,5.099999904632568,4.974999904632568,5.099999904632568,3.7189245223999023,20793000,
2011-03-08,5.099999904632568,5.199999809265137,5.074999809265137,5.175000190734863,3.7736153602600098,37660000,
2011-03-09,5.199999809265137,5.199999809265137,5.125,5.150000095367432,3.755385398864746,11018000,
2011-03-10,5.150000095367432,5.300000190734863,5.150000095367432,5.224999904632568,3.8100745677948,27001000,
2011-03-11,5.175000190734863,5.175000190734863,5.099999904632568,5.099999904632568,3.7189245223999023,17038000,
2011-03-14,5.074999809265137,5.150000095367432,5.074999809265137,5.125,3.7371559143066406,7542000,
2011-03-15,5.050000190734863,5.099999904632568,5.0,5.0,3.6460044384002686,25640000,
2011-03-16,5.0,5.074999809265137,4.974999904632568,5.025000095367432,3.664235830307007,9122000,
2011-03-17,5.025000095367432,5.050000190734863,4.974999904632568,4.974999904632568,3.627774715423584,7165000,
2011-03-21,5.074999809265137,5.199999809265137,5.050000190734863,5.150000095367432,3.755385398864746,22800000,
2011-03-22,5.150000095367432,5.25,5.099999904632568,5.099999904632568,3.7189245223999023,23349000,
2011-03-23,5.150000095367432,5.150000095367432,5.099999904632568,5.125,3.7371559143066406,5946000,
2011-03-24,5.125,5.199999809265137,5.125,5.175000190734863,3.7736153602600098,15768000,
2011-03-25,5.224999904632568,5.224999904632568,5.050000190734863,5.050000190734863,3.6824655532836914,26177000,
2011-03-28,5.074999809265137,5.099999904632568,5.050000190734863,5.099999904632568,3.7189245223999023,15419000,
2011-03-29,5.099999904632568,5.150000095367432,5.099999904632568,5.150000095367432,3.755385398864746,15559000,
2011-03-30,5.175000190734863,5.175000190734863,5.125,5.150000095367432,3.755385398864746,16873000,
2011-03-31,5.175000190734863,5.175000190734863,5.099999904632568,5.175000190734863,3.7736153602600098,29483000,
2011-04-01,5.175000190734863,5.224999904632568,5.125,5.175000190734863,3.7736153602600098,20834000,
2011-04-04,5.224999904632568,5.224999904632568,5.150000095367432,5.175000190734863,3.7736153602600098,12882000,
2011-04-05,5.175000190734863,5.175000190734863,5.099999904632568,5.099999904632568,3.7189245223999023,9272000,
2011-04-07,5.125,5.125,4.974999904632568,5.0,3.6460044384002686,37079000,
2011-04-08,5.0,5.050000190734863,5.0,5.050000190734863,3.6824655532836914,19302000,
2011-04-11,5.025000095367432,5.050000190734863,5.025000095367432,5.025000095367432,3.664235830307007,11356000,
2011-04-12,5.025000095367432,5.099999904632568,5.0,5.074999809265137,3.700695037841797,16146000,
2011-04-18,5.074999809265137,5.099999904632568,5.0,5.025000095367432,3.664235830307007,28866000,
2011-04-19,5.0,5.074999809265137,5.0,5.074999809265137,3.700695037841797,51136000,
2011-04-20,5.074999809265137,5.074999809265137,5.0,5.025000095367432,3.664235830307007,43460000,
2011-04-21,5.025000095367432,5.050000190734863,5.0,5.025000095367432,3.664235830307007,44735000,
2011-04-22,5.025000095367432,5.199999809265137,5.025000095367432,5.150000095367432,3.755385398864746,52442000,
2011-04-25,5.199999809265137,5.199999809265137,5.099999904632568,5.125,3.7371559143066406,8934000,
2011-04-26,5.099999904632568,5.150000095367432,5.074999809265137,5.074999809265137,3.700695037841797,11028000,
2011-04-27,5.125,5.224999904632568,5.125,5.199999809265137,3.7918453216552734,56960000,
2011-04-28,5.224999904632568,5.275000095367432,5.150000095367432,5.150000095367432,3.755385398864746,72015000,
2011-04-29,5.150000095367432,5.224999904632568,5.150000095367432,5.224999904632568,3.8100745677948,41707000,
2011-05-03,5.224999904632568,5.224999904632568,5.175000190734863,5.199999809265137,3.7918453216552734,27577000,
2011-05-04,5.175000190734863,5.199999809265137,5.175000190734863,5.199999809265137,3.7918453216552734,16192000,
2011-05-06,5.175000190734863,5.25,5.175000190734863,5.25,3.828306198120117,36138000,
2011-05-09,5.25,5.25,5.175000190734863,5.175000190734863,3.7736153602600098,24439000,
2011-05-10,5.199999809265137,5.199999809265137,5.150000095367432,5.175000190734863,3.7736153602600098,20372000,
2011-05-11,5.175000190734863,5.25,5.150000095367432,5.224999904632568,3.8100745677948,18754000,
2011-05-12,5.224999904632568,5.474999904632568,5.224999904632568,5.349999904632568,3.9012250900268555,105094000,
2011-05-13,5.375,5.400000095367432,5.275000095367432,5.349999904632568,3.9012250900268555,41534000,
2011-05-18,5.324999809265137,5.425000190734863,5.300000190734863,5.324999809265137,3.882995367050171,47606000,
2011-05-19,5.349999904632568,5.349999904632568,5.300000190734863,5.300000190734863,3.8647654056549072,17477000,
2011-05-20,5.300000190734863,5.324999809265137,5.300000190734863,5.324999809265137,3.882995367050171,3105000,
2011-05-23,5.275000095367432,5.324999809265137,5.25,5.275000095367432,3.8465352058410645,19019000,
2011-05-24,5.275000095367432,5.324999809265137,5.275000095367432,5.300000190734863,3.8647654056549072,16414000,
2011-05-25,5.300000190734863,5.324999809265137,5.275000095367432,5.324999809265137,3.882995367050171,7534000,
2011-05-26,5.375,5.375,5.300000190734863,5.324999809265137,3.882995367050171,10133000,
2011-05-27,5.300000190734863,5.300000190734863,5.25,5.275000095367432,3.8465352058410645,39470000,
2011-05-30,5.25,5.300000190734863,5.25,5.275000095367432,3.8465352058410645,15739000,
2011-05-31,5.199999809265137,5.300000190734863,5.199999809265137,5.275000095367432,3.8465352058410645,32669000,
2011-06-01,5.275000095367432,5.300000190734863,5.25,5.300000190734863,3.8647654056549072,15502000,
2011-06-02,5.275000095367432,5.300000190734863,5.275000095367432,5.300000190734863,3.8647654056549072,18525000,
2011-06-03,5.275000095367432,5.300000190734863,5.275000095367432,5.300000190734863,3.8647654056549072,8441000,
2011-06-06,5.25,5.275000095367432,5.224999904632568,5.275000095367432,3.8465352058410645,19288000,
2011-06-07,5.275000095367432,5.275000095367432,5.224999904632568,5.224999904632568,3.8100745677948,18938000,
2011-06-08,5.224999904632568,5.224999904632568,5.150000095367432,5.150000095367432,3.755385398864746,34616000,
2011-06-09,5.099999904632568,5.125,5.0,5.074999809265137,3.700695037841797,33064000,
2011-06-10,5.050000190734863,5.125,5.050000190734863,5.125,3.7371559143066406,19913000,
2011-06-13,5.050000190734863,5.125,5.025000095367432,5.099999904632568,3.7189245223999023,17740000,
2011-06-14,5.099999904632568,5.099999904632568,5.074999809265137,5.099999904632568,3.7189245223999023,4930000,
2011-06-15,5.074999809265137,5.099999904632568,5.074999809265137,5.074999809265137,3.700695037841797,8070000,
2011-06-16,5.050000190734863,5.074999809265137,5.050000190734863,5.050000190734863,3.6824655532836914,7678000,
2011-06-17,5.050000190734863,5.099999904632568,5.050000190734863,5.099999904632568,3.7189245223999023,9787000,
2011-06-20,5.099999904632568,5.099999904632568,5.074999809265137,5.074999809265137,3.700695037841797,2028000,
2011-06-21,5.074999809265137,5.099999904632568,5.050000190734863,5.074999809265137,3.700695037841797,4017000,
2011-06-22,5.074999809265137,5.150000095367432,5.050000190734863,5.125,3.7371559143066406,9927000,
2011-06-23,5.125,5.125,5.099999904632568,5.099999904632568,3.7189245223999023,5499000,
2011-06-24,5.099999904632568,5.150000095367432,5.074999809265137,5.150000095367432,3.755385398864746,4731000,
2011-06-27,5.150000095367432,5.150000095367432,5.099999904632568,5.099999904632568,3.7189245223999023,3361000,
2011-06-28,5.125,5.175000190734863,5.125,5.175000190734863,3.7736153602600098,8238000,
2011-06-29,5.175000190734863,5.199999809265137,5.150000095367432,5.199999809265137,3.7918453216552734,11262000,
2011-06-30,5.199999809265137,5.300000190734863,5.199999809265137,5.275000095367432,3.8465352058410645,17539000,
2011-07-04,5.300000190734863,5.400000095367432,5.300000190734863,5.349999904632568,3.9012250900268555,43442000,
2011-07-05,5.375,5.400000095367432,5.324999809265137,5.349999904632568,3.9012250900268555,21729000,
2011-07-06,5.324999809265137,5.349999904632568,5.300000190734863,5.324999809265137,3.882995367050171,7768000,
2011-07-07,5.324999809265137,5.375,5.324999809265137,5.375,3.9194552898406982,11671000,
2011-07-08,5.400000095367432,5.474999904632568,5.375,5.449999809265137,3.9741461277008057,35008000,
2011-07-11,5.474999904632568,5.474999904632568,5.349999904632568,5.375,3.9194552898406982,8790000,
2011-07-12,5.324999809265137,5.400000095367432,5.324999809265137,5.349999904632568,3.9012250900268555,11711000,
2011-07-13,5.400000095367432,5.5,5.349999904632568,5.400000095367432,3.9376847743988037,32445000,
2011-07-14,5.425000190734863,5.449999809265137,5.349999904632568,5.349999904632568,3.9012250900268555,10229000,
2011-07-18,5.349999904632568,5.400000095367432,5.324999809265137,5.375,3.9194552898406982,18074000,
2011-07-19,5.349999904632568,5.425000190734863,5.349999904632568,5.425000190734863,3.9559168815612793,8682000,
2011-07-20,5.425000190734863,5.449999809265137,5.400000095367432,5.425000190734863,3.9559168815612793,7015000,
2011-07-21,5.425000190734863,5.650000095367432,5.425000190734863,5.625,4.101756572723389,53872000,
2011-07-22,5.675000190734863,5.800000190734863,5.650000095367432,5.75,4.192905902862549,35470000,
2011-07-25,5.800000190734863,5.949999809265137,5.800000190734863,5.925000190734863,4.320516586303711,36569000,
2011-07-26,5.900000095367432,5.925000190734863,5.775000095367432,5.775000095367432,4.211134910583496,23991000,
2011-07-27,5.800000190734863,5.900000095367432,5.800000190734863,5.849999904632568,4.265825271606445,24840000,
2011-07-28,5.824999809265137,5.875,5.775000095367432,5.800000190734863,4.229366302490234,15917000,
2011-07-29,5.775000095367432,5.824999809265137,5.775000095367432,5.775000095367432,4.211134910583496,16481000,
2011-08-01,5.849999904632568,6.099999904632568,5.849999904632568,6.025000095367432,4.393436908721924,49566000,
2011-08-02,6.025000095367432,6.150000095367432,5.949999809265137,6.150000095367432,4.484586238861084,36933000,
2011-08-03,6.125,6.150000095367432,6.050000190734863,6.125,4.46635627746582,31170000,
2011-08-04,6.125,6.199999809265137,6.050000190734863,6.099999904632568,4.44812536239624,19974000,
2011-08-05,5.925000190734863,6.074999809265137,5.824999809265137,6.074999809265137,4.429897308349609,40614000,
2011-08-08,5.949999809265137,6.025000095367432,5.849999904632568,5.900000095367432,4.302286148071289,32908000,
2011-08-09,5.75,5.974999904632568,5.724999904632568,5.925000190734863,4.320516586303711,44465000,
2011-08-10,5.974999904632568,6.125,5.900000095367432,6.125,4.46635627746582,33169000,
2011-08-11,6.050000190734863,6.175000190734863,6.0,6.074999809265137,4.429897308349609,34121000,
2011-08-15,6.125,6.300000190734863,6.074999809265137,6.300000190734863,4.593966484069824,33479000,
2011-08-16,6.300000190734863,6.5,6.224999904632568,6.474999904632568,4.7215752601623535,41019000,
2011-08-17,6.474999904632568,6.574999809265137,6.349999904632568,6.375,4.64865779876709,41668000,
2011-08-18,6.400000095367432,6.400000095367432,6.324999809265137,6.375,4.64865779876709,14012000,
2011-08-19,6.324999809265137,6.349999904632568,6.25,6.349999904632568,4.630425930023193,21667000,
2011-08-22,6.375,6.550000190734863,6.324999809265137,6.525000095367432,4.7580366134643555,60203000,
2011-08-23,6.525000095367432,6.525000095367432,6.474999904632568,6.5,4.739807605743408,18903000,
2011-08-24,6.400000095367432,6.5,6.324999809265137,6.5,4.739807605743408,32476000,
2011-08-25,6.5,6.525000095367432,6.449999809265137,6.449999809265137,4.703347206115723,22487000,
2011-08-26,6.349999904632568,6.400000095367432,6.199999809265137,6.300000190734863,4.593966484069824,36383000,
2011-08-29,6.25,6.400000095367432,6.25,6.25,4.557506084442139,15399000,
2011-08-30,6.300000190734863,6.349999904632568,6.125,6.125,4.46635627746582,13940000,
2011-08-31,6.150000095367432,6.324999809265137,6.150000095367432,6.300000190734863,4.593966484069824,16003000,
2011-09-01,6.324999809265137,6.5,6.275000095367432,6.375,4.64865779876709,30417000,
2011-09-02,6.474999904632568,6.474999904632568,6.400000095367432,6.400000095367432,4.666887283325195,14803000,
2011-09-05,6.400000095367432,6.425000190734863,6.324999809265137,6.400000095367432,4.666887283325195,8350000,
2011-09-06,6.349999904632568,6.474999904632568,6.349999904632568,6.474999904632568,4.7215752601623535,14387000,
2011-09-07,6.5,6.599999904632568,6.474999904632568,6.550000190734863,4.776266574859619,35406000,
2011-09-08,6.574999809265137,6.599999904632568,6.5,6.599999904632568,4.812726974487305,19884000,
2011-09-09,6.574999809265137,6.699999809265137,6.574999809265137,6.650000095367432,4.84918737411499,17144000,
2011-09-12,6.550000190734863,6.625,6.449999809265137,6.5,4.739807605743408,14263000,
2011-09-13,6.474999904632568,6.574999809265137,6.474999904632568,6.550000190734863,4.776266574859619,15490000,
2011-09-14,6.5,6.599999904632568,6.474999904632568,6.574999809265137,4.794497013092041,33825000,
2011-09-15,6.650000095367432,6.650000095367432,6.525000095367432,6.650000095367432,4.84918737411499,13587000,
2011-09-16,6.599999904632568,6.675000190734863,6.599999904632568,6.675000190734863,4.867417812347412,14094000,
2011-09-19,6.625,6.699999809265137,6.599999904632568,6.650000095367432,4.84918737411499,13651000,
2011-09-20,6.675000190734863,6.800000190734863,6.599999904632568,6.800000190734863,4.958566188812256,33410000,
2011-09-21,6.800000190734863,6.900000095367432,6.775000095367432,6.849999904632568,4.995027542114258,25897000,
2011-09-22,6.775000095367432,6.875,6.775000095367432,6.824999809265137,4.976797103881836,38448000,
2011-09-23,6.724999904632568,6.775000095367432,6.324999809265137,6.5,4.739807605743408,129199000,
2011-09-26,6.375,6.375,5.699999809265137,5.949999809265137,4.338746070861816,48627000,
2011-09-27,6.199999809265137,6.300000190734863,5.974999904632568,6.300000190734863,4.593966484069824,23802000,
2011-09-28,6.275000095367432,6.425000190734863,6.224999904632568,6.375,4.64865779876709,11803000,
2011-09-29,6.324999809265137,6.425000190734863,6.324999809265137,6.400000095367432,4.666887283325195,9147000,
2011-09-30,6.375,6.449999809265137,6.375,6.400000095367432,4.666887283325195,19367000,
2011-10-03,6.324999809265137,6.349999904632568,6.025000095367432,6.125,4.46635627746582,32528000,
2011-10-04,6.125,6.275000095367432,6.0,6.099999904632568,4.44812536239624,24761000,
2011-10-05,6.099999904632568,6.199999809265137,6.099999904632568,6.125,4.46635627746582,10615000,
2011-10-06,6.224999904632568,6.449999809265137,6.199999809265137,6.425000190734863,4.685116767883301,17191000,
2011-10-07,6.5,6.5,6.349999904632568,6.349999904632568,4.630425930023193,8819000,
2011-10-10,6.25,6.525000095367432,6.25,6.5,4.739807605743408,16279000,
2011-10-11,6.474999904632568,6.525000095367432,6.400000095367432,6.5,4.739807605743408,10112000,
2011-10-12,6.5,6.599999904632568,6.425000190734863,6.599999904632568,4.812726974487305,25085000,
2011-10-13,6.525000095367432,6.574999809265137,6.400000095367432,6.525000095367432,4.7580366134643555,14331000,
2011-10-14,6.474999904632568,6.525000095367432,6.474999904632568,6.5,4.739807605743408,9530000,
2011-10-17,6.525000095367432,6.625,6.525000095367432,6.625,4.83095645904541,9313000,
2011-10-18,6.449999809265137,6.599999904632568,6.425000190734863,6.599999904632568,4.812726974487305,19832000,
2011-10-19,6.599999904632568,6.599999904632568,6.474999904632568,6.5,4.739807605743408,7340000,
2011-10-20,6.425000190734863,6.550000190734863,6.400000095367432,6.474999904632568,4.7215752601623535,8796000,
2011-10-21,6.449999809265137,6.5,6.449999809265137,6.474999904632568,4.7215752601623535,4818000,
2011-10-25,6.474999904632568,6.550000190734863,6.400000095367432,6.474999904632568,4.7215752601623535,17987000,
2011-10-26,6.449999809265137,6.525000095367432,6.449999809265137,6.5,4.739807605743408,7039000,
2011-10-27,6.5,6.824999809265137,6.474999904632568,6.775000095367432,4.940337657928467,13225000,
2011-10-28,6.900000095367432,6.900000095367432,6.675000190734863,6.675000190734863,4.867417812347412,8283000,
2011-10-31,6.699999809265137,6.849999904632568,6.625,6.75,4.922107696533203,7022000,
2011-11-01,6.75,6.949999809265137,6.724999904632568,6.724999904632568,4.903876304626465,20183000,
2011-11-02,6.699999809265137,6.824999809265137,6.675000190734863,6.724999904632568,4.903876304626465,10828000,
2011-11-03,6.650000095367432,6.75,6.650000095367432,6.724999904632568,4.903876304626465,7303000,
2011-11-04,6.75,6.875,6.75,6.824999809265137,4.976797103881836,5509000,
2011-11-07,6.900000095367432,6.900000095367432,6.724999904632568,6.724999904632568,4.903876304626465,5948000,
2011-11-08,6.724999904632568,6.824999809265137,6.724999904632568,6.824999809265137,4.976797103881836,8862000,
2011-11-09,6.849999904632568,6.849999904632568,6.75,6.75,4.922107696533203,4394000,
2011-11-10,6.724999904632568,6.75,6.675000190734863,6.675000190734863,4.867417812347412,9439000,
2011-11-11,6.650000095367432,6.775000095367432,6.650000095367432,6.724999904632568,4.903876304626465,6386000,
2011-11-14,6.800000190734863,6.900000095367432,6.775000095367432,6.849999904632568,4.995027542114258,19424000,
2011-11-15,6.900000095367432,6.900000095367432,6.824999809265137,6.824999809265137,4.976797103881836,5798000,
2011-11-16,6.775000095367432,6.900000095367432,6.775000095367432,6.824999809265137,4.976797103881836,10160000,
2011-11-17,6.800000190734863,7.099999904632568,6.800000190734863,7.050000190734863,5.140867710113525,31816000,
2011-11-18,6.974999904632568,7.025000095367432,6.900000095367432,6.974999904632568,5.086177349090576,18724000,
2011-11-21,6.875,6.974999904632568,6.849999904632568,6.900000095367432,5.031487464904785,20399000,
2011-11-22,6.900000095367432,7.125,6.900000095367432,7.099999904632568,5.1773271560668945,22123000,
2011-11-23,7.074999809265137,7.375,7.074999809265137,7.375,5.377857208251953,29703000,
2011-11-24,7.375,7.5,7.324999809265137,7.349999904632568,5.359627723693848,9780000,
2011-11-25,7.375,7.425000190734863,7.275000095367432,7.349999904632568,5.359627723693848,8668000,
2011-11-28,7.400000095367432,7.400000095367432,7.275000095367432,7.375,5.377857208251953,5259000,
2011-11-29,7.400000095367432,7.550000190734863,7.400000095367432,7.525000095367432,5.48723840713501,13550000,
2011-11-30,7.574999809265137,7.650000095367432,7.5,7.5,5.469008445739746,20008000,
2011-12-01,7.775000095367432,7.775000095367432,7.650000095367432,7.699999809265137,5.6148481369018555,21067000,
2011-12-02,7.75,7.900000095367432,7.75,7.900000095367432,5.760688781738281,14167000,
2011-12-06,7.824999809265137,7.849999904632568,7.775000095367432,7.775000095367432,5.669538974761963,16538000,
2011-12-07,7.824999809265137,8.0,7.775000095367432,7.949999809265137,5.797147274017334,18658000,
2011-12-08,7.949999809265137,8.0,7.925000190734863,7.974999904632568,5.815378665924072,10827000,
2011-12-09,7.925000190734863,8.100000381469727,7.925000190734863,8.050000190734863,5.870069980621338,12465000,
2011-12-13,8.0,8.100000381469727,7.900000095367432,7.900000095367432,5.760688781738281,9253000,
2011-12-14,7.875,7.925000190734863,7.800000190734863,7.849999904632568,5.724228858947754,12544000,
2011-12-15,7.775000095367432,7.974999904632568,7.775000095367432,7.974999904632568,5.815378665924072,21899000,
2011-12-16,7.900000095367432,8.050000190734863,7.875,8.0,5.8336100578308105,19985000,
2011-12-19,7.949999809265137,8.175000190734863,7.949999809265137,8.100000381469727,5.906528949737549,27368000,
2011-12-20,8.175000190734863,8.199999809265137,8.100000381469727,8.125,5.9247589111328125,41729000,
2011-12-21,8.199999809265137,8.199999809265137,7.974999904632568,7.974999904632568,5.815378665924072,27092000,
2011-12-22,7.974999904632568,8.274999618530273,7.974999904632568,8.199999809265137,5.979447841644287,19086000,
2011-12-23,8.25,8.324999809265137,8.100000381469727,8.199999809265137,5.979447841644287,11391000,
2011-12-26,8.199999809265137,8.199999809265137,8.100000381469727,8.149999618530273,5.942988872528076,1088000,
2011-12-27,8.149999618530273,8.175000190734863,8.074999809265137,8.074999809265137,5.888298034667969,5446000,
2011-12-28,8.074999809265137,8.175000190734863,8.074999809265137,8.100000381469727,5.906528949737549,7387000,
2011-12-29,8.050000190734863,8.175000190734863,8.050000190734863,8.074999809265137,5.888298034667969,7967000,
2011-12-30,8.074999809265137,8.199999809265137,8.074999809265137,8.199999809265137,5.979447841644287,5594000,
2012-01-04,8.175000190734863,8.399999618530273,8.125,8.25,6.015908241271973,17545000,
2012-01-05,8.225000381469727,8.324999809265137,8.175000190734863,8.199999809265137,5.979447841644287,9200000,
2012-01-06,8.175000190734863,8.225000381469727,8.175000190734863,8.199999809265137,5.979447841644287,7414000,
2012-01-09,8.175000190734863,8.225000381469727,8.149999618530273,8.149999618530273,5.942988872528076,8144000,
2012-01-10,8.175000190734863,8.274999618530273,8.175000190734863,8.175000190734863,5.961217880249023,15969000,
2012-01-11,8.175000190734863,8.25,8.149999618530273,8.199999809265137,5.979447841644287,21651000,
2012-01-12,8.175000190734863,8.199999809265137,8.175000190734863,8.199999809265137,5.979447841644287,9459000,
2012-01-13,8.175000190734863,8.199999809265137,8.074999809265137,8.100000381469727,5.906528949737549,23629000,
2012-01-16,8.050000190734863,8.050000190734863,7.974999904632568,8.0,5.8336100578308105,9688000,
2012-01-17,8.0,8.024999618530273,7.800000190734863,7.824999809265137,5.705998420715332,34524000,
2012-01-18,7.800000190734863,7.824999809265137,7.425000190734863,7.550000190734863,5.505468368530273,64685000,
2012-01-19,7.625,7.775000095367432,7.400000095367432,7.474999904632568,5.450777530670166,32394000,
2012-01-20,7.474999904632568,7.550000190734863,7.474999904632568,7.5,5.469008445739746,22648000,
2012-01-23,7.5,7.650000095367432,7.5,7.625,5.560158729553223,12301000,
2012-01-24,7.625,7.724999904632568,7.625,7.625,5.560158729553223,15413000,
2012-01-25,7.675000190734863,7.675000190734863,7.574999809265137,7.599999904632568,5.541927337646484,9019000,
2012-01-26,7.599999904632568,7.800000190734863,7.599999904632568,7.800000190734863,5.68776798248291,15649000,
2012-01-27,7.800000190734863,7.824999809265137,7.724999904632568,7.800000190734863,5.68776798248291,12613000,
2012-01-30,7.800000190734863,7.824999809265137,7.699999809265137,7.75,5.651307106018066,26019000,
2012-01-31,7.800000190734863,7.800000190734863,7.650000095367432,7.675000190734863,5.596617221832275,26459000,
2012-02-01,7.599999904632568,7.625,7.525000095367432,7.574999809265137,5.523697853088379,44891000,
2012-02-02,7.599999904632568,7.625,7.5,7.5,5.469008445739746,25224000,
2012-02-03,7.5,7.625,7.474999904632568,7.525000095367432,5.48723840713501,27562000,
2012-02-06,7.550000190734863,7.599999904632568,7.449999809265137,7.474999904632568,5.450777530670166,14291000,
2012-02-07,7.425000190734863,7.550000190734863,7.425000190734863,7.449999809265137,5.432548999786377,25493000,
2012-02-08,7.449999809265137,7.5,7.300000190734863,7.300000190734863,5.32316780090332,35744000,
2012-02-09,7.300000190734863,7.300000190734863,7.025000095367432,7.125,5.195558071136475,71345000,
2012-02-10,7.074999809265137,7.199999809265137,7.050000190734863,7.150000095367432,5.213788032531738,41512000,
2012-02-13,7.199999809265137,7.25,7.074999809265137,7.125,5.195558071136475,42516000,
2012-02-14,7.150000095367432,7.199999809265137,7.074999809265137,7.099999904632568,5.1773271560668945,24507000,
2012-02-15,7.150000095367432,7.300000190734863,7.125,7.275000095367432,5.304937362670898,33973000,
2012-02-16,7.25,7.275000095367432,7.125,7.175000190734863,5.2320170402526855,21035000,
2012-02-17,7.25,7.275000095367432,7.175000190734863,7.199999809265137,5.250247478485107,17825000,
2012-02-20,7.199999809265137,7.25,7.175000190734863,7.199999809265137,5.250247478485107,14809000,
2012-02-21,7.224999904632568,7.300000190734863,7.199999809265137,7.300000190734863,5.32316780090332,11325000,
2012-02-22,7.349999904632568,7.474999904632568,7.324999809265137,7.349999904632568,5.359627723693848,33695000,
2012-02-23,7.349999904632568,7.400000095367432,7.300000190734863,7.349999904632568,5.359627723693848,15220000,
2012-02-24,7.375,7.425000190734863,7.375,7.375,5.377857208251953,14367000,
2012-02-27,7.400000095367432,7.449999809265137,7.375,7.449999809265137,5.432548999786377,15609000,
2012-02-28,7.474999904632568,7.574999809265137,7.449999809265137,7.574999809265137,5.523697853088379,25061000,
2012-02-29,7.599999904632568,7.675000190734863,7.5,7.525000095367432,5.48723840713501,25801000,
2012-03-01,7.650000095367432,7.650000095367432,7.550000190734863,7.599999904632568,5.541927337646484,18255000,
2012-03-02,7.574999809265137,7.599999904632568,7.550000190734863,7.550000190734863,5.505468368530273,17463000,
2012-03-05,7.550000190734863,7.599999904632568,7.5,7.574999809265137,5.523697853088379,20023000,
2012-03-06,7.525000095367432,7.574999809265137,7.525000095367432,7.525000095367432,5.48723840713501,13467000,
2012-03-08,7.574999809265137,7.875,7.574999809265137,7.875,5.742457389831543,42854000,
2012-03-09,7.949999809265137,8.324999809265137,7.925000190734863,8.25,6.015908241271973,95636000,
2012-03-12,8.274999618530273,8.350000381469727,8.125,8.225000381469727,5.997678279876709,27734000,
2012-03-13,8.225000381469727,8.25,8.149999618530273,8.199999809265137,5.979447841644287,64254810,
2012-03-14,8.274999618530273,8.375,7.949999809265137,8.300000190734863,6.052368640899658,50594000,
2012-03-15,8.300000190734863,8.550000190734863,8.300000190734863,8.524999618530273,6.216438293457031,51721000,
2012-03-16,8.625,8.899999618530273,8.550000190734863,8.899999618530273,6.489887714385986,49867000,
2012-03-19,8.899999618530273,8.899999618530273,8.75,8.774999618530273,6.39873743057251,24525000,
2012-03-20,8.800000190734863,9.0,8.774999618530273,8.800000190734863,6.416968822479248,23456000,
2012-03-21,8.824999809265137,9.0,8.824999809265137,8.975000381469727,6.544579982757568,14527000,
2012-03-22,8.949999809265137,9.274999618530273,8.949999809265137,9.050000190734863,6.599268913269043,36477000,
2012-03-23,9.199999809265137,9.350000381469727,9.149999618530273,9.175000190734863,6.6904191970825195,32639000,
2012-03-26,9.050000190734863,9.100000381469727,8.774999618530273,8.824999809265137,6.513287544250488,23131000,0.11
2012-03-27,8.899999618530273,8.949999809265137,8.699999809265137,8.725000381469727,6.439483165740967,25276000,
2012-03-28,8.649999618530273,8.899999618530273,8.625,8.800000190734863,6.494836807250977,23178000,
2012-03-29,8.850000381469727,8.899999618530273,8.75,8.800000190734863,6.494836807250977,12398000,
2012-03-30,8.75,8.824999809265137,8.675000190734863,8.675000190734863,6.402580738067627,10422000,
2012-04-02,8.649999618530273,8.699999809265137,8.625,8.625,6.365678310394287,15004000,
2012-04-03,8.625,9.225000381469727,8.625,9.225000381469727,6.808507919311523,41576000,
2012-04-04,9.199999809265137,9.199999809265137,8.949999809265137,8.975000381469727,6.623996257781982,16895000,
2012-04-05,8.975000381469727,9.199999809265137,8.875,9.0,6.6424455642700195,19382000,
2012-04-10,8.875,8.925000190734863,8.625,8.725000381469727,6.439483165740967,29156000,
2012-04-11,8.675000190734863,8.800000190734863,8.625,8.699999809265137,6.421031475067139,21445000,
2012-04-12,8.699999809265137,8.774999618530273,8.625,8.649999618530273,6.384129047393799,12686000,
2012-04-17,8.725000381469727,8.75,8.5,8.5,6.2734222412109375,23097000,
2012-04-18,8.574999809265137,8.675000190734863,8.550000190734863,8.675000190734863,6.402580738067627,13060000,
2012-04-19,8.625,8.675000190734863,8.524999618530273,8.649999618530273,6.384129047393799,22259000,
2012-04-20,8.625,8.774999618530273,8.625,8.649999618530273,6.384129047393799,34053000,
2012-04-23,8.675000190734863,8.725000381469727,8.574999809265137,8.625,6.365678310394287,26231000,
2012-04-24,8.625,8.925000190734863,8.625,8.899999618530273,6.56864070892334,44824000,
2012-04-25,8.899999618530273,8.925000190734863,8.725000381469727,8.824999809265137,6.513287544250488,17041000,
2012-04-26,8.824999809265137,8.925000190734863,8.800000190734863,8.850000381469727,6.531740188598633,16461000,
2012-04-27,8.899999618530273,9.199999809265137,8.875,9.199999809265137,6.790057182312012,55567000,
2012-04-30,9.225000381469727,9.300000190734863,9.074999809265137,9.199999809265137,6.790057182312012,41364000,
2012-05-02,9.274999618530273,9.274999618530273,9.125,9.175000190734863,6.771605014801025,20358000,
2012-05-03,9.199999809265137,9.350000381469727,9.125,9.175000190734863,6.771605014801025,38895000,
2012-05-04,9.25,9.25,9.024999618530273,9.074999809265137,6.697800159454346,20502000,
2012-05-08,9.024999618530273,9.175000190734863,9.024999618530273,9.100000381469727,6.716251850128174,8154000,
2012-05-09,9.125,9.199999809265137,9.050000190734863,9.074999809265137,6.697800159454346,21306000,
2012-05-10,9.050000190734863,9.125,8.925000190734863,9.050000190734863,6.679347991943359,26039000,
2012-05-11,8.975000381469727,9.074999809265137,8.925000190734863,9.0,6.6424455642700195,12180000,
2012-05-14,9.050000190734863,9.25,8.949999809265137,9.050000190734863,6.679347991943359,39996000,
2012-05-15,9.050000190734863,9.074999809265137,8.975000381469727,9.0,6.6424455642700195,20377000,
2012-05-16,8.875,9.125,8.875,8.899999618530273,6.56864070892334,51657000,
2012-05-17,8.975000381469727,9.149999618530273,8.925000190734863,8.975000381469727,6.623996257781982,21015000,
2012-05-18,8.875,8.899999618530273,8.850000381469727,8.850000381469727,6.531740188598633,18391000,
2012-05-21,8.850000381469727,8.949999809265137,8.800000190734863,8.899999618530273,6.56864070892334,22081000,
2012-05-22,8.949999809265137,9.0,8.824999809265137,8.850000381469727,6.531740188598633,20002000,
2012-05-23,8.899999618530273,8.899999618530273,8.725000381469727,8.725000381469727,6.439483165740967,10936000,
2012-05-24,8.75,8.850000381469727,8.75,8.824999809265137,6.513287544250488,11174000,
2012-05-25,8.774999618530273,8.875,8.774999618530273,8.824999809265137,6.513287544250488,8886000,
2012-05-28,8.875,9.149999618530273,8.824999809265137,9.074999809265137,6.697800159454346,30673000,
2012-05-29,9.100000381469727,9.100000381469727,9.0,9.100000381469727,6.716251850128174,8003000,
2012-05-30,9.100000381469727,9.100000381469727,8.975000381469727,9.0,6.6424455642700195,8806000,
2012-05-31,8.975000381469727,9.0,8.824999809265137,8.949999809265137,6.6055426597595215,14796000,
2012-06-01,8.899999618530273,8.975000381469727,8.800000190734863,8.899999618530273,6.56864070892334,12794000,
2012-06-05,8.800000190734863,8.949999809265137,8.774999618530273,8.875,6.550189971923828,7046000,
2012-06-06,8.899999618530273,9.100000381469727,8.850000381469727,8.975000381469727,6.623996257781982,21130000,
2012-06-07,9.100000381469727,9.100000381469727,8.875,8.949999809265137,6.6055426597595215,8927000,
2012-06-08,9.0,9.050000190734863,8.925000190734863,9.024999618530273,6.660895824432373,5427000,
2012-06-11,9.149999618530273,9.225000381469727,9.125,9.225000381469727,6.808507919311523,22539000,
2012-06-12,9.199999809265137,9.25,9.100000381469727,9.225000381469727,6.808507919311523,17265000,
2012-06-13,9.149999618530273,9.175000190734863,9.024999618530273,9.024999618530273,6.660895824432373,6139000,
2012-06-14,9.149999618530273,9.149999618530273,9.0,9.0,6.6424455642700195,7263000,
2012-06-15,9.024999618530273,9.074999809265137,8.949999809265137,8.949999809265137,6.6055426597595215,28672000,
2012-06-18,9.024999618530273,9.024999618530273,8.925000190734863,8.975000381469727,6.623996257781982,9957000,
2012-06-19,8.975000381469727,9.149999618530273,8.975000381469727,9.149999618530273,6.753152370452881,8761000,
2012-06-20,9.149999618530273,9.300000190734863,9.100000381469727,9.300000190734863,6.863860607147217,21874000,
2012-06-21,9.274999618530273,9.274999618530273,9.175000190734863,9.25,6.826959133148193,19167000,
2012-06-22,9.274999618530273,9.449999809265137,9.199999809265137,9.425000190734863,6.956116676330566,43704000,
2012-06-25,9.524999618530273,9.699999809265137,9.449999809265137,9.625,7.1037278175354,48248000,
2012-06-26,9.649999618530273,9.800000190734863,9.574999809265137,9.649999618530273,7.122178077697754,36079000,
2012-06-27,9.675000190734863,10.0,9.675000190734863,10.0,7.380494594573975,43927000,
2012-06-28,10.100000381469727,10.300000190734863,9.850000381469727,9.975000381469727,7.362044811248779,40281000,
2012-06-29,9.949999809265137,10.25,9.75,9.75,7.195982933044434,39624000,
2012-07-02,9.875,10.0,9.75,9.949999809265137,7.343591690063477,16277000,
2012-07-03,9.975000381469727,10.100000381469727,9.925000190734863,9.975000381469727,7.362044811248779,14382000,
2012-07-04,10.0,10.100000381469727,9.949999809265137,10.100000381469727,7.454300880432129,15558000,
2012-07-05,10.100000381469727,10.550000190734863,10.050000190734863,10.550000190734863,7.786422252655029,46393000,
2012-07-06,10.649999618530273,11.149999618530273,10.600000381469727,10.899999618530273,8.044740676879883,63108000,
2012-07-09,10.850000381469727,10.949999809265137,10.149999618530273,10.25,7.565009593963623,64436000,
2012-07-10,10.100000381469727,10.199999809265137,9.850000381469727,10.199999809265137,7.528104305267334,56701000,
2012-07-11,10.199999809265137,10.649999618530273,10.149999618530273,10.399999618530273,7.675715446472168,36922000,
2012-07-12,10.399999618530273,10.399999618530273,10.050000190734863,10.050000190734863,7.417399883270264,15568000,
2012-07-13,10.199999809265137,10.350000381469727,10.050000190734863,10.25,7.565009593963623,10588000,
2012-07-16,10.199999809265137,10.449999809265137,10.199999809265137,10.300000190734863,7.6019110679626465,7744000,
2012-07-17,10.399999618530273,10.600000381469727,10.350000381469727,10.399999618530273,7.675715446472168,9338000,
2012-07-18,10.600000381469727,10.600000381469727,10.0,10.100000381469727,7.454300880432129,36090000,
2012-07-19,10.199999809265137,10.25,10.0,10.050000190734863,7.417399883270264,22210000,
2012-07-20,10.149999618530273,10.149999618530273,9.975000381469727,10.0,7.380494594573975,14853000,
2012-07-23,10.0,10.199999809265137,9.975000381469727,10.0,7.380494594573975,12852000,
2012-07-24,10.100000381469727,10.350000381469727,10.050000190734863,10.199999809265137,7.528104305267334,31503000,
2012-07-25,9.975000381469727,10.0,9.774999618530273,9.875,7.288240909576416,94588000,
2012-07-26,9.899999618530273,10.100000381469727,9.899999618530273,9.899999618530273,7.3066911697387695,40557000,
2012-07-27,9.975000381469727,10.0,9.675000190734863,9.800000190734863,7.23288631439209,19189000,
2012-07-30,9.899999618530273,9.899999618530273,9.824999809265137,9.875,7.288240909576416,11867000,
2012-07-31,9.975000381469727,9.975000381469727,9.800000190734863,9.925000190734863,7.3251423835754395,24841000,
2012-08-01,9.850000381469727,10.050000190734863,9.850000381469727,10.0,7.380494594573975,27882000,
2012-08-03,9.899999618530273,10.0,9.850000381469727,10.0,7.380494594573975,24338000,
2012-08-06,10.050000190734863,10.100000381469727,9.899999618530273,9.899999618530273,7.3066911697387695,18202000,
2012-08-07,9.899999618530273,9.925000190734863,9.800000190734863,9.875,7.288240909576416,18700000,
2012-08-08,9.875,9.875,9.675000190734863,9.725000381469727,7.177533149719238,35612000,
2012-08-09,9.729999542236328,9.800000190734863,9.550000190734863,9.680000305175781,7.144319534301758,47536000,
2012-08-10,9.630000114440918,9.829999923706055,9.630000114440918,9.779999732971191,7.21812629699707,15676000,
2012-08-14,9.699999809265137,9.75,9.680000305175781,9.729999542236328,7.181223392486572,22195000,
2012-08-15,9.699999809265137,9.949999809265137,9.699999809265137,9.925000190734863,7.3251423835754395,27493000,
2012-08-16,9.949999809265137,10.100000381469727,9.899999618530273,10.0,7.380494594573975,37327000,
2012-08-17,10.050000190734863,10.100000381469727,9.949999809265137,10.0,7.380494594573975,21409000,
2012-08-20,10.0,10.199999809265137,10.0,10.149999618530273,7.491203308105469,16955000,
2012-08-21,10.199999809265137,10.300000190734863,10.149999618530273,10.149999618530273,7.491203308105469,23433000,
2012-08-22,10.149999618530273,10.199999809265137,9.979999542236328,10.050000190734863,7.417399883270264,22087000,
2012-08-23,10.0,10.100000381469727,10.0,10.0,7.380494594573975,5334000,
2012-08-24,10.199999809265137,10.350000381469727,10.199999809265137,10.300000190734863,7.6019110679626465,45009000,
2012-08-27,10.300000190734863,10.5,10.25,10.449999809265137,7.712616443634033,29436000,
2012-08-28,10.5,10.5,10.350000381469727,10.449999809265137,7.712616443634033,14340000,
2012-08-29,10.5,10.5,10.199999809265137,10.25,7.565009593963623,22758000,
2012-08-30,10.350000381469727,10.399999618530273,10.149999618530273,10.350000381469727,7.638813018798828,25022000,
2012-08-31,10.25,10.399999618530273,10.25,10.350000381469727,7.638813018798828,9849000,
2012-09-03,10.350000381469727,10.550000190734863,10.350000381469727,10.399999618530273,7.675715446472168,26394000,
2012-09-04,10.449999809265137,10.699999809265137,10.449999809265137,10.699999809265137,7.897130012512207,39853000,
2012-09-05,10.699999809265137,10.899999618530273,10.649999618530273,10.800000190734863,7.970933437347412,35611000,
2012-09-06,10.899999618530273,11.149999618530273,10.850000381469727,11.100000381469727,8.192350387573242,33594000,
2012-09-07,11.199999809265137,11.199999809265137,10.75,10.850000381469727,8.007840156555176,24267000,
2012-09-10,10.75,11.0,10.600000381469727,10.600000381469727,7.823326587677002,23510000,
2012-09-11,10.600000381469727,10.699999809265137,10.550000190734863,10.699999809265137,7.897130012512207,19073000,
2012-09-12,10.699999809265137,10.75,10.649999618530273,10.75,7.934032917022705,9158000,
2012-09-13,10.800000190734863,10.899999618530273,10.649999618530273,10.75,7.934032917022705,13021000,
2012-09-14,10.800000190734863,10.899999618530273,10.600000381469727,10.600000381469727,7.823326587677002,34865000,
2012-09-17,10.600000381469727,10.600000381469727,10.350000381469727,10.449999809265137,7.712616443634033,50071000,
2012-09-18,10.449999809265137,10.550000190734863,10.449999809265137,10.550000190734863,7.786422252655029,20045000,
2012-09-19,10.5,10.600000381469727,10.449999809265137,10.600000381469727,7.823326587677002,8883000,
2012-09-20,10.600000381469727,10.75,10.5,10.699999809265137,7.897130012512207,19643000,
2012-09-21,10.699999809265137,10.800000190734863,10.699999809265137,10.699999809265137,7.897130012512207,18089000,
2012-09-24,10.699999809265137,10.75,10.600000381469727,10.600000381469727,7.823326587677002,11147000,
2012-09-25,10.550000190734863,10.75,10.5,10.649999618530273,7.860228061676025,23744000,
2012-09-26,10.600000381469727,10.800000190734863,10.600000381469727,10.600000381469727,7.823326587677002,22920000,
2012-09-27,10.649999618530273,10.899999618530273,10.649999618530273,10.75,7.934032917022705,36192000,
2012-09-28,10.800000190734863,10.850000381469727,10.649999618530273,10.75,7.934032917022705,22907000,
2012-10-01,10.800000190734863,10.800000190734863,10.649999618530273,10.75,7.934032917022705,13170000,
2012-10-02,10.699999809265137,10.800000190734863,10.699999809265137,10.800000190734863,7.970933437347412,12343000,
2012-10-03,10.75,10.850000381469727,10.699999809265137,10.75,7.934032917022705,13931000,
2012-10-04,10.75,10.800000190734863,10.699999809265137,10.75,7.934032917022705,8476000,
2012-10-05,10.800000190734863,10.850000381469727,10.699999809265137,10.850000381469727,8.007840156555176,13500000,
2012-10-08,10.850000381469727,11.300000190734863,10.850000381469727,11.149999618530273,8.229251861572266,100312000,
2012-10-09,11.100000381469727,11.199999809265137,10.800000190734863,10.949999809265137,8.081644058227539,51139000,
2012-10-10,10.5,10.600000381469727,10.449999809265137,10.449999809265137,7.712616443634033,158763000,
2012-10-11,10.5,10.600000381469727,10.399999618530273,10.449999809265137,7.712616443634033,61918000,
2012-10-12,10.449999809265137,10.550000190734863,10.399999618530273,10.5,7.749522686004639,23584000,
2012-10-15,10.449999809265137,10.550000190734863,10.449999809265137,10.5,7.749522686004639,20632000,
2012-10-16,10.449999809265137,10.800000190734863,10.449999809265137,10.800000190734863,7.970933437347412,68926000,
2012-10-17,10.75,10.800000190734863,10.649999618530273,10.649999618530273,7.860228061676025,34800000,
2012-10-18,10.699999809265137,10.899999618530273,10.699999809265137,10.800000190734863,7.970933437347412,31954000,
2012-10-19,10.75,10.800000190734863,10.699999809265137,10.699999809265137,7.897130012512207,29595000,
2012-10-22,10.75,10.899999618530273,10.649999618530273,10.899999618530273,8.044740676879883,28821000,
2012-10-24,10.800000190734863,10.949999809265137,10.75,10.800000190734863,7.970933437347412,47292000,
2012-10-25,10.800000190734863,10.800000190734863,10.699999809265137,10.800000190734863,7.970933437347412,30631000,
2012-10-26,10.75,10.800000190734863,10.5,10.699999809265137,7.897130012512207,33480000,
2012-10-29,10.600000381469727,10.649999618530273,10.550000190734863,10.600000381469727,7.823326587677002,13892000,
2012-10-30,10.649999618530273,10.850000381469727,10.600000381469727,10.75,7.934032917022705,32659000,
2012-10-31,10.75,10.75,10.649999618530273,10.649999618530273,7.860228061676025,19858000,
2012-11-01,10.699999809265137,10.75,10.600000381469727,10.699999809265137,7.897130012512207,16884000,
2012-11-02,10.699999809265137,10.75,10.649999618530273,10.699999809265137,7.897130012512207,10138000,
2012-11-05,10.649999618530273,10.699999809265137,10.600000381469727,10.699999809265137,7.897130012512207,18227000,
2012-11-06,10.699999809265137,10.800000190734863,10.649999618530273,10.649999618530273,7.860228061676025,20914000,
2012-11-07,10.649999618530273,10.75,10.649999618530273,10.649999618530273,7.860228061676025,12865000,
2012-11-08,10.5,10.649999618530273,10.5,10.550000190734863,7.786422252655029,36920000,
2012-11-09,10.649999618530273,10.699999809265137,10.550000190734863,10.600000381469727,7.823326587677002,34060000,
2012-11-12,10.600000381469727,10.75,10.600000381469727,10.649999618530273,7.860228061676025,1388000,
2012-11-13,10.600000381469727,10.649999618530273,10.449999809265137,10.5,7.749522686004639,30869000,
2012-11-14,10.550000190734863,10.600000381469727,10.5,10.550000190734863,7.786422252655029,19474000,
2012-11-15,10.649999618530273,10.75,10.550000190734863,10.649999618530273,7.860228061676025,52089000,
2012-11-16,10.699999809265137,10.850000381469727,10.649999618530273,10.850000381469727,8.007840156555176,35542000,
2012-11-19,10.899999618530273,10.899999618530273,10.75,10.850000381469727,8.007840156555176,22762000,
2012-11-20,10.899999618530273,10.899999618530273,10.75,10.850000381469727,8.007840156555176,33429000,
2012-11-21,10.850000381469727,10.850000381469727,10.75,10.800000190734863,7.970933437347412,39092000,
2012-11-22,10.75,10.800000190734863,10.699999809265137,10.800000190734863,7.970933437347412,26764000,
2012-11-23,10.800000190734863,10.800000190734863,10.699999809265137,10.699999809265137,7.897130012512207,20996000,
2012-11-26,10.75,10.850000381469727,10.699999809265137,10.75,7.934032917022705,22932000,
2012-11-27,10.800000190734863,10.800000190734863,10.75,10.800000190734863,7.970933437347412,18535000,
2012-11-28,10.800000190734863,10.899999618530273,10.75,10.800000190734863,7.970933437347412,41389000,
2012-11-29,10.899999618530273,11.0,10.850000381469727,10.949999809265137,8.081644058227539,55857000,
2012-11-30,10.899999618530273,11.199999809265137,10.899999618530273,11.199999809265137,8.266155242919922,369190000,
2012-12-03,11.199999809265137,11.300000190734863,11.100000381469727,11.300000190734863,8.339962005615234,35857000,
2012-12-04,11.300000190734863,11.300000190734863,11.149999618530273,11.199999809265137,8.266155242919922,17292000,
2012-12-06,11.300000190734863,11.5,11.199999809265137,11.449999809265137,8.450667381286621,54902000,
2012-12-07,11.449999809265137,11.5,11.350000381469727,11.5,8.487571716308594,17717000,
2012-12-11,11.5,11.649999618530273,11.399999618530273,11.399999618530273,8.413766860961914,32467000,
2012-12-12,11.5,11.5,11.399999618530273,11.449999809265137,8.450667381286621,21036000,
2012-12-13,11.399999618530273,11.449999809265137,11.100000381469727,11.199999809265137,8.266155242919922,33842000,
2012-12-14,11.25,11.300000190734863,11.199999809265137,11.199999809265137,8.266155242919922,14972000,
2012-12-17,11.25,11.300000190734863,11.100000381469727,11.100000381469727,8.192350387573242,24761000,
2012-12-18,11.199999809265137,11.300000190734863,11.050000190734863,11.300000190734863,8.339962005615234,39386000,
2012-12-19,11.300000190734863,11.399999618530273,11.199999809265137,11.399999618530273,8.413766860961914,29037000,
2012-12-20,11.399999618530273,11.5,11.350000381469727,11.449999809265137,8.450667381286621,22294000,
2012-12-21,11.350000381469727,11.449999809265137,11.300000190734863,11.399999618530273,8.413766860961914,16521000,
2012-12-24,11.350000381469727,11.5,11.350000381469727,11.5,8.487571716308594,9558000,
2012-12-25,11.449999809265137,11.5,11.300000190734863,11.350000381469727,8.376861572265625,13521000,
2012-12-26,11.399999618530273,11.399999618530273,11.25,11.300000190734863,8.339962005615234,15471000,
2012-12-27,11.399999618530273,11.5,11.350000381469727,11.449999809265137,8.450667381286621,20152000,
2012-12-28,11.5,11.5,11.350000381469727,11.350000381469727,8.376861572265625,12280000,
2013-01-02,11.5,11.5,11.300000190734863,11.300000190734863,8.339962005615234,19474000,
2013-01-03,11.350000381469727,11.449999809265137,11.350000381469727,11.449999809265137,8.450667381286621,25001000,
2013-01-04,11.449999809265137,11.5,11.350000381469727,11.5,8.487571716308594,22793000,
2013-01-07,11.550000190734863,11.600000381469727,11.399999618530273,11.399999618530273,8.413766860961914,27909000,
2013-01-08,11.399999618530273,11.550000190734863,11.399999618530273,11.5,8.487571716308594,15006000,
2013-01-09,11.550000190734863,11.550000190734863,11.399999618530273,11.449999809265137,8.450667381286621,8563000,
2013-01-10,11.5,11.550000190734863,11.300000190734863,11.300000190734863,8.339962005615234,26627000,
2013-01-11,11.300000190734863,11.350000381469727,11.149999618530273,11.25,8.303059577941895,38212000,
2013-01-14,11.300000190734863,11.300000190734863,11.199999809265137,11.199999809265137,8.266155242919922,21572000,
2013-01-15,11.25,11.350000381469727,11.199999809265137,11.25,8.303059577941895,24126000,
2013-01-16,11.300000190734863,11.399999618530273,11.25,11.300000190734863,8.339962005615234,27640000,
2013-01-17,11.449999809265137,12.449999809265137,11.399999618530273,12.449999809265137,9.188716888427734,217842000,
2013-01-18,12.350000381469727,12.350000381469727,12.050000190734863,12.100000381469727,8.930398941040039,41433000,
2013-01-21,12.199999809265137,12.399999618530273,12.100000381469727,12.199999809265137,9.004202842712402,28532000,
2013-01-22,12.25,12.350000381469727,12.149999618530273,12.199999809265137,9.004202842712402,23772000,
2013-01-23,12.300000190734863,12.850000381469727,12.199999809265137,12.850000381469727,9.48393726348877,70705000,
2013-01-24,12.850000381469727,13.050000190734863,12.600000381469727,12.899999618530273,9.520840644836426,57839000,
2013-01-25,12.949999809265137,13.050000190734863,12.800000190734863,12.899999618530273,9.520840644836426,24179000,
2013-01-28,13.0,13.100000381469727,12.800000190734863,13.0,9.594646453857422,49800000,
2013-01-29,12.949999809265137,13.350000381469727,12.949999809265137,13.100000381469727,9.668449401855469,51677000,
2013-01-30,13.199999809265137,13.350000381469727,13.149999618530273,13.300000190734863,9.816061973571777,50449000,
2013-01-31,13.300000190734863,13.300000190734863,13.050000190734863,13.300000190734863,9.816061973571777,32788000,
2013-02-01,13.25,13.449999809265137,13.25,13.350000381469727,9.8529634475708,23933000,
2013-02-04,13.300000190734863,13.350000381469727,13.149999618530273,13.149999618530273,9.705353736877441,28152000,
2013-02-05,13.149999618530273,13.649999618530273,13.149999618530273,13.649999618530273,10.074377059936523,38498000,
2013-02-06,13.800000190734863,14.25,13.800000190734863,14.100000381469727,10.406500816345215,55947000,
2013-02-07,14.050000190734863,14.350000381469727,13.949999809265137,14.25,10.517208099365234,35259000,
2013-02-08,14.300000190734863,14.449999809265137,14.199999809265137,14.350000381469727,10.591012001037598,37155000,
2013-02-11,14.399999618530273,14.649999618530273,14.350000381469727,14.600000381469727,10.775524139404297,39951000,
2013-02-12,14.5,14.75,14.5,14.649999618530273,10.812427520751953,22290000,
2013-02-13,14.75,14.899999618530273,14.600000381469727,14.600000381469727,10.775524139404297,26596000,
2013-02-14,14.699999809265137,15.350000381469727,14.649999618530273,15.350000381469727,11.329060554504395,52339000,
2013-02-15,15.300000190734863,15.300000190734863,14.949999809265137,14.949999809265137,11.033841133117676,49410000,
2013-02-18,15.050000190734863,15.100000381469727,14.949999809265137,15.050000190734863,11.107646942138672,27114000,
2013-02-19,15.100000381469727,15.149999618530273,14.899999618530273,14.949999809265137,11.033841133117676,23991000,
2013-02-20,14.949999809265137,15.050000190734863,14.600000381469727,14.699999809265137,10.849329948425293,45538000,
2013-02-21,14.649999618530273,14.699999809265137,14.399999618530273,14.399999618530273,10.627915382385254,36460000,
2013-02-22,14.399999618530273,14.899999618530273,14.399999618530273,14.899999618530273,10.996940612792969,44649000,
2013-02-26,15.0,15.0,14.600000381469727,14.800000190734863,10.92313289642334,42749000,
2013-02-27,14.699999809265137,14.800000190734863,14.550000190734863,14.550000190734863,10.73862361907959,24788000,
2013-02-28,14.699999809265137,14.899999618530273,14.5,14.899999618530273,10.996940612792969,38494000,
2013-03-01,14.800000190734863,14.899999618530273,14.699999809265137,14.699999809265137,10.849329948425293,20517000,
2013-03-04,14.699999809265137,14.850000381469727,14.600000381469727,14.800000190734863,10.92313289642334,20154000,
2013-03-05,14.850000381469727,15.0,14.75,15.0,11.070743560791016,31550000,
2013-03-06,15.100000381469727,15.199999809265137,15.0,15.199999809265137,11.218353271484375,35671000,
2013-03-07,15.149999618530273,15.449999809265137,15.100000381469727,15.25,11.255257606506348,56207000,
2013-03-08,15.5,15.699999809265137,15.449999809265137,15.600000381469727,11.513574600219727,54433000,
2013-03-11,15.600000381469727,15.699999809265137,15.399999618530273,15.449999809265137,11.40286636352539,22252000,
2013-03-12,15.449999809265137,15.850000381469727,15.449999809265137,15.75,11.624279975891113,36557000,
2013-03-13,15.75,16.399999618530273,15.75,16.399999618530273,12.104011535644531,54258000,
2013-03-14,16.399999618530273,17.100000381469727,16.25,17.100000381469727,12.620645523071289,62694000,
2013-03-15,17.100000381469727,17.25,16.700000762939453,16.700000762939453,12.32542896270752,44543000,
2013-03-18,16.649999618530273,16.649999618530273,16.450000762939453,16.549999237060547,12.214720726013184,30571000,
2013-03-19,16.5,16.950000762939453,16.25,16.5,12.177818298339844,29004000,
2013-03-20,16.399999618530273,16.549999237060547,15.899999618530273,16.149999618530273,11.919500350952148,36227000,
2013-03-21,16.149999618530273,16.299999237060547,16.0,16.25,11.993306159973145,19904000,
2013-03-22,16.0,16.049999237060547,14.75,15.649999618530273,11.679853439331055,101625000,0.18
2013-03-25,15.75,16.049999237060547,15.699999809265137,16.0,11.941067695617676,28631000,
2013-03-26,15.949999809265137,16.350000381469727,15.899999618530273,16.350000381469727,12.202272415161133,28382000,
2013-03-27,16.5,16.649999618530273,16.350000381469727,16.399999618530273,12.23958969116211,24436000,
2013-03-28,16.399999618530273,16.450000762939453,16.049999237060547,16.350000381469727,12.202272415161133,20474000,
2013-03-29,16.450000762939453,16.700000762939453,16.350000381469727,16.450000762939453,12.276906967163086,22865000,
2013-04-01,16.450000762939453,16.450000762939453,16.100000381469727,16.149999618530273,12.053010940551758,15986000,
2013-04-02,16.100000381469727,16.350000381469727,16.100000381469727,16.299999237060547,12.164958953857422,13523000,
2013-04-03,16.299999237060547,16.399999618530273,16.100000381469727,16.149999618530273,12.053010940551758,16039000,
2013-04-04,15.699999809265137,16.299999237060547,15.699999809265137,16.299999237060547,12.164958953857422,30635000,
2013-04-05,16.049999237060547,16.149999618530273,15.800000190734863,15.800000190734863,11.791803359985352,26090000,
2013-04-09,15.699999809265137,15.800000190734863,15.199999809265137,15.399999618530273,11.493274688720703,20236000,
2013-04-10,15.350000381469727,16.0,15.300000190734863,16.0,11.941067695617676,25595000,
2013-04-11,16.149999618530273,16.149999618530273,15.899999618530273,16.049999237060547,11.978378295898438,18617000,
2013-04-12,16.049999237060547,16.5,16.0,16.399999618530273,12.23958969116211,19453000,
2013-04-17,16.299999237060547,16.399999618530273,16.0,16.100000381469727,12.01569652557373,27045000,
2013-04-18,16.049999237060547,16.100000381469727,15.949999809265137,16.0,11.941067695617676,13607000,
2013-04-19,16.0,16.149999618530273,15.850000381469727,15.850000381469727,11.829116821289062,32711000,
2013-04-22,16.0,16.299999237060547,16.0,16.299999237060547,12.164958953857422,13778000,
2013-04-23,16.299999237060547,16.600000381469727,16.25,16.399999618530273,12.23958969116211,22749000,
2013-04-24,16.549999237060547,16.799999237060547,16.450000762939453,16.75,12.50080394744873,37268000,
2013-04-25,16.799999237060547,17.149999618530273,16.75,16.950000762939453,12.650065422058105,43331000,
2013-04-26,17.100000381469727,17.200000762939453,16.799999237060547,16.850000381469727,12.575433731079102,14623000,
2013-04-29,17.0,17.0,16.649999618530273,16.850000381469727,12.575433731079102,748000,
2013-04-30,16.950000762939453,16.950000762939453,16.75,16.899999618530273,12.612750053405762,8914000,
2013-05-02,16.850000381469727,16.950000762939453,16.549999237060547,16.700000762939453,12.463486671447754,17099000,
2013-05-03,16.700000762939453,16.850000381469727,16.5,16.549999237060547,12.351539611816406,15685000,
2013-05-07,16.799999237060547,17.149999618530273,16.600000381469727,17.149999618530273,12.79932975769043,29028000,
2013-05-08,17.25,17.25,16.899999618530273,17.149999618530273,12.79932975769043,16451000,
2013-05-09,17.049999237060547,17.149999618530273,17.049999237060547,17.149999618530273,12.79932975769043,9194000,
2013-05-10,17.149999618530273,17.200000762939453,17.0,17.200000762939453,12.836645126342773,11394000,
2013-05-13,17.149999618530273,17.5,17.149999618530273,17.5,13.060542106628418,24910000,
2013-05-14,17.5,17.700000762939453,17.5,17.5,13.060542106628418,19391000,
2013-05-15,17.649999618530273,17.649999618530273,17.200000762939453,17.350000381469727,12.948592185974121,24941000,
2013-05-16,17.25,17.399999618530273,17.149999618530273,17.25,12.873960494995117,10742000,
2013-05-17,17.25,17.5,17.200000762939453,17.450000762939453,13.023222923278809,24542000,
2013-05-20,17.549999237060547,17.649999618530273,17.350000381469727,17.450000762939453,13.023222923278809,14469000,
2013-05-21,17.5,17.549999237060547,17.200000762939453,17.299999237060547,12.911274909973145,24305000,
2013-05-22,17.399999618530273,17.399999618530273,17.100000381469727,17.100000381469727,12.76201057434082,15665000,
2013-05-23,17.100000381469727,17.149999618530273,16.5,16.899999618530273,12.612750053405762,41915000,
2013-05-27,16.75,16.850000381469727,16.649999618530273,16.700000762939453,12.463486671447754,16396000,
2013-05-28,16.549999237060547,17.149999618530273,16.549999237060547,17.049999237060547,12.72469425201416,13485000,
2013-05-29,17.049999237060547,17.149999618530273,16.700000762939453,16.899999618530273,12.612750053405762,21591000,
2013-05-30,16.700000762939453,16.950000762939453,16.700000762939453,16.700000762939453,12.463486671447754,13013000,
2013-05-31,16.649999618530273,16.899999618530273,16.350000381469727,16.899999618530273,12.612750053405762,42900000,
2013-06-03,16.850000381469727,17.200000762939453,16.649999618530273,16.700000762939453,12.463486671447754,20255000,
2013-06-04,16.850000381469727,17.100000381469727,16.600000381469727,17.100000381469727,12.76201057434082,21630000,
2013-06-05,17.149999618530273,17.149999618530273,16.600000381469727,16.75,12.50080394744873,23130000,
2013-06-06,16.5,16.600000381469727,16.299999237060547,16.5,12.31422233581543,33072000,
2013-06-07,16.200000762939453,16.350000381469727,15.949999809265137,16.0,11.941067695617676,56330000,
2013-06-10,16.149999618530273,16.350000381469727,16.049999237060547,16.100000381469727,12.01569652557373,25331000,
2013-06-11,16.0,16.0,15.0,15.050000190734863,11.232063293457031,62578000,
2013-06-12,14.600000381469727,15.449999809265137,14.300000190734863,14.699999809265137,10.970852851867676,54278000,
2013-06-13,14.199999809265137,14.550000190734863,13.800000190734863,14.5,10.821589469909668,77009000,
2013-06-14,15.0,15.199999809265137,14.800000190734863,15.100000381469727,11.269378662109375,51602000,
2013-06-17,15.149999618530273,15.399999618530273,14.899999618530273,15.350000381469727,11.455957412719727,19089000,
2013-06-18,15.399999618530273,15.850000381469727,15.199999809265137,15.199999809265137,11.344010353088379,49438000,
2013-06-19,15.25,15.449999809265137,14.800000190734863,14.949999809265137,11.157432556152344,29363000,
2013-06-20,14.399999618530273,14.699999809265137,14.25,14.399999618530273,10.746957778930664,44933000,
2013-06-21,14.0,14.149999618530273,13.399999618530273,13.800000190734863,10.299166679382324,67527000,
2013-06-24,13.5,13.800000190734863,13.0,13.0,9.702115058898926,42349000,
2013-06-25,13.100000381469727,13.899999618530273,12.699999809265137,13.899999618530273,10.373800277709961,70801000,
2013-06-26,14.100000381469727,14.399999618530273,13.800000190734863,14.300000190734863,10.672325134277344,58030000,
2013-06-27,14.699999809265137,15.350000381469727,14.350000381469727,14.899999618530273,11.120115280151367,65234000,
2013-06-28,15.399999618530273,15.800000190734863,15.199999809265137,15.75,11.754485130310059,74205000,
2013-07-02,15.5,15.649999618530273,15.25,15.5,11.567904472351074,48810000,
2013-07-03,15.399999618530273,15.649999618530273,15.199999809265137,15.5,11.567904472351074,27244000,
2013-07-04,15.449999809265137,15.800000190734863,15.399999618530273,15.75,11.754485130310059,28377000,
2013-07-05,15.800000190734863,15.899999618530273,15.5,15.649999618530273,11.679853439331055,24843000,
2013-07-08,15.449999809265137,15.5,14.899999618530273,14.899999618530273,11.120115280151367,26638000,
2013-07-09,14.75,14.800000190734863,14.300000190734863,14.300000190734863,10.672325134277344,46947000,
2013-07-10,14.300000190734863,14.550000190734863,13.949999809265137,14.5,10.821589469909668,32411000,
2013-07-11,14.800000190734863,15.300000190734863,14.699999809265137,15.300000190734863,11.418641090393066,41845000,
2013-07-12,15.300000190734863,15.399999618530273,15.050000190734863,15.300000190734863,11.418641090393066,20973000,
2013-07-15,15.300000190734863,15.449999809265137,14.899999618530273,15.0,11.19474983215332,23995000,
2013-07-16,14.899999618530273,15.399999618530273,14.850000381469727,15.399999618530273,11.493274688720703,20651000,
2013-07-17,15.5,15.699999809265137,15.399999618530273,15.649999618530273,11.679853439331055,27654000,
2013-07-18,15.699999809265137,16.299999237060547,15.600000381469727,16.25,12.127643585205078,47278000,
2013-07-19,16.299999237060547,16.299999237060547,16.0,16.0,11.941067695617676,25526000,
2013-07-23,16.200000762939453,16.649999618530273,16.049999237060547,16.5,12.31422233581543,56208000,
2013-07-24,16.5,16.5,16.100000381469727,16.25,12.127643585205078,21897000,
2013-07-25,16.100000381469727,16.200000762939453,15.649999618530273,15.649999618530273,11.679853439331055,42637000,
2013-07-26,15.600000381469727,15.899999618530273,15.199999809265137,15.550000190734863,11.60522174835205,38151000,
2013-07-29,15.0,15.100000381469727,14.800000190734863,14.850000381469727,11.082802772521973,58591000,
2013-07-30,14.949999809265137,15.100000381469727,14.5,14.5,10.821589469909668,44800000,
2013-07-31,14.399999618530273,14.649999618530273,14.199999809265137,14.649999618530273,10.933537483215332,30573000,
2013-08-01,14.850000381469727,14.850000381469727,14.5,14.649999618530273,10.933537483215332,14683000,
2013-08-02,14.350000381469727,14.600000381469727,14.25,14.350000381469727,10.709641456604004,25381000,
2013-08-05,14.350000381469727,14.449999809265137,14.25,14.25,10.63501262664795,19555000,
2013-08-06,14.149999618530273,14.5,14.050000190734863,14.399999618530273,10.746957778930664,28599000,
2013-08-07,14.399999618530273,14.399999618530273,14.199999809265137,14.350000381469727,10.709641456604004,17284000,
2013-08-08,14.5,14.899999618530273,14.449999809265137,14.899999618530273,11.120115280151367,39564000,
2013-08-09,14.899999618530273,14.899999618530273,14.600000381469727,14.649999618530273,10.933537483215332,13564000,
2013-08-13,14.649999618530273,14.899999618530273,14.649999618530273,14.850000381469727,11.082802772521973,17302000,
2013-08-14,14.75,14.850000381469727,14.449999809265137,14.600000381469727,10.896222114562988,21885000,
2013-08-15,14.5,14.550000190734863,14.300000190734863,14.5,10.821589469909668,22497000,
2013-08-16,14.350000381469727,14.399999618530273,14.199999809265137,14.199999809265137,10.597694396972656,38796000,
2013-08-19,14.100000381469727,14.100000381469727,13.550000190734863,13.649999618530273,10.187219619750977,48151000,
2013-08-20,13.199999809265137,13.25,12.800000190734863,13.0,9.702115058898926,101714000,
2013-08-21,12.800000190734863,13.050000190734863,12.75,12.75,9.515538215637207,77314000,
2013-08-22,12.5,13.300000190734863,12.5,13.300000190734863,9.926011085510254,59020000,
2013-08-23,13.5,13.5,12.75,12.75,9.515538215637207,42117000,
2013-08-26,13.0,13.050000190734863,12.649999618530273,12.649999618530273,9.440901756286621,29314000,
2013-08-27,12.399999618530273,12.600000381469727,12.199999809265137,12.449999809265137,9.291640281677246,27586000,
2013-08-28,12.050000190734863,12.399999618530273,12.0,12.0,8.955799102783203,73050000,
2013-08-29,12.100000381469727,12.699999809265137,12.0,12.600000381469727,9.403587341308594,41174000,
2013-08-30,12.699999809265137,12.899999618530273,12.600000381469727,12.899999618530273,9.627482414245605,47602000,
2013-09-02,13.100000381469727,13.300000190734863,12.949999809265137,13.25,9.888693809509277,32558000,
2013-09-03,13.25,13.25,12.949999809265137,13.0,9.702115058898926,28883000,
2013-09-04,13.0,13.0,12.600000381469727,12.699999809265137,9.478218078613281,29270000,
2013-09-05,12.899999618530273,13.0,12.649999618530273,12.949999809265137,9.664796829223633,24669000,
2013-09-06,12.899999618530273,13.149999618530273,12.649999618530273,13.149999618530273,9.814062118530273,19532000,
2013-09-09,13.25,13.5,13.149999618530273,13.399999618530273,10.000639915466309,30784000,
2013-09-10,13.649999618530273,13.699999809265137,13.050000190734863,13.300000190734863,9.926011085510254,41159000,
2013-09-11,13.300000190734863,13.600000381469727,13.199999809265137,13.5,10.075273513793945,18570000,
2013-09-12,13.600000381469727,13.75,13.5,13.600000381469727,10.149903297424316,39295000,
2013-09-13,13.5,13.75,13.449999809265137,13.699999809265137,10.224535942077637,31257000,
2013-09-16,13.899999618530273,14.5,13.899999618530273,14.5,10.821589469909668,42274000,
2013-09-17,14.350000381469727,14.600000381469727,14.300000190734863,14.5,10.821589469909668,34869000,
2013-09-18,14.5,14.600000381469727,14.100000381469727,14.149999618530273,10.560378074645996,20340000,
2013-09-19,14.699999809265137,14.699999809265137,14.300000190734863,14.5,10.821589469909668,80795000,
2013-09-20,14.399999618530273,14.5,14.350000381469727,14.399999618530273,10.746957778930664,23024000,
2013-09-23,14.300000190734863,14.300000190734863,13.899999618530273,13.899999618530273,10.373800277709961,41730000,
2013-09-24,13.75,13.850000381469727,13.199999809265137,13.25,9.888693809509277,73911000,
2013-09-25,13.300000190734863,13.350000381469727,12.800000190734863,13.0,9.702115058898926,92627000,
2013-09-26,12.899999618530273,13.199999809265137,12.850000381469727,12.899999618530273,9.627482414245605,65071000,
2013-09-27,13.050000190734863,13.100000381469727,12.899999618530273,12.949999809265137,9.664796829223633,22954000,
2013-09-30,12.800000190734863,12.850000381469727,12.600000381469727,12.600000381469727,9.403587341308594,40697000,
2013-10-01,12.899999618530273,13.199999809265137,12.649999618530273,13.100000381469727,9.77674674987793,49440000,
2013-10-02,13.149999618530273,13.25,12.949999809265137,13.050000190734863,9.739429473876953,38007000,
2013-10-03,13.149999618530273,13.449999809265137,13.149999618530273,13.399999618530273,10.000639915466309,58076000,
2013-10-04,13.350000381469727,13.5,13.300000190734863,13.5,10.075273513793945,35421000,
2013-10-07,13.550000190734863,13.600000381469727,13.300000190734863,13.5,10.075273513793945,39223000,
2013-10-08,13.5,13.800000190734863,13.399999618530273,13.800000190734863,10.299166679382324,58652000,
2013-10-09,13.75,14.0,13.649999618530273,14.0,10.448431015014648,48990000,
2013-10-10,14.0,14.399999618530273,13.899999618530273,14.25,10.63501262664795,59700000,
2013-10-11,14.399999618530273,14.449999809265137,14.199999809265137,14.350000381469727,10.709641456604004,71776000,
2013-10-14,14.25,14.25,14.100000381469727,14.149999618530273,10.560378074645996,28776000,
2013-10-15,14.300000190734863,14.399999618530273,14.100000381469727,14.149999618530273,10.560378074645996,30999000,
2013-10-16,14.050000190734863,14.100000381469727,13.899999618530273,13.949999809265137,10.411115646362305,31918000,
2013-10-17,14.0,14.149999618530273,13.699999809265137,13.850000381469727,10.336483001708984,37408000,
2013-10-18,13.850000381469727,14.100000381469727,13.850000381469727,14.050000190734863,10.485746383666992,24949000,
2013-10-21,14.050000190734863,14.100000381469727,13.800000190734863,13.850000381469727,10.336483001708984,29851000,
2013-10-22,13.800000190734863,13.899999618530273,13.699999809265137,13.800000190734863,10.299166679382324,18824000,
2013-10-24,13.699999809265137,14.050000190734863,13.699999809265137,14.0,10.448431015014648,16789000,
2013-10-25,13.949999809265137,14.0,13.800000190734863,13.850000381469727,10.336483001708984,11312000,
2013-10-28,13.899999618530273,13.899999618530273,13.5,13.600000381469727,10.149903297424316,27704000,
2013-10-29,13.600000381469727,13.649999618530273,13.550000190734863,13.649999618530273,10.187219619750977,34691000,
2013-10-30,13.699999809265137,13.699999809265137,13.199999809265137,13.5,10.075273513793945,50758000,
2013-10-31,13.300000190734863,13.449999809265137,13.300000190734863,13.399999618530273,10.000639915466309,36802000,
2013-11-01,13.300000190734863,13.300000190734863,13.199999809265137,13.25,9.888693809509277,17851000,
2013-11-04,13.100000381469727,13.149999618530273,12.850000381469727,12.899999618530273,9.627482414245605,22688000,
2013-11-05,13.0,13.300000190734863,12.899999618530273,13.25,9.888693809509277,38860000,
2013-11-06,13.300000190734863,13.300000190734863,13.100000381469727,13.300000190734863,9.926011085510254,26184000,
2013-11-07,13.25,13.300000190734863,12.899999618530273,13.0,9.702115058898926,52984000,
2013-11-08,12.899999618530273,13.0,12.800000190734863,12.899999618530273,9.627482414245605,26321000,
2013-11-11,12.699999809265137,13.050000190734863,12.699999809265137,12.949999809265137,9.664796829223633,20341000,
2013-11-12,13.100000381469727,13.100000381469727,12.899999618530273,12.949999809265137,9.664796829223633,16619000,
2013-11-13,12.800000190734863,12.949999809265137,12.800000190734863,12.899999618530273,9.627482414245605,16931000,
2013-11-14,12.899999618530273,13.100000381469727,12.899999618530273,13.0,9.702115058898926,21100000,
2013-11-15,13.050000190734863,13.050000190734863,12.800000190734863,12.850000381469727,9.590167045593262,29613000,
2013-11-18,12.949999809265137,12.949999809265137,12.850000381469727,12.899999618530273,9.627482414245605,9689000,
2013-11-19,12.850000381469727,12.949999809265137,12.800000190734863,12.899999618530273,9.627482414245605,28086000,
2013-11-20,12.949999809265137,13.050000190734863,12.850000381469727,12.949999809265137,9.664796829223633,32631000,
2013-11-21,12.850000381469727,12.899999618530273,12.800000190734863,12.899999618530273,9.627482414245605,15248000,
2013-11-22,12.850000381469727,12.949999809265137,12.699999809265137,12.899999618530273,9.627482414245605,23719000,
2013-11-25,12.75,12.899999618530273,12.75,12.850000381469727,9.590167045593262,26241000,
2013-11-26,12.800000190734863,12.899999618530273,12.800000190734863,12.850000381469727,9.590167045593262,31351000,
2013-11-27,12.850000381469727,12.899999618530273,12.800000190734863,12.899999618530273,9.627482414245605,7519000,
2013-11-28,12.899999618530273,13.149999618530273,12.850000381469727,13.050000190734863,9.739429473876953,26844000,
2013-11-29,13.0,13.149999618530273,13.0,13.149999618530273,9.814062118530273,16973000,
2013-12-02,13.050000190734863,13.100000381469727,12.899999618530273,12.949999809265137,9.664796829223633,14056000,
2013-12-03,12.899999618530273,13.199999809265137,12.850000381469727,13.100000381469727,9.77674674987793,30938000,
2013-12-04,12.949999809265137,13.100000381469727,12.949999809265137,12.949999809265137,9.664796829223633,15981000,
2013-12-06,12.949999809265137,13.0,12.850000381469727,12.949999809265137,9.664796829223633,14841000,
2013-12-09,13.050000190734863,13.050000190734863,12.850000381469727,12.850000381469727,9.590167045593262,10027000,
2013-12-11,12.800000190734863,13.0,12.800000190734863,12.850000381469727,9.590167045593262,8110000,
2013-12-12,12.800000190734863,12.949999809265137,12.800000190734863,12.850000381469727,9.590167045593262,8724000,
2013-12-13,12.850000381469727,12.850000381469727,12.5,12.550000190734863,9.366272926330566,30406000,
2013-12-16,12.5,12.550000190734863,12.399999618530273,12.399999618530273,9.254325866699219,10516000,
2013-12-17,12.399999618530273,12.550000190734863,12.399999618530273,12.399999618530273,9.254325866699219,20502000,
2013-12-18,12.449999809265137,12.550000190734863,12.399999618530273,12.550000190734863,9.366272926330566,12466000,
2013-12-19,12.550000190734863,12.600000381469727,12.399999618530273,12.399999618530273,9.254325866699219,14347000,
2013-12-20,12.399999618530273,12.5,12.399999618530273,12.449999809265137,9.291640281677246,11546000,
2013-12-23,12.449999809265137,12.449999809265137,12.300000190734863,12.399999618530273,9.254325866699219,15535000,
2013-12-24,12.25,12.399999618530273,12.199999809265137,12.399999618530273,9.254325866699219,6689000,
2013-12-25,12.399999618530273,12.399999618530273,12.350000381469727,12.399999618530273,9.254325866699219,2822000,
2013-12-26,12.350000381469727,12.399999618530273,11.899999618530273,11.949999809265137,8.918482780456543,22293000,
2013-12-27,11.850000381469727,11.899999618530273,11.600000381469727,11.75,8.769219398498535,30625000,
2014-01-02,11.600000381469727,11.649999618530273,10.899999618530273,10.899999618530273,8.13485050201416,35019000,
2014-01-03,10.800000190734863,11.100000381469727,10.5,10.850000381469727,8.0975341796875,30312000,
2014-01-06,11.0,11.899999618530273,10.850000381469727,11.899999618530273,8.881165504455566,40099000,
2014-01-07,11.75,11.949999809265137,11.649999618530273,11.75,8.769219398498535,31706000,
2014-01-08,11.75,11.75,11.350000381469727,11.449999809265137,8.545323371887207,27308000,
2014-01-09,11.699999809265137,11.899999618530273,11.600000381469727,11.75,8.769219398498535,25835000,
2014-01-10,11.600000381469727,11.75,11.449999809265137,11.699999809265137,8.731902122497559,16381000,
2014-01-13,11.600000381469727,12.199999809265137,11.449999809265137,12.149999618530273,9.067747116088867,30785000,
2014-01-14,12.100000381469727,12.300000190734863,12.0,12.149999618530273,9.067747116088867,20835000,
2014-01-15,12.199999809265137,12.199999809265137,11.800000190734863,12.0,8.955799102783203,29020000,
2014-01-16,12.0,12.25,12.0,12.149999618530273,9.067747116088867,14138000,
2014-01-17,12.149999618530273,12.199999809265137,11.949999809265137,12.0,8.955799102783203,10573000,
2014-01-20,12.050000190734863,12.199999809265137,12.0,12.100000381469727,9.030428886413574,6963000,
2014-01-21,12.100000381469727,12.25,12.0,12.0,8.955799102783203,12403000,
2014-01-22,11.899999618530273,12.149999618530273,11.899999618530273,12.0,8.955799102783203,14024000,
2014-01-23,12.0,12.149999618530273,11.949999809265137,12.050000190734863,8.993114471435547,12536000,
2014-01-24,12.100000381469727,12.199999809265137,11.899999618530273,11.899999618530273,8.881165504455566,14594000,
2014-01-27,11.75,11.949999809265137,11.600000381469727,11.850000381469727,8.843851089477539,13224000,
2014-01-28,11.800000190734863,11.850000381469727,11.550000190734863,11.600000381469727,8.657273292541504,16043000,
2014-01-29,11.649999618530273,11.699999809265137,11.550000190734863,11.699999809265137,8.731902122497559,11065000,
2014-01-30,11.699999809265137,11.800000190734863,11.5,11.699999809265137,8.731902122497559,9908000,
2014-01-31,11.800000190734863,11.800000190734863,11.699999809265137,11.800000190734863,8.806533813476562,7602000,
2014-02-03,11.899999618530273,12.050000190734863,11.850000381469727,11.850000381469727,8.843851089477539,18661000,
2014-02-04,11.800000190734863,11.850000381469727,11.699999809265137,11.800000190734863,8.806533813476562,7835000,
2014-02-05,11.949999809265137,12.0,11.800000190734863,11.899999618530273,8.881165504455566,9380000,
2014-02-06,12.0,12.050000190734863,11.850000381469727,12.050000190734863,8.993114471435547,12047000,
2014-02-07,12.100000381469727,12.100000381469727,11.699999809265137,11.850000381469727,8.843851089477539,22732000,
2014-02-10,11.899999618530273,11.949999809265137,11.800000190734863,11.800000190734863,8.806533813476562,14618000,
2014-02-11,11.899999618530273,11.949999809265137,11.800000190734863,11.949999809265137,8.918482780456543,8020000,
2014-02-12,11.899999618530273,12.100000381469727,11.899999618530273,12.100000381469727,9.030428886413574,26636000,
2014-02-13,12.100000381469727,12.25,12.050000190734863,12.199999809265137,9.105060577392578,15606000,
2014-02-17,12.300000190734863,12.800000190734863,12.25,12.75,9.515538215637207,39142000,
2014-02-18,12.75,12.850000381469727,12.600000381469727,12.75,9.515538215637207,50456000,
2014-02-19,12.850000381469727,13.0,12.75,12.899999618530273,9.627482414245605,29236000,
2014-02-20,12.75,12.75,12.399999618530273,12.5,9.32895565032959,20000000,
2014-02-21,12.449999809265137,12.550000190734863,12.25,12.449999809265137,9.291640281677246,8667000,
2014-02-24,12.350000381469727,12.399999618530273,12.25,12.350000381469727,9.217010498046875,6336000,
2014-02-25,12.449999809265137,12.449999809265137,12.25,12.300000190734863,9.179693222045898,15262000,
2014-02-26,12.300000190734863,12.699999809265137,12.25,12.600000381469727,9.403587341308594,19036000,
2014-02-27,12.699999809265137,12.75,12.600000381469727,12.75,9.515538215637207,7310000,
2014-02-28,12.800000190734863,12.800000190734863,12.649999618530273,12.800000190734863,9.552852630615234,12343000,
2014-03-03,12.800000190734863,12.949999809265137,12.699999809265137,12.800000190734863,9.552852630615234,16457000,
2014-03-04,12.899999618530273,12.949999809265137,12.850000381469727,12.850000381469727,9.590167045593262,14047000,
2014-03-05,12.899999618530273,13.0,12.75,12.899999618530273,9.627482414245605,14700000,
2014-03-06,12.850000381469727,12.899999618530273,12.699999809265137,12.800000190734863,9.552852630615234,11390000,
2014-03-07,12.800000190734863,12.800000190734863,12.699999809265137,12.800000190734863,9.552852630615234,11492000,
2014-03-10,12.75,12.850000381469727,12.649999618530273,12.800000190734863,9.552852630615234,12230000,
2014-03-11,12.899999618530273,12.899999618530273,12.699999809265137,12.899999618530273,9.627482414245605,12344000,
2014-03-12,12.899999618530273,12.899999618530273,12.699999809265137,12.850000381469727,9.590167045593262,16227000,
2014-03-13,13.100000381469727,13.350000381469727,13.050000190734863,13.300000190734863,9.926011085510254,50688000,
2014-03-14,13.199999809265137,13.350000381469727,13.149999618530273,13.300000190734863,9.926011085510254,28568000,
2014-03-17,13.300000190734863,13.300000190734863,13.100000381469727,13.300000190734863,9.926011085510254,15283000,
2014-03-18,13.300000190734863,13.350000381469727,13.149999618530273,13.199999809265137,9.851377487182617,10109000,
2014-03-19,13.25,13.449999809265137,13.199999809265137,13.350000381469727,9.963325500488281,26646000,
2014-03-20,13.25,13.399999618530273,13.100000381469727,13.399999618530273,10.000639915466309,18840000,
2014-03-21,13.399999618530273,13.5,13.350000381469727,13.5,10.075273513793945,29218000,
2014-03-24,13.550000190734863,13.550000190734863,13.350000381469727,13.5,10.075273513793945,20761000,
2014-03-25,13.300000190734863,13.300000190734863,12.949999809265137,13.050000190734863,9.872082710266113,27195000,0.1814
2014-03-26,13.100000381469727,13.199999809265137,13.0,13.100000381469727,9.909907341003418,11226000,
2014-03-27,13.100000381469727,13.199999809265137,13.100000381469727,13.149999618530273,9.947729110717773,13152000,
2014-03-28,13.149999618530273,13.399999618530273,13.100000381469727,13.25,10.023377418518066,23381000,
2014-03-31,13.350000381469727,13.399999618530273,13.100000381469727,13.300000190734863,10.061203002929688,22933000,
2014-04-01,13.300000190734863,13.399999618530273,13.25,13.399999618530273,10.136850357055664,14209000,
2014-04-02,13.399999618530273,13.399999618530273,13.25,13.350000381469727,10.099027633666992,15995000,
2014-04-03,13.350000381469727,13.399999618530273,13.25,13.350000381469727,10.099027633666992,10547000,
2014-04-04,13.350000381469727,13.350000381469727,13.25,13.300000190734863,10.061203002929688,15617000,
2014-04-08,13.25,13.350000381469727,13.050000190734863,13.100000381469727,9.909907341003418,18317000,
2014-04-09,13.149999618530273,13.199999809265137,13.100000381469727,13.199999809265137,9.985553741455078,10219000,
2014-04-10,13.199999809265137,13.25,13.100000381469727,13.25,10.023377418518066,17277000,
2014-04-11,13.149999618530273,13.300000190734863,13.149999618530273,13.25,10.023377418518066,10044000,
2014-04-16,13.25,13.350000381469727,13.199999809265137,13.350000381469727,10.099027633666992,13538000,
2014-04-17,13.350000381469727,13.350000381469727,13.199999809265137,13.199999809265137,9.985553741455078,13309000,
2014-04-18,13.25,13.25,13.149999618530273,13.199999809265137,9.985553741455078,7570000,
2014-04-21,13.25,13.300000190734863,13.149999618530273,13.199999809265137,9.985553741455078,8636000,
2014-04-22,13.199999809265137,13.199999809265137,13.050000190734863,13.199999809265137,9.985553741455078,21419000,
2014-04-23,13.199999809265137,13.899999618530273,13.199999809265137,13.899999618530273,10.515091896057129,130489000,
2014-04-24,13.850000381469727,14.25,13.800000190734863,14.199999809265137,10.742035865783691,71629000,
2014-04-25,14.149999618530273,14.199999809265137,13.899999618530273,13.899999618530273,10.515091896057129,28242000,
2014-04-28,13.850000381469727,14.100000381469727,13.850000381469727,13.899999618530273,10.515091896057129,1750000,
2014-04-29,13.899999618530273,13.899999618530273,13.899999618530273,14.300000190734863,10.8176851272583,48949000,
2014-04-30,14.5,15.0,14.5,14.800000190734863,11.195923805236816,66681500,
2014-05-02,15.100000381469727,15.600000381469727,15.100000381469727,15.5,11.725460052490234,90619000,
2014-05-06,15.600000381469727,15.899999618530273,14.899999618530273,15.0,11.347219467163086,67346700,
2014-05-07,14.899999618530273,15.199999809265137,14.800000190734863,15.199999809265137,11.498516082763672,88390100,
2014-05-08,15.100000381469727,15.100000381469727,14.800000190734863,14.899999618530273,11.271573066711426,48247000,
2014-05-09,14.899999618530273,15.100000381469727,14.800000190734863,14.899999618530273,11.271573066711426,34283800,
2014-05-12,15.0,15.199999809265137,14.800000190734863,15.100000381469727,11.422867774963379,31711700,
2014-05-14,15.100000381469727,15.399999618530273,14.899999618530273,15.399999618530273,11.649812698364258,63697600,
2014-05-15,15.5,15.600000381469727,15.100000381469727,15.5,11.725460052490234,77390800,
2014-05-16,15.399999618530273,15.699999809265137,15.300000190734863,15.5,11.725460052490234,58771300,
2014-05-19,15.5,15.800000190734863,15.399999618530273,15.600000381469727,11.801107406616211,31132600,
2014-05-20,15.300000190734863,15.399999618530273,15.0,15.199999809265137,11.498516082763672,95790300,
2014-05-21,15.199999809265137,15.5,15.199999809265137,15.300000190734863,11.574166297912598,23942900,
2014-05-22,15.399999618530273,15.600000381469727,15.300000190734863,15.399999618530273,11.649812698364258,26162500,
2014-05-23,15.0,15.399999618530273,15.0,15.399999618530273,11.649812698364258,58686700,
2014-05-26,15.300000190734863,15.399999618530273,15.199999809265137,15.199999809265137,11.498516082763672,19364300,
2014-05-27,15.300000190734863,15.5,15.199999809265137,15.199999809265137,11.498516082763672,16913900,
2014-05-28,15.300000190734863,15.899999618530273,15.300000190734863,15.800000190734863,11.952404975891113,61865500,
2014-05-29,16.0,16.600000381469727,16.0,16.399999618530273,12.406293869018555,103786300,
2014-05-30,16.600000381469727,17.100000381469727,16.399999618530273,16.600000381469727,12.557591438293457,125574700,
2014-06-02,16.799999237060547,16.899999618530273,16.5,16.5,12.481942176818848,32283000,
2014-06-03,16.700000762939453,16.700000762939453,16.299999237060547,16.399999618530273,12.406293869018555,30723300,
2014-06-04,16.399999618530273,16.799999237060547,16.299999237060547,16.600000381469727,12.557591438293457,45247000,
2014-06-05,16.700000762939453,16.899999618530273,16.5,16.899999618530273,12.784537315368652,30488800,
2014-06-06,17.100000381469727,17.100000381469727,16.700000762939453,16.700000762939453,12.6332368850708,26764300,
2014-06-09,16.799999237060547,16.899999618530273,16.600000381469727,16.700000762939453,12.6332368850708,15552700,
2014-06-10,16.600000381469727,16.700000762939453,16.399999618530273,16.700000762939453,12.6332368850708,30820000,
2014-06-11,16.700000762939453,16.799999237060547,16.5,16.700000762939453,12.6332368850708,16597900,
2014-06-12,16.600000381469727,16.700000762939453,16.5,16.600000381469727,12.557591438293457,13708300,
2014-06-13,16.700000762939453,16.799999237060547,16.399999618530273,16.5,12.481942176818848,24979200,
2014-06-16,16.5,16.700000762939453,16.5,16.600000381469727,12.557591438293457,18942900,
2014-06-17,16.600000381469727,16.700000762939453,16.5,16.600000381469727,12.557591438293457,16036100,
2014-06-18,16.5,16.600000381469727,16.0,16.100000381469727,12.179351806640625,59693600,
2014-06-19,16.0,16.700000762939453,15.699999809265137,16.5,12.481942176818848,97904900,
2014-06-20,16.700000762939453,16.799999237060547,16.5,16.600000381469727,12.557591438293457,47562200,
2014-06-23,16.700000762939453,16.899999618530273,16.600000381469727,16.799999237060547,12.70888614654541,44429400,
2014-06-24,16.799999237060547,16.899999618530273,16.5,16.700000762939453,12.6332368850708,26469000,
2014-06-25,16.600000381469727,16.799999237060547,16.5,16.600000381469727,12.557591438293457,23397500,
2014-06-26,16.700000762939453,16.700000762939453,16.5,16.700000762939453,12.6332368850708,9213100,
2014-06-27,16.600000381469727,16.700000762939453,16.399999618530273,16.5,12.481942176818848,27819900,
2014-06-30,16.600000381469727,16.700000762939453,16.399999618530273,16.700000762939453,12.6332368850708,35120600,
2014-07-02,16.600000381469727,16.700000762939453,16.399999618530273,16.399999618530273,12.406293869018555,16321200,
2014-07-03,16.5,16.700000762939453,16.200000762939453,16.200000762939453,12.254997253417969,34157100,
2014-07-04,16.200000762939453,16.299999237060547,16.100000381469727,16.200000762939453,12.254997253417969,16905100,
2014-07-07,16.200000762939453,16.299999237060547,16.0,16.100000381469727,12.179351806640625,19302500,
2014-07-08,16.100000381469727,16.100000381469727,15.800000190734863,16.0,12.1037015914917,29963100,
2014-07-09,16.100000381469727,16.399999618530273,16.0,16.299999237060547,12.330646514892578,32216000,
2014-07-10,16.299999237060547,16.399999618530273,16.200000762939453,16.200000762939453,12.254997253417969,22933900,
2014-07-14,16.200000762939453,16.399999618530273,16.100000381469727,16.299999237060547,12.330646514892578,23352100,
2014-07-15,16.299999237060547,16.399999618530273,16.100000381469727,16.100000381469727,12.179351806640625,17310100,
2014-07-16,16.100000381469727,16.399999618530273,16.0,16.399999618530273,12.406293869018555,40150800,
2014-07-17,16.399999618530273,16.799999237060547,16.299999237060547,16.799999237060547,12.70888614654541,55909200,
2014-07-18,16.700000762939453,16.799999237060547,16.399999618530273,16.399999618530273,12.406293869018555,60124600,
2014-07-21,16.399999618530273,16.600000381469727,16.200000762939453,16.200000762939453,12.254997253417969,36702000,
2014-07-22,16.200000762939453,16.399999618530273,16.0,16.0,12.1037015914917,34515800,
2014-07-23,16.100000381469727,16.600000381469727,16.100000381469727,16.5,12.481942176818848,41203300,
2014-07-24,16.5,16.799999237060547,16.299999237060547,16.700000762939453,12.6332368850708,45039200,
2014-07-25,16.799999237060547,17.600000381469727,16.600000381469727,17.399999618530273,13.162774085998535,169090300,
2014-07-28,17.700000762939453,18.0,17.5,17.600000381469727,13.314074516296387,87973900,
2014-07-29,17.700000762939453,17.899999618530273,17.100000381469727,17.200000762939453,13.011481285095215,59043000,
2014-07-30,17.100000381469727,17.399999618530273,16.600000381469727,16.899999618530273,12.784537315368652,60671900,
2014-07-31,16.799999237060547,17.299999237060547,16.700000762939453,17.0,12.860183715820312,36961600,
2014-08-01,16.799999237060547,17.200000762939453,16.799999237060547,17.200000762939453,13.011481285095215,23122800,
2014-08-04,17.399999618530273,17.799999237060547,17.0,17.600000381469727,13.314074516296387,44484400,
2014-08-05,17.600000381469727,18.200000762939453,17.600000381469727,18.100000381469727,13.692315101623535,90502300,
2014-08-06,18.0,18.299999237060547,17.799999237060547,18.0,13.616660118103027,51256300,
2014-08-07,18.0,18.100000381469727,17.799999237060547,17.799999237060547,13.465367317199707,20189400,
2014-08-08,17.600000381469727,18.0,17.600000381469727,18.0,13.616660118103027,18398100,
2014-08-13,18.200000762939453,18.899999618530273,18.100000381469727,18.799999237060547,14.221848487854004,73915000,
2014-08-14,18.799999237060547,19.0,18.299999237060547,18.399999618530273,13.919261932373047,59809200,
2014-08-15,18.399999618530273,18.600000381469727,18.299999237060547,18.299999237060547,13.843608856201172,25859400,
2014-08-18,18.399999618530273,18.5,17.899999618530273,18.100000381469727,13.692315101623535,45140500,
2014-08-19,18.200000762939453,18.299999237060547,18.100000381469727,18.100000381469727,13.692315101623535,24699300,
2014-08-20,18.100000381469727,18.299999237060547,18.0,18.200000762939453,13.767961502075195,29558900,
2014-08-21,18.200000762939453,18.600000381469727,18.200000762939453,18.299999237060547,13.843608856201172,42043400,
2014-08-22,18.399999618530273,18.5,18.200000762939453,18.5,13.994902610778809,14649100,
2014-08-25,18.600000381469727,19.0,18.5,18.799999237060547,14.221848487854004,48517600,
2014-08-26,18.899999618530273,19.100000381469727,18.799999237060547,18.899999618530273,14.297497749328613,36955000,
2014-08-27,19.0,19.299999237060547,19.0,19.299999237060547,14.600091934204102,42067400,
2014-08-28,19.399999618530273,19.600000381469727,19.200000762939453,19.5,14.751383781433105,39991000,
2014-08-29,19.399999618530273,19.5,19.200000762939453,19.5,14.751383781433105,21568100,
2014-09-01,19.700000762939453,19.700000762939453,19.299999237060547,19.399999618530273,14.675738334655762,20486500,
2014-09-02,19.5,19.700000762939453,19.399999618530273,19.5,14.751383781433105,24134000,
2014-09-03,19.700000762939453,19.799999237060547,19.600000381469727,19.700000762939453,14.902681350708008,17009700,
2014-09-04,19.700000762939453,19.799999237060547,19.5,19.5,14.751383781433105,20724900,
2014-09-05,19.600000381469727,19.600000381469727,19.200000762939453,19.399999618530273,14.675738334655762,22089600,
2014-09-08,19.299999237060547,19.299999237060547,18.899999618530273,18.899999618530273,14.297497749328613,29940900,
2014-09-09,18.899999618530273,19.100000381469727,18.299999237060547,18.600000381469727,14.07055377960205,38245400,
2014-09-10,18.5,18.600000381469727,18.200000762939453,18.299999237060547,13.843608856201172,48982100,
2014-09-11,17.899999618530273,18.5,17.799999237060547,18.299999237060547,13.843608856201172,124613700,
2014-09-12,18.299999237060547,19.0,18.299999237060547,18.799999237060547,14.221848487854004,74437700,
2014-09-15,18.700000762939453,18.799999237060547,18.5,18.700000762939453,14.146204948425293,16809500,
2014-09-16,18.799999237060547,18.799999237060547,18.299999237060547,18.299999237060547,13.843608856201172,12663300,
2014-09-17,18.5,18.5,18.299999237060547,18.399999618530273,13.919261932373047,18978900,
2014-09-18,18.600000381469727,18.899999618530273,18.5,18.799999237060547,14.221848487854004,26111000,
2014-09-19,18.799999237060547,18.899999618530273,18.600000381469727,18.700000762939453,14.146204948425293,24237800,
2014-09-22,18.799999237060547,19.200000762939453,18.700000762939453,19.0,14.373147964477539,28946500,
2014-09-23,19.100000381469727,19.200000762939453,18.799999237060547,18.799999237060547,14.221848487854004,14045600,
2014-09-24,18.799999237060547,19.0,18.700000762939453,18.799999237060547,14.221848487854004,10476100,
2014-09-25,18.799999237060547,19.0,18.700000762939453,18.799999237060547,14.221848487854004,11678100,
2014-09-26,18.799999237060547,18.899999618530273,18.600000381469727,18.700000762939453,14.146204948425293,8870900,
2014-09-29,18.799999237060547,18.799999237060547,18.299999237060547,18.5,13.994902610778809,28772300,
2014-09-30,18.5,18.700000762939453,18.399999618530273,18.5,13.994902610778809,19256700,
2014-10-01,18.5,18.600000381469727,18.299999237060547,18.299999237060547,13.843608856201172,15364700,
2014-10-02,18.299999237060547,18.399999618530273,18.200000762939453,18.200000762939453,13.767961502075195,17797000,
2014-10-03,18.200000762939453,18.5,18.100000381469727,18.299999237060547,13.843608856201172,35068000,
2014-10-06,18.5,18.5,17.899999618530273,18.0,13.616660118103027,27006600,
2014-10-07,18.0,18.200000762939453,17.700000762939453,17.799999237060547,13.465367317199707,30268400,
2014-10-08,17.600000381469727,18.200000762939453,17.5,17.899999618530273,13.541017532348633,19146100,
2014-10-09,18.100000381469727,18.299999237060547,18.100000381469727,18.100000381469727,13.692315101623535,16122800,
2014-10-10,18.0,18.100000381469727,17.899999618530273,18.0,13.616660118103027,12892700,
2014-10-13,17.799999237060547,18.100000381469727,17.799999237060547,18.0,13.616660118103027,6024400,
2014-10-14,18.0,18.200000762939453,17.799999237060547,17.899999618530273,13.541017532348633,9459200,
2014-10-15,18.100000381469727,18.299999237060547,18.0,18.299999237060547,13.843608856201172,15055500,
2014-10-16,18.200000762939453,18.299999237060547,18.0,18.100000381469727,13.692315101623535,14327900,
2014-10-17,18.0,18.200000762939453,17.799999237060547,18.0,13.616660118103027,24693600,
2014-10-20,18.200000762939453,18.299999237060547,17.899999618530273,17.899999618530273,13.541017532348633,10921300,
2014-10-21,18.0,18.600000381469727,17.899999618530273,18.5,13.994902610778809,35062200,
2014-10-22,18.5,18.700000762939453,18.399999618530273,18.5,13.994902610778809,22512000,
2014-10-24,18.600000381469727,18.600000381469727,18.299999237060547,18.5,13.994902610778809,11425800,
2014-10-27,18.399999618530273,18.5,18.200000762939453,18.299999237060547,13.843608856201172,14777400,
2014-10-28,18.299999237060547,18.299999237060547,18.100000381469727,18.200000762939453,13.767961502075195,11571000,
2014-10-29,18.299999237060547,18.5,18.100000381469727,18.200000762939453,13.767961502075195,2449100,
2014-10-30,18.200000762939453,18.299999237060547,18.0,18.100000381469727,13.692315101623535,16848600,
2014-10-31,18.200000762939453,18.5,18.100000381469727,18.5,13.994902610778809,14144900,
2014-11-03,18.399999618530273,18.700000762939453,18.399999618530273,18.600000381469727,14.07055377960205,20648700,
2014-11-04,18.600000381469727,18.799999237060547,18.5,18.799999237060547,14.221848487854004,18262600,
2014-11-05,18.799999237060547,18.799999237060547,18.5,18.600000381469727,14.07055377960205,12747700,
2014-11-06,18.700000762939453,18.799999237060547,18.600000381469727,18.700000762939453,14.146204948425293,15401200,
2014-11-07,18.700000762939453,18.700000762939453,18.299999237060547,18.299999237060547,13.843608856201172,9655000,
2014-11-10,18.299999237060547,18.399999618530273,18.200000762939453,18.399999618530273,13.919261932373047,6451500,
2014-11-11,18.399999618530273,18.5,18.200000762939453,18.299999237060547,13.843608856201172,7791400,
2014-11-12,18.299999237060547,18.399999618530273,18.200000762939453,18.299999237060547,13.843608856201172,6196800,
2014-11-13,18.299999237060547,18.399999618530273,18.200000762939453,18.399999618530273,13.919261932373047,5958600,
2014-11-14,18.399999618530273,18.399999618530273,18.200000762939453,18.200000762939453,13.767961502075195,9483100,
2014-11-17,18.299999237060547,18.399999618530273,18.200000762939453,18.299999237060547,13.843608856201172,8575200,
2014-11-18,18.200000762939453,18.299999237060547,18.100000381469727,18.200000762939453,13.767961502075195,20288700,
2014-11-19,18.200000762939453,18.200000762939453,18.0,18.100000381469727,13.692315101623535,12260900,
2014-11-20,18.200000762939453,18.200000762939453,18.0,18.0,13.616660118103027,9668700,
2014-11-21,18.0,18.100000381469727,17.899999618530273,18.0,13.616660118103027,11298200,
2014-11-24,18.100000381469727,18.299999237060547,18.0,18.299999237060547,13.843608856201172,14109900,
2014-11-25,18.299999237060547,18.5,18.299999237060547,18.5,13.994902610778809,42597700,
2014-11-26,18.5,18.700000762939453,18.399999618530273,18.399999618530273,13.919261932373047,29393800,
2014-11-27,18.5,18.700000762939453,18.399999618530273,18.700000762939453,14.146204948425293,17142900,
2014-11-28,18.700000762939453,18.700000762939453,18.399999618530273,18.5,13.994902610778809,16930900,
2014-12-01,18.5,18.700000762939453,18.399999618530273,18.700000762939453,14.146204948425293,14651600,
2014-12-02,18.700000762939453,18.700000762939453,18.5,18.600000381469727,14.07055377960205,9522700,
2014-12-03,18.5,18.600000381469727,18.5,18.600000381469727,14.07055377960205,8076000,
2014-12-04,18.5,18.600000381469727,18.299999237060547,18.299999237060547,13.843608856201172,18440600,
2014-12-08,18.299999237060547,18.5,18.200000762939453,18.299999237060547,13.843608856201172,20280700,
2014-12-09,18.299999237060547,18.399999618530273,18.200000762939453,18.200000762939453,13.767961502075195,13857900,
2014-12-11,18.200000762939453,18.299999237060547,17.799999237060547,18.0,13.616660118103027,33623100,
2014-12-12,18.0,18.100000381469727,17.799999237060547,17.899999618530273,13.541017532348633,14773800,
2014-12-15,17.600000381469727,17.799999237060547,15.300000190734863,17.799999237060547,13.465367317199707,53167500,
2014-12-16,17.100000381469727,17.799999237060547,17.100000381469727,17.600000381469727,13.314074516296387,28854000,
2014-12-17,17.700000762939453,18.0,17.5,17.899999618530273,13.541017532348633,28226200,
2014-12-18,18.100000381469727,18.100000381469727,17.700000762939453,18.0,13.616660118103027,29408200,
2014-12-19,18.0,18.0,17.700000762939453,17.799999237060547,13.465367317199707,11436800,
2014-12-22,17.899999618530273,17.899999618530273,17.5,17.799999237060547,13.465367317199707,16483200,
2014-12-23,17.700000762939453,17.799999237060547,17.600000381469727,17.700000762939453,13.389720916748047,11788000,
2014-12-24,17.700000762939453,17.700000762939453,17.399999618530273,17.399999618530273,13.162774085998535,14460600,
2014-12-25,17.399999618530273,17.5,17.200000762939453,17.399999618530273,13.162774085998535,7242000,
2014-12-26,17.399999618530273,17.799999237060547,17.299999237060547,17.600000381469727,13.314074516296387,9822100,
2014-12-29,17.600000381469727,17.700000762939453,17.399999618530273,17.5,13.238426208496094,7061600,
2014-12-30,17.5,17.600000381469727,17.200000762939453,17.200000762939453,13.011481285095215,13035800,
2015-01-05,17.299999237060547,18.0,17.200000762939453,18.0,13.616660118103027,41969500,
2015-01-06,17.799999237060547,17.899999618530273,17.700000762939453,17.799999237060547,13.465367317199707,24268800,
2015-01-07,17.799999237060547,18.0,17.799999237060547,17.899999618530273,13.541017532348633,19593900,
2015-01-08,18.0,18.600000381469727,17.899999618530273,18.600000381469727,14.07055377960205,77278700,
2015-01-09,18.5,18.5,18.200000762939453,18.299999237060547,13.843608856201172,14880300,
2015-01-12,18.399999618530273,18.700000762939453,18.299999237060547,18.299999237060547,13.843608856201172,18030400,
2015-01-13,18.299999237060547,18.799999237060547,18.200000762939453,18.700000762939453,14.146204948425293,43262500,
2015-01-14,18.700000762939453,18.700000762939453,18.299999237060547,18.399999618530273,13.919261932373047,26865200,
2015-01-15,18.600000381469727,18.700000762939453,18.299999237060547,18.5,13.994902610778809,29628100,
2015-01-16,18.5,18.799999237060547,18.5,18.700000762939453,14.146204948425293,47068900,
2015-01-19,18.799999237060547,18.899999618530273,18.600000381469727,18.899999618530273,14.297497749328613,32859400,
2015-01-20,18.899999618530273,19.0,18.5,18.5,13.994902610778809,25479500,
2015-01-21,18.600000381469727,18.700000762939453,18.399999618530273,18.399999618530273,13.919261932373047,10033400,
2015-01-22,18.5,18.600000381469727,18.299999237060547,18.399999618530273,13.919261932373047,29756400,
2015-01-23,18.5,18.799999237060547,18.5,18.700000762939453,14.146204948425293,22399300,
2015-01-26,18.600000381469727,18.899999618530273,18.5,18.700000762939453,14.146204948425293,22048900,
2015-01-27,18.700000762939453,18.899999618530273,18.600000381469727,18.899999618530273,14.297497749328613,21475100,
2015-01-28,18.899999618530273,19.0,18.700000762939453,18.899999618530273,14.297497749328613,22249200,
2015-01-29,18.799999237060547,18.899999618530273,18.700000762939453,18.899999618530273,14.297497749328613,12171900,
2015-01-30,18.899999618530273,18.899999618530273,18.600000381469727,18.600000381469727,14.07055377960205,11456300,
2015-02-02,18.600000381469727,18.600000381469727,18.399999618530273,18.600000381469727,14.07055377960205,9920900,
2015-02-03,18.799999237060547,18.799999237060547,18.600000381469727,18.700000762939453,14.146204948425293,13509600,
2015-02-04,18.799999237060547,19.200000762939453,18.600000381469727,19.100000381469727,14.448799133300781,39972900,
2015-02-05,19.200000762939453,19.799999237060547,19.100000381469727,19.600000381469727,14.827035903930664,90216400,
2015-02-06,19.700000762939453,20.200000762939453,19.700000762939453,20.200000762939453,15.28092098236084,94762500,
2015-02-09,20.299999237060547,20.899999618530273,20.200000762939453,20.600000381469727,15.583516120910645,46288900,
2015-02-10,20.600000381469727,20.799999237060547,20.399999618530273,20.5,15.507868766784668,35058000,
2015-02-11,20.5,20.700000762939453,20.399999618530273,20.399999618530273,15.432218551635742,26795100,
2015-02-12,20.5,20.899999618530273,20.5,20.899999618530273,15.810463905334473,26040000,
2015-02-13,20.899999618530273,20.899999618530273,20.399999618530273,20.600000381469727,15.583516120910645,29325400,
2015-02-16,20.600000381469727,20.700000762939453,20.299999237060547,20.299999237060547,15.356575012207031,13334100,
2015-02-17,20.200000762939453,20.399999618530273,20.100000381469727,20.200000762939453,15.28092098236084,19222600,
2015-02-18,20.299999237060547,20.799999237060547,20.200000762939453,20.799999237060547,15.734813690185547,12005000,
2015-02-19,20.899999618530273,20.899999618530273,20.5,20.600000381469727,15.583516120910645,10235100,
2015-02-20,20.799999237060547,21.299999237060547,20.600000381469727,21.100000381469727,15.961755752563477,49019900,
2015-02-23,21.100000381469727,21.299999237060547,21.0,21.299999237060547,16.113052368164062,15481300,
2015-02-24,21.200000762939453,21.399999618530273,21.100000381469727,21.100000381469727,15.961755752563477,15675400,
2015-02-25,21.200000762939453,21.600000381469727,20.899999618530273,20.899999618530273,15.810463905334473,43947100,
2015-02-26,20.899999618530273,21.299999237060547,20.5,21.299999237060547,16.113052368164062,34726200,
2015-02-27,21.299999237060547,21.5,20.899999618530273,21.5,16.26435089111328,18439900,
2015-03-02,21.700000762939453,21.700000762939453,21.299999237060547,21.399999618530273,16.188697814941406,15278700,
2015-03-03,21.399999618530273,21.5,21.0,21.100000381469727,15.961755752563477,21537600,
2015-03-05,21.200000762939453,21.200000762939453,20.700000762939453,20.799999237060547,15.734813690185547,39357500,
2015-03-06,20.700000762939453,21.399999618530273,20.700000762939453,21.399999618530273,16.188697814941406,23380200,
2015-03-09,21.0,21.200000762939453,20.899999618530273,20.899999618530273,15.810463905334473,12302800,
2015-03-10,21.0,21.200000762939453,20.5,20.5,15.507868766784668,21392000,
2015-03-11,20.5,20.799999237060547,20.399999618530273,20.700000762939453,15.659167289733887,18759000,
2015-03-12,20.799999237060547,20.799999237060547,20.399999618530273,20.5,15.507868766784668,14346000,
2015-03-13,20.5,20.600000381469727,20.299999237060547,20.5,15.507868766784668,15646400,
2015-03-16,20.299999237060547,20.399999618530273,20.100000381469727,20.100000381469727,15.205278396606445,15117100,
2015-03-17,20.299999237060547,20.399999618530273,20.200000762939453,20.299999237060547,15.356575012207031,24489900,
2015-03-18,20.399999618530273,21.0,20.299999237060547,20.899999618530273,15.810463905334473,35972200,
2015-03-19,21.0,21.0,20.700000762939453,20.799999237060547,15.734813690185547,10906200,
2015-03-20,20.799999237060547,20.899999618530273,20.5,20.899999618530273,15.810463905334473,13433000,
2015-03-23,20.899999618530273,20.899999618530273,20.299999237060547,20.299999237060547,15.356575012207031,10863500,
2015-03-24,20.200000762939453,20.600000381469727,20.100000381469727,20.399999618530273,15.609070777893066,18529600,0.23
2015-03-25,20.5,20.600000381469727,20.299999237060547,20.5,15.685587882995605,8473600,
2015-03-26,20.399999618530273,20.5,20.200000762939453,20.200000762939453,15.456039428710938,9374700,
2015-03-27,20.100000381469727,20.100000381469727,19.399999618530273,19.799999237060547,15.149980545043945,44487500,
2015-03-30,20.0,20.200000762939453,19.799999237060547,20.0,15.303013801574707,16406500,
2015-03-31,20.200000762939453,20.299999237060547,19.700000762939453,19.700000762939453,15.073463439941406,28268900,
2015-04-01,19.700000762939453,20.299999237060547,19.700000762939453,20.299999237060547,15.532556533813477,22109300,
2015-04-02,20.299999237060547,20.5,20.200000762939453,20.5,15.685587882995605,19911100,
2015-04-03,20.5,20.5,20.299999237060547,20.5,15.685587882995605,6740600,
2015-04-07,20.5,20.5,20.399999618530273,20.5,15.685587882995605,8558800,
2015-04-08,20.5,20.5,19.899999618530273,20.0,15.303013801574707,17199400,
2015-04-09,20.0,20.100000381469727,19.799999237060547,19.899999618530273,15.226495742797852,13563400,
2015-04-10,20.0,20.299999237060547,19.899999618530273,20.299999237060547,15.532556533813477,9575600,
2015-04-16,20.100000381469727,20.299999237060547,19.899999618530273,20.299999237060547,15.532556533813477,20682100,
2015-04-17,20.299999237060547,20.299999237060547,20.100000381469727,20.100000381469727,15.37952709197998,15542300,
2015-04-20,20.299999237060547,20.299999237060547,20.100000381469727,20.299999237060547,15.532556533813477,10555000,
2015-04-21,20.299999237060547,20.299999237060547,20.100000381469727,20.200000762939453,15.456039428710938,8695300,
2015-04-22,20.200000762939453,20.399999618530273,20.0,20.0,15.303013801574707,19370700,
2015-04-23,20.0,20.399999618530273,20.0,20.100000381469727,15.37952709197998,10186500,
2015-04-24,20.200000762939453,20.5,20.100000381469727,20.5,15.685587882995605,14838200,
2015-04-27,20.5,20.5,20.100000381469727,20.100000381469727,15.37952709197998,11754300,
2015-04-28,20.0,20.299999237060547,19.899999618530273,20.299999237060547,15.532556533813477,15780500,
2015-04-29,20.200000762939453,20.5,19.799999237060547,20.399999618530273,15.609070777893066,37554700,
2015-04-30,20.100000381469727,20.5,20.100000381469727,20.200000762939453,15.456039428710938,25948200,
2015-05-04,20.200000762939453,20.200000762939453,20.200000762939453,20.200000762939453,15.456039428710938,0,
2015-05-06,19.899999618530273,20.100000381469727,19.799999237060547,19.899999618530273,15.226495742797852,33184500,
2015-05-07,19.799999237060547,20.100000381469727,19.799999237060547,19.799999237060547,15.149980545043945,18195000,
2015-05-08,19.799999237060547,20.200000762939453,19.799999237060547,20.0,15.303013801574707,23197100,
2015-05-11,20.100000381469727,20.299999237060547,20.0,20.0,15.303013801574707,35560300,
2015-05-12,20.0,20.100000381469727,19.799999237060547,19.799999237060547,15.149980545043945,14090600,
2015-05-13,20.0,20.200000762939453,19.899999618530273,20.100000381469727,15.37952709197998,45055700,
2015-05-14,20.100000381469727,20.100000381469727,19.899999618530273,20.0,15.303013801574707,20138700,
2015-05-15,20.0,20.299999237060547,19.899999618530273,20.299999237060547,15.532556533813477,22735900,
2015-05-18,20.299999237060547,20.5,20.200000762939453,20.399999618530273,15.609070777893066,25727600,
2015-05-19,20.399999618530273,20.5,20.299999237060547,20.5,15.685587882995605,16423800,
2015-05-20,20.5,20.5,20.299999237060547,20.5,15.685587882995605,8956200,
2015-05-21,20.5,20.600000381469727,20.200000762939453,20.600000381469727,15.762099266052246,23984100,
2015-05-22,20.600000381469727,20.600000381469727,20.299999237060547,20.299999237060547,15.532556533813477,10964100,
2015-05-25,20.399999618530273,20.399999618530273,20.0,20.0,15.303013801574707,19434600,
2015-05-26,19.899999618530273,20.200000762939453,19.5,19.600000381469727,14.99695110321045,46294800,
2015-05-27,19.399999618530273,19.399999618530273,19.0,19.200000762939453,14.690890312194824,58438900,
2015-05-28,19.299999237060547,19.600000381469727,19.200000762939453,19.299999237060547,14.76740550994873,37137800,
2015-05-29,19.399999618530273,19.700000762939453,19.200000762939453,19.299999237060547,14.76740550994873,75193300,
2015-06-02,19.299999237060547,19.399999618530273,19.100000381469727,19.100000381469727,14.614377975463867,21710700,
2015-06-03,19.200000762939453,19.5,18.799999237060547,19.100000381469727,14.614377975463867,44779300,
2015-06-04,19.200000762939453,19.200000762939453,19.0,19.0,14.537862777709961,23243800,
2015-06-05,19.100000381469727,19.700000762939453,19.100000381469727,19.600000381469727,14.99695110321045,38046400,
2015-06-08,19.5,19.700000762939453,19.399999618530273,19.600000381469727,14.99695110321045,8299900,
2015-06-09,19.600000381469727,19.700000762939453,19.200000762939453,19.200000762939453,14.690890312194824,14365500,
2015-06-10,19.299999237060547,19.600000381469727,19.299999237060547,19.5,14.92043399810791,17587800,
2015-06-11,19.5,19.600000381469727,19.299999237060547,19.299999237060547,14.76740550994873,15904100,
2015-06-12,19.299999237060547,19.5,19.299999237060547,19.5,14.92043399810791,11814700,
2015-06-15,19.5,19.5,19.299999237060547,19.399999618530273,14.843920707702637,4244800,
2015-06-16,19.299999237060547,19.5,19.100000381469727,19.200000762939453,14.690890312194824,9553300,
2015-06-17,19.299999237060547,19.5,19.200000762939453,19.399999618530273,14.843920707702637,16095500,
2015-06-18,19.5,19.5,19.200000762939453,19.399999618530273,14.843920707702637,19767800,
2015-06-19,19.5,19.5,18.799999237060547,19.0,14.537862777709961,82925700,
2015-06-22,19.0,19.299999237060547,19.0,19.100000381469727,14.614377975463867,16934500,
2015-06-23,19.299999237060547,19.299999237060547,19.0,19.100000381469727,14.614377975463867,11302000,
2015-06-24,19.100000381469727,19.200000762939453,19.0,19.200000762939453,14.690890312194824,12572500,
2015-06-25,19.100000381469727,19.299999237060547,19.0,19.100000381469727,14.614377975463867,23237900,
2015-06-26,19.100000381469727,19.600000381469727,19.100000381469727,19.5,14.92043399810791,55867400,
2015-06-29,19.200000762939453,19.600000381469727,19.100000381469727,19.600000381469727,14.99695110321045,28180700,
2015-06-30,19.5,19.799999237060547,19.399999618530273,19.700000762939453,15.073463439941406,24715800,
2015-07-02,19.799999237060547,19.799999237060547,19.5,19.700000762939453,15.073463439941406,8146100,
2015-07-03,19.600000381469727,19.899999618530273,19.399999618530273,19.799999237060547,15.149980545043945,15984200,
2015-07-06,19.5,19.799999237060547,19.5,19.799999237060547,15.149980545043945,11079200,
2015-07-07,19.799999237060547,20.299999237060547,19.600000381469727,20.200000762939453,15.456039428710938,33304100,
2015-07-08,20.100000381469727,20.299999237060547,20.0,20.100000381469727,15.37952709197998,14613000,
2015-07-09,20.100000381469727,20.700000762939453,20.0,20.700000762939453,15.838617324829102,38723100,
2015-07-10,20.700000762939453,21.0,20.600000381469727,20.600000381469727,15.762099266052246,23291200,
2015-07-13,20.5,20.899999618530273,20.399999618530273,20.799999237060547,15.915130615234375,13851500,
2015-07-14,21.0,21.100000381469727,20.799999237060547,21.0,16.06816291809082,35252300,
2015-07-15,21.0,21.0,20.600000381469727,20.799999237060547,15.915130615234375,6930400,
2015-07-16,20.799999237060547,20.899999618530273,20.5,20.600000381469727,15.762099266052246,6122300,
2015-07-17,20.600000381469727,20.799999237060547,20.5,20.799999237060547,15.915130615234375,7200600,
2015-07-20,20.600000381469727,20.700000762939453,20.5,20.700000762939453,15.838617324829102,3813000,
2015-07-21,20.799999237060547,20.799999237060547,20.299999237060547,20.600000381469727,15.762099266052246,17960800,
2015-07-22,20.299999237060547,20.600000381469727,20.200000762939453,20.399999618530273,15.609070777893066,19006900,
2015-07-23,20.5,20.5,20.100000381469727,20.200000762939453,15.456039428710938,12458300,
2015-07-24,20.200000762939453,20.200000762939453,19.899999618530273,19.899999618530273,15.226495742797852,17150900,
2015-07-27,19.899999618530273,19.899999618530273,19.399999618530273,19.600000381469727,14.99695110321045,24052500,
2015-07-28,19.899999618530273,19.899999618530273,19.5,19.799999237060547,15.149980545043945,13745400,
2015-07-29,19.799999237060547,19.799999237060547,19.5,19.700000762939453,15.073463439941406,16114200,
2015-07-31,19.799999237060547,20.100000381469727,19.600000381469727,20.100000381469727,15.37952709197998,27056900,
2015-08-03,20.0,20.0,19.600000381469727,19.700000762939453,15.073463439941406,17808600,
2015-08-04,19.700000762939453,19.799999237060547,19.5,19.600000381469727,14.99695110321045,21102500,
2015-08-05,19.799999237060547,20.100000381469727,19.700000762939453,19.700000762939453,15.073463439941406,17366600,
2015-08-06,19.899999618530273,19.899999618530273,19.700000762939453,19.700000762939453,15.073463439941406,4953500,
2015-08-07,19.700000762939453,19.799999237060547,19.600000381469727,19.600000381469727,14.99695110321045,6073100,
2015-08-10,19.5,19.600000381469727,19.5,19.5,14.92043399810791,4717000,
2015-08-11,19.600000381469727,19.700000762939453,19.5,19.5,14.92043399810791,5291600,
2015-08-13,19.5,19.5,19.299999237060547,19.5,14.92043399810791,17280600,
2015-08-14,19.5,19.799999237060547,19.299999237060547,19.799999237060547,15.149980545043945,33919900,
2015-08-17,19.799999237060547,19.799999237060547,19.299999237060547,19.299999237060547,14.76740550994873,18838900,
2015-08-18,18.600000381469727,19.0,18.5,18.600000381469727,14.231801986694336,77791900,
2015-08-19,18.700000762939453,18.899999618530273,18.600000381469727,18.799999237060547,14.3848295211792,30476600,
2015-08-20,18.700000762939453,19.5,18.700000762939453,19.100000381469727,14.614377975463867,44122100,
2015-08-21,19.0,19.200000762939453,18.899999618530273,18.899999618530273,14.461345672607422,34698100,
2015-08-24,18.5,18.600000381469727,18.0,18.200000762939453,13.925741195678711,50475500,
2015-08-25,18.399999618530273,18.399999618530273,17.799999237060547,18.200000762939453,13.925741195678711,63304600,
2015-08-26,18.200000762939453,18.399999618530273,18.100000381469727,18.200000762939453,13.925741195678711,23885500,
2015-08-27,18.399999618530273,18.899999618530273,18.299999237060547,18.700000762939453,14.308320045471191,57075900,
2015-08-28,19.0,19.399999618530273,18.899999618530273,19.399999618530273,14.843920707702637,42863400,
2015-08-31,19.299999237060547,19.5,19.200000762939453,19.5,14.92043399810791,21637700,
2015-09-01,19.299999237060547,19.399999618530273,19.0,19.200000762939453,14.690890312194824,15609800,
2015-09-02,19.0,19.200000762939453,18.799999237060547,19.100000381469727,14.614377975463867,35035300,
2015-09-03,19.200000762939453,20.0,19.100000381469727,20.0,15.303013801574707,57838000,
2015-09-04,19.600000381469727,19.899999618530273,19.600000381469727,19.799999237060547,15.149980545043945,22212700,
2015-09-07,19.799999237060547,19.799999237060547,19.299999237060547,19.600000381469727,14.99695110321045,12071400,
2015-09-08,19.600000381469727,19.600000381469727,19.100000381469727,19.600000381469727,14.99695110321045,32407500,
2015-09-09,19.700000762939453,19.799999237060547,19.600000381469727,19.700000762939453,15.073463439941406,15511700,
2015-09-10,19.5,19.700000762939453,19.200000762939453,19.299999237060547,14.76740550994873,26158200,
2015-09-11,19.299999237060547,19.5,19.200000762939453,19.200000762939453,14.690890312194824,16751700,
2015-09-14,19.100000381469727,19.299999237060547,19.100000381469727,19.299999237060547,14.76740550994873,11909400,
2015-09-15,19.200000762939453,19.399999618530273,19.0,19.0,14.537862777709961,18475200,
2015-09-16,19.100000381469727,19.299999237060547,19.0,19.299999237060547,14.76740550994873,27644900,
2015-09-17,19.299999237060547,19.299999237060547,19.100000381469727,19.200000762939453,14.690890312194824,11124200,
2015-09-18,19.200000762939453,19.299999237060547,19.100000381469727,19.299999237060547,14.76740550994873,21185100,
2015-09-21,19.200000762939453,19.299999237060547,19.100000381469727,19.299999237060547,14.76740550994873,6929000,
2015-09-22,19.299999237060547,19.299999237060547,19.0,19.0,14.537862777709961,20689300,
2015-09-23,18.899999618530273,19.0,18.799999237060547,18.899999618530273,14.461345672607422,17208700,
2015-09-24,18.799999237060547,18.899999618530273,18.799999237060547,18.799999237060547,14.3848295211792,11024100,
2015-09-25,18.799999237060547,19.100000381469727,18.700000762939453,18.799999237060547,14.3848295211792,28059600,
2015-09-28,18.799999237060547,18.899999618530273,18.600000381469727,18.600000381469727,14.231801986694336,11899700,
2015-09-29,18.5,18.899999618530273,18.399999618530273,18.600000381469727,14.231801986694336,20979400,
2015-09-30,18.700000762939453,18.700000762939453,18.5,18.5,14.15528392791748,28893800,
2015-10-01,18.600000381469727,18.899999618530273,18.5,18.700000762939453,14.308320045471191,15184400,
2015-10-02,18.700000762939453,18.799999237060547,18.600000381469727,18.700000762939453,14.308320045471191,28640000,
2015-10-05,18.799999237060547,19.0,18.700000762939453,18.899999618530273,14.461345672607422,32050800,
2015-10-06,18.899999618530273,19.100000381469727,18.799999237060547,19.0,14.537862777709961,22316900,
2015-10-07,19.0,19.299999237060547,18.700000762939453,19.299999237060547,14.76740550994873,33416800,
2015-10-08,19.200000762939453,19.399999618530273,19.100000381469727,19.299999237060547,14.76740550994873,26741500,
2015-10-09,19.399999618530273,19.5,19.299999237060547,19.399999618530273,14.843920707702637,22155400,
2015-10-12,19.299999237060547,19.600000381469727,19.299999237060547,19.5,14.92043399810791,25636300,
2015-10-13,19.5,19.5,19.200000762939453,19.399999618530273,14.843920707702637,11533300,
2015-10-14,19.299999237060547,19.399999618530273,19.299999237060547,19.299999237060547,14.76740550994873,5943300,
2015-10-15,19.399999618530273,19.600000381469727,19.299999237060547,19.600000381469727,14.99695110321045,20614300,
2015-10-16,19.5,19.5,19.200000762939453,19.299999237060547,14.76740550994873,23614500,
2015-10-19,19.299999237060547,19.5,19.299999237060547,19.5,14.92043399810791,11654800,
2015-10-20,19.399999618530273,19.5,19.299999237060547,19.399999618530273,14.843920707702637,10326400,
2015-10-21,19.399999618530273,19.5,19.299999237060547,19.5,14.92043399810791,11124300,
2015-10-22,19.399999618530273,19.399999618530273,19.299999237060547,19.299999237060547,14.76740550994873,7258100,
2015-10-26,19.399999618530273,19.600000381469727,19.299999237060547,19.399999618530273,14.843920707702637,32552700,
2015-10-27,19.399999618530273,19.5,19.299999237060547,19.399999618530273,14.843920707702637,9936800,
2015-10-28,19.299999237060547,19.399999618530273,19.200000762939453,19.399999618530273,14.843920707702637,13236800,
2015-10-29,19.299999237060547,19.399999618530273,19.200000762939453,19.299999237060547,14.76740550994873,14112400,
2015-10-30,19.299999237060547,19.299999237060547,19.0,19.0,14.537862777709961,17676100,
2015-11-02,19.0,19.299999237060547,19.0,19.299999237060547,14.76740550994873,11502900,
2015-11-03,19.399999618530273,19.399999618530273,19.200000762939453,19.299999237060547,14.76740550994873,13571300,
2015-11-04,19.399999618530273,19.5,19.200000762939453,19.299999237060547,14.76740550994873,20695100,
2015-11-05,19.399999618530273,19.5,19.200000762939453,19.399999618530273,14.843920707702637,24995500,
2015-11-06,19.299999237060547,19.399999618530273,19.200000762939453,19.399999618530273,14.843920707702637,9362600,
2015-11-09,19.299999237060547,19.299999237060547,19.0,19.100000381469727,14.614377975463867,7903200,
2015-11-10,19.200000762939453,19.399999618530273,19.0,19.399999618530273,14.843920707702637,17249600,
2015-11-11,19.399999618530273,19.399999618530273,19.100000381469727,19.100000381469727,14.614377975463867,5040100,
2015-11-12,19.100000381469727,19.299999237060547,19.0,19.100000381469727,14.614377975463867,6707600,
2015-11-13,19.100000381469727,19.200000762939453,18.899999618530273,19.200000762939453,14.690890312194824,13414200,
2015-11-16,19.100000381469727,19.299999237060547,18.899999618530273,19.299999237060547,14.76740550994873,19638100,
2015-11-17,19.299999237060547,19.5,19.299999237060547,19.5,14.92043399810791,25635800,
2015-11-18,19.5,19.799999237060547,19.399999618530273,19.799999237060547,15.149980545043945,63031000,
2015-11-19,19.799999237060547,20.100000381469727,19.700000762939453,19.899999618530273,15.226495742797852,58621700,
2015-11-20,20.0,20.0,19.700000762939453,19.899999618530273,15.226495742797852,22159500,
2015-11-23,19.899999618530273,20.100000381469727,19.899999618530273,19.899999618530273,15.226495742797852,31916300,
2015-11-24,19.899999618530273,20.200000762939453,19.899999618530273,20.200000762939453,15.456039428710938,26439900,
2015-11-25,20.100000381469727,20.200000762939453,19.899999618530273,20.100000381469727,15.37952709197998,14162100,
2015-11-26,20.0,20.100000381469727,19.600000381469727,19.799999237060547,15.149980545043945,23440100,
2015-11-27,19.799999237060547,19.899999618530273,19.700000762939453,19.799999237060547,15.149980545043945,9303600,
2015-11-30,19.799999237060547,20.299999237060547,19.700000762939453,20.299999237060547,15.532556533813477,43850300,
2015-12-01,20.200000762939453,20.200000762939453,20.0,20.100000381469727,15.37952709197998,12682000,
2015-12-02,20.100000381469727,20.200000762939453,20.0,20.100000381469727,15.37952709197998,20382800,
2015-12-03,20.100000381469727,20.399999618530273,19.899999618530273,20.399999618530273,15.609070777893066,25085200,
2015-12-04,20.399999618530273,21.100000381469727,20.200000762939453,20.899999618530273,15.99164867401123,70536900,
2015-12-08,21.0,21.100000381469727,20.700000762939453,20.700000762939453,15.838617324829102,26639200,
2015-12-09,20.899999618530273,21.0,20.799999237060547,21.0,16.06816291809082,21603300,
2015-12-11,20.899999618530273,21.299999237060547,20.799999237060547,21.200000762939453,16.221189498901367,33587300,
2015-12-14,21.100000381469727,21.200000762939453,20.799999237060547,21.100000381469727,16.144676208496094,20983400,
2015-12-15,21.200000762939453,21.200000762939453,20.799999237060547,20.899999618530273,15.99164867401123,18911600,
2015-12-16,20.899999618530273,21.200000762939453,20.700000762939453,20.899999618530273,15.99164867401123,23798100,
2015-12-17,20.899999618530273,21.200000762939453,20.799999237060547,21.200000762939453,16.221189498901367,31386200,
2015-12-18,21.100000381469727,21.5,20.899999618530273,21.5,16.450733184814453,35840600,
2015-12-21,21.399999618530273,22.0,21.299999237060547,22.0,16.83331871032715,55135900,
2015-12-22,22.0,22.0,21.700000762939453,21.899999618530273,16.756799697875977,18535100,
2015-12-23,21.899999618530273,22.100000381469727,21.799999237060547,22.0,16.83331871032715,20336600,
2015-12-24,21.899999618530273,22.0,21.700000762939453,21.899999618530273,16.756799697875977,13435100,
2015-12-25,21.899999618530273,22.0,21.799999237060547,22.0,16.83331871032715,7918000,
2015-12-28,21.899999618530273,22.100000381469727,21.799999237060547,22.100000381469727,16.90983009338379,12298500,
2015-12-29,22.0,22.200000762939453,21.799999237060547,22.100000381469727,16.90983009338379,25170100,
2015-12-30,22.100000381469727,22.299999237060547,21.899999618530273,22.299999237060547,17.06285858154297,22908200,
2016-01-04,22.200000762939453,22.200000762939453,21.600000381469727,22.0,16.83331871032715,40296200,
2016-01-05,22.0,22.100000381469727,21.799999237060547,22.100000381469727,16.90983009338379,34029900,
2016-01-06,21.899999618530273,22.299999237060547,21.899999618530273,22.100000381469727,16.90983009338379,30864200,
2016-01-07,21.899999618530273,21.899999618530273,21.0,21.5,16.450733184814453,82356000,
2016-01-08,21.5,21.700000762939453,21.299999237060547,21.5,16.450733184814453,23184000,
2016-01-11,21.299999237060547,21.399999618530273,21.0,21.299999237060547,16.297704696655273,26131600,
2016-01-12,21.399999618530273,21.799999237060547,21.299999237060547,21.799999237060547,16.680282592773438,30968400,
2016-01-13,21.799999237060547,21.799999237060547,21.399999618530273,21.600000381469727,16.527250289916992,23592000,
2016-01-14,21.5,21.799999237060547,21.399999618530273,21.600000381469727,16.527250289916992,16065000,
2016-01-15,21.5,21.700000762939453,21.100000381469727,21.200000762939453,16.221189498901367,33621900,
2016-01-18,21.0,21.5,20.700000762939453,21.299999237060547,16.297704696655273,17924500,
2016-01-19,21.299999237060547,21.5,21.200000762939453,21.5,16.450733184814453,10444700,
2016-01-20,21.200000762939453,21.299999237060547,21.0,21.299999237060547,16.297704696655273,23014500,
2016-01-21,21.5,21.600000381469727,21.0,21.299999237060547,16.297704696655273,25580600,
2016-01-22,21.5,21.600000381469727,21.399999618530273,21.5,16.450733184814453,27700400,
2016-01-25,21.5,21.899999618530273,21.399999618530273,21.899999618530273,16.756799697875977,33316000,
2016-01-26,21.700000762939453,21.899999618530273,21.399999618530273,21.600000381469727,16.527250289916992,34256100,
2016-01-27,21.700000762939453,21.799999237060547,21.5,21.799999237060547,16.680282592773438,17218300,
2016-01-28,21.799999237060547,22.100000381469727,21.700000762939453,22.100000381469727,16.90983009338379,45409500,
2016-01-29,22.0,22.100000381469727,21.799999237060547,22.0,16.83331871032715,30150100,
2016-02-01,22.100000381469727,22.100000381469727,21.799999237060547,21.899999618530273,16.756799697875977,16838000,
2016-02-02,21.899999618530273,22.100000381469727,21.5,21.600000381469727,16.527250289916992,35908600,
2016-02-03,21.5,21.899999618530273,21.399999618530273,21.700000762939453,16.6037654876709,20449400,
2016-02-04,21.799999237060547,21.799999237060547,21.600000381469727,21.700000762939453,16.6037654876709,10099700,
2016-02-05,21.899999618530273,21.899999618530273,21.700000762939453,21.899999618530273,16.756799697875977,7486500,
2016-02-08,21.899999618530273,22.0,21.799999237060547,21.899999618530273,16.756799697875977,5863500,
2016-02-09,21.600000381469727,21.799999237060547,21.600000381469727,21.700000762939453,16.6037654876709,14771200,
2016-02-10,21.700000762939453,21.700000762939453,21.5,21.600000381469727,16.527250289916992,9099100,
2016-02-11,21.5,21.5,21.100000381469727,21.100000381469727,16.144676208496094,34556600,
2016-02-12,20.899999618530273,21.299999237060547,20.799999237060547,21.100000381469727,16.144676208496094,18480200,
2016-02-15,21.200000762939453,21.399999618530273,21.100000381469727,21.200000762939453,16.221189498901367,18487200,
2016-02-16,21.200000762939453,21.299999237060547,20.899999618530273,21.0,16.06816291809082,16589700,
2016-02-17,21.0,21.0,20.600000381469727,20.899999618530273,15.99164867401123,18979700,
2016-02-18,21.0,21.0,20.600000381469727,20.700000762939453,15.838617324829102,19329300,
2016-02-19,20.700000762939453,21.299999237060547,20.600000381469727,21.299999237060547,16.297704696655273,26075300,
2016-02-23,21.399999618530273,21.600000381469727,21.299999237060547,21.5,16.450733184814453,16411600,
2016-02-24,21.5,21.700000762939453,21.399999618530273,21.600000381469727,16.527250289916992,16405500,
2016-02-25,21.600000381469727,21.600000381469727,21.399999618530273,21.600000381469727,16.527250289916992,15812200,
2016-02-26,21.600000381469727,21.700000762939453,21.5,21.5,16.450733184814453,10388600,
2016-02-29,21.5,21.600000381469727,21.399999618530273,21.600000381469727,16.527250289916992,13205400,
2016-03-01,21.600000381469727,21.799999237060547,21.5,21.700000762939453,16.6037654876709,18284300,
2016-03-02,21.899999618530273,22.200000762939453,21.799999237060547,22.100000381469727,16.90983009338379,28824500,
2016-03-03,22.100000381469727,22.5,22.100000381469727,22.299999237060547,17.06285858154297,81199200,
2016-03-04,22.399999618530273,22.399999618530273,22.0,22.100000381469727,16.90983009338379,23411400,
2016-03-07,22.299999237060547,22.399999618530273,22.200000762939453,22.399999618530273,17.139375686645508,12710000,
2016-03-08,22.299999237060547,22.399999618530273,22.0,22.100000381469727,16.90983009338379,17400000,
2016-03-09,22.200000762939453,22.200000762939453,22.0,22.0,16.83331871032715,31749300,
2016-03-10,22.100000381469727,22.100000381469727,21.799999237060547,21.899999618530273,16.756799697875977,20602500,
2016-03-11,22.100000381469727,22.200000762939453,21.899999618530273,22.200000762939453,16.986345291137695,12037900,
2016-03-14,22.200000762939453,22.399999618530273,22.200000762939453,22.299999237060547,17.06285858154297,26222100,
2016-03-15,22.299999237060547,22.399999618530273,22.100000381469727,22.299999237060547,17.06285858154297,26156500,
2016-03-16,22.399999618530273,22.5,22.299999237060547,22.299999237060547,17.06285858154297,38006300,
2016-03-17,22.299999237060547,22.399999618530273,21.700000762939453,21.700000762939453,16.6037654876709,41885600,
2016-03-18,22.100000381469727,22.399999618530273,22.0,22.100000381469727,16.90983009338379,50149900,
2016-03-21,22.299999237060547,22.700000762939453,22.200000762939453,22.700000762939453,17.368919372558594,46281200,
2016-03-22,22.600000381469727,22.700000762939453,22.200000762939453,22.5,17.21588706970215,27731500,
2016-03-23,22.5,23.399999618530273,22.399999618530273,23.100000381469727,17.674978256225586,55730600,
2016-03-24,23.200000762939453,23.399999618530273,22.799999237060547,23.0,17.598459243774414,31283300,
2016-03-25,23.0,23.100000381469727,22.799999237060547,22.799999237060547,17.4454345703125,7985300,
2016-03-28,22.799999237060547,22.899999618530273,22.5,22.799999237060547,17.4454345703125,12844500,
2016-03-29,22.600000381469727,22.700000762939453,22.399999618530273,22.399999618530273,17.337078094482422,17737900,0.26
2016-03-30,22.799999237060547,23.299999237060547,22.799999237060547,23.299999237060547,18.033649444580078,43640900,
2016-03-31,23.200000762939453,23.399999618530273,23.0,23.399999618530273,18.111053466796875,21482600,
2016-04-01,23.200000762939453,23.5,23.100000381469727,23.5,18.188451766967773,24205900,
2016-04-04,23.5,23.799999237060547,23.299999237060547,23.799999237060547,18.420644760131836,25133300,
2016-04-05,23.600000381469727,24.0,23.399999618530273,23.899999618530273,18.498043060302734,39791000,
2016-04-07,23.899999618530273,24.0,23.700000762939453,23.899999618530273,18.498043060302734,34730700,
2016-04-08,23.799999237060547,23.899999618530273,23.5,23.700000762939453,18.343246459960938,26926700,
2016-04-11,23.600000381469727,24.0,23.600000381469727,24.0,18.575437545776367,18220900,
2016-04-12,24.0,24.299999237060547,23.899999618530273,24.200000762939453,18.730234146118164,28088100,
2016-04-18,24.299999237060547,24.399999618530273,24.100000381469727,24.200000762939453,18.730234146118164,20054100,
2016-04-19,24.299999237060547,24.5,24.100000381469727,24.200000762939453,18.730234146118164,27622600,
2016-04-20,24.200000762939453,24.299999237060547,23.899999618530273,24.200000762939453,18.730234146118164,27073000,
2016-04-21,24.299999237060547,24.5,24.200000762939453,24.5,18.96242332458496,26939500,
2016-04-22,24.5,24.5,24.100000381469727,24.200000762939453,18.730234146118164,13181900,
2016-04-25,24.299999237060547,24.600000381469727,24.200000762939453,24.5,18.96242332458496,20137000,
2016-04-26,24.600000381469727,24.700000762939453,24.399999618530273,24.600000381469727,19.039827346801758,17080600,
2016-04-27,24.600000381469727,24.700000762939453,24.5,24.600000381469727,19.039827346801758,18072800,
2016-04-28,24.600000381469727,24.700000762939453,24.100000381469727,24.200000762939453,18.730234146118164,35430200,
2016-04-29,24.200000762939453,24.200000762939453,23.600000381469727,23.799999237060547,18.420644760131836,61657900,
2016-05-03,23.799999237060547,24.100000381469727,23.799999237060547,23.899999618530273,18.498043060302734,27908900,
2016-05-04,23.899999618530273,24.200000762939453,23.799999237060547,24.200000762939453,18.730234146118164,7435800,
2016-05-09,23.899999618530273,24.200000762939453,23.799999237060547,23.899999618530273,18.498043060302734,29526800,
2016-05-10,23.799999237060547,24.100000381469727,23.799999237060547,23.899999618530273,18.498043060302734,24533900,
2016-05-11,24.100000381469727,24.100000381469727,23.899999618530273,23.899999618530273,18.498043060302734,20547200,
2016-05-12,23.899999618530273,24.100000381469727,23.899999618530273,24.100000381469727,18.652835845947266,24327700,
2016-05-13,24.0,24.100000381469727,23.799999237060547,23.799999237060547,18.420644760131836,20261500,
2016-05-16,23.799999237060547,23.899999618530273,23.200000762939453,23.5,18.188451766967773,69192700,
2016-05-17,23.600000381469727,23.799999237060547,23.399999618530273,23.5,18.188451766967773,28844300,
2016-05-18,23.5,23.899999618530273,23.5,23.799999237060547,18.420644760131836,22727400,
2016-05-19,23.899999618530273,24.0,23.600000381469727,23.799999237060547,18.420644760131836,34864400,
2016-05-23,23.899999618530273,24.100000381469727,23.600000381469727,24.100000381469727,18.652835845947266,27807400,
2016-05-24,24.0,24.399999618530273,23.899999618530273,24.299999237060547,18.807628631591797,28140800,
2016-05-25,24.299999237060547,24.399999618530273,24.0,24.200000762939453,18.730234146118164,27794800,
2016-05-26,24.100000381469727,24.200000762939453,23.799999237060547,24.0,18.575437545776367,46737200,
2016-05-27,24.0,24.299999237060547,23.899999618530273,24.299999237060547,18.807628631591797,25011500,
2016-05-30,24.200000762939453,24.200000762939453,23.899999618530273,24.0,18.575437545776367,25220500,
2016-05-31,24.0,24.100000381469727,23.899999618530273,24.100000381469727,18.652835845947266,75876100,
2016-06-01,24.0,24.100000381469727,23.899999618530273,23.899999618530273,18.498043060302734,28869600,
2016-06-02,23.899999618530273,23.899999618530273,23.600000381469727,23.700000762939453,18.343246459960938,54171700,
2016-06-03,23.799999237060547,24.100000381469727,23.700000762939453,24.100000381469727,18.652835845947266,34925800,
2016-06-06,24.100000381469727,24.200000762939453,24.0,24.100000381469727,18.652835845947266,22136400,
2016-06-07,24.100000381469727,24.200000762939453,23.899999618530273,24.0,18.575437545776367,19670000,
2016-06-08,24.0,24.100000381469727,23.799999237060547,24.0,18.575437545776367,29916900,
2016-06-09,24.0,24.100000381469727,23.899999618530273,23.899999618530273,18.498043060302734,28648000,
2016-06-10,24.0,24.100000381469727,23.799999237060547,23.799999237060547,18.420644760131836,23527700,
2016-06-13,23.799999237060547,23.899999618530273,23.600000381469727,23.700000762939453,18.343246459960938,35919800,
2016-06-14,23.700000762939453,24.0,23.700000762939453,24.0,18.575437545776367,16162400,
2016-06-15,23.899999618530273,24.0,23.700000762939453,23.899999618530273,18.498043060302734,21348600,
2016-06-16,23.799999237060547,23.899999618530273,23.600000381469727,23.799999237060547,18.420644760131836,36280100,
2016-06-17,23.799999237060547,23.899999618530273,23.600000381469727,23.799999237060547,18.420644760131836,29603400,
2016-06-20,23.799999237060547,23.899999618530273,23.700000762939453,23.799999237060547,18.420644760131836,30099500,
2016-06-21,23.799999237060547,24.0,23.700000762939453,23.899999618530273,18.498043060302734,32880900,
2016-06-22,23.899999618530273,23.899999618530273,23.399999618530273,23.5,18.188451766967773,45167000,
2016-06-23,23.5,23.799999237060547,23.399999618530273,23.799999237060547,18.420644760131836,49381100,
2016-06-24,23.5,23.600000381469727,23.299999237060547,23.600000381469727,18.265844345092773,49102900,
2016-06-27,23.5,23.799999237060547,23.5,23.600000381469727,18.265844345092773,14624800,
2016-06-28,23.600000381469727,23.899999618530273,23.600000381469727,23.700000762939453,18.343246459960938,19777900,
2016-06-29,23.799999237060547,23.799999237060547,23.600000381469727,23.700000762939453,18.343246459960938,12832600,
2016-06-30,23.700000762939453,23.899999618530273,23.600000381469727,23.899999618530273,18.498043060302734,27916800,
2016-07-04,23.899999618530273,24.0,23.799999237060547,23.899999618530273,18.498043060302734,12961300,
2016-07-05,24.0,24.0,23.799999237060547,24.0,18.575437545776367,19188300,
2016-07-06,23.899999618530273,23.899999618530273,23.799999237060547,23.899999618530273,18.498043060302734,7941600,
2016-07-07,23.899999618530273,24.0,23.799999237060547,23.799999237060547,18.420644760131836,16250900,
2016-07-08,23.799999237060547,23.899999618530273,23.700000762939453,23.700000762939453,18.343246459960938,13882800,
2016-07-11,23.799999237060547,23.799999237060547,23.700000762939453,23.700000762939453,18.343246459960938,27356700,
2016-07-12,23.700000762939453,23.799999237060547,23.399999618530273,23.5,18.188451766967773,37011400,
2016-07-13,23.5,23.5,22.600000381469727,22.700000762939453,17.56926918029785,150241500,
2016-07-14,22.799999237060547,23.399999618530273,22.700000762939453,23.200000762939453,17.956260681152344,71169400,
2016-07-15,23.200000762939453,23.299999237060547,22.799999237060547,23.100000381469727,17.87885856628418,33334500,
2016-07-20,23.299999237060547,23.399999618530273,22.899999618530273,23.0,17.801462173461914,28906300,
2016-07-21,23.0,23.200000762939453,22.899999618530273,23.0,17.801462173461914,23936300,
2016-07-22,23.0,23.399999618530273,23.0,23.299999237060547,18.033649444580078,18042300,
2016-07-25,23.200000762939453,23.399999618530273,23.100000381469727,23.100000381469727,17.87885856628418,22983500,
2016-07-26,23.200000762939453,23.200000762939453,23.0,23.100000381469727,17.87885856628418,24731100,
2016-07-27,23.100000381469727,23.200000762939453,22.899999618530273,23.100000381469727,17.87885856628418,34912400,
2016-07-28,23.0,23.100000381469727,22.799999237060547,22.799999237060547,17.64666748046875,38150700,
2016-07-29,22.899999618530273,22.899999618530273,22.299999237060547,22.5,17.414472579956055,75914200,
2016-08-01,22.399999618530273,22.5,21.5,21.600000381469727,16.717893600463867,102966500,
2016-08-02,21.600000381469727,22.299999237060547,21.600000381469727,21.600000381469727,16.717893600463867,52705800,
2016-08-03,21.799999237060547,22.5,21.700000762939453,22.399999618530273,17.337078094482422,33310100,
2016-08-04,22.5,22.799999237060547,22.5,22.600000381469727,17.491872787475586,39073700,
2016-08-05,22.700000762939453,22.799999237060547,22.200000762939453,22.600000381469727,17.491872787475586,30917900,
2016-08-08,22.799999237060547,22.799999237060547,22.299999237060547,22.700000762939453,17.56926918029785,26398500,
2016-08-09,22.600000381469727,22.700000762939453,22.299999237060547,22.299999237060547,17.259679794311523,26381400,
2016-08-10,22.399999618530273,22.700000762939453,22.299999237060547,22.5,17.414472579956055,27850300,
2016-08-11,22.399999618530273,22.5,22.0,22.299999237060547,17.259679794311523,34152200,
2016-08-15,22.200000762939453,22.399999618530273,21.899999618530273,22.200000762939453,17.182283401489258,20629600,
2016-08-16,22.200000762939453,22.5,22.100000381469727,22.5,17.414472579956055,34253700,
2016-08-17,22.5,23.0,22.5,22.600000381469727,17.491872787475586,50315000,
2016-08-18,22.600000381469727,22.899999618530273,22.5,22.799999237060547,17.64666748046875,26893200,
2016-08-19,22.799999237060547,22.899999618530273,22.600000381469727,22.799999237060547,17.64666748046875,14558200,
2016-08-22,22.899999618530273,23.200000762939453,22.799999237060547,23.0,17.801462173461914,29251500,
2016-08-23,23.0,23.200000762939453,22.899999618530273,23.200000762939453,17.956260681152344,25818700,
2016-08-24,23.200000762939453,23.200000762939453,23.0,23.200000762939453,17.956260681152344,12907200,
2016-08-25,23.200000762939453,23.299999237060547,22.899999618530273,23.0,17.801462173461914,36160700,
2016-08-26,23.100000381469727,23.5,23.100000381469727,23.200000762939453,17.956260681152344,51541200,
2016-08-29,23.399999618530273,23.5,23.200000762939453,23.399999618530273,18.111053466796875,23320300,
2016-08-30,23.399999618530273,23.5,23.200000762939453,23.399999618530273,18.111053466796875,28028700,
2016-08-31,23.399999618530273,23.5,23.0,23.5,18.188451766967773,31793400,
2016-09-01,23.5,23.5,23.200000762939453,23.5,18.188451766967773,22334700,
2016-09-02,23.299999237060547,23.399999618530273,22.600000381469727,22.600000381469727,17.491872787475586,84039000,
2016-09-05,22.799999237060547,22.899999618530273,22.399999618530273,22.700000762939453,17.56926918029785,56424900,
2016-09-06,22.799999237060547,22.899999618530273,22.600000381469727,22.700000762939453,17.56926918029785,27989000,
2016-09-07,22.700000762939453,23.0,22.5,22.600000381469727,17.491872787475586,34834100,
2016-09-08,22.600000381469727,22.799999237060547,22.299999237060547,22.600000381469727,17.491872787475586,56283600,
2016-09-09,22.5,22.600000381469727,22.0,22.399999618530273,17.337078094482422,48881100,
2016-09-12,22.200000762939453,22.399999618530273,21.299999237060547,21.799999237060547,16.872690200805664,50204600,
2016-09-13,22.0,22.100000381469727,21.600000381469727,22.0,17.105955123901367,69314900,0.1
2016-09-14,21.899999618530273,22.299999237060547,21.899999618530273,22.200000762939453,17.261463165283203,30526300,
2016-09-15,22.299999237060547,22.299999237060547,22.100000381469727,22.200000762939453,17.261463165283203,14558100,
2016-09-16,22.399999618530273,22.700000762939453,22.200000762939453,22.700000762939453,17.65023422241211,139287800,
2016-09-19,22.700000762939453,22.700000762939453,22.299999237060547,22.399999618530273,17.41697120666504,37431800,
2016-09-20,22.299999237060547,22.5,22.200000762939453,22.299999237060547,17.339218139648438,21522200,
2016-09-21,22.399999618530273,22.700000762939453,22.399999618530273,22.700000762939453,17.65023422241211,29887100,
2016-09-22,22.799999237060547,23.0,22.600000381469727,22.700000762939453,17.65023422241211,27125600,
2016-09-23,22.600000381469727,22.799999237060547,22.299999237060547,22.5,17.494726181030273,29681300,
2016-09-26,22.399999618530273,22.600000381469727,22.100000381469727,22.200000762939453,17.261463165283203,42634700,
2016-09-27,22.299999237060547,22.399999618530273,22.0,22.0,17.105955123901367,35499200,
2016-09-28,22.0,22.299999237060547,22.0,22.0,17.105955123901367,25606100,
2016-09-29,21.399999618530273,21.799999237060547,20.899999618530273,21.600000381469727,16.794940948486328,211638100,
2016-09-30,21.600000381469727,22.100000381469727,21.5,21.799999237060547,16.9504451751709,78130400,
2016-10-03,21.799999237060547,22.0,21.700000762939453,21.899999618530273,17.028202056884766,23559100,
2016-10-04,22.0,22.399999618530273,21.899999618530273,22.399999618530273,17.41697120666504,30455700,
2016-10-05,22.399999618530273,22.600000381469727,22.299999237060547,22.5,17.494726181030273,31402100,
2016-10-06,22.5,22.799999237060547,22.399999618530273,22.399999618530273,17.41697120666504,37136900,
2016-10-07,22.299999237060547,22.5,22.200000762939453,22.200000762939453,17.261463165283203,42475000,
2016-10-10,21.600000381469727,22.0,21.600000381469727,21.799999237060547,16.9504451751709,40991300,
2016-10-11,22.0,22.100000381469727,21.600000381469727,21.600000381469727,16.794940948486328,40526000,
2016-10-12,21.5,21.600000381469727,20.299999237060547,21.0,16.328411102294922,164896700,
2016-10-13,20.700000762939453,20.899999618530273,20.100000381469727,20.799999237060547,16.172901153564453,96610400,
2016-10-14,21.600000381469727,22.0,21.299999237060547,21.799999237060547,16.9504451751709,60513300,
2016-10-17,21.600000381469727,21.799999237060547,21.5,21.600000381469727,16.794940948486328,24854800,
2016-10-18,21.600000381469727,21.799999237060547,21.5,21.5,16.717180252075195,21383400,
2016-10-19,21.5,21.700000762939453,21.200000762939453,21.5,16.717180252075195,28154500,
2016-10-20,21.700000762939453,21.700000762939453,21.399999618530273,21.5,16.717180252075195,20509600,
2016-10-21,21.5,21.799999237060547,21.5,21.700000762939453,16.872690200805664,22644800,
2016-10-25,21.700000762939453,21.799999237060547,21.5,21.600000381469727,16.794940948486328,27033700,
2016-10-26,21.600000381469727,21.799999237060547,21.5,21.600000381469727,16.794940948486328,15263700,
2016-10-27,21.600000381469727,22.0,21.600000381469727,21.899999618530273,17.028202056884766,41035900,
2016-10-28,21.899999618530273,22.600000381469727,21.799999237060547,22.5,17.494726181030273,50215300,
2016-10-31,22.700000762939453,23.0,22.600000381469727,22.799999237060547,17.72798728942871,36321400,
2016-11-01,22.799999237060547,22.799999237060547,22.5,22.799999237060547,17.72798728942871,20787200,
2016-11-02,22.700000762939453,22.700000762939453,22.5,22.600000381469727,17.57248306274414,18592000,
2016-11-03,22.600000381469727,22.799999237060547,22.600000381469727,22.799999237060547,17.72798728942871,21576100,
2016-11-04,22.600000381469727,22.799999237060547,22.5,22.799999237060547,17.72798728942871,24623800,
2016-11-07,22.799999237060547,22.899999618530273,22.600000381469727,22.799999237060547,17.72798728942871,12135700,
2016-11-08,22.799999237060547,23.100000381469727,22.700000762939453,23.0,17.883495330810547,37389900,
2016-11-09,22.799999237060547,23.0,22.700000762939453,23.0,17.883495330810547,25654000,
2016-11-10,23.100000381469727,23.100000381469727,22.799999237060547,23.100000381469727,17.961254119873047,21574900,
2016-11-11,23.0,23.0,22.600000381469727,22.799999237060547,17.72798728942871,22268100,
2016-11-14,22.700000762939453,22.700000762939453,22.100000381469727,22.200000762939453,17.261463165283203,27268500,
2016-11-15,22.299999237060547,22.399999618530273,22.0,22.0,17.105955123901367,30481000,
2016-11-16,22.100000381469727,22.299999237060547,21.899999618530273,22.0,17.105955123901367,27649300,
2016-11-17,21.899999618530273,22.100000381469727,21.899999618530273,22.0,17.105955123901367,11260200,
2016-11-18,22.0,22.0,21.799999237060547,21.899999618530273,17.028202056884766,10016500,
2016-11-21,22.100000381469727,22.700000762939453,22.100000381469727,22.399999618530273,17.41697120666504,34313600,
2016-11-22,22.600000381469727,22.899999618530273,22.5,22.899999618530273,17.805740356445312,22757000,
2016-11-23,22.899999618530273,22.899999618530273,22.600000381469727,22.799999237060547,17.72798728942871,14201900,
2016-11-24,22.700000762939453,22.799999237060547,22.600000381469727,22.700000762939453,17.65023422241211,4607900,
2016-11-25,22.799999237060547,22.899999618530273,22.700000762939453,22.799999237060547,17.72798728942871,6674900,
2016-11-28,22.799999237060547,22.899999618530273,22.700000762939453,22.899999618530273,17.805740356445312,6480300,
2016-11-29,23.0,23.0,22.700000762939453,23.0,17.883495330810547,16747800,
2016-11-30,22.899999618530273,23.299999237060547,22.700000762939453,23.299999237060547,18.11676025390625,30770600,
2016-12-01,23.399999618530273,23.399999618530273,23.100000381469727,23.200000762939453,18.03900718688965,13017900,
2016-12-02,23.100000381469727,23.200000762939453,22.799999237060547,22.899999618530273,17.805740356445312,13138200,
2016-12-06,23.0,23.299999237060547,22.899999618530273,23.299999237060547,18.11676025390625,22077800,
2016-12-07,23.200000762939453,23.299999237060547,22.899999618530273,23.100000381469727,17.961254119873047,15370500,
2016-12-08,23.100000381469727,23.299999237060547,22.899999618530273,22.899999618530273,17.805740356445312,17642200,
2016-12-09,22.899999618530273,23.0,22.799999237060547,22.899999618530273,17.805740356445312,10490300,
2016-12-13,22.799999237060547,22.899999618530273,22.700000762939453,22.799999237060547,17.72798728942871,12501700,
2016-12-14,22.899999618530273,22.899999618530273,22.5,22.600000381469727,17.57248306274414,16826300,
2016-12-15,22.600000381469727,22.600000381469727,22.299999237060547,22.600000381469727,17.57248306274414,23854600,
2016-12-16,22.600000381469727,22.700000762939453,22.399999618530273,22.5,17.494726181030273,17724700,
2016-12-19,22.5,22.5,22.299999237060547,22.5,17.494726181030273,13866800,
2016-12-20,22.600000381469727,22.600000381469727,22.399999618530273,22.5,17.494726181030273,9672900,
2016-12-21,22.5,22.600000381469727,22.200000762939453,22.200000762939453,17.261463165283203,16413100,
2016-12-22,22.200000762939453,22.399999618530273,22.100000381469727,22.299999237060547,17.339218139648438,13903800,
2016-12-23,22.200000762939453,22.5,22.200000762939453,22.399999618530273,17.41697120666504,11365700,
2016-12-26,22.5,22.700000762939453,22.399999618530273,22.600000381469727,17.57248306274414,5977300,
2016-12-27,22.600000381469727,22.799999237060547,22.399999618530273,22.600000381469727,17.57248306274414,8263400,
2016-12-28,22.700000762939453,22.799999237060547,22.5,22.700000762939453,17.65023422241211,5416200,
2016-12-29,22.600000381469727,23.200000762939453,22.600000381469727,23.100000381469727,17.961254119873047,28106600,
2016-12-30,23.200000762939453,23.299999237060547,22.899999618530273,23.100000381469727,17.961254119873047,17930100,
2017-01-04,23.200000762939453,23.399999618530273,22.899999618530273,23.299999237060547,18.11676025390625,29363700,
2017-01-05,23.299999237060547,23.299999237060547,22.799999237060547,23.0,17.883495330810547,24443000,
2017-01-06,23.0,23.100000381469727,22.700000762939453,22.700000762939453,17.65023422241211,29606000,
2017-01-09,22.799999237060547,22.799999237060547,22.399999618530273,22.700000762939453,17.65023422241211,21020400,
2017-01-10,22.600000381469727,22.700000762939453,22.399999618530273,22.5,17.494726181030273,18681200,
2017-01-11,22.5,22.799999237060547,22.5,22.700000762939453,17.65023422241211,17250800,
2017-01-12,22.799999237060547,22.899999618530273,22.700000762939453,22.799999237060547,17.72798728942871,6144300,
2017-01-16,22.5,22.700000762939453,22.5,22.5,17.494726181030273,13450300,
2017-01-17,22.5,22.600000381469727,22.399999618530273,22.5,17.494726181030273,15813700,
2017-01-18,22.5,22.5,22.299999237060547,22.299999237060547,17.339218139648438,14085700,
2017-01-19,22.299999237060547,22.5,22.299999237060547,22.5,17.494726181030273,19204500,
2017-01-20,22.399999618530273,22.5,22.200000762939453,22.299999237060547,17.339218139648438,25638600,
2017-01-23,22.399999618530273,22.5,22.299999237060547,22.5,17.494726181030273,12411700,
2017-01-24,22.5,22.5,22.299999237060547,22.399999618530273,17.41697120666504,19041400,
2017-01-25,22.5,22.600000381469727,22.299999237060547,22.399999618530273,17.41697120666504,19250900,
2017-01-26,22.399999618530273,22.600000381469727,22.299999237060547,22.5,17.494726181030273,35738000,
2017-01-27,22.5,22.5,22.399999618530273,22.5,17.494726181030273,10348200,
2017-01-30,22.399999618530273,22.399999618530273,22.200000762939453,22.200000762939453,17.261463165283203,13199500,
2017-01-31,22.100000381469727,22.399999618530273,22.100000381469727,22.200000762939453,17.261463165283203,17153900,
2017-02-01,22.200000762939453,22.399999618530273,22.0,22.100000381469727,17.18370819091797,28553100,
2017-02-02,22.100000381469727,22.299999237060547,22.0,22.0,17.105955123901367,19649000,
2017-02-03,21.899999618530273,22.100000381469727,21.600000381469727,21.700000762939453,16.872690200805664,40382900,
2017-02-06,21.600000381469727,21.600000381469727,21.200000762939453,21.200000762939453,16.483915328979492,71461800,
2017-02-07,21.200000762939453,21.399999618530273,21.0,21.299999237060547,16.561670303344727,59335000,
2017-02-08,21.200000762939453,21.399999618530273,21.100000381469727,21.100000381469727,16.406164169311523,29556600,
2017-02-09,21.200000762939453,21.399999618530273,21.100000381469727,21.299999237060547,16.561670303344727,22807300,
2017-02-10,21.399999618530273,21.5,21.200000762939453,21.399999618530273,16.63942527770996,22997300,
2017-02-14,21.399999618530273,21.5,21.200000762939453,21.299999237060547,16.561670303344727,25696800,
2017-02-15,21.399999618530273,21.399999618530273,21.0,21.0,16.328411102294922,30009700,
2017-02-16,21.0,21.100000381469727,20.899999618530273,20.899999618530273,16.25065803527832,26619400,
2017-02-17,21.0,21.100000381469727,20.799999237060547,20.799999237060547,16.172901153564453,37624200,
2017-02-20,20.899999618530273,21.200000762939453,20.799999237060547,21.0,16.328411102294922,25630700,
2017-02-21,21.0,21.100000381469727,20.700000762939453,20.799999237060547,16.172901153564453,19548700,
2017-02-22,20.799999237060547,20.899999618530273,20.5,20.799999237060547,16.172901153564453,30188700,
2017-02-23,20.799999237060547,20.899999618530273,20.700000762939453,20.799999237060547,16.172901153564453,18108500,
2017-02-24,20.700000762939453,20.799999237060547,20.299999237060547,20.5,15.9396390914917,34357600,
2017-02-27,20.5,20.5,20.100000381469727,20.399999618530273,15.861885070800781,25247600,
2017-02-28,20.399999618530273,20.5,20.100000381469727,20.100000381469727,15.628619194030762,22492100,
2017-03-01,20.100000381469727,20.399999618530273,20.0,20.100000381469727,15.628619194030762,48181100,
2017-03-02,20.100000381469727,20.200000762939453,19.899999618530273,20.100000381469727,15.628619194030762,43330200,
2017-03-03,20.100000381469727,20.200000762939453,19.799999237060547,20.0,15.550863265991211,27576100,
2017-03-06,20.0,20.200000762939453,19.899999618530273,20.100000381469727,15.628619194030762,34449100,
2017-03-07,20.0,20.299999237060547,19.799999237060547,20.200000762939453,15.706377983093262,44339700,
2017-03-08,20.200000762939453,20.299999237060547,20.0,20.299999237060547,15.784131050109863,23076800,
2017-03-09,20.399999618530273,20.799999237060547,20.399999618530273,20.5,15.9396390914917,42085600,
2017-03-10,20.600000381469727,20.600000381469727,20.299999237060547,20.399999618530273,15.861885070800781,18635500,
2017-03-13,20.200000762939453,20.299999237060547,20.100000381469727,20.100000381469727,15.775547981262207,13028700,0.19
2017-03-14,20.100000381469727,20.200000762939453,19.899999618530273,19.899999618530273,15.618581771850586,35044500,
2017-03-15,20.0,20.0,19.799999237060547,19.899999618530273,15.618581771850586,30455100,
2017-03-16,20.0,20.299999237060547,19.799999237060547,19.799999237060547,15.540095329284668,30983200,
2017-03-17,19.899999618530273,20.399999618530273,19.899999618530273,20.399999618530273,16.01100730895996,26468500,
2017-03-20,20.5,20.799999237060547,20.399999618530273,20.600000381469727,16.16797637939453,33803100,
2017-03-21,20.600000381469727,20.799999237060547,20.600000381469727,20.600000381469727,16.16797637939453,17537400,
2017-03-22,20.5,20.799999237060547,20.399999618530273,20.700000762939453,16.246463775634766,21406900,
2017-03-23,20.700000762939453,20.799999237060547,20.600000381469727,20.799999237060547,16.324947357177734,11846300,
2017-03-24,20.700000762939453,20.899999618530273,20.700000762939453,20.899999618530273,16.40343475341797,15364800,
2017-03-27,20.899999618530273,21.100000381469727,20.799999237060547,21.0,16.481916427612305,17594200,
2017-03-28,21.100000381469727,21.200000762939453,20.899999618530273,21.200000762939453,16.638891220092773,15393500,
2017-03-29,21.100000381469727,21.299999237060547,21.0,21.100000381469727,16.560401916503906,19597100,
2017-03-30,21.100000381469727,21.299999237060547,21.0,21.299999237060547,16.71737289428711,26765200,
2017-03-31,21.299999237060547,21.299999237060547,21.0,21.200000762939453,16.638891220092773,19169600,
2017-04-03,21.100000381469727,21.200000762939453,20.799999237060547,20.799999237060547,16.324947357177734,22630000,
2017-04-04,20.799999237060547,21.200000762939453,20.799999237060547,21.100000381469727,16.560401916503906,18115900,
2017-04-05,21.100000381469727,21.200000762939453,20.899999618530273,21.100000381469727,16.560401916503906,14376400,
2017-04-07,21.0,21.0,20.700000762939453,20.899999618530273,16.40343475341797,34118700,
2017-04-10,20.799999237060547,20.899999618530273,20.700000762939453,20.799999237060547,16.324947357177734,9948300,
2017-04-11,20.799999237060547,20.799999237060547,20.299999237060547,20.299999237060547,15.932523727416992,32812300,
2017-04-12,20.299999237060547,20.5,20.299999237060547,20.5,16.08949089050293,10458800,
2017-04-17,20.399999618530273,20.5,20.200000762939453,20.299999237060547,15.932523727416992,17299700,
2017-04-18,20.299999237060547,20.399999618530273,20.200000762939453,20.200000762939453,15.854035377502441,11031000,
2017-04-19,20.200000762939453,20.299999237060547,20.100000381469727,20.299999237060547,15.932523727416992,11189200,
2017-04-20,20.299999237060547,20.299999237060547,19.899999618530273,20.0,15.697063446044922,30201300,
2017-04-21,20.0,20.0,19.899999618530273,19.899999618530273,15.618581771850586,27374900,
2017-04-24,20.0,20.5,19.899999618530273,20.299999237060547,15.932523727416992,35317800,
2017-04-25,20.399999618530273,20.5,20.100000381469727,20.200000762939453,15.854035377502441,21726500,
2017-04-26,20.200000762939453,20.299999237060547,20.100000381469727,20.299999237060547,15.932523727416992,17622700,
2017-04-27,20.299999237060547,20.399999618530273,20.200000762939453,20.399999618530273,16.01100730895996,11320000,
2017-04-28,20.399999618530273,20.399999618530273,20.0,20.299999237060547,15.932523727416992,25411000,
2017-05-02,20.299999237060547,20.399999618530273,20.100000381469727,20.200000762939453,15.854035377502441,12045100,
2017-05-03,20.200000762939453,20.299999237060547,20.100000381469727,20.200000762939453,15.854035377502441,12060600,
2017-05-04,20.299999237060547,20.700000762939453,20.200000762939453,20.5,16.08949089050293,52886600,
2017-05-08,20.600000381469727,20.600000381469727,20.399999618530273,20.5,16.08949089050293,16264700,
2017-05-09,20.399999618530273,20.600000381469727,20.299999237060547,20.5,16.08949089050293,12506300,
2017-05-11,20.399999618530273,20.5,20.0,20.399999618530273,16.01100730895996,29662700,
2017-05-12,20.399999618530273,20.700000762939453,20.200000762939453,20.700000762939453,16.246463775634766,24320100,
2017-05-15,20.600000381469727,20.600000381469727,20.600000381469727,20.600000381469727,16.16797637939453,2481900,
2017-05-16,20.600000381469727,20.600000381469727,19.200000762939453,19.299999237060547,15.147666931152344,216277400,
2017-05-17,19.299999237060547,19.399999618530273,18.600000381469727,18.799999237060547,14.755240440368652,104992700,
2017-05-18,18.700000762939453,19.0,18.600000381469727,18.600000381469727,14.598270416259766,63408500,
2017-05-19,18.600000381469727,18.600000381469727,18.200000762939453,18.200000762939453,14.28432846069336,113672300,
2017-05-22,18.299999237060547,18.600000381469727,18.299999237060547,18.299999237060547,14.362814903259277,75756000,
2017-05-23,18.399999618530273,18.5,18.299999237060547,18.399999618530273,14.441300392150879,48596900,
2017-05-24,18.299999237060547,18.399999618530273,18.100000381469727,18.200000762939453,14.28432846069336,50755800,
2017-05-25,18.299999237060547,18.799999237060547,18.299999237060547,18.600000381469727,14.598270416259766,60467800,
2017-05-26,18.700000762939453,18.899999618530273,18.600000381469727,18.600000381469727,14.598270416259766,29486600,
2017-05-29,18.700000762939453,18.799999237060547,18.5,18.600000381469727,14.598270416259766,17267600,
2017-05-30,18.600000381469727,18.600000381469727,18.5,18.600000381469727,14.598270416259766,25356400,
2017-05-31,18.600000381469727,18.799999237060547,18.600000381469727,18.600000381469727,14.598270416259766,31085300,
2017-06-01,18.600000381469727,18.700000762939453,18.5,18.5,14.519784927368164,15320400,
2017-06-02,18.5,18.700000762939453,18.299999237060547,18.600000381469727,14.598270416259766,31966900,
2017-06-05,18.600000381469727,18.799999237060547,18.5,18.799999237060547,14.755240440368652,27063200,
2017-06-06,18.700000762939453,19.100000381469727,18.600000381469727,19.100000381469727,14.990701675415039,39168400,
2017-06-07,19.100000381469727,19.5,19.0,19.399999618530273,15.226154327392578,43057700,
2017-06-08,19.299999237060547,19.399999618530273,19.100000381469727,19.200000762939453,15.069180488586426,20406800,
2017-06-09,19.200000762939453,19.299999237060547,19.100000381469727,19.200000762939453,15.069180488586426,11499400,
2017-06-12,19.100000381469727,19.200000762939453,18.899999618530273,18.899999618530273,14.83372688293457,18342100,
2017-06-13,18.799999237060547,19.0,18.799999237060547,18.799999237060547,14.755240440368652,13289400,
2017-06-14,19.0,19.200000762939453,18.899999618530273,19.200000762939453,15.069180488586426,20925800,
2017-06-15,19.200000762939453,19.399999618530273,19.100000381469727,19.200000762939453,15.069180488586426,22930600,
2017-06-16,19.100000381469727,19.200000762939453,18.899999618530273,19.0,14.912214279174805,20309600,
2017-06-19,19.0,19.0,18.799999237060547,18.799999237060547,14.755240440368652,15700000,
2017-06-20,18.899999618530273,18.899999618530273,18.5,18.700000762939453,14.676755905151367,45621000,
2017-06-21,18.700000762939453,19.0,18.600000381469727,19.0,14.912214279174805,19645100,
2017-06-22,19.0,19.200000762939453,18.899999618530273,19.0,14.912214279174805,19505300,
2017-06-23,19.0,19.100000381469727,18.799999237060547,18.899999618530273,14.83372688293457,12021700,
2017-06-26,19.0,19.399999618530273,18.899999618530273,19.299999237060547,15.147666931152344,37234900,
2017-06-27,19.399999618530273,19.5,19.200000762939453,19.200000762939453,15.069180488586426,25980300,
2017-06-28,19.200000762939453,19.399999618530273,19.200000762939453,19.299999237060547,15.147666931152344,17722700,
2017-06-29,19.399999618530273,19.5,19.299999237060547,19.299999237060547,15.147666931152344,31639500,
2017-06-30,19.299999237060547,19.399999618530273,19.200000762939453,19.200000762939453,15.069180488586426,13926600,
2017-07-03,19.299999237060547,19.700000762939453,19.299999237060547,19.5,15.304637908935547,53104600,
2017-07-04,19.600000381469727,20.0,19.600000381469727,19.899999618530273,15.618581771850586,52497600,
2017-07-05,20.0,20.200000762939453,19.899999618530273,20.100000381469727,15.775547981262207,57573100,
2017-07-06,20.0,20.100000381469727,19.600000381469727,19.799999237060547,15.540095329284668,42576700,
2017-07-07,19.700000762939453,19.899999618530273,19.700000762939453,19.799999237060547,15.540095329284668,8413800,
2017-07-11,19.700000762939453,19.799999237060547,19.399999618530273,19.399999618530273,15.226154327392578,26640300,
2017-07-12,19.399999618530273,19.5,19.100000381469727,19.200000762939453,15.069180488586426,24650300,
2017-07-13,19.299999237060547,19.299999237060547,19.0,19.0,14.912214279174805,24765600,
2017-07-14,18.899999618530273,19.100000381469727,18.799999237060547,19.0,14.912214279174805,28157400,
2017-07-17,19.100000381469727,19.399999618530273,19.0,19.0,14.912214279174805,23852600,
2017-07-18,19.100000381469727,19.299999237060547,19.0,19.299999237060547,15.147666931152344,18684100,
2017-07-19,19.399999618530273,19.399999618530273,19.200000762939453,19.299999237060547,15.147666931152344,17741200,
2017-07-20,19.299999237060547,19.600000381469727,19.200000762939453,19.299999237060547,15.147666931152344,19954000,
2017-07-21,19.299999237060547,19.299999237060547,19.0,19.100000381469727,14.990701675415039,26353300,
2017-07-24,19.0,19.100000381469727,18.799999237060547,18.899999618530273,14.83372688293457,19217300,
2017-07-25,18.899999618530273,19.200000762939453,18.899999618530273,19.0,14.912214279174805,12368400,
2017-07-26,19.0,19.299999237060547,19.0,19.100000381469727,14.990701675415039,9955900,
2017-07-27,19.100000381469727,19.200000762939453,19.0,19.100000381469727,14.990701675415039,12696700,
2017-07-31,19.100000381469727,19.200000762939453,18.899999618530273,19.100000381469727,14.990701675415039,29717600,
2017-08-01,19.100000381469727,19.100000381469727,19.0,19.0,14.912214279174805,6508700,
2017-08-02,19.100000381469727,19.700000762939453,19.100000381469727,19.600000381469727,15.383121490478516,83619000,
2017-08-03,19.5,19.700000762939453,19.399999618530273,19.600000381469727,15.383121490478516,48823100,
2017-08-04,19.600000381469727,19.700000762939453,19.399999618530273,19.600000381469727,15.383121490478516,24172700,
2017-08-07,19.700000762939453,19.700000762939453,19.5,19.600000381469727,15.383121490478516,19994800,
2017-08-08,19.600000381469727,19.700000762939453,19.399999618530273,19.5,15.304637908935547,18203800,
2017-08-09,19.5,19.5,19.100000381469727,19.200000762939453,15.069180488586426,20629800,
2017-08-10,19.100000381469727,19.200000762939453,19.0,19.100000381469727,14.990701675415039,17921500,
2017-08-11,19.100000381469727,19.700000762939453,19.100000381469727,19.5,15.304637908935547,49739000,
2017-08-15,19.700000762939453,19.899999618530273,19.5,19.799999237060547,15.540095329284668,45950500,
2017-08-16,19.799999237060547,20.0,19.600000381469727,19.899999618530273,15.618581771850586,25175900,
2017-08-17,19.899999618530273,20.200000762939453,19.799999237060547,20.0,15.697063446044922,40460900,
2017-08-18,20.0,20.200000762939453,19.899999618530273,20.200000762939453,15.854035377502441,36226700,
2017-08-21,20.200000762939453,20.200000762939453,19.799999237060547,19.899999618530273,15.618581771850586,28748700,
2017-08-22,19.899999618530273,20.0,19.700000762939453,19.799999237060547,15.540095329284668,21556500,
2017-08-23,19.799999237060547,19.899999618530273,19.600000381469727,19.799999237060547,15.540095329284668,29519500,
2017-08-24,19.899999618530273,20.700000762939453,19.899999618530273,20.5,16.08949089050293,158898300,
2017-08-25,20.700000762939453,20.899999618530273,20.399999618530273,20.399999618530273,16.01100730895996,63418800,
2017-08-28,20.600000381469727,20.600000381469727,20.600000381469727,20.600000381469727,16.16797637939453,4799900,
2017-08-29,20.600000381469727,21.100000381469727,20.5,20.899999618530273,16.40343475341797,108184000,
2017-08-30,21.0,21.100000381469727,20.799999237060547,21.0,16.481916427612305,45696400,
2017-08-31,21.0,21.100000381469727,20.799999237060547,20.899999618530273,16.40343475341797,45400800,
2017-09-01,20.899999618530273,21.0,20.5,20.700000762939453,16.246463775634766,28788700,
2017-09-04,20.799999237060547,21.0,20.700000762939453,20.899999618530273,16.40343475341797,10346200,
2017-09-05,21.0,21.0,20.600000381469727,20.700000762939453,16.246463775634766,18925800,
2017-09-06,20.700000762939453,20.799999237060547,20.600000381469727,20.700000762939453,16.246463775634766,12107100,
2017-09-07,20.899999618530273,20.899999618530273,20.5,20.600000381469727,16.16797637939453,31425100,
2017-09-08,20.700000762939453,20.899999618530273,20.700000762939453,20.899999618530273,16.40343475341797,33130500,
2017-09-11,20.899999618530273,21.100000381469727,20.700000762939453,20.700000762939453,16.246463775634766,29462900,
2017-09-12,20.700000762939453,20.899999618530273,20.700000762939453,20.700000762939453,16.349138259887695,13721800,0.13
2017-09-13,20.700000762939453,20.899999618530273,20.600000381469727,20.600000381469727,16.270156860351562,18898100,
2017-09-14,20.600000381469727,20.700000762939453,20.299999237060547,20.5,16.19117546081543,38396400,
2017-09-15,20.399999618530273,21.0,20.299999237060547,21.0,16.58608055114746,50415900,
2017-09-18,21.0,21.100000381469727,20.799999237060547,20.899999618530273,16.50710105895996,26813500,
2017-09-19,20.899999618530273,21.0,20.799999237060547,20.799999237060547,16.428117752075195,9551600,
2017-09-20,20.899999618530273,21.0,20.700000762939453,20.899999618530273,16.50710105895996,14026600,
2017-09-21,20.799999237060547,21.0,20.799999237060547,20.799999237060547,16.428117752075195,14504100,
2017-09-22,20.799999237060547,20.899999618530273,20.700000762939453,20.700000762939453,16.349138259887695,6780900,
2017-09-25,20.700000762939453,20.799999237060547,20.399999618530273,20.600000381469727,16.270156860351562,24519200,
2017-09-26,20.600000381469727,20.799999237060547,20.5,20.700000762939453,16.349138259887695,14724300,
2017-09-27,20.700000762939453,20.799999237060547,20.399999618530273,20.700000762939453,16.349138259887695,23291900,
2017-09-28,20.600000381469727,20.700000762939453,20.299999237060547,20.399999618530273,16.11219596862793,36807500,
2017-09-29,20.299999237060547,20.600000381469727,20.200000762939453,20.5,16.19117546081543,20165400,
2017-10-02,20.600000381469727,20.700000762939453,20.399999618530273,20.600000381469727,16.270156860351562,17918000,
2017-10-03,20.700000762939453,20.799999237060547,20.399999618530273,20.5,16.19117546081543,24762600,
2017-10-04,20.5,20.600000381469727,20.399999618530273,20.5,16.19117546081543,18337900,
2017-10-05,20.600000381469727,20.600000381469727,20.5,20.5,16.19117546081543,6539900,
2017-10-06,20.600000381469727,20.799999237060547,20.5,20.700000762939453,16.349138259887695,27758300,
2017-10-09,20.799999237060547,21.0,20.700000762939453,20.899999618530273,16.50710105895996,25607400,
2017-10-10,21.0,21.0,20.799999237060547,21.0,16.58608055114746,25312100,
2017-10-11,21.0,21.100000381469727,20.899999618530273,20.899999618530273,16.50710105895996,24294100,
2017-10-12,20.899999618530273,21.200000762939453,20.799999237060547,21.100000381469727,16.66506576538086,32448700,
2017-10-16,21.700000762939453,21.700000762939453,21.700000762939453,21.700000762939453,17.138952255249023,3578700,
2017-10-17,21.700000762939453,21.899999618530273,21.700000762939453,21.700000762939453,17.138952255249023,34864700,
2017-10-18,21.700000762939453,21.799999237060547,21.5,21.5,16.980985641479492,28348500,
2017-10-19,21.5,21.600000381469727,20.799999237060547,21.0,16.58608055114746,46632500,
2017-10-20,21.0,21.299999237060547,21.0,21.299999237060547,16.823026657104492,13809600,
2017-10-24,21.299999237060547,21.399999618530273,21.200000762939453,21.200000762939453,16.744043350219727,22567000,
2017-10-25,21.200000762939453,21.399999618530273,21.100000381469727,21.299999237060547,16.823026657104492,10006600,
2017-10-27,21.5,21.700000762939453,21.399999618530273,21.5,16.980985641479492,25005100,
2017-10-30,21.5,21.600000381469727,21.299999237060547,21.5,16.980985641479492,26709500,
2017-10-31,21.5,21.5,21.100000381469727,21.200000762939453,16.744043350219727,27841600,
2017-11-01,21.299999237060547,21.399999618530273,21.100000381469727,21.100000381469727,16.66506576538086,12143700,
2017-11-02,21.200000762939453,21.5,21.100000381469727,21.200000762939453,16.744043350219727,21853300,
2017-11-03,21.299999237060547,21.299999237060547,21.100000381469727,21.299999237060547,16.823026657104492,10911500,
2017-11-06,21.299999237060547,21.299999237060547,20.899999618530273,21.100000381469727,16.66506576538086,15122600,
2017-11-07,21.100000381469727,21.399999618530273,21.0,21.0,16.58608055114746,17800500,
2017-11-08,21.100000381469727,21.200000762939453,20.899999618530273,21.100000381469727,16.66506576538086,14275400,
2017-11-09,21.100000381469727,21.200000762939453,20.899999618530273,20.899999618530273,16.50710105895996,12442400,
2017-11-10,20.899999618530273,21.100000381469727,20.899999618530273,21.0,16.58608055114746,14735200,
2017-11-13,21.5,21.799999237060547,21.5,21.700000762939453,17.138952255249023,57163000,
2017-11-14,21.799999237060547,21.799999237060547,21.299999237060547,21.799999237060547,17.217931747436523,40311200,
2017-11-15,21.799999237060547,21.799999237060547,21.5,21.600000381469727,17.059972763061523,17849700,
2017-11-16,21.700000762939453,21.700000762939453,21.5,21.600000381469727,17.059972763061523,12272400,
2017-11-17,21.700000762939453,21.799999237060547,21.5,21.799999237060547,17.217931747436523,15449400,
2017-11-20,21.799999237060547,21.899999618530273,21.600000381469727,21.799999237060547,17.217931747436523,20685900,
2017-11-21,21.899999618530273,21.899999618530273,21.899999618530273,21.899999618530273,17.296916961669922,22143500,
2017-11-22,21.899999618530273,21.899999618530273,21.799999237060547,21.799999237060547,17.217931747436523,10224200,
2017-11-23,21.799999237060547,22.100000381469727,21.700000762939453,21.899999618530273,17.296916961669922,84897500,
2017-11-24,22.0,22.0,21.600000381469727,21.600000381469727,17.059972763061523,25008000,
2017-11-27,21.600000381469727,21.600000381469727,21.200000762939453,21.399999618530273,16.902006149291992,17037500,
2017-11-28,21.399999618530273,21.700000762939453,21.299999237060547,21.600000381469727,17.059972763061523,26250800,
2017-11-29,21.600000381469727,21.700000762939453,21.299999237060547,21.299999237060547,16.823026657104492,28852900,
2017-11-30,21.299999237060547,21.5,21.200000762939453,21.299999237060547,16.823026657104492,22265700,
2017-12-01,21.399999618530273,21.399999618530273,21.200000762939453,21.200000762939453,16.744043350219727,8886200,
2017-12-04,21.5,21.700000762939453,21.399999618530273,21.700000762939453,17.138952255249023,25614000,
2017-12-06,21.700000762939453,21.700000762939453,21.299999237060547,21.5,16.980985641479492,22742700,
2017-12-07,21.399999618530273,21.399999618530273,21.200000762939453,21.299999237060547,16.823026657104492,21191400,
2017-12-08,21.399999618530273,21.5,21.299999237060547,21.299999237060547,16.823026657104492,18728000,
2017-12-12,21.399999618530273,21.799999237060547,21.299999237060547,21.600000381469727,17.059972763061523,32302800,
2017-12-13,21.700000762939453,21.799999237060547,21.100000381469727,21.5,16.980985641479492,26745500,
2017-12-14,21.299999237060547,21.399999618530273,21.0,21.299999237060547,16.823026657104492,44617900,
2017-12-15,21.299999237060547,21.399999618530273,21.200000762939453,21.299999237060547,16.823026657104492,14448200,
2017-12-18,21.399999618530273,21.399999618530273,21.100000381469727,21.100000381469727,16.66506576538086,20104200,
2017-12-19,21.299999237060547,21.799999237060547,21.200000762939453,21.799999237060547,17.217931747436523,65866400,
2017-12-20,21.799999237060547,21.799999237060547,21.5,21.600000381469727,17.059972763061523,22227300,
2017-12-21,21.600000381469727,21.600000381469727,21.399999618530273,21.600000381469727,17.059972763061523,9440500,
2017-12-22,21.700000762939453,21.700000762939453,21.200000762939453,21.399999618530273,16.902006149291992,33044200,
2017-12-25,21.399999618530273,21.5,21.100000381469727,21.200000762939453,16.744043350219727,16810700,
2017-12-26,21.299999237060547,21.5,21.100000381469727,21.200000762939453,16.744043350219727,24315300,
2017-12-27,21.299999237060547,21.299999237060547,21.0,21.100000381469727,16.66506576538086,31394700,
2017-12-28,21.100000381469727,21.200000762939453,21.0,21.0,16.58608055114746,31370400,
2017-12-29,21.100000381469727,21.399999618530273,20.899999618530273,20.899999618530273,16.50710105895996,38109100,
2018-01-03,20.899999618530273,21.200000762939453,20.700000762939453,21.0,16.58608055114746,79509600,
2018-01-04,21.299999237060547,21.5,20.899999618530273,21.100000381469727,16.66506576538086,47094200,
2018-01-05,21.200000762939453,21.299999237060547,20.899999618530273,20.899999618530273,16.50710105895996,46785800,
2018-01-08,21.0,21.299999237060547,20.899999618530273,21.0,16.58608055114746,30176600,
2018-01-09,21.0,21.0,21.0,21.0,16.58608055114746,2417900,
2018-01-10,21.0,21.299999237060547,21.0,21.100000381469727,16.66506576538086,33334500,
2018-01-11,21.100000381469727,21.200000762939453,20.700000762939453,21.0,16.58608055114746,41216700,
2018-01-12,21.0,21.200000762939453,21.0,21.100000381469727,16.66506576538086,20132600,
2018-01-15,21.0,21.100000381469727,20.600000381469727,20.799999237060547,16.428117752075195,41170500,
2018-01-16,20.899999618530273,21.0,20.700000762939453,20.899999618530273,16.50710105895996,15305900,
2018-01-17,20.899999618530273,20.899999618530273,20.700000762939453,20.799999237060547,16.428117752075195,21094800,
2018-01-18,20.799999237060547,21.0,20.799999237060547,20.899999618530273,16.50710105895996,28063300,
2018-01-19,21.0,21.200000762939453,20.700000762939453,21.200000762939453,16.744043350219727,35518800,
2018-01-22,21.200000762939453,21.299999237060547,21.0,21.200000762939453,16.744043350219727,15082000,
2018-01-23,21.200000762939453,21.200000762939453,21.0,21.100000381469727,16.66506576538086,15407400,
2018-01-24,21.0,21.200000762939453,20.899999618530273,21.200000762939453,16.744043350219727,14640400,
2018-01-25,21.200000762939453,21.200000762939453,20.899999618530273,21.0,16.58608055114746,16776500,
2018-01-26,21.0,21.200000762939453,20.899999618530273,21.100000381469727,16.66506576538086,21466000,
2018-01-29,21.0,21.5,21.0,21.399999618530273,16.902006149291992,35583500,
2018-01-30,21.399999618530273,21.600000381469727,21.299999237060547,21.600000381469727,17.059972763061523,36324300,
2018-01-31,21.5,21.700000762939453,21.399999618530273,21.600000381469727,17.059972763061523,45270200,
2018-02-01,21.600000381469727,22.5,21.600000381469727,22.399999618530273,17.691822052001953,93738400,
2018-02-02,22.299999237060547,22.5,21.899999618530273,22.200000762939453,17.533859252929688,46781000,
2018-02-05,21.799999237060547,22.0,21.700000762939453,22.0,17.37589454650879,34412000,
2018-02-06,21.5,21.899999618530273,21.399999618530273,21.799999237060547,17.217931747436523,55005100,
2018-02-07,21.700000762939453,21.799999237060547,21.5,21.700000762939453,17.138952255249023,33566200,
2018-02-08,21.799999237060547,22.100000381469727,21.600000381469727,21.700000762939453,17.138952255249023,38968300,
2018-02-09,21.5,21.700000762939453,21.299999237060547,21.600000381469727,17.059972763061523,40559500,
2018-02-12,21.600000381469727,22.299999237060547,21.600000381469727,22.299999237060547,17.612836837768555,29725700,
2018-02-13,22.299999237060547,22.299999237060547,22.0,22.299999237060547,17.612836837768555,25264000,
2018-02-14,22.299999237060547,22.399999618530273,21.899999618530273,22.100000381469727,17.454875946044922,21159900,
2018-02-15,22.200000762939453,22.5,22.100000381469727,22.5,17.77079963684082,29072300,
2018-02-16,22.5,22.700000762939453,22.299999237060547,22.700000762939453,17.928768157958984,25430200,
2018-02-19,22.700000762939453,22.799999237060547,22.399999618530273,22.399999618530273,17.691822052001953,19579700,
2018-02-20,22.5,22.600000381469727,22.100000381469727,22.299999237060547,17.612836837768555,11304500,
2018-02-21,22.200000762939453,22.299999237060547,21.899999618530273,22.100000381469727,17.454875946044922,16973700,
2018-02-22,22.200000762939453,22.399999618530273,21.899999618530273,21.899999618530273,17.296916961669922,24359300,
2018-02-23,21.899999618530273,22.5,21.899999618530273,22.5,17.77079963684082,20580900,
2018-02-26,22.600000381469727,22.600000381469727,22.299999237060547,22.600000381469727,17.84978485107422,10038900,
2018-02-27,22.600000381469727,22.600000381469727,22.100000381469727,22.200000762939453,17.533859252929688,31055400,
2018-02-28,22.100000381469727,22.399999618530273,22.100000381469727,22.100000381469727,17.454875946044922,21731000,
2018-03-02,22.0,22.600000381469727,21.899999618530273,22.600000381469727,17.84978485107422,32048300,
2018-03-05,22.600000381469727,22.600000381469727,22.299999237060547,22.5,17.77079963684082,15920200,
2018-03-06,22.200000762939453,22.200000762939453,22.200000762939453,22.200000762939453,17.533859252929688,3612300,
2018-03-07,22.299999237060547,22.399999618530273,22.100000381469727,22.399999618530273,17.691822052001953,14122000,
2018-03-08,22.600000381469727,23.200000762939453,22.5,23.100000381469727,18.244691848754883,75360300,
2018-03-09,23.200000762939453,23.200000762939453,22.799999237060547,23.100000381469727,18.244691848754883,32955600,
2018-03-12,23.100000381469727,23.100000381469727,22.700000762939453,22.899999618530273,18.08672332763672,24361100,
2018-03-13,23.0,23.100000381469727,22.799999237060547,23.0,18.165706634521484,23049300,
2018-03-14,22.899999618530273,22.899999618530273,22.299999237060547,22.399999618530273,17.87052345275879,31869800,0.23
2018-03-15,22.5,22.899999618530273,22.399999618530273,22.700000762939453,18.10986328125,27887700,
2018-03-16,22.899999618530273,22.899999618530273,22.399999618530273,22.600000381469727,18.03008270263672,23988500,
2018-03-19,22.700000762939453,23.0,22.600000381469727,22.700000762939453,18.10986328125,16426500,
2018-03-20,22.600000381469727,22.799999237060547,22.5,22.700000762939453,18.10986328125,19021600,
2018-03-21,22.799999237060547,22.799999237060547,22.600000381469727,22.700000762939453,18.10986328125,9449200,
2018-03-22,22.600000381469727,22.799999237060547,22.299999237060547,22.299999237060547,17.790742874145508,17472400,
2018-03-23,22.299999237060547,22.799999237060547,22.100000381469727,22.799999237060547,18.189640045166016,25877100,
2018-03-26,22.700000762939453,22.899999618530273,22.600000381469727,22.799999237060547,18.189640045166016,6090800,
2018-03-27,22.899999618530273,23.0,22.700000762939453,22.899999618530273,18.269418716430664,12570700,
2018-03-28,22.899999618530273,23.299999237060547,22.799999237060547,23.0,18.34920310974121,39381700,
2018-03-29,23.0,23.5,23.0,23.5,18.748096466064453,57068900,
2018-03-30,23.5,23.5,23.200000762939453,23.5,18.748096466064453,36928700,
2018-04-02,23.600000381469727,23.799999237060547,23.399999618530273,23.799999237060547,18.9874324798584,47009800,
2018-04-03,23.700000762939453,23.700000762939453,23.399999618530273,23.5,18.748096466064453,28305600,
2018-04-04,23.5,23.600000381469727,23.100000381469727,23.5,18.748096466064453,33685600,
2018-04-05,23.299999237060547,23.600000381469727,23.0,23.100000381469727,18.428977966308594,34924300,
2018-04-09,23.100000381469727,24.0,23.100000381469727,23.899999618530273,19.06721305847168,46301000,
2018-04-10,23.899999618530273,24.0,23.399999618530273,23.700000762939453,18.90765380859375,26270500,
2018-04-11,23.799999237060547,24.100000381469727,23.600000381469727,23.600000381469727,18.827878952026367,47471600,
2018-04-12,23.600000381469727,23.600000381469727,23.299999237060547,23.299999237060547,18.588539123535156,24271000,
2018-04-17,23.399999618530273,23.5,23.100000381469727,23.100000381469727,18.428977966308594,26251200,
2018-04-18,23.200000762939453,23.5,23.200000762939453,23.399999618530273,18.668317794799805,12629900,
2018-04-19,23.5,23.700000762939453,23.299999237060547,23.700000762939453,18.90765380859375,18353900,
2018-04-20,23.5,23.600000381469727,23.200000762939453,23.299999237060547,18.588539123535156,17041500,
2018-04-23,23.399999618530273,23.799999237060547,23.299999237060547,23.399999618530273,18.668317794799805,28645900,
2018-04-24,23.600000381469727,24.0,23.5,23.799999237060547,18.9874324798584,39957400,
2018-04-25,23.600000381469727,23.799999237060547,23.299999237060547,23.700000762939453,18.90765380859375,33872900,
2018-04-26,23.799999237060547,23.799999237060547,23.399999618530273,23.5,18.748096466064453,18402800,
2018-04-27,23.5,23.700000762939453,22.799999237060547,23.0,18.34920310974121,38773000,
2018-04-30,23.0,23.200000762939453,22.399999618530273,22.5,17.950307846069336,39036700,
2018-05-02,22.600000381469727,22.899999618530273,22.5,22.799999237060547,18.189640045166016,30741200,
2018-05-03,22.799999237060547,23.200000762939453,22.799999237060547,22.899999618530273,18.269418716430664,15323600,
2018-05-04,22.700000762939453,23.0,22.700000762939453,22.799999237060547,18.189640045166016,12228500,
2018-05-07,22.799999237060547,22.899999618530273,22.100000381469727,22.299999237060547,17.790742874145508,45948200,
2018-05-08,22.299999237060547,22.399999618530273,22.100000381469727,22.200000762939453,17.71097183227539,10913800,
2018-05-09,22.299999237060547,22.600000381469727,22.200000762939453,22.399999618530273,17.87052345275879,32668000,
2018-05-10,22.700000762939453,23.100000381469727,22.600000381469727,23.0,18.34920310974121,30208900,
2018-05-11,23.0,23.5,22.899999618530273,23.5,18.748096466064453,32274200,
2018-05-14,23.799999237060547,23.799999237060547,23.399999618530273,23.600000381469727,18.827878952026367,19632300,
2018-05-15,24.799999237060547,25.75,24.399999618530273,24.799999237060547,19.785226821899414,170133800,
2018-05-16,24.600000381469727,24.799999237060547,24.299999237060547,24.5,19.545888900756836,61499700,
2018-05-17,24.399999618530273,25.5,24.399999618530273,25.5,20.343677520751953,69260300,
2018-05-18,25.5,26.25,25.5,26.25,20.942018508911133,107545600,
2018-05-21,26.25,26.5,25.5,26.25,20.942018508911133,39578200,
2018-05-22,26.25,26.5,25.75,26.25,20.942018508911133,45810500,
2018-05-23,26.0,27.0,26.0,26.25,20.942018508911133,59766900,
2018-05-24,26.25,27.0,26.25,26.75,21.340919494628906,58399800,
2018-05-25,26.75,27.0,26.0,27.0,21.540361404418945,59588000,
2018-05-28,27.0,27.25,26.75,27.25,21.739816665649414,18986900,
2018-05-30,27.0,27.0,26.0,26.0,20.74257469177246,54766600,
2018-05-31,26.5,27.0,26.25,26.75,21.340919494628906,48097700,
2018-06-01,26.5,26.75,26.25,26.75,21.340919494628906,24479300,
2018-06-04,26.5,27.25,26.5,26.75,21.340919494628906,43847200,
2018-06-05,27.0,27.25,26.25,26.25,20.942018508911133,57544800,
2018-06-06,26.25,26.5,25.25,25.25,20.14423370361328,80825200,
2018-06-07,25.25,25.75,24.799999237060547,25.0,19.944786071777344,79135500,
2018-06-08,25.0,25.25,24.700000762939453,25.0,19.944786071777344,36862000,
2018-06-11,25.25,25.25,24.899999618530273,25.25,20.14423370361328,26234300,
2018-06-12,25.25,26.25,25.0,25.5,20.343677520751953,52973800,
2018-06-13,25.5,25.75,25.0,25.5,20.343677520751953,51008000,
2018-06-14,25.5,25.5,25.0,25.0,19.944786071777344,20592600,
2018-06-15,25.0,25.25,24.700000762939453,24.899999618530273,19.865001678466797,45483300,
2018-06-18,24.799999237060547,25.0,24.600000381469727,24.600000381469727,19.625667572021484,29791900,
2018-06-19,24.5,25.0,24.0,24.0,19.146987915039062,73240200,
2018-06-20,24.0,25.5,24.0,25.5,20.343677520751953,58919700,
2018-06-21,25.0,25.5,24.799999237060547,25.5,20.343677520751953,49804300,
2018-06-22,25.5,25.75,25.0,25.0,19.944786071777344,32329900,
2018-06-25,25.0,25.5,25.0,25.25,20.14423370361328,22122900,
2018-06-26,25.0,25.25,24.700000762939453,24.799999237060547,19.785226821899414,24147100,
2018-06-27,24.799999237060547,25.0,24.399999618530273,24.600000381469727,19.625667572021484,29611800,
2018-06-28,24.600000381469727,25.25,24.5,24.899999618530273,19.865001678466797,38278400,
2018-06-29,24.799999237060547,25.0,24.399999618530273,25.0,19.944786071777344,54232000,
2018-07-02,25.0,25.25,24.600000381469727,24.700000762939453,19.7054443359375,29639300,
2018-07-03,24.600000381469727,26.0,24.5,26.0,20.74257469177246,45455200,
2018-07-04,25.75,26.0,25.5,26.0,20.74257469177246,26667700,
2018-07-05,26.0,26.0,25.0,25.25,20.14423370361328,46873400,
2018-07-06,25.25,26.0,24.899999618530273,25.75,20.543127059936523,36737100,
2018-07-09,26.0,26.25,25.75,25.75,20.543127059936523,18942900,
2018-07-10,26.0,26.0,25.5,26.0,20.74257469177246,12758400,
2018-07-11,26.0,26.0,25.25,25.25,20.14423370361328,15797300,
2018-07-12,25.25,26.0,25.25,25.75,20.543127059936523,31012300,
2018-07-13,26.0,26.25,25.5,26.0,20.74257469177246,23905500,
2018-07-16,25.75,26.0,25.5,26.0,20.74257469177246,9877700,
2018-07-17,25.75,26.25,25.5,26.25,20.942018508911133,20549000,
2018-07-18,26.25,26.5,26.0,26.25,20.942018508911133,15094100,
2018-07-19,26.25,26.5,25.75,26.0,20.74257469177246,21116400,
2018-07-20,26.25,26.5,26.0,26.0,20.74257469177246,27073300,
2018-07-23,26.25,26.75,26.25,26.5,21.141468048095703,44969500,
2018-07-24,26.75,27.25,26.5,26.75,21.340919494628906,50858900,
2018-07-25,27.0,28.0,27.0,27.25,21.739816665649414,68163900,
2018-07-26,27.25,27.75,26.75,27.0,21.540361404418945,32638300,
2018-07-31,27.0,27.0,26.5,26.5,21.141468048095703,31773000,
2018-08-01,27.0,27.25,26.75,27.25,21.739816665649414,48919800,
2018-08-02,27.0,27.25,26.75,27.0,21.540361404418945,41129300,
2018-08-03,27.0,27.5,26.75,27.0,21.540361404418945,32718500,
2018-08-06,27.0,27.0,25.5,26.0,20.74257469177246,57008400,
2018-08-07,25.75,26.0,25.5,26.0,20.74257469177246,41700900,
2018-08-08,26.0,27.5,26.0,27.0,21.540361404418945,69825800,
2018-08-09,27.25,27.5,26.75,27.0,21.540361404418945,36558500,
2018-08-10,27.0,27.25,26.75,26.75,21.340919494628906,13763300,
2018-08-14,26.75,26.75,26.0,26.25,20.942018508911133,42515900,
2018-08-15,26.0,26.25,25.25,25.5,20.343677520751953,43090200,
2018-08-16,25.5,25.75,25.0,25.5,20.343677520751953,32570400,
2018-08-17,25.75,26.25,25.5,25.5,20.343677520751953,44439800,
2018-08-20,25.75,26.75,25.5,26.5,21.141468048095703,40393400,
2018-08-21,26.5,26.75,25.25,25.75,20.543127059936523,57209600,
2018-08-22,25.75,26.25,25.75,26.0,20.74257469177246,18957200,
2018-08-23,26.25,26.5,25.75,26.5,21.141468048095703,20376200,
2018-08-24,26.25,26.5,26.0,26.5,21.141468048095703,11698500,
2018-08-27,26.5,26.75,26.25,26.75,21.340919494628906,13302400,
2018-08-28,27.0,27.25,26.5,27.0,21.540361404418945,27492100,
2018-08-29,26.75,27.0,26.5,26.75,21.340919494628906,11096800,
2018-08-30,27.0,27.0,26.25,26.25,20.942018508911133,12658900,
2018-08-31,26.25,26.75,26.0,26.25,20.942018508911133,24094300,
2018-09-03,26.25,26.5,26.0,26.25,20.942018508911133,13311200,
2018-09-04,26.5,26.5,26.0,26.0,20.74257469177246,16954500,
2018-09-05,26.0,26.5,26.0,26.25,20.942018508911133,30676900,
2018-09-06,26.25,26.5,26.0,26.0,20.74257469177246,28185800,
2018-09-07,26.0,26.5,26.0,26.25,20.942018508911133,15195900,
2018-09-10,26.25,26.5,26.25,26.5,21.141468048095703,10252200,
2018-09-11,26.5,26.75,26.0,26.0,20.74257469177246,24330300,
2018-09-12,25.75,26.25,25.75,26.25,21.047258377075195,20613600,0.13
2018-09-13,26.0,26.75,26.0,26.25,21.047258377075195,39956800,
2018-09-14,26.5,26.75,25.75,25.75,20.646358489990234,37659100,
2018-09-17,25.75,26.0,25.5,25.75,20.646358489990234,29186800,
2018-09-18,25.75,26.5,25.5,26.0,20.846811294555664,43076400,
2018-09-19,26.0,26.25,25.75,26.0,20.846811294555664,24829100,
2018-09-20,26.25,26.25,25.25,25.25,20.245460510253906,42014000,
2018-09-21,25.5,25.75,25.25,25.25,20.245460510253906,54576300,
2018-09-24,25.25,25.75,25.0,25.25,20.245460510253906,35380500,
2018-09-25,25.25,25.5,25.0,25.25,20.245460510253906,22018600,
2018-09-26,25.5,25.75,25.25,25.5,20.445903778076172,15323000,
2018-09-27,25.25,25.5,25.0,25.5,20.445903778076172,39660700,
2018-09-28,25.75,25.75,25.25,25.5,20.445903778076172,24818100,
2018-10-01,25.5,25.75,25.0,25.25,20.245460510253906,23669900,
2018-10-02,25.0,25.5,25.0,25.0,20.04500961303711,25457800,
2018-10-03,25.0,25.25,25.0,25.0,20.04500961303711,7323100,
2018-10-04,25.0,25.25,24.899999618530273,25.0,20.04500961303711,19032000,
2018-10-05,25.0,25.25,24.899999618530273,25.0,20.04500961303711,16857100,
2018-10-08,24.899999618530273,25.25,24.799999237060547,24.899999618530273,19.964828491210938,25201700,
2018-10-09,24.799999237060547,25.0,24.700000762939453,24.799999237060547,19.8846492767334,17494300,
2018-10-10,25.0,25.25,24.799999237060547,25.25,20.245460510253906,23717000,
2018-10-11,24.700000762939453,25.25,24.600000381469727,24.799999237060547,19.8846492767334,48283900,
2018-10-12,25.0,25.0,24.899999618530273,24.899999618530273,19.964828491210938,12431300,
2018-10-16,25.25,25.25,25.0,25.0,20.04500961303711,19497800,
2018-10-17,25.25,25.5,25.0,25.0,20.04500961303711,17261500,
2018-10-18,25.0,25.25,24.799999237060547,25.0,20.04500961303711,18782700,
2018-10-19,24.899999618530273,25.0,24.799999237060547,25.0,20.04500961303711,22144700,
2018-10-22,25.0,25.0,24.799999237060547,25.0,20.04500961303711,13113600,
2018-10-24,24.700000762939453,24.799999237060547,24.399999618530273,24.399999618530273,19.563926696777344,34817800,
2018-10-25,24.299999237060547,24.799999237060547,24.0,24.700000762939453,19.80447006225586,48847600,
2018-10-26,24.399999618530273,24.5,24.200000762939453,24.299999237060547,19.483747482299805,14654300,
2018-10-29,24.399999618530273,24.799999237060547,24.200000762939453,24.399999618530273,19.563926696777344,16144900,
2018-10-30,24.399999618530273,24.600000381469727,24.200000762939453,24.399999618530273,19.563926696777344,16135700,
2018-10-31,24.399999618530273,24.700000762939453,24.200000762939453,24.5,19.64411163330078,25623100,
2018-11-01,24.799999237060547,25.0,24.399999618530273,24.799999237060547,19.8846492767334,45398400,
2018-11-02,24.899999618530273,25.25,24.799999237060547,24.799999237060547,19.8846492767334,44861700,
2018-11-05,24.600000381469727,25.25,24.600000381469727,25.0,20.04500961303711,19971600,
2018-11-06,25.0,25.0,24.799999237060547,24.799999237060547,19.8846492767334,13572700,
2018-11-07,24.899999618530273,25.25,24.799999237060547,25.0,20.04500961303711,25255500,
2018-11-08,25.0,25.0,24.799999237060547,25.0,20.04500961303711,24723600,
2018-11-09,24.799999237060547,24.899999618530273,24.600000381469727,24.799999237060547,19.8846492767334,11304500,
2018-11-12,24.700000762939453,24.899999618530273,24.600000381469727,24.600000381469727,19.724287033081055,7065200,
2018-11-13,24.5,24.600000381469727,24.200000762939453,24.399999618530273,19.563926696777344,19400900,
2018-11-14,24.399999618530273,24.700000762939453,24.399999618530273,24.600000381469727,19.724287033081055,16425200,
2018-11-15,25.0,25.75,24.899999618530273,25.25,20.245460510253906,70211800,
2018-11-16,25.5,25.75,25.0,25.0,20.04500961303711,36897400,
2018-11-19,25.0,25.25,25.0,25.0,20.04500961303711,14683500,
2018-11-20,25.0,25.5,24.899999618530273,25.25,20.245460510253906,22766300,
2018-11-21,25.25,25.5,25.0,25.5,20.445903778076172,30040400,
2018-11-22,25.75,26.0,25.5,25.75,20.646358489990234,35534000,
2018-11-23,26.0,26.25,25.75,26.0,20.846811294555664,17928300,
2018-11-26,26.0,26.25,25.75,26.0,20.846811294555664,18730700,
2018-11-27,26.0,26.5,26.0,26.25,21.047258377075195,36595100,
2018-11-28,26.25,26.75,26.0,26.25,21.047258377075195,20632400,
2018-11-29,26.75,26.75,26.25,26.25,21.047258377075195,22957300,
2018-11-30,26.25,26.75,26.25,26.75,21.44816017150879,24598400,
2018-12-03,26.75,27.0,26.5,26.75,21.44816017150879,33691500,
2018-12-04,26.75,27.0,26.5,26.75,21.44816017150879,35540700,
2018-12-06,26.25,26.75,26.25,26.75,21.44816017150879,26046700,
2018-12-07,26.75,27.0,26.5,26.75,21.44816017150879,16998400,
2018-12-11,26.75,27.0,26.0,26.0,20.846811294555664,40196100,
2018-12-12,26.25,26.25,25.75,25.75,20.646358489990234,42397000,
2018-12-13,26.0,26.5,25.75,26.25,21.047258377075195,38487400,
2018-12-14,26.25,26.5,26.0,26.0,20.846811294555664,18798000,
2018-12-17,26.25,27.0,26.0,26.5,21.247709274291992,32197900,
2018-12-18,26.5,26.75,26.25,26.5,21.247709274291992,37933900,
2018-12-19,26.25,27.0,26.0,27.0,21.648605346679688,33755300,
2018-12-20,26.75,27.0,26.5,26.75,21.44816017150879,30815600,
2018-12-21,26.5,27.0,26.5,26.75,21.44816017150879,45752200,
2018-12-24,26.5,26.75,26.25,26.5,21.247709274291992,16380100,
2018-12-25,26.25,26.5,26.0,26.0,20.846811294555664,8042300,
2018-12-26,26.25,26.5,26.0,26.25,21.047258377075195,17443600,
2018-12-27,26.5,26.75,24.5,24.5,19.64411163330078,77238300,
2018-12-28,24.399999618530273,24.799999237060547,24.299999237060547,24.799999237060547,19.8846492767334,41735400,
2019-01-02,24.899999618530273,25.25,24.299999237060547,24.5,19.64411163330078,49934800,
2019-01-03,24.5,24.799999237060547,24.5,24.600000381469727,19.724287033081055,28868500,
2019-01-04,24.799999237060547,25.25,24.700000762939453,25.0,20.04500961303711,40687400,
2019-01-07,25.25,25.5,25.0,25.25,20.245460510253906,25994400,
2019-01-08,25.0,25.25,24.399999618530273,24.700000762939453,19.80447006225586,48434800,
2019-01-09,24.700000762939453,24.899999618530273,22.299999237060547,22.700000762939453,18.200868606567383,259396400,
2019-01-10,22.100000381469727,22.799999237060547,21.799999237060547,22.799999237060547,18.28104591369629,266225100,
2019-01-11,23.0,23.100000381469727,22.700000762939453,22.899999618530273,18.361225128173828,115816500,
2019-01-14,23.399999618530273,23.899999618530273,23.299999237060547,23.5,18.842308044433594,132246000,
2019-01-15,23.700000762939453,23.799999237060547,23.299999237060547,23.5,18.842308044433594,45838600,
2019-01-16,23.600000381469727,24.0,23.5,23.799999237060547,19.082847595214844,63282900,
2019-01-17,23.700000762939453,23.799999237060547,23.299999237060547,23.600000381469727,18.9224910736084,41630000,
2019-01-18,23.600000381469727,23.799999237060547,23.399999618530273,23.600000381469727,18.9224910736084,27309100,
2019-01-21,21.799999237060547,22.700000762939453,21.5,21.600000381469727,17.31888771057129,308760700,
2019-01-22,21.799999237060547,22.899999618530273,21.799999237060547,22.700000762939453,18.200868606567383,227112000,
2019-01-23,22.899999618530273,23.399999618530273,22.799999237060547,23.0,18.4414119720459,91920900,
2019-01-24,23.299999237060547,23.799999237060547,23.299999237060547,23.600000381469727,18.9224910736084,95417400,
2019-01-25,23.899999618530273,24.200000762939453,23.799999237060547,24.100000381469727,19.323387145996094,62588500,
2019-01-28,24.299999237060547,24.299999237060547,24.100000381469727,24.200000762939453,19.403568267822266,37746400,
2019-01-29,24.0,24.299999237060547,24.0,24.200000762939453,19.403568267822266,27050800,
2019-01-30,24.200000762939453,24.200000762939453,23.700000762939453,23.899999618530273,19.16302490234375,40370100,
2019-01-31,24.0,24.0,23.399999618530273,23.600000381469727,18.9224910736084,68309900,
2019-02-01,23.600000381469727,24.0,23.600000381469727,23.700000762939453,19.002668380737305,41019500,
2019-02-04,23.700000762939453,24.0,23.700000762939453,23.799999237060547,19.082847595214844,17406600,
2019-02-05,23.799999237060547,24.100000381469727,23.5,23.799999237060547,19.082847595214844,33518700,
2019-02-06,23.799999237060547,23.799999237060547,23.399999618530273,23.600000381469727,18.9224910736084,58700500,
2019-02-07,23.5,23.600000381469727,23.100000381469727,23.299999237060547,18.681949615478516,64199300,
2019-02-08,23.200000762939453,24.0,23.200000762939453,23.899999618530273,19.16302490234375,61158300,
2019-02-11,23.700000762939453,23.799999237060547,23.299999237060547,23.399999618530273,18.762128829956055,44209500,
2019-02-12,23.5,23.799999237060547,23.399999618530273,23.600000381469727,18.9224910736084,45356200,
2019-02-13,23.799999237060547,23.799999237060547,23.299999237060547,23.700000762939453,19.002668380737305,30599600,
2019-02-14,23.799999237060547,23.799999237060547,23.600000381469727,23.700000762939453,19.002668380737305,24861000,
2019-02-15,23.700000762939453,24.0,23.700000762939453,23.799999237060547,19.082847595214844,49279300,
2019-02-18,23.899999618530273,23.899999618530273,23.5,23.700000762939453,19.002668380737305,24536200,
2019-02-20,23.799999237060547,24.299999237060547,23.600000381469727,24.299999237060547,19.483747482299805,67947900,
2019-02-21,24.200000762939453,24.399999618530273,24.0,24.100000381469727,19.323387145996094,34230100,
2019-02-22,24.100000381469727,24.200000762939453,23.899999618530273,24.0,19.243206024169922,36008500,
2019-02-25,24.200000762939453,24.600000381469727,24.100000381469727,24.299999237060547,19.483747482299805,28355500,
2019-02-26,24.200000762939453,24.399999618530273,24.0,24.0,19.243206024169922,31656300,
2019-02-27,24.0,24.200000762939453,23.899999618530273,24.100000381469727,19.323387145996094,23380500,
2019-02-28,24.0,24.100000381469727,23.5,23.600000381469727,18.9224910736084,38245400,
2019-03-01,23.600000381469727,24.0,23.600000381469727,23.600000381469727,18.9224910736084,36578600,
2019-03-04,23.700000762939453,23.899999618530273,23.5,23.600000381469727,18.9224910736084,54762100,
2019-03-05,23.600000381469727,23.700000762939453,23.399999618530273,23.5,18.842308044433594,30218100,
2019-03-06,23.5,23.5,23.100000381469727,23.299999237060547,18.681949615478516,41785900,
2019-03-07,23.299999237060547,23.5,23.100000381469727,23.399999618530273,18.762128829956055,35197700,
2019-03-08,23.399999618530273,23.600000381469727,23.299999237060547,23.5,18.842308044433594,35887300,
2019-03-11,23.600000381469727,23.700000762939453,23.399999618530273,23.5,18.842308044433594,28041500,
2019-03-12,23.600000381469727,23.899999618530273,23.5,23.700000762939453,19.002668380737305,47622200,
2019-03-13,23.700000762939453,24.0,23.600000381469727,23.799999237060547,19.082847595214844,44426300,
2019-03-14,24.0,24.0,23.600000381469727,23.600000381469727,19.07476806640625,23986700,0.19
2019-03-15,23.600000381469727,23.799999237060547,23.5,23.5,18.993942260742188,37179900,
2019-03-18,23.5,23.700000762939453,23.299999237060547,23.5,18.993942260742188,28064100,
2019-03-19,23.399999618530273,23.5,23.299999237060547,23.399999618530273,18.913118362426758,31673200,
2019-03-20,23.600000381469727,23.899999618530273,23.399999618530273,23.799999237060547,19.236413955688477,35322500,
2019-03-21,24.0,24.100000381469727,23.799999237060547,24.100000381469727,19.478893280029297,52495900,
2019-03-22,24.100000381469727,24.5,23.899999618530273,24.5,19.802194595336914,79505900,
2019-03-25,24.299999237060547,24.399999618530273,24.100000381469727,24.200000762939453,19.559717178344727,49296100,
2019-03-26,24.200000762939453,24.700000762939453,24.100000381469727,24.600000381469727,19.88301658630371,63725700,
2019-03-27,24.399999618530273,24.700000762939453,24.299999237060547,24.399999618530273,19.721363067626953,52938600,
2019-03-28,24.299999237060547,24.700000762939453,24.200000762939453,24.600000381469727,19.88301658630371,52916200,
2019-03-29,24.700000762939453,24.899999618530273,24.600000381469727,24.799999237060547,20.0446720123291,40770200,
2019-04-01,25.0,25.5,24.899999618530273,25.0,20.20631980895996,47615100,
2019-04-02,25.25,25.5,24.799999237060547,25.25,20.40838623046875,63209300,
2019-04-03,25.0,25.5,24.899999618530273,25.25,20.40838623046875,42169400,
2019-04-04,25.25,25.5,25.0,25.0,20.20631980895996,21957800,
2019-04-05,25.25,25.25,25.0,25.0,20.20631980895996,17129500,
2019-04-09,25.0,25.25,24.799999237060547,24.899999618530273,20.125497817993164,45289000,
2019-04-10,24.899999618530273,25.0,24.799999237060547,24.899999618530273,20.125497817993164,40317700,
2019-04-11,24.899999618530273,25.25,24.799999237060547,25.0,20.20631980895996,25734300,
2019-04-12,25.0,25.25,24.899999618530273,25.0,20.20631980895996,21723000,
2019-04-17,25.0,25.75,25.0,25.25,20.40838623046875,56088000,
2019-04-18,25.25,25.75,25.0,25.75,20.812509536743164,43941300,
2019-04-19,25.75,26.0,25.5,25.75,20.812509536743164,22441400,
2019-04-22,25.75,26.0,25.25,25.25,20.40838623046875,26851200,
2019-04-23,25.25,25.25,25.0,25.0,20.20631980895996,31264800,
2019-04-24,25.0,25.25,24.899999618530273,25.25,20.40838623046875,59462300,
2019-04-25,25.0,25.5,25.0,25.25,20.40838623046875,29649100,
2019-04-26,25.25,25.5,25.0,25.5,20.610441207885742,17937100,
2019-04-29,25.25,26.0,25.25,25.75,20.812509536743164,34774800,
2019-04-30,26.0,26.0,25.25,25.5,20.610441207885742,35039600,
2019-05-02,25.75,25.75,25.25,25.5,20.610441207885742,27996000,
2019-05-03,25.5,25.75,25.25,25.75,20.812509536743164,25147000,
2019-05-07,25.5,25.75,25.25,25.5,20.610441207885742,34500300,
2019-05-08,25.25,25.5,25.0,25.25,20.40838623046875,35713600,
2019-05-09,25.0,25.25,24.5,24.700000762939453,19.963842391967773,67654800,
2019-05-10,24.799999237060547,25.0,24.700000762939453,24.899999618530273,20.125497817993164,39185800,
2019-05-13,24.700000762939453,24.799999237060547,24.5,24.600000381469727,19.88301658630371,31938200,
2019-05-14,24.299999237060547,24.799999237060547,24.299999237060547,24.700000762939453,19.963842391967773,53714000,
2019-05-15,24.799999237060547,25.25,24.700000762939453,25.0,20.20631980895996,64040700,
2019-05-16,25.0,25.25,24.600000381469727,24.899999618530273,20.125497817993164,71310600,
2019-05-17,25.25,25.5,25.0,25.25,20.40838623046875,46735100,
2019-05-21,25.5,26.0,25.25,25.75,20.812509536743164,67053100,
2019-05-22,26.25,26.5,26.0,26.25,21.216632843017578,51084500,
2019-05-23,26.0,26.25,25.5,26.0,21.014570236206055,51799700,
2019-05-24,26.0,26.0,25.5,25.75,20.812509536743164,51227600,
2019-05-27,26.0,26.25,25.75,26.0,21.014570236206055,67041800,
2019-05-28,26.5,26.5,25.75,26.5,21.418699264526367,582008300,
2019-05-29,26.0,26.5,25.75,26.0,21.014570236206055,129637500,
2019-05-30,26.0,26.25,25.75,26.0,21.014570236206055,60803200,
2019-05-31,26.0,26.25,25.5,25.5,20.610441207885742,63537900,
2019-06-04,25.75,26.25,25.5,26.25,21.216632843017578,50162600,
2019-06-05,26.25,26.25,25.5,26.0,21.014570236206055,65128700,
2019-06-06,26.0,26.25,25.75,26.0,21.014570236206055,32219600,
2019-06-07,26.25,26.25,26.0,26.0,21.014570236206055,7786800,
2019-06-10,26.25,26.25,25.75,26.0,21.014570236206055,25456600,
2019-06-11,26.0,26.25,25.75,26.0,21.014570236206055,21194200,
2019-06-12,25.75,26.25,25.75,26.0,21.014570236206055,35201900,
2019-06-13,26.0,26.25,25.75,26.0,21.014570236206055,34180100,
2019-06-14,26.0,26.0,25.5,26.0,21.014570236206055,48715500,
2019-06-17,26.0,26.0,25.75,25.75,20.812509536743164,26036900,
2019-06-18,25.75,26.0,25.5,26.0,21.014570236206055,40619000,
2019-06-19,26.0,26.25,25.75,25.75,20.812509536743164,35710500,
2019-06-20,26.0,26.0,25.5,25.75,20.812509536743164,28123800,
2019-06-21,25.75,26.0,25.5,25.5,20.610441207885742,35077700,
2019-06-24,25.75,25.75,25.5,25.5,20.610441207885742,13470500,
2019-06-25,25.75,26.0,25.25,25.75,20.812509536743164,57084400,
2019-06-26,25.5,25.75,25.25,25.75,20.812509536743164,34435000,
2019-06-27,25.75,26.0,25.5,26.0,21.014570236206055,31388800,
2019-06-28,26.0,26.0,25.75,26.0,21.014570236206055,25513700,
2019-07-01,26.25,26.25,25.75,26.0,21.014570236206055,24230000,
2019-07-02,26.0,26.0,25.5,25.75,20.812509536743164,26434300,
2019-07-03,25.75,25.75,25.5,25.75,20.812509536743164,12075600,
2019-07-04,25.75,26.0,25.25,25.75,20.812509536743164,35621800,
2019-07-05,25.75,26.0,25.5,25.75,20.812509536743164,13496100,
2019-07-08,25.75,25.75,25.25,25.5,20.610441207885742,14024400,
2019-07-09,25.25,25.5,25.0,25.0,20.20631980895996,34310200,
2019-07-10,25.25,25.5,25.0,25.5,20.610441207885742,29354500,
2019-07-11,25.5,25.5,25.0,25.5,20.610441207885742,42956500,
2019-07-12,25.5,25.5,24.700000762939453,24.799999237060547,20.0446720123291,49738400,
2019-07-15,24.799999237060547,24.899999618530273,24.5,24.5,19.802194595336914,31653700,
2019-07-17,24.600000381469727,25.25,24.5,24.799999237060547,20.0446720123291,33057900,
2019-07-18,24.700000762939453,25.25,24.700000762939453,24.899999618530273,20.125497817993164,22001100,
2019-07-19,25.25,25.25,24.899999618530273,25.0,20.20631980895996,26541100,
2019-07-22,25.0,25.0,24.700000762939453,24.899999618530273,20.125497817993164,18381200,
2019-07-23,25.0,25.0,24.799999237060547,24.799999237060547,20.0446720123291,14572800,
2019-07-24,24.799999237060547,25.0,24.700000762939453,24.799999237060547,20.0446720123291,12504800,
2019-07-25,24.899999618530273,25.5,24.899999618530273,25.5,20.610441207885742,20863500,
2019-07-26,25.25,25.5,25.0,25.0,20.20631980895996,19411700,
2019-07-30,25.0,25.25,24.799999237060547,24.799999237060547,20.0446720123291,31522200,
2019-07-31,24.799999237060547,25.25,24.700000762939453,25.0,20.20631980895996,20374400,
2019-08-01,24.799999237060547,24.899999618530273,24.5,24.600000381469727,19.88301658630371,36299200,
2019-08-02,24.5,25.0,24.5,24.899999618530273,20.125497817993164,32095300,
2019-08-05,24.799999237060547,25.0,24.700000762939453,24.700000762939453,19.963842391967773,21641000,
2019-08-06,24.5,25.25,24.5,25.0,20.20631980895996,39092900,
2019-08-07,25.0,25.0,24.700000762939453,24.899999618530273,20.125497817993164,20558400,
2019-08-08,24.899999618530273,25.25,24.799999237060547,25.0,20.20631980895996,15522400,
2019-08-09,25.25,25.25,24.5,24.700000762939453,19.963842391967773,31897900,
2019-08-13,24.600000381469727,24.700000762939453,24.200000762939453,24.299999237060547,19.64054298400879,26950900,
2019-08-14,24.0,24.100000381469727,23.5,23.700000762939453,19.155590057373047,62769700,
2019-08-15,23.299999237060547,23.700000762939453,22.799999237060547,23.299999237060547,18.832290649414062,78479700,
2019-08-16,23.299999237060547,23.5,22.899999618530273,23.200000762939453,18.751462936401367,57686200,
2019-08-19,23.399999618530273,23.5,23.100000381469727,23.100000381469727,18.670637130737305,47175100,
2019-08-20,23.100000381469727,23.399999618530273,23.0,23.100000381469727,18.670637130737305,30779600,
2019-08-21,23.100000381469727,23.399999618530273,23.100000381469727,23.100000381469727,18.670637130737305,37501700,
2019-08-22,23.0,23.299999237060547,23.0,23.100000381469727,18.670637130737305,31382800,
2019-08-23,23.200000762939453,23.700000762939453,23.100000381469727,23.700000762939453,19.155590057373047,50237300,
2019-08-26,23.299999237060547,23.600000381469727,23.200000762939453,23.600000381469727,19.07476806640625,23221000,
2019-08-27,23.600000381469727,23.700000762939453,23.299999237060547,23.5,18.993942260742188,38671000,
2019-08-28,23.5,23.600000381469727,23.200000762939453,23.399999618530273,18.913118362426758,20591500,
2019-08-29,23.5,23.600000381469727,23.299999237060547,23.399999618530273,18.913118362426758,22994300,
2019-08-30,23.399999618530273,23.700000762939453,23.299999237060547,23.600000381469727,19.07476806640625,38707600,
2019-09-02,23.5,23.700000762939453,23.399999618530273,23.600000381469727,19.07476806640625,34350400,
2019-09-03,23.600000381469727,23.600000381469727,23.299999237060547,23.299999237060547,18.832290649414062,28593700,
2019-09-04,23.399999618530273,23.700000762939453,23.299999237060547,23.700000762939453,19.155590057373047,43274000,
2019-09-05,23.700000762939453,23.799999237060547,23.5,23.600000381469727,19.07476806640625,38783600,
2019-09-06,23.799999237060547,23.899999618530273,23.700000762939453,23.700000762939453,19.155590057373047,20935000,
2019-09-09,23.899999618530273,24.600000381469727,23.799999237060547,24.5,19.802194595336914,51324400,
2019-09-10,24.600000381469727,24.600000381469727,24.200000762939453,24.5,19.802194595336914,24829000,
2019-09-11,24.600000381469727,24.799999237060547,24.399999618530273,24.700000762939453,20.169654846191406,30739900,0.25
2019-09-12,24.600000381469727,24.799999237060547,24.0,24.299999237060547,19.843021392822266,28366500,
2019-09-13,24.299999237060547,24.5,24.100000381469727,24.200000762939453,19.761363983154297,22637700,
2019-09-16,24.200000762939453,24.200000762939453,23.600000381469727,23.899999618530273,19.516389846801758,33543800,
2019-09-17,23.799999237060547,23.899999618530273,22.899999618530273,23.200000762939453,18.94477653503418,86708400,
2019-09-18,23.5,23.5,23.100000381469727,23.399999618530273,19.10809326171875,58922200,
2019-09-19,23.600000381469727,24.299999237060547,23.600000381469727,24.0,19.598045349121094,66515200,
2019-09-20,24.0,24.0,23.399999618530273,23.799999237060547,19.434730529785156,65704600,
2019-09-23,23.799999237060547,23.899999618530273,23.399999618530273,23.600000381469727,19.271413803100586,15659400,
2019-09-24,23.600000381469727,24.0,23.5,23.700000762939453,19.353073120117188,19852400,
2019-09-25,23.600000381469727,23.899999618530273,23.5,23.700000762939453,19.353073120117188,27553400,
2019-09-26,23.799999237060547,24.299999237060547,23.700000762939453,24.0,19.598045349121094,43079500,
2019-09-27,24.0,24.399999618530273,24.0,24.100000381469727,19.679704666137695,36060300,
2019-09-30,24.200000762939453,24.399999618530273,24.100000381469727,24.200000762939453,19.761363983154297,35001200,
2019-10-01,24.200000762939453,24.299999237060547,23.799999237060547,24.0,19.598045349121094,17798500,
2019-10-02,23.799999237060547,23.899999618530273,23.600000381469727,23.799999237060547,19.434730529785156,21202600,
2019-10-03,23.600000381469727,24.0,23.5,23.799999237060547,19.434730529785156,28015400,
2019-10-04,23.899999618530273,23.899999618530273,23.100000381469727,23.600000381469727,19.271413803100586,37889400,
2019-10-07,23.700000762939453,23.799999237060547,23.399999618530273,23.600000381469727,19.271413803100586,10376300,
2019-10-08,23.799999237060547,23.899999618530273,23.399999618530273,23.5,19.18975257873535,10014000,
2019-10-09,23.5,23.5,23.200000762939453,23.399999618530273,19.10809326171875,18327700,
2019-10-10,23.299999237060547,23.399999618530273,23.200000762939453,23.299999237060547,19.02643394470215,25129900,
2019-10-11,23.299999237060547,23.600000381469727,23.299999237060547,23.399999618530273,19.10809326171875,25636600,
2019-10-15,23.600000381469727,23.799999237060547,23.5,23.600000381469727,19.271413803100586,18766200,
2019-10-16,23.5,23.600000381469727,23.299999237060547,23.5,19.18975257873535,41686200,
2019-10-17,23.600000381469727,23.700000762939453,23.299999237060547,23.5,19.18975257873535,28511500,
2019-10-18,23.399999618530273,23.5,23.100000381469727,23.299999237060547,19.02643394470215,21174200,
2019-10-21,23.299999237060547,23.399999618530273,23.100000381469727,23.200000762939453,18.94477653503418,12575600,
2019-10-22,23.100000381469727,23.399999618530273,23.0,23.200000762939453,18.94477653503418,23346900,
2019-10-24,23.5,23.799999237060547,23.5,23.799999237060547,19.434730529785156,45130500,
2019-10-25,23.899999618530273,24.0,23.700000762939453,23.799999237060547,19.434730529785156,24650600,
2019-10-28,23.700000762939453,24.100000381469727,23.600000381469727,24.0,19.598045349121094,17016300,
2019-10-29,24.0,24.200000762939453,23.799999237060547,23.899999618530273,19.516389846801758,23337200,
2019-10-30,24.0,24.100000381469727,23.700000762939453,23.799999237060547,19.434730529785156,14411200,
2019-10-31,23.899999618530273,24.100000381469727,23.799999237060547,24.0,19.598045349121094,24543300,
2019-11-01,24.0,24.100000381469727,23.799999237060547,24.0,19.598045349121094,9792400,
2019-11-04,24.100000381469727,24.100000381469727,23.700000762939453,23.899999618530273,19.516389846801758,12806300,
2019-11-05,23.899999618530273,24.100000381469727,23.799999237060547,23.899999618530273,19.516389846801758,17686300,
2019-11-06,24.0,24.399999618530273,23.799999237060547,23.899999618530273,19.516389846801758,36846900,
2019-11-07,23.799999237060547,24.0,23.700000762939453,23.799999237060547,19.434730529785156,30648800,
2019-11-08,23.600000381469727,23.799999237060547,23.399999618530273,23.600000381469727,19.271413803100586,23936200,
2019-11-11,23.600000381469727,23.700000762939453,23.399999618530273,23.600000381469727,19.271413803100586,15598100,
2019-11-12,23.600000381469727,23.600000381469727,23.200000762939453,23.299999237060547,19.02643394470215,25596800,
2019-11-13,23.700000762939453,24.200000762939453,23.600000381469727,24.0,19.598045349121094,66056900,
2019-11-14,24.100000381469727,24.100000381469727,23.799999237060547,24.0,19.598045349121094,13761600,
2019-11-15,24.0,24.100000381469727,23.799999237060547,23.899999618530273,19.516389846801758,12765800,
2019-11-18,23.899999618530273,24.100000381469727,23.799999237060547,24.0,19.598045349121094,13001600,
2019-11-19,24.0,24.200000762939453,23.899999618530273,24.100000381469727,19.679704666137695,35599400,
2019-11-20,24.0,24.100000381469727,23.899999618530273,24.0,19.598045349121094,18753700,
2019-11-21,23.899999618530273,24.0,23.799999237060547,24.0,19.598045349121094,16908600,
2019-11-22,24.0,24.399999618530273,23.899999618530273,24.200000762939453,19.761363983154297,61948100,
2019-11-25,24.200000762939453,24.299999237060547,23.899999618530273,24.200000762939453,19.761363983154297,27281400,
2019-11-26,24.200000762939453,24.299999237060547,24.0,24.0,19.598045349121094,56557300,
2019-11-27,24.0,24.600000381469727,23.899999618530273,24.5,20.00634002685547,49160200,
2019-11-28,24.5,25.25,24.399999618530273,24.600000381469727,20.087995529174805,64131600,
2019-11-29,24.5,25.0,24.5,24.600000381469727,20.087995529174805,37358400,
2019-12-02,24.600000381469727,24.899999618530273,24.299999237060547,24.600000381469727,20.087995529174805,42362300,
2019-12-03,24.600000381469727,24.799999237060547,24.5,24.700000762939453,20.169654846191406,22106900,
2019-12-04,24.600000381469727,24.700000762939453,24.100000381469727,24.399999618530273,19.924680709838867,26269500,
2019-12-06,24.5,24.600000381469727,24.100000381469727,24.200000762939453,19.761363983154297,22933300,
2019-12-09,24.299999237060547,24.5,24.299999237060547,24.5,20.00634002685547,16897700,
2019-12-11,24.600000381469727,24.799999237060547,24.399999618530273,24.700000762939453,20.169654846191406,40402800,
2019-12-12,24.799999237060547,25.25,24.700000762939453,25.0,20.414630889892578,23058200,
2019-12-13,25.5,25.5,25.0,25.5,20.82292366027832,24131900,
2019-12-16,25.5,25.5,25.0,25.0,20.414630889892578,23322200,
2019-12-17,24.899999618530273,24.899999618530273,24.399999618530273,24.899999618530273,20.332971572875977,41185000,
2019-12-18,25.0,25.25,24.600000381469727,25.0,20.414630889892578,28447400,
2019-12-19,24.899999618530273,25.25,24.899999618530273,25.25,20.618778228759766,19461500,
2019-12-20,25.0,25.5,25.0,25.25,20.618778228759766,31340400,
2019-12-23,25.25,25.75,25.25,25.5,20.82292366027832,26368600,
2019-12-24,25.75,25.75,25.25,25.75,21.02707290649414,11581500,
2019-12-25,25.5,26.0,25.5,26.0,21.23121452331543,16824200,
2019-12-26,26.0,26.0,25.75,26.0,21.23121452331543,4621300,
2019-12-27,26.0,26.0,25.25,26.0,21.23121452331543,30291000,
2019-12-30,26.0,26.0,25.75,26.0,21.23121452331543,11650700,
2020-01-02,26.0,26.25,25.75,26.25,21.435361862182617,17581200,
2020-01-03,26.0,26.25,25.0,25.25,20.618778228759766,48716700,
2020-01-06,25.25,25.25,24.299999237060547,25.25,20.618778228759766,47648800,
2020-01-07,25.5,25.75,25.25,25.5,20.82292366027832,15871900,
2020-01-08,25.25,25.5,24.899999618530273,25.25,20.618778228759766,24015500,
2020-01-09,25.5,25.5,25.0,25.5,20.82292366027832,24969400,
2020-01-10,25.25,25.75,25.0,25.5,20.82292366027832,32831000,
2020-01-13,25.5,25.5,25.0,25.5,20.82292366027832,23762000,
2020-01-14,25.5,25.75,25.25,25.5,20.82292366027832,19117400,
2020-01-15,25.5,25.75,25.25,25.5,20.82292366027832,23464400,
2020-01-16,25.5,25.75,25.25,25.75,21.02707290649414,19286700,
2020-01-17,25.75,26.0,25.5,26.0,21.23121452331543,13030400,
2020-01-20,26.0,26.0,25.25,25.5,20.82292366027832,37312000,
2020-01-21,25.5,25.75,24.5,24.700000762939453,20.169654846191406,79040000,
2020-01-22,25.0,25.5,24.799999237060547,25.0,20.414630889892578,86539300,
2020-01-23,25.5,26.0,25.25,25.75,21.02707290649414,99091500,
2020-01-24,25.75,26.0,25.5,26.0,21.23121452331543,37531200,
2020-01-27,26.25,26.5,25.25,25.5,20.82292366027832,36278500,
2020-01-28,25.5,25.75,24.799999237060547,25.25,20.618778228759766,51451300,
2020-01-29,25.25,25.5,24.899999618530273,24.899999618530273,20.332971572875977,26909700,
2020-01-30,24.899999618530273,25.5,24.899999618530273,25.25,20.618778228759766,14259300,
2020-01-31,25.25,25.25,24.5,24.899999618530273,20.332971572875977,57339900,
2020-02-03,24.899999618530273,25.0,24.399999618530273,24.399999618530273,19.924680709838867,38541500,
2020-02-04,24.5,25.25,24.5,25.0,20.414630889892578,32587600,
2020-02-05,25.0,25.5,25.0,25.5,20.82292366027832,28235000,
2020-02-06,25.25,25.5,24.899999618530273,25.25,20.618778228759766,18616800,
2020-02-07,25.0,25.25,24.899999618530273,25.25,20.618778228759766,21208700,
2020-02-11,25.0,25.25,24.799999237060547,24.799999237060547,20.25131607055664,23786100,
2020-02-12,25.0,25.25,24.799999237060547,24.899999618530273,20.332971572875977,28981200,
2020-02-13,24.899999618530273,24.899999618530273,24.600000381469727,24.700000762939453,20.169654846191406,21862800,
2020-02-14,24.799999237060547,25.0,24.700000762939453,24.799999237060547,20.25131607055664,13828600,
2020-02-17,24.700000762939453,24.799999237060547,24.399999618530273,24.399999618530273,19.924680709838867,26428500,
2020-02-18,24.299999237060547,24.399999618530273,24.0,24.200000762939453,19.761363983154297,31872400,
2020-02-19,24.299999237060547,24.600000381469727,24.299999237060547,24.600000381469727,20.087995529174805,23770200,
2020-02-20,24.700000762939453,24.899999618530273,24.399999618530273,24.399999618530273,19.924680709838867,26466500,
2020-02-21,24.0,24.299999237060547,24.0,24.200000762939453,19.761363983154297,18655200,
2020-02-24,24.100000381469727,24.299999237060547,23.299999237060547,23.299999237060547,19.02643394470215,32930600,
2020-02-25,23.399999618530273,23.700000762939453,23.100000381469727,23.399999618530273,19.10809326171875,40701100,
2020-02-26,23.100000381469727,23.299999237060547,21.200000762939453,21.899999618530273,17.88321876525879,81490900,
2020-02-27,21.899999618530273,23.399999618530273,21.799999237060547,23.200000762939453,18.94477653503418,71629700,
2020-02-28,22.399999618530273,22.600000381469727,21.799999237060547,22.200000762939453,18.12819480895996,59917300,
2020-03-02,22.399999618530273,22.600000381469727,22.0,22.299999237060547,18.209848403930664,36332600,
2020-03-03,22.399999618530273,23.0,22.299999237060547,22.700000762939453,18.53648567199707,40349300,
2020-03-04,22.5,23.0,22.399999618530273,22.700000762939453,18.53648567199707,39665400,
2020-03-05,22.799999237060547,23.200000762939453,22.799999237060547,22.899999618530273,18.699796676635742,24588800,
2020-03-06,22.399999618530273,22.799999237060547,22.399999618530273,22.600000381469727,18.454824447631836,14006700,
2020-03-09,20.799999237060547,22.399999618530273,20.799999237060547,21.700000762939453,17.71990203857422,42630700,
2020-03-10,21.700000762939453,22.299999237060547,21.700000762939453,22.0,17.96487808227539,37243500,
2020-03-11,21.700000762939453,21.899999618530273,21.0,21.299999237060547,17.633726119995117,44024800,0.3
2020-03-12,20.5,20.700000762939453,18.600000381469727,19.5,16.143550872802734,67809600,
2020-03-13,17.0,20.399999618530273,15.600000381469727,19.899999618530273,16.474700927734375,95578900,
2020-03-16,19.0,21.5,18.100000381469727,18.100000381469727,14.984524726867676,80742400,
2020-03-17,19.100000381469727,19.100000381469727,18.0,18.200000762939453,15.067315101623535,64830400,
2020-03-18,18.899999618530273,19.5,18.399999618530273,19.0,15.72961711883545,66587200,
2020-03-19,18.299999237060547,18.700000762939453,18.0,18.200000762939453,15.067315101623535,81558300,
2020-03-20,18.600000381469727,20.5,18.399999618530273,20.0,16.5574893951416,84201500,
2020-03-23,18.600000381469727,18.899999618530273,17.799999237060547,17.799999237060547,14.736163139343262,58323400,
2020-03-24,18.399999618530273,18.600000381469727,17.799999237060547,17.799999237060547,14.736163139343262,54239500,
2020-03-25,18.200000762939453,18.899999618530273,18.0,18.600000381469727,15.398467063903809,45509100,
2020-03-26,18.799999237060547,18.799999237060547,18.399999618530273,18.600000381469727,15.398467063903809,26793800,
2020-03-27,19.0,19.299999237060547,18.700000762939453,19.0,15.72961711883545,40970000,
2020-03-30,18.600000381469727,18.600000381469727,18.600000381469727,18.600000381469727,15.398467063903809,2995200,
2020-03-31,18.899999618530273,19.299999237060547,18.700000762939453,18.899999618530273,15.64682388305664,37989600,
2020-04-01,18.899999618530273,19.100000381469727,18.700000762939453,18.799999237060547,15.56403923034668,29790700,
2020-04-02,19.100000381469727,19.600000381469727,18.799999237060547,19.5,16.143550872802734,38204300,
2020-04-03,19.399999618530273,19.700000762939453,19.100000381469727,19.299999237060547,15.97797679901123,27529100,
2020-04-07,20.0,20.700000762939453,19.600000381469727,20.200000762939453,16.72306251525879,56385800,
2020-04-08,20.200000762939453,20.299999237060547,19.600000381469727,20.0,16.5574893951416,38615800,
2020-04-09,20.200000762939453,20.5,20.0,20.200000762939453,16.72306251525879,31915500,
2020-04-10,20.100000381469727,20.399999618530273,20.0,20.299999237060547,16.80585289001465,20442400,
2020-04-13,20.200000762939453,20.399999618530273,20.0,20.299999237060547,16.80585289001465,16829200,
2020-04-14,20.600000381469727,21.5,20.5,21.5,17.799299240112305,55910400,
2020-04-15,21.600000381469727,21.600000381469727,20.5,20.700000762939453,17.137001037597656,49189500,
2020-04-16,20.5,20.600000381469727,20.0,20.100000381469727,16.640274047851562,36291200,
2020-04-17,20.5,20.799999237060547,20.299999237060547,20.700000762939453,17.137001037597656,27574100,
2020-04-20,20.700000762939453,21.0,20.600000381469727,20.899999618530273,17.302576065063477,21748100,
2020-04-21,20.700000762939453,21.200000762939453,20.5,21.0,17.385364532470703,27874600,
2020-04-22,20.799999237060547,21.299999237060547,20.600000381469727,21.200000762939453,17.550941467285156,22964000,
2020-04-23,21.100000381469727,21.299999237060547,20.600000381469727,20.799999237060547,17.219789505004883,37403000,
2020-04-24,20.700000762939453,20.899999618530273,20.5,20.600000381469727,17.054214477539062,24036200,
2020-04-27,20.700000762939453,20.799999237060547,20.5,20.5,16.971426010131836,19578200,
2020-04-28,20.600000381469727,20.899999618530273,20.5,20.700000762939453,17.137001037597656,28469300,
2020-04-29,20.899999618530273,21.0,20.600000381469727,20.700000762939453,17.137001037597656,18071700,
2020-04-30,20.799999237060547,20.899999618530273,20.700000762939453,20.799999237060547,17.219789505004883,30219300,
2020-05-05,20.5,20.799999237060547,20.5,20.600000381469727,17.054214477539062,24026900,
2020-05-07,20.399999618530273,20.5,19.799999237060547,19.899999618530273,16.474700927734375,52012300,
2020-05-08,19.600000381469727,19.799999237060547,19.299999237060547,19.299999237060547,15.97797679901123,57642300,
2020-05-11,19.5,20.0,19.399999618530273,19.799999237060547,16.391910552978516,36194100,
2020-05-12,19.700000762939453,20.200000762939453,19.600000381469727,20.0,16.5574893951416,23658700,
2020-05-13,19.799999237060547,20.0,19.799999237060547,19.899999618530273,16.474700927734375,20441700,
2020-05-14,19.700000762939453,19.899999618530273,19.399999618530273,19.700000762939453,16.309125900268555,29069600,
2020-05-15,19.899999618530273,20.0,19.5,19.600000381469727,16.22633934020996,17689900,
2020-05-18,19.799999237060547,19.899999618530273,19.700000762939453,19.700000762939453,16.309125900268555,20674200,
2020-05-19,20.0,20.799999237060547,19.899999618530273,20.700000762939453,17.137001037597656,95267800,
2020-05-20,20.799999237060547,20.899999618530273,20.600000381469727,20.899999618530273,17.302576065063477,40499300,
2020-05-21,21.0,21.100000381469727,20.700000762939453,20.799999237060547,17.219789505004883,24641200,
2020-05-22,20.799999237060547,20.799999237060547,20.399999618530273,20.799999237060547,17.219789505004883,20471800,
2020-05-25,20.899999618530273,21.0,20.700000762939453,21.0,17.385364532470703,15843600,
2020-05-26,21.200000762939453,21.399999618530273,21.0,21.200000762939453,17.550941467285156,44343200,
2020-05-27,21.299999237060547,22.200000762939453,21.299999237060547,22.0,18.213239669799805,62132200,
2020-05-28,22.200000762939453,22.399999618530273,21.799999237060547,21.799999237060547,18.047664642333984,53204100,
2020-05-29,21.700000762939453,22.5,21.5,22.5,18.627174377441406,67437100,
2020-06-01,22.600000381469727,22.600000381469727,22.200000762939453,22.299999237060547,18.461599349975586,29208300,
2020-06-02,22.600000381469727,22.700000762939453,22.399999618530273,22.700000762939453,18.79275131225586,27730400,
2020-06-04,22.899999618530273,23.399999618530273,22.799999237060547,23.399999618530273,19.372264862060547,54671500,
2020-06-05,23.5,23.600000381469727,23.299999237060547,23.5,19.455049514770508,33328500,
2020-06-08,23.5,23.600000381469727,23.100000381469727,23.399999618530273,19.372264862060547,31436700,
2020-06-09,23.399999618530273,23.399999618530273,22.799999237060547,23.0,19.04111099243164,37761100,
2020-06-10,23.100000381469727,23.299999237060547,22.899999618530273,23.200000762939453,19.20668601989746,23069000,
2020-06-11,23.200000762939453,23.200000762939453,22.5,22.899999618530273,18.958324432373047,29278800,
2020-06-12,22.399999618530273,22.600000381469727,22.200000762939453,22.5,18.627174377441406,33051700,
2020-06-15,22.299999237060547,22.5,21.899999618530273,21.899999618530273,18.130451202392578,37136700,
2020-06-16,22.399999618530273,22.700000762939453,22.299999237060547,22.399999618530273,18.544387817382812,17820400,
2020-06-17,22.299999237060547,22.799999237060547,22.299999237060547,22.600000381469727,18.709962844848633,14096400,
2020-06-18,22.5,22.700000762939453,22.299999237060547,22.600000381469727,18.709962844848633,11180400,
2020-06-19,22.5,22.700000762939453,22.200000762939453,22.200000762939453,18.378812789916992,24690400,
2020-06-22,22.399999618530273,22.5,22.200000762939453,22.399999618530273,18.544387817382812,7621500,
2020-06-23,22.5,22.799999237060547,22.299999237060547,22.5,18.627174377441406,11447500,
2020-06-24,22.5,22.600000381469727,22.0,22.299999237060547,18.461599349975586,18848200,
2020-06-25,22.200000762939453,22.299999237060547,21.799999237060547,22.0,18.213239669799805,22149900,
2020-06-26,22.0,22.200000762939453,21.799999237060547,22.0,18.213239669799805,15429000,
2020-06-29,21.899999618530273,22.100000381469727,21.799999237060547,22.0,18.213239669799805,22646200,
2020-06-30,22.200000762939453,22.600000381469727,22.100000381469727,22.5,18.627174377441406,30920100,
2020-07-01,22.600000381469727,23.0,22.299999237060547,22.700000762939453,18.79275131225586,37672900,
2020-07-02,22.799999237060547,22.899999618530273,22.5,22.899999618530273,18.958324432373047,24036700,
2020-07-03,22.899999618530273,23.0,22.700000762939453,22.799999237060547,18.875537872314453,11573300,
2020-07-07,23.200000762939453,23.200000762939453,22.5,22.5,18.627174377441406,23112700,
2020-07-08,22.5,22.899999618530273,22.399999618530273,22.5,18.627174377441406,27229900,
2020-07-09,22.600000381469727,23.100000381469727,22.5,22.899999618530273,18.958324432373047,28767400,
2020-07-10,22.799999237060547,23.0,22.600000381469727,22.799999237060547,18.875537872314453,15005800,
2020-07-13,22.899999618530273,23.100000381469727,22.100000381469727,22.399999618530273,18.544387817382812,27019900,
2020-07-14,22.200000762939453,22.5,21.899999618530273,22.299999237060547,18.461599349975586,18347700,
2020-07-15,22.399999618530273,22.5,22.0,22.200000762939453,18.378812789916992,16278800,
2020-07-16,22.100000381469727,22.299999237060547,21.700000762939453,21.899999618530273,18.130451202392578,24629800,
2020-07-17,22.0,22.200000762939453,21.799999237060547,22.200000762939453,18.378812789916992,16957100,
2020-07-20,22.200000762939453,22.299999237060547,22.0,22.100000381469727,18.2960262298584,9539900,
2020-07-21,22.299999237060547,22.399999618530273,22.100000381469727,22.200000762939453,18.378812789916992,24547500,
2020-07-22,22.200000762939453,22.299999237060547,21.799999237060547,21.899999618530273,18.130451202392578,24420600,
2020-07-23,21.899999618530273,22.100000381469727,21.799999237060547,22.0,18.213239669799805,14505800,
2020-07-24,21.700000762939453,21.799999237060547,21.600000381469727,21.700000762939453,17.96487808227539,19889000,
2020-07-29,21.899999618530273,22.200000762939453,21.700000762939453,21.700000762939453,17.96487808227539,17520200,
2020-07-30,21.799999237060547,22.0,21.5,21.600000381469727,17.88208770751953,21078700,
2020-07-31,21.5,22.100000381469727,21.5,22.100000381469727,18.2960262298584,22863700,
2020-08-03,22.0,22.100000381469727,21.799999237060547,21.799999237060547,18.047664642333984,13639100,
2020-08-04,21.899999618530273,22.0,21.600000381469727,21.600000381469727,17.88208770751953,16020700,
2020-08-05,21.799999237060547,21.899999618530273,21.600000381469727,21.600000381469727,17.88208770751953,13677300,
2020-08-06,21.5,21.600000381469727,20.799999237060547,21.200000762939453,17.550941467285156,60401900,
2020-08-07,21.0,21.100000381469727,20.600000381469727,20.899999618530273,17.302576065063477,27635800,
2020-08-10,21.100000381469727,21.100000381469727,20.700000762939453,20.700000762939453,17.137001037597656,11957200,
2020-08-11,21.0,21.399999618530273,20.799999237060547,21.100000381469727,17.46815299987793,32794500,
2020-08-13,21.399999618530273,21.5,21.100000381469727,21.200000762939453,17.550941467285156,14880600,
2020-08-14,21.200000762939453,21.299999237060547,20.700000762939453,20.899999618530273,17.302576065063477,23563800,
2020-08-17,20.799999237060547,21.100000381469727,20.299999237060547,20.399999618530273,16.888639450073242,30712700,
2020-08-18,20.399999618530273,20.799999237060547,20.399999618530273,20.600000381469727,17.054214477539062,27682800,
2020-08-19,20.5,20.600000381469727,19.799999237060547,19.899999618530273,16.474700927734375,65481700,
2020-08-20,19.799999237060547,20.299999237060547,19.799999237060547,19.799999237060547,16.391910552978516,32365700,
2020-08-21,20.0,20.100000381469727,19.799999237060547,20.100000381469727,16.640274047851562,15631600,
2020-08-24,20.200000762939453,20.200000762939453,20.0,20.0,16.5574893951416,21021200,
2020-08-25,20.299999237060547,20.600000381469727,20.200000762939453,20.399999618530273,16.888639450073242,27847500,
2020-08-26,20.399999618530273,20.5,20.100000381469727,20.200000762939453,16.72306251525879,22472400,
2020-08-27,20.299999237060547,20.5,20.200000762939453,20.200000762939453,16.72306251525879,24707400,
2020-08-28,20.399999618530273,20.600000381469727,20.299999237060547,20.399999618530273,16.888639450073242,28543500,
2020-08-31,20.5,20.899999618530273,20.399999618530273,20.799999237060547,17.219789505004883,49037600,
2020-09-01,20.899999618530273,20.899999618530273,20.600000381469727,20.600000381469727,17.054214477539062,29778100,
2020-09-02,20.600000381469727,20.700000762939453,20.299999237060547,20.5,16.971426010131836,21425200,
2020-09-03,20.700000762939453,20.899999618530273,20.600000381469727,20.799999237060547,17.219789505004883,26598800,
2020-09-08,20.799999237060547,20.799999237060547,20.5,20.799999237060547,17.219789505004883,22845900,
2020-09-09,20.799999237060547,20.799999237060547,20.299999237060547,20.399999618530273,16.888639450073242,19154500,
2020-09-10,20.5,20.700000762939453,20.399999618530273,20.600000381469727,17.054214477539062,29210000,
2020-09-11,20.5,20.600000381469727,20.399999618530273,20.399999618530273,16.888639450073242,13454600,
2020-09-14,20.399999618530273,20.600000381469727,20.299999237060547,20.399999618530273,16.888639450073242,12720000,
2020-09-15,20.399999618530273,20.600000381469727,20.100000381469727,20.5,16.971426010131836,24698400,
2020-09-16,20.600000381469727,20.899999618530273,20.399999618530273,20.799999237060547,17.219789505004883,54209400,
2020-09-17,20.600000381469727,20.799999237060547,20.5,20.700000762939453,17.137001037597656,21592500,
2020-09-18,20.700000762939453,20.899999618530273,20.200000762939453,20.299999237060547,16.80585289001465,55851100,
2020-09-21,20.399999618530273,20.5,20.100000381469727,20.100000381469727,16.640274047851562,21528000,
2020-09-22,20.200000762939453,20.299999237060547,20.0,20.100000381469727,16.640274047851562,26277400,
2020-09-23,20.200000762939453,20.299999237060547,20.0,20.100000381469727,16.640274047851562,16773700,
2020-09-24,20.0,20.200000762939453,19.799999237060547,20.0,16.5574893951416,25145400,
2020-09-25,20.0,20.200000762939453,19.899999618530273,19.899999618530273,16.474700927734375,16281000,
2020-09-28,20.0,20.399999618530273,19.899999618530273,20.100000381469727,16.640274047851562,21646000,
2020-09-29,20.200000762939453,20.399999618530273,19.899999618530273,20.0,16.5574893951416,18140100,
2020-09-30,20.100000381469727,20.100000381469727,19.299999237060547,19.399999618530273,16.060762405395508,40499500,
2020-10-01,19.5,20.0,19.399999618530273,19.700000762939453,16.309125900268555,21325500,
2020-10-02,19.600000381469727,19.899999618530273,19.5,19.5,16.143550872802734,18717100,
2020-10-05,19.799999237060547,19.799999237060547,19.399999618530273,19.5,16.143550872802734,22141400,
2020-10-06,19.600000381469727,19.700000762939453,19.299999237060547,19.299999237060547,15.97797679901123,28518400,
2020-10-07,19.200000762939453,19.399999618530273,18.799999237060547,19.299999237060547,15.97797679901123,42852700,
2020-10-08,19.299999237060547,19.5,19.200000762939453,19.299999237060547,15.97797679901123,29831700,
2020-10-09,19.200000762939453,19.299999237060547,19.100000381469727,19.200000762939453,15.89518928527832,24963600,
2020-10-12,19.200000762939453,19.299999237060547,18.899999618530273,18.899999618530273,15.64682388305664,22243700,
2020-10-14,18.799999237060547,18.799999237060547,18.5,18.600000381469727,15.398467063903809,33136200,
2020-10-15,18.5,18.700000762939453,18.399999618530273,18.600000381469727,15.398467063903809,16251000,
2020-10-16,18.600000381469727,18.799999237060547,18.200000762939453,18.399999618530273,15.232890129089355,23328100,
2020-10-19,18.200000762939453,18.299999237060547,18.0,18.200000762939453,15.067315101623535,21695700,
2020-10-20,18.100000381469727,18.299999237060547,17.799999237060547,18.100000381469727,14.984524726867676,32117400,
2020-10-21,18.100000381469727,18.100000381469727,17.799999237060547,17.899999618530273,14.818952560424805,34107700,
2020-10-22,17.799999237060547,18.100000381469727,17.799999237060547,17.899999618530273,14.818952560424805,18956200,
2020-10-26,18.0,18.0,17.600000381469727,17.799999237060547,14.736163139343262,22366100,
2020-10-27,17.799999237060547,17.899999618530273,17.5,17.700000762939453,14.6533784866333,18580500,
2020-10-28,17.700000762939453,18.0,17.600000381469727,17.700000762939453,14.6533784866333,25420600,
2020-10-29,17.600000381469727,17.799999237060547,17.5,17.600000381469727,14.57059097290039,17051900,
2020-10-30,17.700000762939453,17.799999237060547,17.5,17.5,14.48780345916748,24236500,
2020-11-02,17.600000381469727,17.700000762939453,17.299999237060547,17.5,14.48780345916748,26396100,
2020-11-03,17.600000381469727,17.700000762939453,17.5,17.600000381469727,14.57059097290039,25153100,
2020-11-04,17.700000762939453,17.899999618530273,17.5,17.600000381469727,14.57059097290039,20298900,
2020-11-05,17.700000762939453,18.299999237060547,17.5,18.299999237060547,15.150102615356445,66727200,
2020-11-06,18.200000762939453,18.299999237060547,17.700000762939453,18.100000381469727,14.984524726867676,36930800,
2020-11-09,18.399999618530273,18.799999237060547,18.200000762939453,18.5,15.315675735473633,45625100,
2020-11-10,20.899999618530273,20.899999618530273,19.899999618530273,20.799999237060547,17.219789505004883,157979800,
2020-11-11,21.100000381469727,21.299999237060547,20.700000762939453,21.100000381469727,17.46815299987793,76513400,
2020-11-12,21.299999237060547,21.799999237060547,21.0,21.600000381469727,17.88208770751953,76726900,
2020-11-13,21.399999618530273,21.600000381469727,21.200000762939453,21.399999618530273,17.716516494750977,44853100,
2020-11-16,21.700000762939453,22.0,21.5,21.700000762939453,17.96487808227539,38897200,
2020-11-17,22.200000762939453,23.0,22.100000381469727,22.399999618530273,18.544387817382812,115273400,
2020-11-18,22.399999618530273,22.700000762939453,22.200000762939453,22.700000762939453,18.79275131225586,48259100,
2020-11-19,22.600000381469727,22.799999237060547,22.399999618530273,22.600000381469727,18.709962844848633,37901700,
2020-11-20,22.700000762939453,23.299999237060547,22.700000762939453,23.299999237060547,19.289478302001953,59145800,
2020-11-23,23.399999618530273,23.700000762939453,23.0,23.0,19.04111099243164,65796200,
2020-11-24,23.200000762939453,23.299999237060547,22.200000762939453,22.5,18.627174377441406,70374300,
2020-11-25,22.5,22.700000762939453,21.899999618530273,22.5,18.627174377441406,77732100,
2020-11-26,22.600000381469727,22.799999237060547,22.299999237060547,22.5,18.627174377441406,31872400,
2020-11-27,22.299999237060547,22.799999237060547,22.299999237060547,22.5,18.627174377441406,24656000,
2020-11-30,22.200000762939453,22.399999618530273,21.5,21.5,17.799299240112305,88437600,
2020-12-01,21.600000381469727,22.100000381469727,21.600000381469727,21.799999237060547,18.047664642333984,33659400,
2020-12-02,21.5,21.899999618530273,21.5,21.600000381469727,17.88208770751953,26802500,
2020-12-03,21.600000381469727,21.899999618530273,21.600000381469727,21.700000762939453,17.96487808227539,42536000,
2020-12-04,21.700000762939453,22.299999237060547,21.700000762939453,22.100000381469727,18.2960262298584,65497100,
2020-12-08,22.0,22.299999237060547,21.799999237060547,22.100000381469727,18.2960262298584,51087900,
2020-12-09,22.299999237060547,22.5,22.0,22.100000381469727,18.2960262298584,42365100,
2020-12-14,22.299999237060547,22.399999618530273,21.799999237060547,22.0,18.213239669799805,46976600,
2020-12-15,22.0,22.200000762939453,21.899999618530273,22.200000762939453,18.378812789916992,36840100,
2020-12-16,22.399999618530273,22.399999618530273,22.0,22.299999237060547,18.461599349975586,47119800,
2020-12-17,22.5,22.700000762939453,22.0,22.100000381469727,18.2960262298584,50920700,
2020-12-18,22.100000381469727,22.200000762939453,21.700000762939453,21.799999237060547,18.047664642333984,65749400,
2020-12-21,21.100000381469727,21.299999237060547,20.600000381469727,20.600000381469727,17.054214477539062,62756400,
2020-12-22,20.600000381469727,20.899999618530273,20.299999237060547,20.700000762939453,17.137001037597656,54161800,
2020-12-23,20.899999618530273,21.299999237060547,20.5,20.5,16.971426010131836,28932100,
2020-12-24,20.600000381469727,20.899999618530273,20.399999618530273,20.700000762939453,17.137001037597656,21706900,
2020-12-25,20.899999618530273,21.0,20.600000381469727,20.700000762939453,17.137001037597656,18667100,
2020-12-28,20.899999618530273,21.0,20.200000762939453,20.299999237060547,16.80585289001465,25966500,
2020-12-29,20.5,21.200000762939453,20.299999237060547,21.100000381469727,17.46815299987793,24294600,
2020-12-30,21.100000381469727,21.200000762939453,20.600000381469727,20.799999237060547,17.219789505004883,23978700,
2021-01-04,20.5,20.799999237060547,20.399999618530273,20.799999237060547,17.219789505004883,31721300,
2021-01-05,20.799999237060547,21.200000762939453,20.5,21.200000762939453,17.550941467285156,50000200,
2021-01-06,21.399999618530273,21.399999618530273,20.899999618530273,20.899999618530273,17.302576065063477,35321600,
2021-01-07,21.200000762939453,21.399999618530273,21.100000381469727,21.200000762939453,17.550941467285156,27892500,
2021-01-08,21.5,22.0,21.299999237060547,21.700000762939453,17.96487808227539,67749600,
2021-01-11,21.700000762939453,21.799999237060547,21.200000762939453,21.299999237060547,17.633726119995117,48276800,
2021-01-12,21.299999237060547,21.399999618530273,20.899999618530273,21.100000381469727,17.46815299987793,41801700,
2021-01-13,21.200000762939453,21.600000381469727,20.899999618530273,21.299999237060547,17.633726119995117,43347900,
2021-01-14,21.399999618530273,21.700000762939453,21.299999237060547,21.399999618530273,17.716516494750977,31624800,
2021-01-15,21.5,21.799999237060547,21.399999618530273,21.399999618530273,17.716516494750977,35093200,
2021-01-18,21.399999618530273,21.5,21.100000381469727,21.100000381469727,17.46815299987793,24028300,
2021-01-19,21.200000762939453,21.5,21.100000381469727,21.200000762939453,17.550941467285156,22929500,
2021-01-20,21.399999618530273,21.399999618530273,21.200000762939453,21.200000762939453,17.550941467285156,26034500,
2021-01-21,21.299999237060547,21.5,21.200000762939453,21.399999618530273,17.716516494750977,42807800,
2021-01-22,21.399999618530273,21.399999618530273,21.100000381469727,21.100000381469727,17.46815299987793,35253300,
2021-01-25,21.200000762939453,21.600000381469727,21.200000762939453,21.600000381469727,17.88208770751953,37876500,
2021-01-26,21.600000381469727,21.700000762939453,21.399999618530273,21.5,17.799299240112305,27010900,
2021-01-27,21.600000381469727,21.700000762939453,21.399999618530273,21.399999618530273,17.716516494750977,24596400,
2021-01-28,21.299999237060547,21.5,21.0,21.200000762939453,17.550941467285156,31222800,
2021-01-29,21.200000762939453,21.200000762939453,20.5,20.700000762939453,17.137001037597656,47972300,
2021-02-01,20.799999237060547,20.899999618530273,20.600000381469727,20.799999237060547,17.219789505004883,16149300,
2021-02-02,20.899999618530273,21.100000381469727,20.799999237060547,21.100000381469727,17.46815299987793,17222600,
2021-02-03,21.299999237060547,21.399999618530273,20.700000762939453,20.799999237060547,17.219789505004883,31262000,
2021-02-04,20.799999237060547,20.899999618530273,20.600000381469727,20.600000381469727,17.054214477539062,33290500,
2021-02-05,20.700000762939453,20.899999618530273,20.600000381469727,20.799999237060547,17.219789505004883,22556000,
2021-02-08,21.0,21.0,20.799999237060547,20.899999618530273,17.302576065063477,20344800,
2021-02-09,21.100000381469727,21.200000762939453,20.899999618530273,20.899999618530273,17.302576065063477,28538300,
2021-02-10,21.0,21.200000762939453,20.899999618530273,21.200000762939453,17.550941467285156,21583700,
2021-02-11,21.200000762939453,21.299999237060547,20.700000762939453,20.799999237060547,17.219789505004883,36335800,
2021-02-15,20.799999237060547,20.899999618530273,20.700000762939453,20.700000762939453,17.137001037597656,26917100,
2021-02-16,20.799999237060547,20.899999618530273,20.700000762939453,20.700000762939453,17.137001037597656,18934100,
2021-02-17,20.700000762939453,20.700000762939453,20.299999237060547,20.5,16.971426010131836,32923600,
2021-02-18,20.5,20.600000381469727,20.100000381469727,20.100000381469727,16.640274047851562,40578600,
2021-02-19,20.100000381469727,20.299999237060547,20.0,20.100000381469727,16.640274047851562,27059800,
2021-02-22,20.100000381469727,20.299999237060547,20.0,20.0,16.5574893951416,18133000,
2021-02-23,20.0,20.5,19.899999618530273,20.299999237060547,16.80585289001465,30838700,
2021-02-24,20.299999237060547,20.600000381469727,20.100000381469727,20.100000381469727,16.640274047851562,35289300,
2021-02-25,20.299999237060547,20.399999618530273,19.899999618530273,20.0,16.5574893951416,55073300,
2021-03-01,20.200000762939453,20.5,20.0,20.0,16.5574893951416,23950800,
2021-03-02,20.399999618530273,20.5,20.0,20.200000762939453,16.72306251525879,44638700,
2021-03-03,20.299999237060547,20.899999618530273,20.100000381469727,20.899999618530273,17.302576065063477,76418900,
2021-03-04,21.200000762939453,21.799999237060547,21.200000762939453,21.600000381469727,17.88208770751953,121779500,
2021-03-05,21.399999618530273,21.700000762939453,21.200000762939453,21.5,17.799299240112305,56117900,
2021-03-08,21.700000762939453,21.799999237060547,21.5,21.5,17.799299240112305,52716000,
2021-03-09,21.700000762939453,22.200000762939453,21.600000381469727,22.100000381469727,18.2960262298584,105069800,
2021-03-10,21.799999237060547,21.899999618530273,21.5,21.899999618530273,18.593177795410156,62964300,0.55
2021-03-11,21.899999618530273,21.899999618530273,21.5,21.600000381469727,18.33847427368164,46445100,
2021-03-12,21.700000762939453,21.799999237060547,21.399999618530273,21.399999618530273,18.168678283691406,32535100,
2021-03-15,21.5,21.700000762939453,21.399999618530273,21.700000762939453,18.423377990722656,28713600,
2021-03-16,21.799999237060547,21.799999237060547,21.5,21.600000381469727,18.33847427368164,29011100,
2021-03-17,21.600000381469727,21.700000762939453,21.5,21.700000762939453,18.423377990722656,20543800,
2021-03-18,21.799999237060547,21.799999237060547,21.600000381469727,21.600000381469727,18.33847427368164,30938900,
2021-03-19,21.600000381469727,21.700000762939453,21.299999237060547,21.5,18.25357437133789,39857500,
2021-03-22,21.399999618530273,21.5,21.200000762939453,21.299999237060547,18.083776473999023,16689900,
2021-03-23,21.299999237060547,21.600000381469727,21.299999237060547,21.299999237060547,18.083776473999023,21491900,
2021-03-24,21.299999237060547,21.399999618530273,21.100000381469727,21.399999618530273,18.168678283691406,19692300,
2021-03-25,21.399999618530273,21.5,21.200000762939453,21.299999237060547,18.083776473999023,23127600,
2021-03-26,21.299999237060547,21.5,21.200000762939453,21.299999237060547,18.083776473999023,16887800,
2021-03-29,21.399999618530273,21.700000762939453,21.299999237060547,21.5,18.25357437133789,22665400,
2021-03-30,21.600000381469727,21.700000762939453,21.5,21.5,18.25357437133789,29095600,
2021-03-31,21.600000381469727,21.600000381469727,21.399999618530273,21.600000381469727,18.33847427368164,31323400,
2021-04-01,21.600000381469727,21.700000762939453,21.5,21.600000381469727,18.33847427368164,17467100,
2021-04-02,21.600000381469727,21.700000762939453,21.399999618530273,21.600000381469727,18.33847427368164,18554800,
2021-04-05,21.600000381469727,21.700000762939453,21.299999237060547,21.399999618530273,18.168678283691406,15476200,
2021-04-07,21.200000762939453,21.5,21.100000381469727,21.5,18.25357437133789,36480300,
2021-04-08,21.299999237060547,21.5,21.200000762939453,21.399999618530273,18.168678283691406,24174500,
2021-04-09,21.600000381469727,22.399999618530273,21.5,22.299999237060547,18.932777404785156,150324000,
2021-04-12,22.5,22.600000381469727,22.0,22.200000762939453,18.84787940979004,90848000,
2021-04-16,22.200000762939453,22.299999237060547,21.700000762939453,21.899999618530273,18.593177795410156,53707700,
2021-04-19,22.0,22.100000381469727,21.700000762939453,22.0,18.67807960510254,28569500,
2021-04-20,21.899999618530273,22.0,21.700000762939453,22.0,18.67807960510254,29591800,
2021-04-21,22.0,22.0,21.700000762939453,21.799999237060547,18.508277893066406,29703900,
2021-04-22,21.799999237060547,21.899999618530273,21.5,21.5,18.25357437133789,29115000,
2021-04-23,21.399999618530273,21.899999618530273,21.299999237060547,21.899999618530273,18.593177795410156,43960400,
2021-04-26,21.799999237060547,22.399999618530273,21.600000381469727,22.299999237060547,18.932777404785156,79722400,
2021-04-27,22.299999237060547,22.299999237060547,21.799999237060547,21.899999618530273,18.593177795410156,23313000,
2021-04-28,21.899999618530273,22.200000762939453,21.799999237060547,22.0,18.67807960510254,27654500,
2021-04-29,21.899999618530273,22.0,21.600000381469727,22.0,18.67807960510254,34517700,
2021-04-30,21.899999618530273,22.100000381469727,21.600000381469727,21.700000762939453,18.423377990722656,21894400,
2021-05-05,22.0,22.200000762939453,21.5,21.5,18.25357437133789,64802700,
2021-05-06,21.600000381469727,21.700000762939453,21.299999237060547,21.700000762939453,18.423377990722656,29734700,
2021-05-07,21.799999237060547,21.899999618530273,21.600000381469727,21.700000762939453,18.423377990722656,22785300,
2021-05-10,21.899999618530273,21.899999618530273,21.399999618530273,21.399999618530273,18.168678283691406,18982000,
2021-05-11,21.200000762939453,21.299999237060547,20.600000381469727,21.200000762939453,17.99887466430664,83700300,
2021-05-12,21.0,21.100000381469727,20.799999237060547,20.899999618530273,17.74417495727539,31916500,
2021-05-13,20.799999237060547,20.899999618530273,20.399999618530273,20.700000762939453,17.57437515258789,39867900,
2021-05-14,20.799999237060547,21.299999237060547,20.700000762939453,21.100000381469727,17.91397476196289,40914200,
2021-05-17,21.100000381469727,21.200000762939453,20.799999237060547,20.899999618530273,17.74417495727539,19720300,
2021-05-18,21.0,21.200000762939453,20.899999618530273,20.899999618530273,17.74417495727539,21150300,
2021-05-19,20.700000762939453,21.200000762939453,20.700000762939453,21.0,17.829076766967773,22293600,
2021-05-20,21.100000381469727,21.399999618530273,20.899999618530273,21.100000381469727,17.91397476196289,26792200,
2021-05-21,21.200000762939453,21.299999237060547,21.0,21.100000381469727,17.91397476196289,16762300,
2021-05-24,21.100000381469727,21.200000762939453,20.799999237060547,21.0,17.829076766967773,18069300,
2021-05-25,21.200000762939453,21.200000762939453,21.0,21.100000381469727,17.91397476196289,16264300,
2021-05-27,21.200000762939453,21.5,21.100000381469727,21.5,18.25357437133789,49631300,
2021-05-28,21.600000381469727,21.700000762939453,21.399999618530273,21.5,18.25357437133789,19658700,
2021-05-31,21.5,21.700000762939453,21.299999237060547,21.600000381469727,18.33847427368164,23893800,
2021-06-01,21.600000381469727,21.799999237060547,21.399999618530273,21.600000381469727,18.33847427368164,22971200,
2021-06-02,21.600000381469727,21.899999618530273,21.600000381469727,21.799999237060547,18.508277893066406,23138100,
2021-06-04,21.700000762939453,21.899999618530273,21.5,21.5,18.25357437133789,29080000,
2021-06-07,21.5,21.799999237060547,21.5,21.600000381469727,18.33847427368164,14822900,
2021-06-08,21.5,22.0,21.5,21.899999618530273,18.593177795410156,28053500,
2021-06-09,22.0,22.200000762939453,21.899999618530273,22.0,18.67807960510254,34397200,
2021-06-10,22.299999237060547,23.0,22.200000762939453,22.799999237060547,19.357280731201172,113686600,
2021-06-11,22.799999237060547,22.899999618530273,22.5,22.799999237060547,19.357280731201172,38045400,
2021-06-14,22.799999237060547,22.899999618530273,22.600000381469727,22.899999618530273,19.442180633544922,26944800,
2021-06-15,23.0,23.0,22.700000762939453,22.899999618530273,19.442180633544922,25574000,
2021-06-16,22.799999237060547,23.100000381469727,22.799999237060547,23.0,19.527080535888672,42645500,
2021-06-17,22.899999618530273,23.100000381469727,22.700000762939453,22.799999237060547,19.357280731201172,25439300,
2021-06-18,22.799999237060547,23.0,22.600000381469727,23.0,19.527080535888672,34498100,
2021-06-21,22.700000762939453,22.899999618530273,22.5,22.700000762939453,19.272380828857422,20089100,
2021-06-22,22.700000762939453,23.0,22.700000762939453,23.0,19.527080535888672,20587300,
2021-06-23,23.0,23.100000381469727,22.700000762939453,22.799999237060547,19.357280731201172,23346500,
2021-06-24,22.700000762939453,23.100000381469727,22.5,23.100000381469727,19.611984252929688,38184800,
2021-06-25,23.200000762939453,23.899999618530273,22.899999618530273,23.700000762939453,20.121387481689453,86536700,
2021-06-28,23.600000381469727,24.0,23.100000381469727,23.100000381469727,19.611984252929688,111962600,
2021-06-29,23.100000381469727,23.5,23.0,23.200000762939453,19.696880340576172,32821200,
2021-06-30,23.299999237060547,23.399999618530273,23.0,23.0,19.527080535888672,35894700,
2021-07-01,23.100000381469727,23.700000762939453,23.100000381469727,23.700000762939453,20.121387481689453,35994500,
2021-07-02,23.600000381469727,23.700000762939453,23.100000381469727,23.399999618530273,19.866683959960938,34967300,
2021-07-05,23.399999618530273,23.700000762939453,23.399999618530273,23.600000381469727,20.036481857299805,23823000,
2021-07-06,23.700000762939453,23.799999237060547,23.399999618530273,23.399999618530273,19.866683959960938,12255200,
2021-07-07,23.299999237060547,23.799999237060547,23.299999237060547,23.5,19.951583862304688,30259600,
2021-07-08,23.700000762939453,24.600000381469727,23.5,24.0,20.376083374023438,119688000,
2021-07-09,24.200000762939453,24.200000762939453,23.700000762939453,24.0,20.376083374023438,56609200,
2021-07-12,24.100000381469727,24.399999618530273,22.899999618530273,23.200000762939453,19.696880340576172,79836400,
2021-07-13,23.399999618530273,23.5,23.100000381469727,23.299999237060547,19.78178596496582,24909900,
2021-07-14,23.299999237060547,23.600000381469727,23.200000762939453,23.299999237060547,19.78178596496582,20516800,
2021-07-15,23.299999237060547,23.5,22.799999237060547,23.0,19.527080535888672,32714100,
2021-07-16,23.0,23.399999618530273,22.799999237060547,23.299999237060547,19.78178596496582,31009800,
2021-07-19,23.100000381469727,23.5,22.899999618530273,23.0,19.527080535888672,32493800,
2021-07-20,23.0,23.5,22.799999237060547,23.0,19.527080535888672,26752600,
2021-07-21,23.0,23.100000381469727,22.5,22.700000762939453,19.272380828857422,27377100,
2021-07-22,22.799999237060547,22.899999618530273,22.5,22.799999237060547,19.357280731201172,29468200,
2021-07-23,22.700000762939453,22.899999618530273,22.600000381469727,22.700000762939453,19.272380828857422,13447300,
2021-07-27,22.700000762939453,22.799999237060547,22.200000762939453,22.399999618530273,19.017681121826172,37429700,
2021-07-29,22.5,22.899999618530273,22.399999618530273,22.799999237060547,19.357280731201172,27616700,
2021-07-30,22.700000762939453,22.799999237060547,22.5,22.5,19.102577209472656,20949900,
2021-08-02,22.5,22.700000762939453,22.299999237060547,22.600000381469727,19.18747901916504,20027600,
2021-08-03,22.600000381469727,22.700000762939453,22.399999618530273,22.600000381469727,19.18747901916504,12718500,
2021-08-04,22.700000762939453,23.100000381469727,22.600000381469727,22.799999237060547,19.357280731201172,25270800,
2021-08-05,22.799999237060547,22.899999618530273,22.5,22.600000381469727,19.18747901916504,16772400,
2021-08-06,22.5,22.600000381469727,22.100000381469727,22.399999618530273,19.017681121826172,33128700,
2021-08-09,22.5,22.600000381469727,22.299999237060547,22.399999618530273,19.017681121826172,14428400,
2021-08-10,22.399999618530273,22.700000762939453,22.399999618530273,22.5,19.102577209472656,17057500,
2021-08-11,22.700000762939453,22.799999237060547,22.399999618530273,22.5,19.102577209472656,29650300,
2021-08-13,22.700000762939453,23.0,22.5,23.0,19.527080535888672,25845600,
2021-08-16,23.0,23.100000381469727,22.700000762939453,23.100000381469727,19.611984252929688,32348700,
2021-08-17,23.299999237060547,23.299999237060547,22.700000762939453,23.0,19.527080535888672,31307400,
2021-08-18,22.899999618530273,23.0,22.5,22.899999618530273,19.442180633544922,31501300,
2021-08-19,22.700000762939453,22.799999237060547,22.399999618530273,22.5,19.102577209472656,28173300,
2021-08-20,22.5,22.600000381469727,22.299999237060547,22.5,19.102577209472656,24215100,
2021-08-23,22.600000381469727,22.700000762939453,22.399999618530273,22.5,19.102577209472656,33849700,
2021-08-24,22.600000381469727,23.299999237060547,22.5,23.0,19.527080535888672,55054800,
2021-08-25,23.100000381469727,23.200000762939453,22.899999618530273,23.200000762939453,19.696880340576172,25417400,
2021-08-26,23.100000381469727,23.299999237060547,23.0,23.200000762939453,19.696880340576172,23219000,
2021-08-27,23.100000381469727,23.299999237060547,23.0,23.100000381469727,19.611984252929688,19849600,
2021-08-30,23.299999237060547,23.700000762939453,23.200000762939453,23.5,19.951583862304688,32527500,
2021-08-31,23.399999618530273,23.700000762939453,23.299999237060547,23.399999618530273,19.866683959960938,43257900,
2021-09-01,23.399999618530273,23.600000381469727,23.100000381469727,23.200000762939453,19.696880340576172,31176200,
2021-09-02,23.100000381469727,23.5,23.0,23.299999237060547,19.78178596496582,25085000,
2021-09-03,23.399999618530273,23.399999618530273,23.200000762939453,23.399999618530273,19.866683959960938,17825100,
2021-09-06,23.399999618530273,23.399999618530273,23.100000381469727,23.200000762939453,19.696880340576172,14042900,
2021-09-07,23.200000762939453,23.5,22.899999618530273,22.899999618530273,19.442180633544922,21957700,
2021-09-08,22.799999237060547,23.0,22.600000381469727,22.899999618530273,19.442180633544922,26808700,
2021-09-09,22.700000762939453,22.799999237060547,22.399999618530273,22.5,19.102577209472656,32308400,
2021-09-10,22.5,22.700000762939453,22.399999618530273,22.5,19.102577209472656,27415500,
2021-09-13,22.5,22.700000762939453,22.399999618530273,22.5,19.102577209472656,20986900,
2021-09-14,22.5,22.5,22.299999237060547,22.299999237060547,18.932777404785156,24997700,
2021-09-15,22.299999237060547,22.5,22.200000762939453,22.399999618530273,19.017681121826172,29508900,
2021-09-16,22.399999618530273,22.799999237060547,22.399999618530273,22.700000762939453,19.272380828857422,51219600,
2021-09-17,22.799999237060547,22.899999618530273,22.600000381469727,22.799999237060547,19.357280731201172,46033000,
2021-09-20,22.600000381469727,22.600000381469727,22.399999618530273,22.600000381469727,19.18747901916504,17217400,
2021-09-21,22.600000381469727,23.0,22.5,22.899999618530273,19.442180633544922,23593500,
2021-09-22,23.0,23.0,22.700000762939453,22.899999618530273,19.442180633544922,11162800,
2021-09-23,22.700000762939453,23.100000381469727,22.700000762939453,22.899999618530273,19.442180633544922,19614600,
2021-09-27,22.899999618530273,23.100000381469727,22.700000762939453,22.799999237060547,19.357280731201172,11284100,
2021-09-28,22.799999237060547,22.799999237060547,22.399999618530273,22.700000762939453,19.272380828857422,26350100,
2021-09-29,22.5,22.799999237060547,22.5,22.5,19.102577209472656,30850900,
2021-09-30,22.5,22.799999237060547,22.5,22.799999237060547,19.357280731201172,28266300,
2021-10-01,22.600000381469727,22.799999237060547,22.5,22.600000381469727,19.18747901916504,24964700,
2021-10-04,22.600000381469727,23.0,22.5,22.899999618530273,19.442180633544922,22868600,
2021-10-05,22.799999237060547,23.0,22.600000381469727,22.799999237060547,19.357280731201172,24443900,
2021-10-06,22.799999237060547,22.799999237060547,22.299999237060547,22.399999618530273,19.017681121826172,42841800,
2021-10-07,22.5,22.700000762939453,22.399999618530273,22.5,19.102577209472656,26774400,
2021-10-08,22.600000381469727,22.600000381469727,22.399999618530273,22.399999618530273,19.017681121826172,21998500,
2021-10-11,22.399999618530273,22.600000381469727,22.299999237060547,22.299999237060547,18.932777404785156,28689800,
2021-10-12,22.5,22.700000762939453,22.399999618530273,22.700000762939453,19.490888595581055,36403000,0.25
2021-10-14,22.799999237060547,22.799999237060547,22.5,22.600000381469727,19.4050235748291,24735200,
2021-10-15,22.700000762939453,23.0,22.600000381469727,22.899999618530273,19.662612915039062,39002200,
2021-10-18,23.0,23.0,22.799999237060547,23.0,19.748476028442383,31268200,
2021-10-19,23.100000381469727,23.399999618530273,23.0,23.200000762939453,19.92020034790039,40785700,
2021-10-20,23.299999237060547,23.399999618530273,23.0,23.200000762939453,19.92020034790039,23290400,
2021-10-21,23.399999618530273,23.600000381469727,23.0,23.5,20.177791595458984,38610100,
2021-10-25,23.600000381469727,24.0,23.299999237060547,24.0,20.60710334777832,47449600,
2021-10-26,24.0,24.100000381469727,23.600000381469727,23.700000762939453,20.34952163696289,31212500,
2021-10-27,23.600000381469727,23.799999237060547,23.399999618530273,23.5,20.177791595458984,24666100,
2021-10-28,23.700000762939453,24.200000762939453,23.600000381469727,24.200000762939453,20.778831481933594,41869900,
2021-10-29,24.0,24.100000381469727,23.5,23.5,20.177791595458984,48926000,
2021-11-01,23.600000381469727,23.799999237060547,23.5,23.700000762939453,20.34952163696289,21922200,
2021-11-02,23.799999237060547,24.0,23.700000762939453,23.899999618530273,20.521240234375,27205600,
2021-11-03,23.899999618530273,23.899999618530273,23.5,23.600000381469727,20.263652801513672,19846600,
2021-11-04,23.799999237060547,23.899999618530273,23.600000381469727,23.899999618530273,20.521240234375,18461100,
2021-11-05,23.799999237060547,23.899999618530273,23.700000762939453,23.899999618530273,20.521240234375,11264100,
2021-11-08,23.799999237060547,23.899999618530273,23.600000381469727,23.799999237060547,20.435380935668945,15986500,
2021-11-09,23.799999237060547,24.100000381469727,23.799999237060547,24.0,20.60710334777832,22877800,
2021-11-10,23.799999237060547,24.200000762939453,23.700000762939453,24.100000381469727,20.692968368530273,19573300,
2021-11-11,24.200000762939453,24.600000381469727,24.100000381469727,24.5,21.036418914794922,55942300,
2021-11-12,24.5,24.600000381469727,24.200000762939453,24.399999618530273,20.950557708740234,31068300,
2021-11-15,24.399999618530273,24.600000381469727,24.200000762939453,24.5,21.036418914794922,20868700,
2021-11-16,24.5,25.25,24.399999618530273,24.799999237060547,21.294008255004883,55442500,
2021-11-17,24.799999237060547,24.899999618530273,24.299999237060547,24.399999618530273,20.950557708740234,34817900,
2021-11-18,24.399999618530273,24.799999237060547,24.399999618530273,24.600000381469727,21.122283935546875,26050000,
2021-11-19,24.600000381469727,24.700000762939453,24.100000381469727,24.100000381469727,20.692968368530273,27288900,
2021-11-22,24.100000381469727,24.200000762939453,24.0,24.0,20.60710334777832,16916000,
2021-11-23,23.899999618530273,24.100000381469727,23.600000381469727,23.899999618530273,20.521240234375,24575200,
2021-11-24,23.799999237060547,23.899999618530273,23.399999618530273,23.5,20.177791595458984,33104900,
2021-11-25,23.5,23.600000381469727,23.299999237060547,23.5,20.177791595458984,15447700,
2021-11-26,23.5,23.799999237060547,23.100000381469727,23.200000762939453,19.92020034790039,40770000,
2021-11-29,23.299999237060547,23.600000381469727,22.700000762939453,22.700000762939453,19.490888595581055,48272600,
2021-11-30,22.700000762939453,23.0,22.299999237060547,22.299999237060547,19.14743423461914,75409900,
2021-12-01,22.299999237060547,22.700000762939453,22.200000762939453,22.5,19.31915855407715,46014900,
2021-12-02,22.600000381469727,23.0,22.5,23.0,19.748476028442383,36243800,
2021-12-03,22.899999618530273,23.0,22.600000381469727,22.700000762939453,19.490888595581055,28555700,
2021-12-07,22.799999237060547,22.899999618530273,22.5,22.799999237060547,19.576749801635742,23537000,
2021-12-08,22.799999237060547,22.899999618530273,22.600000381469727,22.700000762939453,19.490888595581055,15862300,
2021-12-09,22.700000762939453,22.899999618530273,22.600000381469727,22.700000762939453,19.490888595581055,19644000,
2021-12-13,22.799999237060547,22.899999618530273,22.600000381469727,22.700000762939453,19.490888595581055,28658100,
2021-12-14,22.5,22.700000762939453,22.5,22.700000762939453,19.490888595581055,17648800,
2021-12-15,22.600000381469727,22.700000762939453,22.399999618530273,22.5,19.31915855407715,18474100,
2021-12-16,22.600000381469727,22.899999618530273,22.5,22.899999618530273,19.662612915039062,27719900,
2021-12-17,22.899999618530273,23.200000762939453,22.799999237060547,23.0,19.748476028442383,34804200,
2021-12-20,22.799999237060547,22.899999618530273,22.600000381469727,22.700000762939453,19.490888595581055,12066800,
2021-12-21,22.799999237060547,23.0,22.600000381469727,22.700000762939453,19.490888595581055,10720400,
2021-12-22,22.700000762939453,22.899999618530273,22.700000762939453,22.799999237060547,19.576749801635742,9612000,
2021-12-23,22.899999618530273,22.899999618530273,22.700000762939453,22.700000762939453,19.490888595581055,9570100,
2021-12-24,22.700000762939453,23.0,22.700000762939453,22.700000762939453,19.490888595581055,16094200,
2021-12-27,22.700000762939453,23.100000381469727,22.700000762939453,22.799999237060547,19.576749801635742,15941000,
2021-12-28,22.899999618530273,23.299999237060547,22.899999618530273,23.100000381469727,19.834341049194336,23204800,
2021-12-29,23.100000381469727,23.299999237060547,23.100000381469727,23.200000762939453,19.92020034790039,15849100,
2021-12-30,23.299999237060547,23.299999237060547,23.0,23.0,19.748476028442383,25005300,
2022-01-04,23.0,23.100000381469727,22.299999237060547,22.399999618530273,19.233301162719727,72220800,
2022-01-05,22.399999618530273,22.700000762939453,22.299999237060547,22.700000762939453,19.490888595581055,27046600,
2022-01-06,22.700000762939453,22.799999237060547,22.299999237060547,22.399999618530273,19.233301162719727,38953600,
2022-01-07,22.600000381469727,22.799999237060547,22.5,22.600000381469727,19.4050235748291,25742700,
2022-01-10,22.600000381469727,22.799999237060547,22.5,22.700000762939453,19.490888595581055,9308500,
2022-01-11,22.600000381469727,22.700000762939453,22.299999237060547,22.600000381469727,19.4050235748291,25856700,
2022-01-12,22.700000762939453,22.700000762939453,22.5,22.600000381469727,19.4050235748291,18667300,
2022-01-13,22.600000381469727,22.600000381469727,22.299999237060547,22.399999618530273,19.233301162719727,25081800,
2022-01-14,22.399999618530273,22.5,22.299999237060547,22.299999237060547,19.14743423461914,27390500,
2022-01-17,22.399999618530273,22.399999618530273,22.200000762939453,22.299999237060547,19.14743423461914,20447000,
2022-01-18,22.299999237060547,22.399999618530273,21.799999237060547,21.899999618530273,18.803983688354492,59158300,
2022-01-19,21.899999618530273,21.899999618530273,21.600000381469727,21.899999618530273,18.803983688354492,45424200,
2022-01-20,21.899999618530273,21.899999618530273,21.5,21.600000381469727,18.54639434814453,47512300,
2022-01-21,21.5,22.0,21.5,21.899999618530273,18.803983688354492,42850400,
2022-01-24,21.899999618530273,22.0,21.700000762939453,21.799999237060547,18.718122482299805,15657100,
2022-01-25,21.799999237060547,22.100000381469727,21.799999237060547,22.100000381469727,18.975709915161133,27698600,
2022-01-26,22.299999237060547,22.5,22.0,22.5,19.31915855407715,37191000,
2022-01-27,22.5,22.5,22.100000381469727,22.399999618530273,19.233301162719727,26893700,
2022-01-28,22.5,22.5,22.200000762939453,22.5,19.31915855407715,16856000,
2022-01-31,22.600000381469727,22.600000381469727,22.399999618530273,22.399999618530273,19.233301162719727,14886400,
2022-02-01,22.5,22.700000762939453,22.399999618530273,22.5,19.31915855407715,18291600,
2022-02-02,22.600000381469727,22.700000762939453,22.5,22.700000762939453,19.490888595581055,10165000,
2022-02-03,22.600000381469727,22.700000762939453,22.399999618530273,22.700000762939453,19.490888595581055,14538000,
2022-02-04,22.700000762939453,22.700000762939453,22.299999237060547,22.299999237060547,19.14743423461914,22766600,
2022-02-07,22.200000762939453,22.700000762939453,22.100000381469727,22.600000381469727,19.4050235748291,45342600,
2022-02-08,22.600000381469727,22.700000762939453,22.200000762939453,22.399999618530273,19.233301162719727,37061600,
2022-02-09,22.399999618530273,23.0,22.399999618530273,23.0,19.748476028442383,67540700,
2022-02-10,23.0,23.100000381469727,22.799999237060547,23.100000381469727,19.834341049194336,29491900,
2022-02-11,23.100000381469727,23.100000381469727,22.5,22.899999618530273,19.662612915039062,30762600,
2022-02-14,22.799999237060547,23.0,22.700000762939453,22.899999618530273,19.662612915039062,22648000,
2022-02-15,23.0,23.100000381469727,22.799999237060547,23.100000381469727,19.834341049194336,27414900,
2022-02-17,23.200000762939453,23.399999618530273,23.0,23.299999237060547,20.00606918334961,49215000,
2022-02-18,23.299999237060547,23.399999618530273,23.100000381469727,23.200000762939453,19.92020034790039,29330900,
2022-02-21,23.200000762939453,23.5,22.899999618530273,23.0,19.748476028442383,27158100,
2022-02-22,22.799999237060547,23.100000381469727,22.5,23.100000381469727,19.834341049194336,43787100,
2022-02-23,23.200000762939453,23.200000762939453,22.899999618530273,23.200000762939453,19.92020034790039,19156900,
2022-02-24,23.399999618530273,24.0,23.200000762939453,23.799999237060547,20.435380935668945,131269100,
2022-02-25,24.0,24.200000762939453,23.600000381469727,23.700000762939453,20.34952163696289,58548700,
2022-02-28,23.700000762939453,23.899999618530273,23.5,23.700000762939453,20.34952163696289,48484700,
2022-03-01,23.899999618530273,24.0,23.700000762939453,23.799999237060547,20.435380935668945,30404000,
2022-03-02,23.700000762939453,24.0,23.700000762939453,24.0,20.60710334777832,27719000,
2022-03-03,24.100000381469727,24.700000762939453,24.0,24.600000381469727,21.122283935546875,63073300,
2022-03-04,24.600000381469727,24.799999237060547,24.399999618530273,24.399999618530273,20.950557708740234,49890200,
2022-03-07,24.100000381469727,24.399999618530273,24.0,24.0,20.60710334777832,62589600,
2022-03-08,24.0,24.600000381469727,24.0,24.5,21.036418914794922,67087000,
2022-03-09,24.299999237060547,24.600000381469727,23.799999237060547,24.600000381469727,21.29612922668457,61842000,0.2
2022-03-10,24.600000381469727,25.0,24.200000762939453,25.0,21.642410278320312,80851000,
2022-03-11,25.25,25.5,24.600000381469727,25.5,22.075254440307617,76043600,
2022-03-14,25.5,25.5,25.0,25.5,22.075254440307617,61346600,
2022-03-15,25.5,26.0,25.25,26.0,22.50810432434082,79647500,
2022-03-16,26.25,26.25,25.25,25.25,21.85883331298828,65267400,
2022-03-17,25.25,25.5,25.25,25.25,21.85883331298828,76673800,
2022-03-18,25.25,25.75,25.0,25.5,22.075254440307617,86542900,
2022-03-21,25.75,25.75,25.5,25.75,22.29167938232422,58605300,
2022-03-22,25.75,26.0,25.25,25.5,22.075254440307617,55662400,
2022-03-23,25.5,25.75,25.25,25.25,21.85883331298828,31058300,
2022-03-24,25.25,25.5,25.0,25.25,21.85883331298828,56199400,
2022-03-25,25.25,25.5,25.25,25.5,22.075254440307617,22385300,
2022-03-28,25.5,25.75,25.25,25.5,22.075254440307617,23973800,
2022-03-29,25.75,25.75,25.0,25.5,22.075254440307617,45533300,
2022-03-30,25.25,25.5,24.700000762939453,25.0,21.642410278320312,72993900,
2022-03-31,25.0,25.25,24.899999618530273,25.0,21.642410278320312,40237800,
2022-04-01,25.0,25.25,24.799999237060547,25.0,21.642410278320312,26172100,
2022-04-04,25.0,25.25,24.899999618530273,25.0,21.642410278320312,10425300,
2022-04-05,25.0,25.25,24.899999618530273,25.0,21.642410278320312,12253900,
2022-04-07,25.25,25.5,24.799999237060547,25.0,21.642410278320312,57694400,
2022-04-08,25.25,25.5,25.0,25.0,21.642410278320312,45637900,
2022-04-11,25.0,25.75,25.0,25.75,22.29167938232422,71698000,
2022-04-12,25.75,25.75,25.5,25.75,22.29167938232422,34174000,
2022-04-18,25.75,26.25,25.5,25.75,22.29167938232422,44780000,
2022-04-19,26.0,26.5,25.75,26.25,22.72452735900879,47437600,
2022-04-20,26.5,26.5,26.0,26.5,22.94095230102539,51989500,
2022-04-21,26.5,26.75,26.25,26.75,23.15737533569336,47272200,
2022-04-22,26.5,27.0,26.25,27.0,23.373798370361328,55248800,
2022-04-25,26.75,27.0,26.25,26.75,23.15737533569336,55764700,
2022-04-26,26.5,27.0,26.25,26.25,22.72452735900879,38913800,
2022-04-27,26.5,26.75,26.0,26.75,23.15737533569336,39397100,
2022-04-28,26.75,26.75,26.25,26.25,22.72452735900879,29649800,
2022-04-29,26.25,26.5,25.5,25.75,22.29167938232422,39360300,
2022-05-03,25.25,25.5,24.899999618530273,25.25,21.85883331298828,90507600,
2022-05-05,25.5,25.75,24.899999618530273,24.899999618530273,21.555837631225586,75230100,
2022-05-06,24.5,25.25,24.5,24.799999237060547,21.46926498413086,38851800,
2022-05-09,24.700000762939453,25.25,24.5,24.700000762939453,21.3826961517334,41425000,
2022-05-10,24.799999237060547,25.25,24.600000381469727,25.25,21.85883331298828,59851400,
2022-05-11,25.25,25.25,24.899999618530273,25.0,21.642410278320312,45428300,
2022-05-12,25.0,26.0,25.0,26.0,22.50810432434082,70821300,
2022-05-13,26.25,27.5,26.0,27.0,23.373798370361328,132647800,
2022-05-17,27.0,27.25,26.25,26.75,23.15737533569336,80051000,
2022-05-18,26.5,27.0,26.0,26.75,23.15737533569336,103532800,
2022-05-19,26.25,27.0,26.25,26.75,23.15737533569336,81298400,
2022-05-20,27.25,27.75,26.75,27.0,23.373798370361328,111726900,
2022-05-23,27.0,27.0,26.5,27.0,23.373798370361328,80182000,
2022-05-24,27.0,27.25,26.25,26.5,22.94095230102539,102004900,
2022-05-25,26.75,27.0,26.5,27.0,23.373798370361328,62042000,
2022-05-26,26.75,27.0,25.5,26.0,22.50810432434082,102470200,
2022-05-27,26.0,26.0,25.25,25.5,22.075254440307617,65001800,
2022-05-30,25.5,25.75,25.25,25.5,22.075254440307617,58498400,
2022-05-31,25.5,26.25,25.5,25.75,22.29167938232422,132354600,
2022-06-01,25.5,26.5,25.5,26.25,22.72452735900879,87657800,
2022-06-02,26.5,26.5,25.5,25.75,22.29167938232422,92839500,
2022-06-06,25.75,26.0,25.75,26.0,22.50810432434082,17270900,
2022-06-07,25.75,25.75,25.0,25.0,21.642410278320312,72255000,
2022-06-08,25.25,25.5,24.899999618530273,25.0,21.642410278320312,47678900,
2022-06-09,25.0,25.25,25.0,25.0,21.642410278320312,51161900,
2022-06-10,25.0,25.25,24.799999237060547,24.799999237060547,21.46926498413086,47969300,
2022-06-13,24.700000762939453,25.0,24.5,24.799999237060547,21.46926498413086,53243300,
2022-06-14,24.700000762939453,24.899999618530273,24.600000381469727,24.600000381469727,21.29612922668457,42578900,
2022-06-15,24.700000762939453,24.899999618530273,24.5,24.600000381469727,21.29612922668457,28951000,
2022-06-16,24.799999237060547,25.0,24.0,24.100000381469727,20.86328125,98530900,
2022-06-17,24.0,24.5,24.0,24.200000762939453,20.949851989746094,71888000,
2022-06-20,24.200000762939453,24.5,24.200000762939453,24.399999618530273,21.122989654541016,35994600,
2022-06-21,24.799999237060547,25.25,24.5,24.799999237060547,21.46926498413086,69726900,
2022-06-22,24.700000762939453,24.799999237060547,24.100000381469727,24.5,21.209558486938477,40174400,
2022-06-23,24.700000762939453,25.0,24.5,24.700000762939453,21.3826961517334,45462600,
2022-06-24,24.700000762939453,25.0,24.600000381469727,24.899999618530273,21.555837631225586,44326900,
2022-06-27,25.0,25.25,24.799999237060547,24.799999237060547,21.46926498413086,28790500,
2022-06-28,24.799999237060547,25.25,24.600000381469727,24.899999618530273,21.555837631225586,35887600,
2022-06-29,25.0,25.25,24.899999618530273,25.0,21.642410278320312,36108500,
2022-06-30,25.0,25.25,25.0,25.0,21.642410278320312,32081000,
2022-07-01,25.0,25.25,25.0,25.0,21.642410278320312,31880100,
2022-07-04,25.25,25.25,25.0,25.0,21.642410278320312,15347700,
2022-07-05,25.25,26.0,25.0,25.75,22.29167938232422,97062700,
2022-07-06,25.75,26.5,25.75,26.5,22.94095230102539,88023300,
2022-07-07,26.5,26.75,26.25,26.75,23.15737533569336,43890500,
2022-07-08,26.75,27.0,26.5,26.75,23.15737533569336,44484700,
2022-07-11,26.75,26.75,26.0,26.5,22.94095230102539,31656900,
2022-07-12,26.5,27.25,26.25,27.0,23.373798370361328,54881700,
2022-07-14,27.0,27.5,26.5,27.0,23.373798370361328,77800300,
2022-07-15,27.0,27.0,26.25,27.0,23.373798370361328,55215600,
2022-07-18,27.0,27.25,26.25,26.5,22.94095230102539,58594800,
2022-07-19,26.5,26.75,26.0,26.5,22.94095230102539,34888500,
2022-07-20,26.5,27.0,26.25,26.5,22.94095230102539,43264800,
2022-07-21,26.25,26.75,26.0,26.75,23.15737533569336,37198100,
2022-07-22,26.75,27.0,26.25,27.0,23.373798370361328,20506000,
2022-07-25,27.0,27.0,26.5,27.0,23.373798370361328,41368400,
2022-07-26,27.0,27.0,26.25,26.25,22.72452735900879,33895900,
2022-07-27,26.5,27.0,26.25,26.75,23.15737533569336,23756200,
2022-08-01,26.75,27.0,26.5,27.0,23.373798370361328,34241300,
2022-08-02,27.25,27.5,26.75,27.0,23.373798370361328,39417800,
2022-08-03,27.25,27.75,27.0,27.75,24.023069381713867,44247400,
2022-08-04,27.75,27.75,26.75,27.25,23.590221405029297,57240200,
2022-08-05,27.25,27.25,26.75,27.0,23.373798370361328,52557700,
2022-08-08,26.75,27.0,26.25,26.5,22.94095230102539,74553500,
2022-08-09,26.75,27.25,26.5,27.0,23.373798370361328,46779200,
2022-08-10,26.75,27.0,26.5,27.0,23.373798370361328,34371800,
2022-08-11,27.5,28.5,27.25,28.25,24.455921173095703,106152400,
2022-08-15,28.25,28.5,27.5,27.75,24.023069381713867,109488900,
2022-08-16,28.0,28.5,27.75,28.25,24.455921173095703,40208800,
2022-08-17,28.25,28.5,27.75,27.75,24.023069381713867,63083600,
2022-08-18,27.75,28.0,26.5,27.25,23.590221405029297,127059500,
2022-08-19,27.0,27.75,26.75,27.25,23.590221405029297,28570500,
2022-08-22,27.25,27.75,27.25,27.25,23.590221405029297,25652900,
2022-08-23,27.5,28.25,27.25,28.25,24.455921173095703,49645000,
2022-08-24,28.25,28.25,27.5,28.0,24.239498138427734,30978000,
2022-08-25,28.0,28.5,27.75,28.5,24.672344207763672,28398600,
2022-08-26,28.25,28.25,27.5,28.0,24.239498138427734,39360500,
2022-08-29,27.75,27.75,27.5,27.75,24.023069381713867,22189800,
2022-08-30,27.5,28.5,27.5,28.25,24.455921173095703,35051600,
2022-08-31,28.0,29.5,28.0,29.25,25.32161521911621,112721400,
2022-09-01,29.25,31.0,28.75,29.0,25.105192184448242,126185400,
2022-09-02,29.0,29.75,28.5,29.25,25.32161521911621,48392200,
2022-09-05,29.25,29.5,28.75,29.25,25.32161521911621,31719400,
2022-09-06,29.0,29.25,28.75,29.0,25.105192184448242,23969400,
2022-09-07,28.75,29.5,28.75,29.25,25.32161521911621,38802900,
2022-09-08,29.75,30.0,28.75,29.5,25.538040161132812,47373400,
2022-09-09,29.75,30.0,29.5,29.75,25.75446319580078,30732900,
2022-09-12,30.25,30.25,29.75,30.0,25.970888137817383,32193200,
2022-09-13,30.0,30.0,29.5,30.0,25.970888137817383,18670200,
2022-09-14,29.5,29.75,29.25,29.5,25.796001434326172,32960700,0.3
2022-09-15,29.75,29.75,29.0,29.25,25.577390670776367,27405200,
2022-09-16,29.0,29.5,28.25,28.5,24.921558380126953,83997200,
2022-09-19,28.5,29.75,28.25,29.25,25.577390670776367,49737900,
2022-09-20,29.75,29.75,29.25,29.25,25.577390670776367,38106300,
2022-09-21,29.5,29.5,29.25,29.25,25.577390670776367,19364600,
2022-09-22,29.25,29.75,29.25,29.5,25.796001434326172,33124400,
2022-09-23,29.75,29.75,29.25,29.25,25.577390670776367,28967800,
2022-09-26,29.25,29.75,29.0,29.25,25.577390670776367,31342700,
2022-09-27,29.25,30.25,29.25,29.5,25.796001434326172,54598900,
2022-09-28,29.5,30.0,29.25,30.0,26.233219146728516,52897600,
2022-09-29,30.0,30.25,29.5,30.0,26.233219146728516,42050400,
2022-09-30,29.75,30.0,29.0,29.5,25.796001434326172,35133300,
2022-10-03,29.25,29.75,28.5,28.75,25.140172958374023,60632900,
2022-10-04,29.0,29.25,28.5,29.25,25.577390670776367,51295900,
2022-10-05,29.5,29.5,28.75,29.0,25.358781814575195,34796600,
2022-10-06,29.0,29.5,29.0,29.25,25.577390670776367,34694300,
2022-10-07,29.25,29.75,29.0,29.5,25.796001434326172,39636400,
2022-10-10,29.25,29.5,28.75,29.0,25.358781814575195,26043200,
2022-10-11,29.25,29.5,28.75,29.0,25.358781814575195,29407600,
2022-10-12,28.75,29.25,28.5,29.25,25.577390670776367,37986800,
2022-10-17,29.25,29.5,28.75,29.25,25.577390670776367,68908500,
2022-10-18,29.25,29.5,28.75,28.75,25.140172958374023,31283000,
2022-10-19,28.75,29.0,27.75,28.0,24.48434066772461,79423900,
2022-10-20,27.75,28.5,27.75,28.5,24.921558380126953,52967600,
2022-10-21,28.5,28.75,28.25,28.75,25.140172958374023,29547300,
2022-10-25,28.75,29.25,28.5,29.25,25.577390670776367,42815200,
2022-10-26,29.5,29.5,29.0,29.25,25.577390670776367,26927200,
2022-10-27,29.5,29.75,29.25,29.5,25.796001434326172,31121200,
2022-10-28,29.75,29.75,29.25,29.75,26.014610290527344,27998100,
2022-10-31,30.0,30.0,29.25,29.5,25.796001434326172,28969800,
2022-11-01,29.75,29.75,29.5,29.5,25.796001434326172,27417400,
2022-11-02,29.75,30.0,29.5,30.0,26.233219146728516,25215200,
2022-11-03,30.0,30.0,29.75,30.0,26.233219146728516,14340400,
2022-11-04,29.75,30.5,29.75,30.25,26.45182991027832,47511900,
2022-11-07,30.25,30.25,29.5,29.75,26.014610290527344,48193600,
2022-11-08,30.0,30.25,29.75,30.25,26.45182991027832,38187600,
2022-11-09,30.5,30.5,30.0,30.5,26.670440673828125,24249200,
2022-11-10,30.5,31.5,30.0,31.25,27.32627296447754,49423000,
2022-11-11,32.0,32.0,31.0,31.25,27.32627296447754,52969300,
2022-11-14,31.25,31.25,30.25,30.5,26.670440673828125,22011800,
2022-11-15,31.5,32.0,31.0,31.25,27.32627296447754,41090000,
2022-11-16,31.25,31.25,30.0,30.25,26.45182991027832,60875800,
2022-11-17,29.75,30.0,28.75,29.0,25.358781814575195,114383900,
2022-11-18,29.0,29.5,28.75,29.25,25.577390670776367,42958700,
2022-11-21,29.25,29.5,29.0,29.5,25.796001434326172,31196400,
2022-11-22,29.5,30.0,29.5,29.5,25.796001434326172,29944900,
2022-11-23,29.75,29.75,29.25,29.75,26.014610290527344,53516800,
2022-11-24,29.75,29.75,29.0,29.5,25.796001434326172,43265800,
2022-11-25,29.5,29.5,28.75,29.0,25.358781814575195,28070700,
2022-11-28,28.75,29.25,28.5,29.0,25.358781814575195,32953200,
2022-11-29,29.0,29.75,29.0,29.75,26.014610290527344,46479700,
2022-11-30,29.5,30.25,29.5,30.25,26.45182991027832,73000300,
2022-12-01,30.25,30.25,29.0,29.25,25.577390670776367,82817500,
2022-12-02,29.0,29.25,28.5,29.0,25.358781814575195,48578600,
2022-12-06,28.75,29.0,28.25,28.5,24.921558380126953,80694800,
2022-12-07,28.75,29.0,28.5,28.5,24.921558380126953,27924800,
2022-12-08,28.5,28.75,27.75,28.25,24.702951431274414,75397400,
2022-12-09,28.25,28.5,28.0,28.25,24.702951431274414,30556500,
2022-12-13,28.25,28.5,27.75,28.0,24.48434066772461,59211900,
2022-12-14,28.0,28.25,27.75,28.25,24.702951431274414,83373000,
2022-12-15,28.25,28.5,27.75,28.25,24.702951431274414,43748800,
2022-12-16,28.0,28.25,27.75,28.0,24.48434066772461,32929400,
2022-12-19,28.25,28.25,27.75,28.25,24.702951431274414,63679700,
2022-12-20,28.0,28.25,27.75,28.0,24.48434066772461,30135700,
2022-12-21,28.25,28.75,28.0,28.5,24.921558380126953,47785600,
2022-12-22,28.5,28.75,28.25,28.5,24.921558380126953,20969800,
2022-12-23,28.25,28.5,28.25,28.5,24.921558380126953,8722600,
2022-12-26,28.25,28.5,28.25,28.25,24.702951431274414,18583100,
2022-12-27,28.5,28.75,28.25,28.5,24.921558380126953,31181100,
2022-12-28,28.5,29.25,28.5,29.0,25.358781814575195,42229000,
2022-12-29,29.0,29.75,28.75,29.75,26.014610290527344,40474100,
2022-12-30,29.75,30.0,29.0,29.0,25.358781814575195,67241000,
2023-01-03,29.5,29.75,29.25,29.25,25.577390670776367,38910800,
2023-01-04,29.25,29.5,29.0,29.5,25.796001434326172,20312300,
2023-01-05,29.5,29.75,29.0,29.5,25.796001434326172,42753500,
2023-01-06,29.75,30.5,29.5,30.25,26.45182991027832,57805900,
2023-01-09,30.25,30.5,30.25,30.25,26.45182991027832,20747300,
2023-01-10,30.5,31.0,30.25,30.75,26.889053344726562,43697700,
2023-01-11,30.5,30.75,30.0,30.25,26.45182991027832,39121500,
2023-01-12,30.25,30.5,29.75,30.0,26.233219146728516,38793500,
2023-01-13,30.25,30.5,29.75,30.25,26.45182991027832,47007800,
2023-01-16,30.25,30.25,29.75,30.0,26.233219146728516,33719800,
2023-01-17,29.75,30.0,29.5,29.75,26.014610290527344,31766100,
2023-01-18,29.5,30.25,29.5,30.25,26.45182991027832,33410700,
2023-01-19,30.25,30.25,30.0,30.25,26.45182991027832,25126600,
2023-01-20,30.0,30.5,30.0,30.0,26.233219146728516,21064600,
2023-01-23,30.0,30.25,29.75,30.0,26.233219146728516,15963500,
2023-01-24,30.0,30.0,29.5,29.5,25.796001434326172,17414100,
2023-01-25,29.5,29.75,28.75,29.0,25.358781814575195,58759600,
2023-01-26,29.25,30.0,29.0,30.0,26.233219146728516,44433500,
2023-01-27,30.0,30.25,29.75,30.25,26.45182991027832,26701900,
2023-01-30,30.0,30.25,29.75,30.0,26.233219146728516,25514500,
2023-01-31,30.0,30.25,29.25,29.75,26.014610290527344,48284700,
2023-02-01,29.5,30.25,29.5,30.25,26.45182991027832,37863600,
2023-02-02,30.0,30.5,29.75,30.0,26.233219146728516,25571200,
2023-02-03,29.75,30.0,29.75,30.0,26.233219146728516,23771100,
2023-02-06,30.0,30.0,29.5,29.75,26.014610290527344,21264400,
2023-02-07,30.0,30.0,29.5,29.5,25.796001434326172,21779700,
2023-02-08,29.75,30.0,29.25,29.5,25.796001434326172,26965500,
2023-02-09,29.5,29.5,28.5,29.0,25.358781814575195,52426500,
2023-02-10,28.75,29.0,28.75,28.75,25.140172958374023,17939500,
2023-02-13,28.75,29.0,28.5,28.75,25.140172958374023,35912400,
2023-02-14,29.0,29.25,28.75,29.0,25.358781814575195,36206400,
2023-02-15,29.25,29.25,29.0,29.25,25.577390670776367,14149400,
2023-02-16,29.25,30.0,29.25,29.75,26.014610290527344,45361600,
2023-02-17,29.75,30.25,29.5,30.0,26.233219146728516,33832500,
2023-02-20,30.0,30.25,29.75,30.0,26.233219146728516,12769500,
2023-02-21,29.75,30.0,29.5,30.0,26.233219146728516,9099600,
2023-02-22,30.0,30.0,29.5,30.0,26.233219146728516,10375400,
2023-02-23,29.75,30.0,29.5,29.5,25.796001434326172,23906400,
2023-02-24,29.75,29.75,29.25,29.25,25.577390670776367,18993000,
2023-02-27,29.5,29.5,28.5,28.5,24.921558380126953,53825100,
2023-02-28,28.5,28.75,27.75,28.0,24.48434066772461,75264600,
2023-03-01,28.0,28.5,27.75,27.75,24.265727996826172,57252300,
2023-03-02,27.75,28.0,27.5,27.5,24.047119140625,29449800,
2023-03-03,27.75,28.25,27.5,28.0,24.48434066772461,30759300,
2023-03-07,28.25,28.5,28.0,28.25,24.702951431274414,48637300,
2023-03-08,27.75,28.25,27.5,28.0,24.747142791748047,39156100,0.3
2023-03-09,28.25,28.5,27.75,28.0,24.747142791748047,67317200,
2023-03-10,27.75,28.0,27.5,28.0,24.747142791748047,31187500,
2023-03-13,28.0,28.5,27.75,28.0,24.747142791748047,52735000,
2023-03-14,28.0,28.25,27.0,27.5,24.305227279663086,74857900,
2023-03-15,28.0,28.25,27.25,28.0,24.747142791748047,60560200,
2023-03-16,28.0,28.25,27.5,28.25,24.968095779418945,60574400,
2023-03-17,28.5,28.75,28.25,28.5,25.189056396484375,29273600,
2023-03-20,28.5,28.5,27.75,28.25,24.968095779418945,51096900,
2023-03-21,28.5,28.75,28.0,28.5,25.189056396484375,36962600,
2023-03-22,28.75,29.0,28.5,29.0,25.630970001220703,37749100,
2023-03-23,29.0,29.25,28.5,29.0,25.630970001220703,32587800,
2023-03-24,29.25,29.5,29.0,29.25,25.8519229888916,31769400,
2023-03-27,29.25,29.5,29.0,29.25,25.8519229888916,20356000,
2023-03-28,29.5,29.5,29.25,29.5,26.072879791259766,34296800,
2023-03-29,29.75,29.75,29.25,29.75,26.293840408325195,35020700,
2023-03-30,29.5,29.75,29.25,29.5,26.072879791259766,44565500,
2023-03-31,29.75,29.75,29.25,29.5,26.072879791259766,34295100,
2023-04-03,29.75,29.75,29.5,29.75,26.293840408325195,13541500,
2023-04-04,30.0,30.5,29.75,30.5,26.956707000732422,53213500,
2023-04-05,30.5,30.75,30.25,30.25,26.73575210571289,45547200,
2023-04-07,30.25,30.5,29.75,30.0,26.51479148864746,20889800,
2023-04-10,30.0,30.75,29.75,30.5,26.956707000732422,45416800,
2023-04-11,30.75,30.75,30.5,30.5,26.956707000732422,32580100,
2023-04-12,30.5,30.5,29.25,29.5,26.072879791259766,66721800,
2023-04-17,30.0,30.25,29.75,30.25,26.73575210571289,33063000,
2023-04-18,30.25,30.25,29.5,30.0,26.51479148864746,24413100,
2023-04-19,29.75,30.0,29.25,29.5,26.072879791259766,98279700,
2023-04-20,29.75,29.75,29.0,29.5,26.072879791259766,57221200,
2023-04-21,29.25,29.5,29.0,29.25,25.8519229888916,28754800,
2023-04-24,29.0,29.5,29.0,29.25,25.8519229888916,20874400,
2023-04-25,29.25,29.75,29.25,29.5,26.072879791259766,19716200,
2023-04-26,29.5,29.75,29.25,29.5,26.072879791259766,15226900,
2023-04-27,29.5,29.75,29.25,29.5,26.072879791259766,28478400,
2023-04-28,29.75,29.75,29.0,29.25,25.8519229888916,44145200,
2023-05-02,29.25,29.5,29.0,29.25,25.8519229888916,19328200,
2023-05-03,29.5,29.5,29.0,29.5,26.072879791259766,29182700,
2023-05-08,29.5,30.0,29.5,29.75,26.293840408325195,46549100,
2023-05-09,30.0,30.0,29.5,29.75,26.293840408325195,20830500,
2023-05-10,29.75,30.0,29.5,29.75,26.293840408325195,22164900,
2023-05-11,29.75,30.0,29.5,29.75,26.293840408325195,28441500,
2023-05-12,29.5,29.75,29.5,29.75,26.293840408325195,32829200,
2023-05-15,29.75,30.0,29.5,29.5,26.072879791259766,18323700,
2023-05-16,29.75,29.75,29.25,29.5,26.072879791259766,26460200,
2023-05-17,29.5,29.5,29.0,29.25,25.8519229888916,37664400,
2023-05-18,29.25,29.5,28.5,28.75,25.410011291503906,53419400,
2023-05-19,28.5,28.75,27.75,28.0,24.747142791748047,49335200,
2023-05-22,27.75,28.5,27.5,28.25,24.968095779418945,35562800,
2023-05-23,28.25,28.5,28.0,28.25,24.968095779418945,28915700,
2023-05-24,28.25,28.5,28.0,28.25,24.968095779418945,57029100,
2023-05-25,28.25,28.25,27.5,28.0,24.747142791748047,66543400,
2023-05-26,27.75,28.0,27.5,27.75,24.52618408203125,37246400,
2023-05-29,28.0,28.5,27.75,28.25,24.968095779418945,31705400,
2023-05-30,28.5,28.5,28.25,28.5,25.189056396484375,18925300,
2023-05-31,28.25,28.5,28.0,28.25,24.968095779418945,48284500,
2023-06-01,28.25,28.5,28.0,28.25,24.968095779418945,30624700,
2023-06-02,28.0,28.5,28.0,28.5,25.189056396484375,30981300,
2023-06-06,28.5,29.0,28.5,28.75,25.410011291503906,43157400,
2023-06-07,28.75,29.0,28.25,28.5,25.189056396484375,32437800,
2023-06-08,28.5,28.75,28.25,28.5,25.189056396484375,37985500,
2023-06-09,28.5,29.0,28.25,28.75,25.410011291503906,53390000,
2023-06-12,28.75,29.0,28.5,29.0,25.630970001220703,17829200,
2023-06-13,29.0,29.0,28.75,28.75,25.410011291503906,21083800,
2023-06-14,29.0,29.0,28.25,28.5,25.189056396484375,46152900,
2023-06-15,28.5,28.75,28.5,28.75,25.410011291503906,21804700,
2023-06-16,28.75,29.0,28.5,28.75,25.410011291503906,29776300,
2023-06-19,28.5,28.75,28.5,28.5,25.189056396484375,11429300,
2023-06-20,28.75,28.75,28.5,28.5,25.189056396484375,10688600,
2023-06-21,28.75,28.75,28.25,28.75,25.410011291503906,19899700,
2023-06-22,28.5,28.75,28.25,28.25,24.968095779418945,33852700,
2023-06-23,28.5,28.75,28.25,28.25,24.968095779418945,35495300,
2023-06-26,28.25,28.5,28.25,28.25,24.968095779418945,12165200,
2023-06-27,28.25,28.5,28.0,28.25,24.968095779418945,22287400,
2023-06-28,28.0,28.0,27.25,27.75,24.52618408203125,61956700,
2023-06-29,27.75,28.0,27.25,27.75,24.52618408203125,84534100,
2023-06-30,27.5,27.75,27.25,27.75,24.52618408203125,61683100,
2023-07-03,27.75,28.0,27.5,27.5,24.305227279663086,13062500,
2023-07-04,27.75,27.75,27.25,27.5,24.305227279663086,37420500,
2023-07-05,27.75,28.0,27.5,27.75,24.52618408203125,40357300,
2023-07-06,27.5,27.75,27.0,27.25,24.084270477294922,52679400,
2023-07-07,27.0,27.25,26.75,26.75,23.642358779907227,46772200,
2023-07-10,27.25,28.25,27.25,27.75,24.52618408203125,44611300,
2023-07-11,27.75,28.0,27.5,27.75,24.52618408203125,31908400,
2023-07-12,28.0,28.25,27.75,28.0,24.747142791748047,24529400,
2023-07-13,28.0,28.25,27.25,27.5,24.305227279663086,60180700,
2023-07-14,27.5,28.0,27.5,27.75,24.52618408203125,25713200,
2023-07-17,28.0,28.5,27.75,28.5,25.189056396484375,25530000,
2023-07-18,28.5,29.0,28.25,28.75,25.410011291503906,31617100,
2023-07-19,28.75,29.25,28.5,28.75,25.410011291503906,44678900,
2023-07-20,28.5,29.0,28.0,28.25,24.968095779418945,39450000,
2023-07-21,28.5,29.0,28.25,28.5,25.189056396484375,35678500,
2023-07-24,28.75,29.0,28.5,28.75,25.410011291503906,26577200,
2023-07-25,29.0,29.25,28.5,28.75,25.410011291503906,29524200,
2023-07-26,28.5,28.75,28.0,28.25,24.968095779418945,28106800,
2023-07-27,28.25,29.0,28.0,28.75,25.410011291503906,40648300,
2023-07-31,28.5,28.75,28.5,28.75,25.410011291503906,8625000,
2023-08-02,28.5,28.75,28.0,28.25,24.968095779418945,43057500,
2023-08-03,28.0,28.5,27.75,28.25,24.968095779418945,33705100,
2023-08-04,28.25,28.75,28.25,28.25,24.968095779418945,43433700,
2023-08-07,28.25,28.5,28.0,28.25,24.968095779418945,17462300,
2023-08-08,28.25,28.5,28.0,28.0,24.747142791748047,27353800,
2023-08-09,28.25,28.5,28.0,28.5,25.189056396484375,20865000,
2023-08-10,28.75,29.5,28.5,29.25,25.8519229888916,47023000,
2023-08-11,29.25,29.25,28.75,28.75,25.410011291503906,32031800,
2023-08-15,28.75,28.75,28.0,28.0,24.747142791748047,35280300,
2023-08-16,28.0,28.5,28.0,28.25,24.968095779418945,30955300,
2023-08-17,28.25,28.5,28.0,28.25,24.968095779418945,48628800,
2023-08-18,28.25,28.25,27.75,28.0,24.747142791748047,46508900,
2023-08-21,28.25,28.5,27.75,28.0,24.747142791748047,66588400,
2023-08-22,28.25,28.25,28.0,28.25,24.968095779418945,24381100,
2023-08-23,28.25,28.5,28.0,28.25,24.968095779418945,55231100,
2023-08-24,28.0,28.25,27.25,27.5,24.305227279663086,83267300,
2023-08-25,27.5,27.75,27.5,27.75,24.52618408203125,10202200,
2023-08-28,27.75,28.0,27.5,27.75,24.52618408203125,23391100,
2023-08-29,28.0,28.0,27.5,28.0,24.747142791748047,26801900,
2023-08-30,28.0,28.75,27.75,28.5,25.189056396484375,115686300,
2023-08-31,28.5,28.5,28.0,28.0,24.747142791748047,26798200,
2023-09-01,28.0,28.25,27.5,27.75,24.52618408203125,34053100,
2023-09-04,27.75,27.75,27.25,27.25,24.084270477294922,25862800,
2023-09-05,27.5,27.5,27.0,27.0,23.86331558227539,38921300,
2023-09-06,27.0,27.5,27.0,27.5,24.305227279663086,78600300,
2023-09-07,27.5,27.75,27.25,27.5,24.305227279663086,30155500,
2023-09-08,27.5,27.5,27.0,27.25,24.084270477294922,21444600,
2023-09-11,27.25,27.75,26.75,27.25,24.084270477294922,68106600,
2023-09-12,27.0,27.25,26.75,27.0,24.173805236816406,36672100,0.35
2023-09-13,27.25,27.5,27.0,27.25,24.397632598876953,35366300,
2023-09-14,27.25,27.25,27.0,27.25,24.397632598876953,10231000,
2023-09-15,27.25,27.25,26.75,26.75,23.949970245361328,28872100,
2023-09-18,26.75,26.75,26.5,26.75,23.949970245361328,12075100,
2023-09-19,26.5,26.75,26.0,26.25,23.502307891845703,63258200,
2023-09-20,26.0,26.5,25.75,26.5,23.72614097595215,121030100,
2023-09-21,26.0,26.5,26.0,26.5,23.72614097595215,119292100,
2023-09-22,26.5,26.5,26.0,26.25,23.502307891845703,62037200,
2023-09-25,26.5,27.0,26.25,26.75,23.949970245361328,72574200,
2023-09-26,26.75,27.5,26.5,27.25,24.397632598876953,65902000,
2023-09-27,26.75,27.25,26.75,27.0,24.173805236816406,9742700,
2023-09-28,27.0,27.25,26.25,26.5,23.72614097595215,56593600,
2023-09-29,26.75,27.0,26.5,26.75,23.949970245361328,27762600,
2023-10-02,26.75,27.25,26.5,27.0,24.173805236816406,30817200,
2023-10-03,27.0,27.0,26.5,26.75,23.949970245361328,45865600,
2023-10-04,26.75,27.5,26.5,27.5,24.62146759033203,51498000,
2023-10-05,27.5,27.75,27.25,27.5,24.62146759033203,61999800,
2023-10-06,27.5,27.75,26.75,27.0,24.173805236816406,29624000,
2023-10-09,27.0,27.0,26.5,26.75,23.949970245361328,32400900,
2023-10-10,27.0,27.0,26.5,26.75,23.949970245361328,28478200,
2023-10-11,27.0,27.75,26.75,27.5,24.62146759033203,60895500,
2023-10-12,27.5,27.75,27.25,27.5,24.62146759033203,43359500,
2023-10-16,27.5,27.75,27.0,27.25,24.397632598876953,25195300,
2023-10-17,27.25,27.5,27.0,27.25,24.397632598876953,27168800,
2023-10-18,27.25,27.5,27.25,27.25,24.397632598876953,5362800,
2023-10-19,27.25,27.25,27.0,27.0,24.173805236816406,15277300,
2023-10-20,27.0,27.0,26.5,27.0,24.173805236816406,26072500,
2023-10-24,26.75,27.25,26.5,26.75,23.949970245361328,36965700,
2023-10-25,27.0,27.25,26.75,27.0,24.173805236816406,18716300,
2023-10-26,27.0,27.0,26.25,26.75,23.949970245361328,54775200,
2023-10-27,26.75,27.0,26.25,26.25,23.502307891845703,53092500,
2023-10-30,26.25,26.75,26.0,26.5,23.72614097595215,43074100,
2023-10-31,26.75,26.75,26.25,26.5,23.72614097595215,21021900,
2023-11-01,26.25,26.75,26.0,26.5,23.72614097595215,50999700,
2023-11-02,26.75,27.0,26.5,26.75,23.949970245361328,31193500,
2023-11-03,27.0,27.0,26.5,27.0,24.173805236816406,36982200,
2023-11-06,27.0,27.0,26.5,26.5,23.72614097595215,52707900,
2023-11-07,26.5,26.75,26.25,26.5,23.72614097595215,24770600,
2023-11-08,26.5,27.0,26.25,26.75,23.949970245361328,38807300,
2023-11-09,26.75,27.0,26.25,26.75,23.949970245361328,67358400,
2023-11-10,26.75,26.75,26.25,26.75,23.949970245361328,23777700,
2023-11-13,26.5,26.75,25.0,25.25,22.606985092163086,126188800,
2023-11-14,25.75,26.25,25.5,25.75,23.054643630981445,65215900,
2023-11-15,26.0,26.75,26.0,26.5,23.72614097595215,67262000,
2023-11-16,26.75,26.75,26.25,26.75,23.949970245361328,49161400,
2023-11-17,26.5,27.0,26.25,26.5,23.72614097595215,32128900,
2023-11-20,26.5,26.75,26.25,26.5,23.72614097595215,25543900,
2023-11-21,26.75,27.0,26.25,26.75,23.949970245361328,50814100,
2023-11-22,26.75,26.75,26.5,26.5,23.72614097595215,13918000,
2023-11-23,26.5,26.75,26.0,26.25,23.502307891845703,30219000,
2023-11-24,26.25,26.5,26.0,26.25,23.502307891845703,26002700,
2023-11-27,26.25,26.5,26.0,26.25,23.502307891845703,27285700,
2023-11-28,26.5,26.75,26.25,26.25,23.502307891845703,33149400,
2023-11-29,26.5,26.5,26.0,26.25,23.502307891845703,36732600,
2023-11-30,26.25,26.5,25.75,26.25,23.502307891845703,112167400,
2023-12-01,26.0,26.25,25.5,25.75,23.054643630981445,41890000,
2023-12-04,26.0,26.25,26.0,26.25,23.502307891845703,13721400,
2023-12-06,26.25,26.25,25.5,25.75,23.054643630981445,61331600,
2023-12-07,25.5,26.25,25.25,25.75,23.054643630981445,77555900,
2023-12-08,25.75,26.0,25.5,25.75,23.054643630981445,26014900,
2023-12-12,25.5,25.75,25.25,25.75,23.054643630981445,34176600,
2023-12-13,25.75,26.0,25.25,25.75,23.054643630981445,58151400,
2023-12-14,25.75,25.75,25.5,25.75,23.054643630981445,24039400,
2023-12-15,25.5,26.0,25.5,25.75,23.054643630981445,128304800,
2023-12-18,25.75,26.0,25.5,25.75,23.054643630981445,22358200,
2023-12-19,25.5,25.75,25.25,25.75,23.054643630981445,23626600,
2023-12-20,25.75,26.0,25.5,26.0,23.27847671508789,36363600,
2023-12-21,25.75,26.5,25.5,26.0,23.27847671508789,50927200,
2023-12-22,26.25,26.75,26.0,26.25,23.502307891845703,65617700,
2023-12-25,26.25,26.75,26.25,26.75,23.949970245361328,15755500,
2023-12-26,26.75,27.75,26.75,27.5,24.62146759033203,65852500,
2023-12-27,27.5,27.75,27.25,27.75,24.84529685974121,39174500,
2023-12-28,27.5,28.0,27.25,27.75,24.84529685974121,44815400,
2024-01-03,27.5,27.75,27.25,27.5,24.62146759033203,35731700,
2024-01-04,27.5,27.75,27.25,27.25,24.397632598876953,28864800,
2024-01-05,27.5,27.75,27.0,27.5,24.62146759033203,34716000,
2024-01-08,27.25,27.75,26.75,27.5,24.62146759033203,33749000,
2024-01-09,27.75,28.0,27.25,27.5,24.62146759033203,29151700,
2024-01-10,27.75,28.0,27.5,27.75,24.84529685974121,46179900,
2024-01-11,28.0,28.25,27.75,27.75,24.84529685974121,28639900,
2024-01-12,27.75,28.0,27.5,28.0,25.069129943847656,21659500,
2024-01-15,28.0,28.0,27.25,27.75,24.84529685974121,20819500,
2024-01-16,27.75,28.0,27.5,28.0,25.069129943847656,17571700,
2024-01-17,27.75,27.75,27.0,27.25,24.397632598876953,47263800,
2024-01-18,27.5,27.75,26.75,27.0,24.173805236816406,45016200,
2024-01-19,27.25,27.25,27.0,27.25,24.397632598876953,27668900,
2024-01-22,27.25,27.75,27.0,27.5,24.62146759033203,22492600,
2024-01-23,27.5,27.5,27.25,27.25,24.397632598876953,15781100,
2024-01-24,27.5,28.25,27.25,27.75,24.84529685974121,47300800,
2024-01-25,27.75,28.0,27.5,27.75,24.84529685974121,19839600,
2024-01-26,27.75,28.0,27.25,27.25,24.397632598876953,22544200,
2024-01-29,27.25,27.5,27.0,27.25,24.397632598876953,27638700,
2024-01-30,27.0,27.5,27.0,27.25,24.397632598876953,23120100,
2024-01-31,27.25,27.5,27.0,27.5,24.62146759033203,28394100,
2024-02-01,27.25,27.75,27.0,27.5,24.62146759033203,26899700,
2024-02-02,28.0,28.25,27.75,28.0,25.069129943847656,31734800,
2024-02-05,28.0,28.75,28.0,28.5,25.516794204711914,84550000,
2024-02-06,28.25,28.75,28.0,28.75,25.740625381469727,44078000,
2024-02-07,28.75,28.75,28.0,28.0,25.069129943847656,59418900,
2024-02-08,28.0,28.5,28.0,28.0,25.069129943847656,25855000,
2024-02-09,28.0,28.25,27.5,27.75,24.84529685974121,49969700,
2024-02-12,27.75,28.0,27.5,27.75,24.84529685974121,14176200,
2024-02-13,28.0,28.5,28.0,28.25,25.29296112060547,22769800,
2024-02-14,28.0,28.25,27.75,28.0,25.069129943847656,23370500,
2024-02-15,28.0,28.25,27.75,28.0,25.069129943847656,25598300,
2024-02-16,27.75,28.0,27.25,27.75,24.84529685974121,48567600,
2024-02-19,27.75,28.0,27.75,28.0,25.069129943847656,11211100,
2024-02-20,28.0,28.0,27.75,27.75,24.84529685974121,19872100,
2024-02-21,27.75,28.5,27.75,28.5,25.516794204711914,50155900,
2024-02-22,29.0,30.0,28.75,30.0,26.859783172607422,118986800,
2024-02-23,30.0,30.0,29.25,29.5,26.412118911743164,21845200,
2024-02-27,29.5,29.5,29.0,29.25,26.18828773498535,23948500,
2024-02-28,29.0,29.25,28.75,29.0,25.96445655822754,38351100,
2024-02-29,29.0,29.0,28.25,28.5,25.516794204711914,103677100,
2024-03-01,28.25,28.5,28.0,28.0,25.069129943847656,88260900,
2024-03-04,28.0,28.5,27.75,27.75,24.84529685974121,58533600,
2024-03-05,28.0,28.75,27.75,28.25,25.29296112060547,74223800,
2024-03-06,28.75,29.75,28.5,29.25,26.516813278198242,55664500,0.35
2024-03-07,29.25,29.75,29.0,29.25,26.516813278198242,70026800,
2024-03-08,29.0,29.25,28.75,29.0,26.29017448425293,34691400,
2024-03-11,29.0,29.25,28.75,29.25,26.516813278198242,28275000,
2024-03-12,29.25,29.25,29.25,29.25,26.516813278198242,0,
2024-03-13,29.25,29.5,29.0,29.0,26.29017448425293,40388800,
2024-03-14,29.0,29.25,28.75,29.0,26.29017448425293,30478000,
2024-03-15,29.0,29.0,29.0,29.0,26.29017448425293,0,
2024-03-18,29.25,29.25,28.75,29.0,26.29017448425293,35083400,
2024-03-19,29.0,29.0,28.75,28.75,26.063533782958984,11404300,
2024-03-20,28.75,28.75,28.75,28.75,26.063533782958984,0,
2024-03-21,28.75,29.0,28.5,28.75,26.063533782958984,32116300,
2024-03-22,28.75,28.75,28.75,28.75,26.063533782958984,0,
2024-03-25,28.75,28.75,28.5,28.5,25.836896896362305,18330900,
2024-03-26,28.5,28.5,28.5,28.5,25.836896896362305,0,
2024-03-27,28.25,28.75,28.0,28.5,25.836896896362305,21267000,
2024-03-28,28.5,28.5,28.5,28.5,25.836896896362305,0,
2024-03-29,28.25,28.5,28.25,28.5,25.836896896362305,10864200,
2024-04-01,28.5,28.75,28.25,28.5,25.836896896362305,21468100,
2024-04-02,28.25,28.5,28.25,28.5,25.836896896362305,5653700,
2024-04-03,28.25,28.5,28.25,28.25,25.610254287719727,22852100,
2024-04-04,28.25,28.25,28.25,28.25,25.610254287719727,0,
2024-04-05,28.25,28.5,28.0,28.25,25.610254287719727,26323900,
2024-04-09,28.25,28.25,28.25,28.25,25.610254287719727,0,
2024-04-10,28.25,28.25,28.25,28.25,25.610254287719727,0,
2024-04-11,28.25,28.25,27.75,27.75,25.1569766998291,40665500,
2024-04-17,28.0,28.0,27.25,27.75,25.1569766998291,59146200,
2024-04-18,27.75,27.75,27.75,27.75,25.1569766998291,0,
2024-04-19,27.75,27.75,27.75,27.75,25.1569766998291,0,
2024-04-22,28.0,28.25,27.5,28.25,25.610254287719727,49869400,
2024-04-23,28.0,28.25,28.0,28.0,25.383617401123047,28016800,
2024-04-24,28.0,28.0,28.0,28.0,25.383617401123047,0,
2024-04-25,28.25,28.75,28.25,28.75,26.063533782958984,86255300,
2024-04-26,28.75,29.0,28.5,29.0,26.29017448425293,48279500,
2024-04-29,29.0,29.0,28.5,28.75,26.063533782958984,38891500,
2024-04-30,28.75,28.75,28.75,28.75,26.063533782958984,0,
2024-05-02,28.75,29.0,28.75,28.75,26.063533782958984,18236900,
2024-05-03,29.0,29.25,28.75,29.0,26.29017448425293,29999800,
2024-05-07,29.0,29.0,29.0,29.0,26.29017448425293,0,
2024-05-08,29.0,29.5,29.0,29.0,26.29017448425293,40749300,
2024-05-09,29.0,29.25,28.75,29.25,26.516813278198242,43186200,
2024-05-10,29.0,29.25,28.75,29.0,26.29017448425293,12434100,
2024-05-13,29.0,29.5,28.75,29.25,26.516813278198242,45630700,
2024-05-14,29.25,29.5,29.25,29.5,26.743453979492188,10410600,
2024-05-15,29.5,29.5,29.5,29.5,26.743453979492188,0,
2024-05-16,29.5,29.5,29.5,29.5,26.743453979492188,0,
2024-05-17,29.0,29.25,29.0,29.25,26.516813278198242,12428100,
2024-05-20,29.25,29.25,29.25,29.25,26.516813278198242,0,
2024-05-21,29.0,29.0,28.5,28.75,26.063533782958984,21323200,
2024-05-23,29.0,29.0,28.75,28.75,26.063533782958984,19299400,
2024-05-24,28.75,28.75,28.75,28.75,26.063533782958984,0,
2024-05-27,28.75,28.75,28.75,28.75,26.063533782958984,0,
2024-05-28,28.5,28.75,28.25,28.25,25.610254287719727,27910900,
2024-05-29,28.0,28.25,27.5,27.75,25.1569766998291,43268700,
2024-05-30,27.75,27.75,27.75,27.75,25.1569766998291,0,
2024-05-31,27.75,27.75,27.75,27.75,25.1569766998291,0,
2024-06-04,27.0,27.5,26.75,27.25,24.703697204589844,39983100,
2024-06-05,27.25,27.25,27.25,27.25,24.703697204589844,0,
2024-06-06,27.5,27.75,27.25,27.5,24.93033790588379,55505100,
2024-06-07,27.5,27.5,27.5,27.5,24.93033790588379,0,
2024-06-10,27.0,27.25,26.75,26.75,24.250417709350586,23758600,
2024-06-11,26.75,26.75,26.75,26.75,24.250417709350586,0,
2024-06-12,27.25,27.75,27.0,27.25,24.703697204589844,44404700,
2024-06-13,27.25,27.5,27.25,27.5,24.93033790588379,14430500,
2024-06-14,27.25,27.25,27.0,27.25,24.703697204589844,12733000,
2024-06-17,27.0,27.25,26.0,27.0,24.477060317993164,111397600,
2024-06-18,27.0,27.0,27.0,27.0,24.477060317993164,0,
2024-06-19,27.0,27.0,27.0,27.0,24.477060317993164,0,
2024-06-20,26.0,26.5,25.75,26.0,23.57050132751465,47049900,
2024-06-21,26.0,26.25,25.5,25.75,23.343860626220703,60221700,
2024-06-24,25.75,25.75,25.75,25.75,23.343860626220703,0,
2024-06-25,25.75,25.75,25.75,25.75,23.343860626220703,0,
2024-06-26,25.75,25.75,25.75,25.75,23.343860626220703,0,
2024-06-27,26.75,27.25,26.5,27.0,24.477060317993164,27434700,
2024-06-28,27.0,27.25,26.5,26.75,24.250417709350586,39998100,
2024-07-01,26.75,26.75,26.75,26.75,24.250417709350586,0,
2024-07-02,26.75,26.75,26.75,26.75,24.250417709350586,0,
2024-07-03,26.0,26.25,25.75,26.0,23.57050132751465,24927500,
2024-07-04,26.0,26.5,26.0,26.5,24.023780822753906,36355700,
2024-07-05,26.75,27.0,26.5,26.75,24.250417709350586,28685700,
2024-07-08,26.5,26.75,26.25,26.5,24.023780822753906,28793000,
2024-07-09,26.5,26.5,26.5,26.5,24.023780822753906,0,
2024-07-10,26.5,26.5,26.5,26.5,24.023780822753906,0,
2024-07-11,26.5,26.5,26.5,26.5,24.023780822753906,0,
2024-07-12,26.5,26.5,26.5,26.5,24.023780822753906,0,
2024-07-15,26.5,26.5,26.5,26.5,24.023780822753906,0,
2024-07-16,26.5,26.75,26.25,26.5,24.023780822753906,29403400,
2024-07-17,26.5,26.5,26.5,26.5,24.023780822753906,0,
2024-07-18,26.5,27.0,26.25,26.75,24.250417709350586,43073000,
2024-07-19,26.75,27.25,26.5,26.75,24.250417709350586,54680700,
2024-07-23,27.0,27.25,26.75,26.75,24.250417709350586,52538500,
2024-07-24,26.75,26.75,26.25,26.5,24.023780822753906,38587200,
2024-07-25,26.25,26.5,26.0,26.25,23.79714012145996,37979200,
2024-07-26,26.25,26.75,26.25,26.5,24.023780822753906,32787100,
2024-07-30,26.5,26.5,26.5,26.5,24.023780822753906,0,
2024-07-31,26.0,26.5,26.0,26.25,23.79714012145996,23736200,
2024-08-01,26.25,26.25,26.0,26.0,23.57050132751465,17385300,
2024-08-02,26.0,26.0,26.0,26.0,23.57050132751465,0,
2024-08-05,25.75,26.25,25.5,26.0,23.57050132751465,59612300,
2024-08-06,26.25,26.75,26.0,26.25,23.79714012145996,54246900,
2024-08-07,26.75,27.25,26.75,27.0,24.477060317993164,45435200,
2024-08-08,27.0,27.0,27.0,27.0,24.477060317993164,0,
2024-08-09,27.5,28.25,27.5,27.75,25.1569766998291,69811100,
2024-08-13,27.75,28.0,27.5,27.75,25.1569766998291,38664600,
2024-08-14,27.5,27.75,26.75,27.0,24.477060317993164,59194800,
2024-08-15,27.0,27.0,27.0,27.0,24.477060317993164,0,
2024-08-16,26.25,26.5,25.75,26.25,23.79714012145996,63983400,
2024-08-19,26.25,26.25,26.25,26.25,23.79714012145996,0,
2024-08-20,26.5,27.25,26.25,27.25,24.703697204589844,51660600,
2024-08-21,27.5,28.25,27.25,28.0,25.383617401123047,83731100,
2024-08-22,28.0,28.0,28.0,28.0,25.383617401123047,0,
2024-08-23,27.5,27.75,27.25,27.5,24.93033790588379,22868500,
2024-08-26,27.5,27.75,27.5,27.5,24.93033790588379,11417800,
2024-08-27,27.5,28.0,27.5,27.75,25.1569766998291,38805300,
2024-08-28,27.75,27.75,27.75,27.75,25.1569766998291,0,
2024-08-29,27.75,28.0,27.75,27.75,25.1569766998291,14683300,
2024-08-30,27.75,28.0,27.75,27.75,25.1569766998291,75234500,
2024-09-02,27.75,27.75,27.75,27.75,25.1569766998291,0,
2024-09-03,27.75,27.75,27.75,27.75,25.1569766998291,0,
2024-09-04,27.75,27.75,27.75,27.75,25.1569766998291,0,
2024-09-05,28.0,28.75,27.75,28.5,25.836896896362305,114499200,
2024-09-06,28.5,29.5,28.5,29.0,26.29017448425293,72350500,
2024-09-09,29.0,29.0,29.0,29.0,26.29017448425293,0,
2024-09-10,29.25,30.0,29.0,29.75,27.299570083618164,97644500,0.35
2024-09-11,29.25,29.5,28.5,29.0,26.611347198486328,85322600,
2024-09-12,29.0,29.75,29.0,29.5,27.070161819458008,47806200,
2024-09-13,29.75,30.25,29.25,29.25,26.84075355529785,56032300,
2024-09-16,29.25,29.25,29.25,29.25,26.84075355529785,0,
2024-09-17,29.25,29.25,29.25,29.25,26.84075355529785,0,
2024-09-18,29.25,29.25,29.25,29.25,26.84075355529785,0,
2024-09-19,29.25,29.25,29.25,29.25,26.84075355529785,0,
2024-09-20,30.25,31.0,30.0,30.5,27.987794876098633,108390600,
2024-09-23,30.75,31.25,30.5,31.0,28.446611404418945,85510100,
2024-09-24,31.0,31.25,30.75,31.0,28.446611404418945,56130700,
2024-09-25,30.75,31.0,30.5,31.0,28.446611404418945,37567400,
2024-09-26,30.75,31.0,30.25,30.5,27.987794876098633,51159200,
2024-09-27,30.5,30.5,30.5,30.5,27.987794876098633,0,
2024-09-30,30.25,30.5,30.0,30.0,27.52897834777832,68290500,
2024-10-01,30.0,30.0,30.0,30.0,27.52897834777832,0,
2024-10-02,30.5,30.75,30.0,30.25,27.758386611938477,52825700,
2024-10-03,30.0,30.0,29.5,29.5,27.070161819458008,88466400,
2024-10-04,29.5,29.5,29.5,29.5,27.070161819458008,0,
2024-10-07,29.5,30.25,29.25,29.75,27.299570083618164,53088400,
2024-10-08,29.75,30.25,29.75,29.75,27.299570083618164,47216700,
2024-10-09,29.75,30.25,29.5,30.0,27.52897834777832,52991400,
2024-10-10,30.0,30.25,29.75,29.75,27.299570083618164,31526900,
2024-10-11,29.75,29.75,29.75,29.75,27.299570083618164,0,
2024-10-15,28.75,29.25,28.5,29.0,26.611347198486328,66428600,
2024-10-16,29.0,29.0,29.0,29.0,26.611347198486328,0,
2024-10-17,29.0,29.0,29.0,29.0,26.611347198486328,0,
2024-10-18,29.25,29.5,29.0,29.0,26.611347198486328,38889300,
2024-10-21,29.0,29.5,28.75,29.5,27.070161819458008,46964500,
2024-10-22,29.5,29.5,29.5,29.5,27.070161819458008,0,
2024-10-24,28.5,28.75,28.25,28.25,25.923120498657227,60932900,
2024-10-25,28.25,28.25,28.25,28.25,25.923120498657227,0,
2024-10-28,28.5,28.5,28.0,28.25,25.923120498657227,39973541,
2024-10-29,28.25,28.25,28.25,28.25,25.923120498657227,0,
2024-10-30,28.0,28.25,27.5,27.75,25.464303970336914,57250200,
2024-10-31,27.75,27.75,27.75,27.75,25.464303970336914,0,
2024-11-01,27.5,28.0,27.5,27.75,25.464303970336914,31475600,
2024-11-04,28.0,28.0,27.5,27.5,25.234899520874023,25818500,
2024-11-05,27.5,28.0,27.25,27.25,25.0054874420166,60559900,
2024-11-06,27.5,27.75,27.25,27.25,25.0054874420166,45930425,
2024-11-07,27.25,27.25,26.5,26.75,24.54667091369629,56155100,
2024-11-08,26.5,27.0,26.0,26.5,24.3172664642334,57317200,
2024-11-11,26.75,27.0,26.25,26.5,24.3172664642334,30762000,
2024-11-12,26.5,26.75,25.75,25.75,23.629039764404297,47671600,
2024-11-13,26.75,27.75,26.75,27.0,24.77608299255371,106357100,
2024-11-14,27.0,28.0,26.5,27.0,24.77608299255371,83357900,
2024-11-15,27.0,27.25,26.5,27.0,24.77608299255371,52997900,
2024-11-18,27.0,27.5,26.75,27.0,24.77608299255371,17327500,
2024-11-19,27.0,27.5,26.75,26.75,24.54667091369629,37743100,
2024-11-20,26.75,26.75,26.25,26.5,24.3172664642334,28135600,
2024-11-21,26.75,26.75,26.0,26.25,24.08785629272461,57676400,
2024-11-22,26.25,27.0,26.25,26.5,24.3172664642334,52525300,
2024-11-25,26.5,26.75,26.25,26.25,24.08785629272461,88455600,
2024-11-26,26.0,26.5,25.75,25.75,23.629039764404297,55619000,
2024-11-27,25.25,26.0,24.100000381469727,25.75,23.629039764404297,108565200,
2024-11-28,25.25,25.75,24.899999618530273,25.75,23.629039764404297,95597200,
2024-11-29,25.5,25.75,25.25,25.25,23.170223236083984,65340900,
2024-12-02,25.25,25.5,25.0,25.25,23.170223236083984,55751500,
2024-12-03,25.25,26.25,25.0,26.0,23.858449935913086,46230000,
2024-12-04,26.0,26.0,25.25,25.75,23.629039764404297,52660500,
2024-12-06,25.5,25.75,25.0,25.5,23.399633407592773,42863000,
2024-12-09,25.5,25.5,25.25,25.25,23.170223236083984,19426300,
2024-12-11,25.25,25.5,25.0,25.25,23.170223236083984,34939300,
2024-12-12,25.0,25.25,24.399999618530273,24.899999618530273,22.84905242919922,75853100,
2024-12-13,24.899999618530273,24.899999618530273,24.5,24.5,22.48200035095215,45907600,
2024-12-16,24.5,24.5,24.0,24.100000381469727,22.114946365356445,79169100,
2024-12-17,23.899999618530273,24.200000762939453,23.5,23.600000381469727,21.656129837036133,103439500,
2024-12-18,23.700000762939453,24.399999618530273,23.700000762939453,23.899999618530273,21.931419372558594,114990300,
2024-12-19,23.5,24.200000762939453,23.200000762939453,23.299999237060547,21.380840301513672,115903100,
2024-12-20,23.5,23.799999237060547,23.299999237060547,23.5,21.564367294311523,159645800,
2024-12-23,23.700000762939453,24.399999618530273,23.600000381469727,24.299999237060547,22.298473358154297,88129100,
2024-12-24,24.5,24.899999618530273,24.399999618530273,24.600000381469727,22.573762893676758,45576900,
2024-12-25,24.700000762939453,24.799999237060547,24.399999618530273,24.5,22.48200035095215,36847600,
2024-12-26,24.5,24.600000381469727,24.299999237060547,24.5,22.48200035095215,36538100,
2024-12-27,24.5,24.899999618530273,24.399999618530273,24.5,22.48200035095215,43207500,
2024-12-30,24.600000381469727,24.700000762939453,24.399999618530273,24.5,22.48200035095215,32777800,
2025-01-02,24.299999237060547,24.700000762939453,24.299999237060547,24.600000381469727,22.573762893676758,24044100,
2025-01-03,24.700000762939453,24.799999237060547,24.600000381469727,24.600000381469727,22.573762893676758,11835500,
2025-01-06,24.700000762939453,24.799999237060547,24.100000381469727,24.100000381469727,22.114946365356445,24294100,
2025-01-07,24.200000762939453,24.5,24.200000762939453,24.299999237060547,22.298473358154297,24314000,
2025-01-08,24.299999237060547,24.399999618530273,23.799999237060547,24.0,22.02318572998047,35488100,
2025-01-09,24.100000381469727,24.100000381469727,23.700000762939453,23.700000762939453,21.747894287109375,34097000,
2025-01-10,23.600000381469727,24.0,23.399999618530273,23.700000762939453,21.747894287109375,30795500,
2025-01-13,23.600000381469727,24.0,23.399999618530273,23.899999618530273,21.931419372558594,41050000,
2025-01-14,23.700000762939453,24.0,23.399999618530273,23.399999618530273,21.47260284423828,35322600,
2025-01-15,23.399999618530273,23.899999618530273,23.100000381469727,23.799999237060547,21.839656829833984,41018900,
2025-01-16,23.899999618530273,24.100000381469727,23.700000762939453,23.799999237060547,21.839656829833984,26618300,
2025-01-17,23.700000762939453,23.899999618530273,23.5,23.600000381469727,21.656129837036133,25603600,
2025-01-20,23.600000381469727,23.700000762939453,23.399999618530273,23.399999618530273,21.47260284423828,17779700,
2025-01-21,23.5,24.100000381469727,23.399999618530273,23.799999237060547,21.839656829833984,32770200,
2025-01-22,23.799999237060547,24.299999237060547,23.600000381469727,24.100000381469727,22.114946365356445,46689300,
2025-01-23,24.0,24.0,23.600000381469727,23.700000762939453,21.747894287109375,29572000,
2025-01-24,23.600000381469727,23.700000762939453,23.299999237060547,23.600000381469727,21.656129837036133,28292800,
2025-01-27,23.600000381469727,23.600000381469727,23.399999618530273,23.399999618530273,21.47260284423828,22327700,
2025-01-28,23.5,24.100000381469727,23.5,23.899999618530273,21.931419372558594,28633100,
2025-01-29,23.899999618530273,24.100000381469727,23.799999237060547,23.899999618530273,21.931419372558594,12412600,
2025-01-30,23.799999237060547,24.399999618530273,23.799999237060547,23.899999618530273,21.931419372558594,49012300,
2025-01-31,23.899999618530273,24.0,23.399999618530273,23.5,21.564367294311523,46344100,
2025-02-03,23.100000381469727,23.399999618530273,22.700000762939453,23.399999618530273,21.47260284423828,47356000,
2025-02-04,23.399999618530273,23.399999618530273,22.899999618530273,23.100000381469727,21.19731330871582,54002000,
2025-02-05,23.299999237060547,23.399999618530273,22.899999618530273,23.0,21.10555076599121,40375700,
2025-02-06,22.899999618530273,22.899999618530273,22.200000762939453,22.5,20.6467342376709,78161800,
2025-02-07,22.600000381469727,23.100000381469727,22.5,23.100000381469727,21.19731330871582,45151500,
2025-02-10,22.700000762939453,22.899999618530273,22.5,22.600000381469727,20.73849868774414,33862400,
2025-02-11,22.5,23.0,22.5,22.899999618530273,21.01378631591797,20228400,
2025-02-13,22.600000381469727,23.0,22.5,22.600000381469727,20.73849868774414,41755300,
2025-02-14,22.399999618530273,22.700000762939453,22.200000762939453,22.399999618530273,20.554969787597656,46639900,
2025-02-17,22.899999618530273,23.299999237060547,22.600000381469727,23.299999237060547,21.380840301513672,48214100,
2025-02-18,23.200000762939453,23.700000762939453,23.100000381469727,23.399999618530273,21.47260284423828,53579600,
2025-02-19,23.200000762939453,23.5,23.0,23.299999237060547,21.380840301513672,51837700,
2025-02-20,23.0,23.399999618530273,23.0,23.200000762939453,21.289077758789062,46835900,
2025-02-21,22.899999618530273,23.5,22.899999618530273,23.299999237060547,21.380840301513672,32937000,
2025-02-24,23.299999237060547,23.5,23.100000381469727,23.399999618530273,21.47260284423828,35968900,
2025-02-25,23.399999618530273,23.399999618530273,22.799999237060547,22.899999618530273,21.01378631591797,47397300,
2025-02-26,22.899999618530273,23.399999618530273,22.799999237060547,23.200000762939453,21.289077758789062,35642800,
2025-02-27,24.0,24.600000381469727,23.799999237060547,24.5,22.48200035095215,113668200,
2025-02-28,24.200000762939453,24.5,24.0,24.200000762939453,22.206710815429688,109612600,
2025-03-03,24.299999237060547,24.5,23.899999618530273,24.0,22.02318572998047,43127400,
2025-03-04,23.899999618530273,24.100000381469727,23.600000381469727,23.799999237060547,21.839656829833984,43641400,
2025-03-05,23.799999237060547,24.100000381469727,23.600000381469727,23.799999237060547,21.839656829833984,28257900,
2025-03-06,24.0,24.100000381469727,23.200000762939453,23.299999237060547,21.380840301513672,52214400,
2025-03-07,23.200000762939453,23.600000381469727,23.200000762939453,23.5,21.564367294311523,28884100,
2025-03-10,23.299999237060547,23.399999618530273,22.799999237060547,22.799999237060547,20.92202377319336,35389700,
2025-03-11,22.600000381469727,23.5,22.5,23.399999618530273,21.47260284423828,64623800,
2025-03-12,23.200000762939453,23.899999618530273,23.0,23.700000762939453,22.12611961364746,71971200,0.4
2025-03-13,23.700000762939453,24.0,23.5,23.600000381469727,22.032758712768555,38268500,
2025-03-14,23.700000762939453,24.200000762939453,23.600000381469727,24.0,22.40619659423828,46968000,
2025-03-17,24.100000381469727,24.200000762939453,23.700000762939453,23.799999237060547,22.2194766998291,37290000,
2025-03-18,23.799999237060547,24.200000762939453,23.700000762939453,23.899999618530273,22.312837600708008,29714700,
2025-03-19,23.799999237060547,24.0,23.600000381469727,23.600000381469727,22.032758712768555,54289600,
2025-03-20,23.700000762939453,23.799999237060547,23.399999618530273,23.399999618530273,21.846038818359375,34508900,
2025-03-21,23.299999237060547,23.399999618530273,22.600000381469727,22.799999237060547,21.285884857177734,80143500,
2025-03-24,22.799999237060547,23.100000381469727,22.799999237060547,22.899999618530273,21.379243850708008,19750200,
2025-03-25,22.899999618530273,22.899999618530273,22.600000381469727,22.600000381469727,21.099166870117188,22886100,
2025-03-26,22.700000762939453,22.799999237060547,22.299999237060547,22.399999618530273,20.912450790405273,53804200,
2025-03-27,22.5,22.700000762939453,22.200000762939453,22.200000762939453,20.725732803344727,40828800,
2025-03-28,22.299999237060547,22.299999237060547,22.0,22.200000762939453,20.725732803344727,18422400,
2025-03-31,21.899999618530273,22.299999237060547,21.799999237060547,21.799999237060547,20.352293014526367,38175700,
2025-04-01,22.0,22.299999237060547,22.0,22.100000381469727,20.63237190246582,18260200,
2025-04-02,22.100000381469727,22.5,22.100000381469727,22.5,21.005807876586914,14430000,
2025-04-03,22.299999237060547,22.799999237060547,22.200000762939453,22.700000762939453,21.19252586364746,25736900,
2025-04-04,22.700000762939453,22.799999237060547,22.299999237060547,22.5,21.005807876586914,47568400,
2025-04-08,22.299999237060547,22.399999618530273,21.600000381469727,22.100000381469727,20.63237190246582,53902400,
2025-04-09,22.0,23.0,22.0,22.700000762939453,21.19252586364746,50521600,
2025-04-10,23.200000762939453,23.299999237060547,22.899999618530273,23.100000381469727,21.565961837768555,29500800,
2025-04-11,23.200000762939453,23.399999618530273,22.899999618530273,23.200000762939453,21.65932273864746,40059400,
2025-04-16,23.0,23.299999237060547,23.0,23.299999237060547,21.7526798248291,31672900,
2025-04-17,23.299999237060547,23.399999618530273,23.100000381469727,23.100000381469727,21.565961837768555,19398600,
2025-04-18,23.100000381469727,23.5,23.100000381469727,23.5,21.93939971923828,23339000,
2025-04-21,23.399999618530273,23.600000381469727,23.299999237060547,23.600000381469727,22.032758712768555,17804100,
2025-04-22,23.600000381469727,23.899999618530273,23.5,23.799999237060547,22.2194766998291,34643800,
2025-04-23,23.899999618530273,23.899999618530273,23.299999237060547,23.399999618530273,21.846038818359375,26450000,
2025-04-24,23.200000762939453,23.399999618530273,22.600000381469727,23.0,21.47260284423828,40568700,
2025-04-25,23.100000381469727,23.600000381469727,23.100000381469727,23.5,21.93939971923828,27061600,
2025-04-28,23.299999237060547,23.299999237060547,22.799999237060547,23.100000381469727,21.565961837768555,36156600,
2025-04-29,23.0,23.399999618530273,22.700000762939453,23.399999618530273,21.846038818359375,46773100,
2025-04-30,23.399999618530273,24.0,23.299999237060547,24.0,22.40619659423828,50521500,
2025-05-02,24.0,24.200000762939453,23.799999237060547,24.0,22.40619659423828,28163800,
2025-05-06,24.100000381469727,24.100000381469727,23.799999237060547,23.799999237060547,22.2194766998291,22332600,
2025-05-07,24.0,24.899999618530273,23.899999618530273,24.700000762939453,23.059709548950195,59123100,
2025-05-08,24.600000381469727,24.700000762939453,24.200000762939453,24.200000762939453,22.592912673950195,26371100,
2025-05-09,24.299999237060547,24.5,23.899999618530273,24.200000762939453,22.592912673950195,28662000,
2025-05-13,24.299999237060547,24.600000381469727,24.100000381469727,24.100000381469727,22.499553680419922,31016800,
2025-05-14,24.100000381469727,24.399999618530273,24.0,24.200000762939453,22.592912673950195,19836500,
2025-05-15,24.100000381469727,24.100000381469727,23.5,23.600000381469727,22.032758712768555,39954800,
2025-05-16,23.600000381469727,23.799999237060547,23.299999237060547,23.5,21.93939971923828,23026800,
2025-05-19,23.299999237060547,23.5,22.899999618530273,23.0,21.47260284423828,41008300,
2025-05-20,23.100000381469727,23.299999237060547,22.899999618530273,23.0,21.47260284423828,30657400,
2025-05-21,23.0,23.200000762939453,22.399999618530273,22.600000381469727,21.099166870117188,50595900,
2025-05-22,22.5,22.5,22.0,22.100000381469727,20.63237190246582,43758900,
2025-05-23,22.0,22.100000381469727,21.600000381469727,21.700000762939453,20.258935928344727,39597800,
2025-05-26,21.700000762939453,22.0,21.5,21.700000762939453,20.258935928344727,35691100,
2025-05-27,21.600000381469727,21.899999618530273,21.299999237060547,21.600000381469727,20.16557502746582,38109000,
2025-05-28,21.700000762939453,21.799999237060547,21.5,21.600000381469727,20.16557502746582,25918400,
2025-05-29,21.799999237060547,22.0,21.600000381469727,21.600000381469727,20.16557502746582,33539200,
2025-05-30,21.5,21.700000762939453,21.5,21.5,20.072216033935547,72695600,
2025-06-04,21.600000381469727,21.799999237060547,21.200000762939453,21.299999237060547,19.885498046875,50020000,
2025-06-05,21.299999237060547,21.399999618530273,21.100000381469727,21.100000381469727,19.698780059814453,25453500,
2025-06-06,21.200000762939453,21.399999618530273,21.0,21.399999618530273,19.978857040405273,24328300,
2025-06-09,21.399999618530273,21.399999618530273,21.0,21.0,19.60542106628418,24962000,
2025-06-10,21.100000381469727,21.5,21.100000381469727,21.299999237060547,19.885498046875,25455600,
2025-06-11,21.299999237060547,21.600000381469727,21.100000381469727,21.399999618530273,19.978857040405273,32117500,
2025-06-12,21.399999618530273,21.600000381469727,21.200000762939453,21.299999237060547,19.885498046875,17795400,
2025-06-13,21.100000381469727,21.100000381469727,20.799999237060547,21.0,19.60542106628418,47066000,
2025-06-16,21.0,21.399999618530273,20.799999237060547,21.100000381469727,19.698780059814453,32537200,
2025-06-17,21.200000762939453,21.600000381469727,21.200000762939453,21.299999237060547,19.885498046875,30501400,
2025-06-18,21.299999237060547,21.5,20.899999618530273,21.0,19.60542106628418,20206900,
2025-06-19,20.799999237060547,20.899999618530273,20.0,20.100000381469727,18.765188217163086,55899300,
2025-06-20,20.200000762939453,20.5,20.200000762939453,20.299999237060547,18.951906204223633,64109100,
2025-06-23,20.100000381469727,20.5,19.799999237060547,20.299999237060547,18.951906204223633,40302700,
2025-06-24,20.600000381469727,20.700000762939453,20.200000762939453,20.700000762939453,19.325345993041992,56969200,
2025-06-25,20.700000762939453,20.899999618530273,20.5,20.799999237060547,19.418701171875,47093800,
2025-06-26,20.5,21.0,20.5,20.600000381469727,19.23198699951172,34519900,
2025-06-27,20.600000381469727,20.600000381469727,20.100000381469727,20.399999618530273,19.045265197753906,44818000,
2025-06-30,20.600000381469727,21.0,20.5,20.799999237060547,19.418701171875,37622500,
2025-07-01,21.0,21.100000381469727,20.5,21.0,19.60542106628418,40627200,
2025-07-02,21.0,21.0,20.600000381469727,20.600000381469727,19.23198699951172,39195200,
2025-07-03,20.600000381469727,20.700000762939453,20.200000762939453,20.299999237060547,18.951906204223633,73824000,
2025-07-04,20.299999237060547,20.700000762939453,20.200000762939453,20.299999237060547,18.951906204223633,30293700,
2025-07-07,20.299999237060547,20.399999618530273,19.899999618530273,20.100000381469727,18.765188217163086,42881000,
2025-07-08,19.899999618530273,20.299999237060547,19.799999237060547,20.100000381469727,18.765188217163086,39912300,
2025-07-09,20.100000381469727,20.200000762939453,19.899999618530273,20.0,18.671829223632812,26683600,
2025-07-11,20.100000381469727,20.399999618530273,20.0,20.0,18.671829223632812,39683900,
2025-07-14,20.100000381469727,20.700000762939453,20.0,20.600000381469727,19.23198699951172,33048400,
2025-07-15,20.600000381469727,21.0,20.5,20.899999618530273,19.512060165405273,34230600,
2025-07-16,20.899999618530273,21.399999618530273,20.700000762939453,21.100000381469727,19.698780059814453,60330700,
2025-07-17,21.200000762939453,21.600000381469727,21.0,21.5,20.072216033935547,68736300,
2025-07-18,21.5,21.700000762939453,21.200000762939453,21.399999618530273,19.978857040405273,74688100,
2025-07-21,21.399999618530273,21.5,21.100000381469727,21.100000381469727,19.698780059814453,42922400,
2025-07-22,21.200000762939453,21.299999237060547,20.600000381469727,20.700000762939453,19.325345993041992,53384800,
2025-07-23,20.899999618530273,21.399999618530273,20.799999237060547,21.100000381469727,19.698780059814453,48524400,
2025-07-24,20.799999237060547,21.200000762939453,20.799999237060547,21.100000381469727,19.698780059814453,31993200,
2025-07-25,20.899999618530273,21.200000762939453,20.899999618530273,21.0,19.60542106628418,33403000,
2025-07-29,21.0,21.399999618530273,20.799999237060547,21.299999237060547,19.885498046875,49907300,
2025-07-30,21.399999618530273,21.700000762939453,21.299999237060547,21.700000762939453,20.258935928344727,103283900,
2025-07-31,21.600000381469727,21.600000381469727,21.299999237060547,21.5,20.072216033935547,104301100,
2025-08-01,21.600000381469727,21.700000762939453,20.899999618530273,20.899999618530273,19.512060165405273,91017200,
2025-08-04,21.0,21.399999618530273,20.899999618530273,21.200000762939453,19.792139053344727,68754800,
2025-08-05,21.5,22.600000381469727,21.5,22.299999237060547,20.819089889526367,193548000,
2025-08-06,22.799999237060547,22.799999237060547,22.200000762939453,22.399999618530273,20.912450790405273,78462100,
2025-08-07,22.299999237060547,22.5,22.0,22.200000762939453,20.725732803344727,46493700,
2025-08-08,22.200000762939453,22.5,22.0,22.100000381469727,20.63237190246582,46498200,
2025-08-13,22.299999237060547,22.899999618530273,22.200000762939453,22.899999618530273,21.379243850708008,94618700,
2025-08-14,22.600000381469727,22.600000381469727,21.600000381469727,21.700000762939453,20.258935928344727,124198200,
2025-08-15,21.5,21.600000381469727,20.799999237060547,20.899999618530273,19.512060165405273,130304800,
2025-08-18,21.0,21.299999237060547,20.899999618530273,21.100000381469727,19.698780059814453,49535400,
2025-08-19,21.100000381469727,21.200000762939453,21.0,21.0,19.60542106628418,40039800,
2025-08-20,21.0,21.299999237060547,20.899999618530273,21.299999237060547,19.885498046875,37378000,
2025-08-21,21.299999237060547,21.299999237060547,21.0,21.100000381469727,19.698780059814453,37897300,
2025-08-22,21.100000381469727,21.299999237060547,20.899999618530273,21.0,19.60542106628418,48901100,
2025-08-25,21.200000762939453,21.200000762939453,20.799999237060547,20.899999618530273,19.512060165405273,59978800,
2025-08-26,20.899999618530273,20.899999618530273,20.600000381469727,20.700000762939453,19.325345993041992,64259600,
2025-08-27,20.799999237060547,21.0,20.700000762939453,20.799999237060547,19.418701171875,31909200,
2025-08-28,20.899999618530273,21.100000381469727,20.700000762939453,20.799999237060547,19.418701171875,42460200,
2025-08-29,20.799999237060547,21.0,20.700000762939453,20.700000762939453,19.325345993041992,36778800,
2025-09-01,20.700000762939453,20.899999618530273,20.5,20.700000762939453,19.325345993041992,52940500,
2025-09-02,20.700000762939453,20.899999618530273,20.600000381469727,20.700000762939453,19.325345993041992,57590300,
2025-09-03,20.799999237060547,20.899999618530273,20.5,20.600000381469727,19.23198699951172,72993500,
2025-09-04,20.700000762939453,20.899999618530273,20.600000381469727,20.700000762939453,19.325345993041992,34862500,
2025-09-05,20.799999237060547,21.100000381469727,20.700000762939453,21.0,19.60542106628418,55278200,
2025-09-08,21.0,21.100000381469727,20.700000762939453,20.799999237060547,19.418701171875,58750700,
2025-09-09,20.600000381469727,20.700000762939453,20.5,20.700000762939453,19.656097412109375,37286900,0.35
2025-09-10,20.899999618530273,21.200000762939453,20.899999618530273,21.100000381469727,20.03592300415039,62318800,
2025-09-11,21.0,21.100000381469727,20.799999237060547,20.899999618530273,19.84600830078125,51000300,
2025-09-12,21.0,21.100000381469727,20.899999618530273,21.0,19.94096565246582,15475100,
2025-09-15,21.0,21.0,20.799999237060547,21.0,19.94096565246582,31139800,
2025-09-16,21.100000381469727,21.200000762939453,20.899999618530273,21.100000381469727,20.03592300415039,42058900,
2025-09-17,21.100000381469727,21.200000762939453,21.0,21.0,19.94096565246582,21342000,
2025-09-18,21.200000762939453,21.299999237060547,20.899999618530273,21.100000381469727,20.03592300415039,51535900,
2025-09-19,21.0,21.0,20.700000762939453,20.700000762939453,19.656097412109375,84504500,
2025-09-22,20.799999237060547,20.899999618530273,20.700000762939453,20.700000762939453,19.656097412109375,27552400,
2025-09-23,20.700000762939453,20.799999237060547,20.600000381469727,20.600000381469727,19.561140060424805,31075800,
2025-09-24,20.600000381469727,20.700000762939453,20.299999237060547,20.5,19.4661808013916,39993900,
2025-09-25,20.5,20.700000762939453,20.399999618530273,20.600000381469727,19.561140060424805,19784500,
2025-09-26,20.600000381469727,20.600000381469727,20.5,20.5,19.4661808013916,13417900,
2025-09-29,20.600000381469727,20.700000762939453,20.399999618530273,20.5,19.4661808013916,29499500,
2025-09-30,20.5,20.5,20.299999237060547,20.5,19.4661808013916,38956800,
2025-10-01,20.299999237060547,20.399999618530273,20.200000762939453,20.299999237060547,19.27626609802246,23788100,
2025-10-02,20.299999237060547,20.399999618530273,20.200000762939453,20.299999237060547,19.27626609802246,25250200,
2025-10-03,20.299999237060547,20.299999237060547,20.100000381469727,20.200000762939453,19.181310653686523,27755600,
2025-10-06,20.200000762939453,20.299999237060547,19.899999618530273,19.899999618530273,18.896438598632812,73175700,
2025-10-07,19.899999618530273,19.899999618530273,19.899999618530273,19.899999618530273,18.896438598632812,0,
2025-10-08,20.299999237060547,20.299999237060547,20.0,20.0,18.991395950317383,36383700,
2025-10-09,20.0,20.200000762939453,19.899999618530273,20.100000381469727,19.086353302001953,43447900,
2025-10-10,20.100000381469727,20.399999618530273,19.899999618530273,20.200000762939453,19.181310653686523,58830900,
2025-10-14,20.200000762939453,20.299999237060547,19.899999618530273,20.0,18.991395950317383,43391900,
2025-10-15,20.100000381469727,20.200000762939453,19.899999618530273,19.899999618530273,18.896438598632812,48091200,
2025-10-16,19.899999618530273,20.299999237060547,19.799999237060547,20.100000381469727,19.086353302001953,53355300,
2025-10-17,20.0,20.0,19.600000381469727,19.799999237060547,18.801481246948242,94147600,
2025-10-20,19.899999618530273,20.0,19.799999237060547,19.799999237060547,18.801481246948242,18889900,
2025-10-21,19.899999618530273,20.100000381469727,19.899999618530273,20.0,18.991395950317383,17516700,
2025-10-22,19.899999618530273,20.299999237060547,19.799999237060547,20.100000381469727,19.086353302001953,29497000,
2025-10-24,20.0,20.100000381469727,19.700000762939453,19.700000762939453,18.706525802612305,62631900,
2025-10-27,19.799999237060547,19.899999618530273,19.100000381469727,19.200000762939453,18.231740951538086,107135400,
2025-10-28,19.200000762939453,19.5,18.799999237060547,18.899999618530273,17.946868896484375,118012800,
2025-10-29,18.799999237060547,19.200000762939453,18.799999237060547,19.0,18.041826248168945,49638700,
2025-10-30,18.799999237060547,19.299999237060547,18.700000762939453,19.0,18.041826248168945,65620700,
2025-10-31,18.600000381469727,19.100000381469727,18.600000381469727,18.899999618530273,17.946868896484375,55581700,
2025-11-03,19.0,19.200000762939453,18.799999237060547,18.899999618530273,17.946868896484375,55545000,
2025-11-04,18.799999237060547,18.899999618530273,18.5,18.700000762939453,17.756956100463867,80314000,
2025-11-05,18.5,18.899999618530273,18.5,18.799999237060547,17.851911544799805,60640600,
2025-11-06,18.799999237060547,18.799999237060547,18.399999618530273,18.600000381469727,17.661998748779297,70757000,
2025-11-07,18.600000381469727,18.799999237060547,18.399999618530273,18.5,17.567041397094727,89374500,
2025-11-10,18.5,18.700000762939453,18.399999618530273,18.600000381469727,17.661998748779297,84576000,
2025-11-11,18.600000381469727,18.799999237060547,18.299999237060547,18.5,17.567041397094727,82298100,
2025-11-12,18.600000381469727,19.200000762939453,18.5,18.799999237060547,17.851911544799805,117781900,
2025-11-13,19.200000762939453,19.899999618530273,19.0,19.700000762939453,18.706525802612305,198640600,
2025-11-14,19.600000381469727,19.899999618530273,19.5,19.600000381469727,18.611568450927734,70399400,
2025-11-17,19.700000762939453,19.799999237060547,19.200000762939453,19.299999237060547,18.326696395874023,73392600,
2025-11-18,19.200000762939453,19.299999237060547,18.899999618530273,19.100000381469727,18.136783599853516,74934500,
2025-11-19,19.0,19.200000762939453,18.899999618530273,19.200000762939453,18.231740951538086,57623000,
2025-11-20,19.200000762939453,19.200000762939453,18.899999618530273,18.899999618530273,17.946868896484375,45164300,
2025-11-21,18.899999618530273,19.0,18.700000762939453,18.799999237060547,17.851911544799805,62188200,
2025-11-24,18.799999237060547,19.0,18.600000381469727,18.600000381469727,17.661998748779297,74694700,
2025-11-25,18.600000381469727,18.899999618530273,18.399999618530273,18.600000381469727,17.661998748779297,112038500,
2025-11-26,18.600000381469727,18.700000762939453,18.299999237060547,18.399999618530273,17.472084045410156,79349600,
2025-11-27,18.700000762939453,19.200000762939453,18.600000381469727,18.899999618530273,17.946868896484375,96796300,
2025-11-28,19.0,19.100000381469727,18.799999237060547,19.0,18.041826248168945,48498100,
2025-12-01,18.899999618530273,19.299999237060547,18.899999618530273,19.0,18.041826248168945,69947500,
2025-12-02,19.100000381469727,19.200000762939453,18.899999618530273,19.100000381469727,18.136783599853516,44887600,
2025-12-03,19.100000381469727,19.100000381469727,18.700000762939453,19.0,18.041826248168945,49483400,
2025-12-04,18.799999237060547,18.899999618530273,18.600000381469727,18.799999237060547,17.851911544799805,44122500,
2025-12-08,18.799999237060547,18.899999618530273,18.600000381469727,18.899999618530273,17.946868896484375,27889000,
2025-12-09,18.899999618530273,19.299999237060547,18.700000762939453,19.200000762939453,18.231740951538086,51190800,
2025-12-11,19.200000762939453,19.600000381469727,19.100000381469727,19.5,18.516611099243164,73442200,
2025-12-12,19.600000381469727,20.299999237060547,19.600000381469727,20.100000381469727,19.086353302001953,124198200,
2025-12-15,20.0,20.100000381469727,19.700000762939453,20.100000381469727,19.086353302001953,67520800,
2025-12-16,19.899999618530273,20.100000381469727,19.600000381469727,19.700000762939453,18.706525802612305,54886400,
2025-12-17,19.799999237060547,20.0,19.700000762939453,19.799999237060547,18.801481246948242,40975400,
2025-12-18,19.799999237060547,19.899999618530273,19.299999237060547,19.399999618530273,18.421653747558594,61724400,
2025-12-19,19.5,19.700000762939453,19.399999618530273,19.700000762939453,18.706525802612305,33687300,
2025-12-22,19.600000381469727,19.700000762939453,19.399999618530273,19.5,18.516611099243164,33552700,
2025-12-23,19.5,19.600000381469727,19.299999237060547,19.399999618530273,18.421653747558594,25536300,
2025-12-24,19.399999618530273,19.799999237060547,19.399999618530273,19.799999237060547,18.801481246948242,52425000,
2025-12-25,19.799999237060547,19.799999237060547,19.5,19.600000381469727,18.611568450927734,17683200,
2025-12-26,19.600000381469727,19.600000381469727,19.5,19.600000381469727,18.611568450927734,11470900,
2025-12-29,19.600000381469727,19.700000762939453,19.399999618530273,19.399999618530273,18.421653747558594,26617000,
2025-12-30,19.5,19.600000381469727,19.200000762939453,19.299999237060547,18.326696395874023,36787500,
2026-01-05,19.399999618530273,19.700000762939453,19.399999618530273,19.399999618530273,18.421653747558594,37946300,
2026-01-06,19.399999618530273,19.399999618530273,19.100000381469727,19.299999237060547,18.326696395874023,43789200,
2026-01-07,19.299999237060547,19.700000762939453,19.200000762939453,19.5,18.516611099243164,58310500,
2026-01-08,19.399999618530273,19.600000381469727,19.299999237060547,19.399999618530273,18.421653747558594,42078900,
2026-01-09,19.299999237060547,19.399999618530273,18.799999237060547,18.899999618530273,17.946868896484375,60233600,
2026-01-12,18.700000762939453,18.700000762939453,18.100000381469727,18.100000381469727,17.187213897705078,132430400,
2026-01-13,18.200000762939453,18.299999237060547,17.399999618530273,17.600000381469727,16.71242904663086,175695400,
2026-01-14,17.899999618530273,18.200000762939453,17.700000762939453,18.0,17.092256546020508,91458700,
2026-01-15,18.0,18.600000381469727,17.899999618530273,18.5,17.567041397094727,58983200,
2026-01-16,18.600000381469727,18.899999618530273,18.399999618530273,18.899999618530273,17.946868896484375,54794400,
2026-01-19,18.899999618530273,19.600000381469727,18.899999618530273,19.5,18.516611099243164,90579400,
2026-01-20,19.700000762939453,20.299999237060547,19.5,20.100000381469727,19.086353302001953,157361500,
2026-01-21,20.299999237060547,20.600000381469727,20.200000762939453,20.399999618530273,19.37122344970703,94381200,
2026-01-22,20.299999237060547,20.5,19.799999237060547,20.100000381469727,19.086353302001953,202659100,
2026-01-23,19.899999618530273,20.200000762939453,19.799999237060547,20.0,18.991395950317383,66853800,
2026-01-26,19.899999618530273,20.200000762939453,19.5,20.200000762939453,19.181310653686523,75148200,
2026-01-27,20.100000381469727,20.200000762939453,20.0,20.0,18.991395950317383,70283300,
2026-01-28,20.200000762939453,20.200000762939453,19.799999237060547,20.0,18.991395950317383,39552400,
2026-01-29,20.100000381469727,20.399999618530273,20.100000381469727,20.100000381469727,19.086353302001953,65783200,
2026-01-30,20.0,20.200000762939453,19.899999618530273,20.100000381469727,19.086353302001953,33413900,
2026-02-02,20.100000381469727,20.200000762939453,19.799999237060547,19.899999618530273,18.896438598632812,38505700,
2026-02-03,20.0,20.299999237060547,19.600000381469727,19.700000762939453,18.706525802612305,74652900,
2026-02-04,19.700000762939453,20.0,19.700000762939453,19.899999618530273,18.896438598632812,44375300,
2026-02-05,20.0,20.5,20.0,20.399999618530273,19.37122344970703,93675100,
2026-02-06,20.399999618530273,20.899999618530273,20.399999618530273,20.899999618530273,19.84600830078125,83353500,
2026-02-09,21.299999237060547,21.399999618530273,20.899999618530273,21.0,19.94096565246582,112808200,
2026-02-10,21.200000762939453,21.200000762939453,20.899999618530273,20.899999618530273,19.84600830078125,43026800,
2026-02-11,20.899999618530273,21.200000762939453,20.799999237060547,20.899999618530273,19.84600830078125,80403000,
2026-02-12,20.899999618530273,21.299999237060547,20.799999237060547,21.100000381469727,20.03592300415039,62892400,
2026-02-13,21.100000381469727,21.700000762939453,21.0,21.299999237060547,20.2258358001709,128713500,
2026-02-16,21.399999618530273,21.799999237060547,21.399999618530273,21.700000762939453,20.60566520690918,68472600,
2026-02-17,21.799999237060547,21.799999237060547,21.399999618530273,21.799999237060547,20.700620651245117,37889300,
2026-02-18,21.799999237060547,21.799999237060547,21.5,21.700000762939453,20.60566520690918,25624100,
2026-02-19,21.799999237060547,22.399999618530273,21.700000762939453,22.299999237060547,21.17540740966797,93756300,
2026-02-20,22.299999237060547,22.399999618530273,21.700000762939453,22.0,20.890535354614258,73067000,
2026-02-23,22.0,22.100000381469727,21.200000762939453,21.399999618530273,20.32079315185547,98922600,
2026-02-24,21.299999237060547,21.399999618530273,20.799999237060547,21.299999237060547,20.2258358001709,130834100,
2026-02-25,21.5,21.600000381469727,21.200000762939453,21.399999618530273,20.32079315185547,64096500,
2026-02-26,21.299999237060547,22.0,21.200000762939453,21.799999237060547,20.700620651245117,98776600,
2026-02-27,21.700000762939453,21.799999237060547,21.5,21.700000762939453,20.60566520690918,82480700,
2026-03-02,20.799999237060547,21.299999237060547,20.700000762939453,20.700000762939453,19.656097412109375,112491500,
2026-03-04,18.899999618530273,19.700000762939453,18.799999237060547,19.5,18.516611099243164,241107700,
2026-03-05,20.0,20.0,19.100000381469727,19.399999618530273,18.421653747558594,154424600,
2026-03-06,19.100000381469727,19.299999237060547,19.0,19.200000762939453,18.231740951538086,119005000,
2026-03-09,18.5,19.200000762939453,18.399999618530273,19.200000762939453,18.231740951538086,120689300,
2026-03-10,18.899999618530273,18.899999618530273,18.600000381469727,18.700000762939453,18.379167556762695,144956400,0.65
2026-03-11,18.899999618530273,19.0,18.700000762939453,18.700000762939453,18.379167556762695,80758800,
2026-03-12,18.5,18.799999237060547,18.399999618530273,18.700000762939453,18.379167556762695,123636100,
2026-03-13,18.899999618530273,19.100000381469727,18.700000762939453,18.799999237060547,18.47745132446289,95396400,
2026-03-16,18.799999237060547,19.0,18.700000762939453,18.799999237060547,18.47745132446289,38461600,
2026-03-17,19.0,19.100000381469727,18.799999237060547,18.899999618530273,18.575735092163086,75960000,
2026-03-18,18.899999618530273,19.0,18.700000762939453,18.700000762939453,18.379167556762695,61456900,
2026-03-19,18.600000381469727,18.799999237060547,18.399999618530273,18.399999618530273,18.084314346313477,91424700,
2026-03-20,18.600000381469727,18.899999618530273,18.5,18.899999618530273,18.575735092163086,91178500,
2026-03-23,18.5,18.700000762939453,18.200000762939453,18.299999237060547,17.98602867126465,100267000,
2026-03-24,18.299999237060547,18.5,18.200000762939453,18.299999237060547,17.98602867126465,46647100,
2026-03-25,18.600000381469727,18.700000762939453,18.399999618530273,18.600000381469727,18.2808837890625,75149000,
2026-03-26,18.399999618530273,18.5,18.299999237060547,18.299999237060547,17.98602867126465,37477300,
2026-03-27,18.399999618530273,18.5,18.299999237060547,18.399999618530273,18.084314346313477,81337300,
2026-03-30,18.200000762939453,18.5,18.200000762939453,18.399999618530273,18.084314346313477,75851300,
2026-03-31,18.600000381469727,18.899999618530273,18.5,18.799999237060547,18.47745132446289,89218300,
2026-04-01,19.200000762939453,19.200000762939453,18.899999618530273,19.100000381469727,18.77230453491211,75865700,
2026-04-02,18.899999618530273,19.100000381469727,18.799999237060547,19.0,18.674020767211914,57961900,
2026-04-03,19.100000381469727,19.100000381469727,18.799999237060547,19.0,18.674020767211914,39288200,
2026-04-07,19.0,19.0,18.700000762939453,18.899999618530273,18.575735092163086,30140400,
2026-04-08,19.299999237060547,19.299999237060547,19.0,19.100000381469727,18.77230453491211,55799900,
2026-04-09,19.100000381469727,19.100000381469727,18.700000762939453,18.799999237060547,18.47745132446289,48411300,
2026-04-10,18.700000762939453,18.799999237060547,18.5,18.600000381469727,18.2808837890625,48906200,
2026-04-16,18.600000381469727,18.799999237060547,18.399999618530273,18.600000381469727,18.2808837890625,121179700,
2026-04-17,18.600000381469727,18.799999237060547,18.5,18.700000762939453,18.379167556762695,42549000,
2026-04-20,18.700000762939453,18.700000762939453,18.5,18.600000381469727,18.2808837890625,35758000,
2026-04-21,18.600000381469727,18.799999237060547,18.600000381469727,18.600000381469727,18.2808837890625,22860900,
2026-04-22,18.600000381469727,18.700000762939453,18.5,18.600000381469727,18.2808837890625,19940000,
2026-04-23,18.600000381469727,18.600000381469727,18.399999618530273,18.5,18.182598114013672,40843300,
2026-04-24,18.5,18.5,18.299999237060547,18.5,18.182598114013672,36228000,
2026-04-27,18.5,18.5,18.299999237060547,18.299999237060547,17.98602867126465,36090700,
2026-04-28,18.299999237060547,18.399999618530273,18.200000762939453,18.200000762939453,17.887746810913086,43778800,
2026-04-29,18.200000762939453,18.399999618530273,18.100000381469727,18.399999618530273,18.084314346313477,51356400,
2026-04-30,18.299999237060547,18.399999618530273,18.200000762939453,18.299999237060547,17.98602867126465,39341500,
2026-05-01,18.299999237060547,18.299999237060547,18.299999237060547,18.299999237060547,17.98602867126465,0,
2026-05-04,18.299999237060547,18.299999237060547,18.299999237060547,18.299999237060547,17.98602867126465,0,
2026-05-05,18.299999237060547,18.700000762939453,18.299999237060547,18.5,18.182598114013672,82244700,
2026-05-06,18.5,18.5,18.299999237060547,18.399999618530273,18.084314346313477,70979700,
2026-05-07,18.5,18.899999618530273,18.399999618530273,18.399999618530273,18.084314346313477,148126800,
2026-05-08,18.5,18.600000381469727,18.299999237060547,18.399999618530273,18.084314346313477,34198800,
2026-05-11,18.399999618530273,18.5,18.299999237060547,18.399999618530273,18.084314346313477,23855900,
2026-05-12,18.399999618530273,18.5,18.299999237060547,18.299999237060547,17.98602867126465,26904000,
2026-05-13,18.299999237060547,18.399999618530273,18.200000762939453,18.200000762939453,17.887746810913086,59955700,
2026-05-14,18.299999237060547,18.5,18.200000762939453,18.5,18.182598114013672,102031900,
2026-05-15,18.5,18.5,18.100000381469727,18.299999237060547,17.98602867126465,62191900,
2026-05-18,18.200000762939453,18.399999618530273,18.200000762939453,18.299999237060547,17.98602867126465,38574700,
2026-05-19,18.299999237060547,18.399999618530273,18.200000762939453,18.299999237060547,17.98602867126465,30787300,
2026-05-20,18.299999237060547,18.399999618530273,18.0,18.100000381469727,17.789461135864258,109798500,
2026-05-21,18.200000762939453,18.200000762939453,18.0,18.200000762939453,17.887746810913086,27851000,
2026-05-22,18.100000381469727,18.200000762939453,18.100000381469727,18.100000381469727,17.789461135864258,32456700,
2026-05-25,18.299999237060547,18.399999618530273,18.200000762939453,18.200000762939453,17.887746810913086,35269800,
2026-05-26,18.299999237060547,18.5,18.299999237060547,18.299999237060547,17.98602867126465,47629447,
2026-05-27,18.399999618530273,18.399999618530273,18.299999237060547,18.299999237060547,17.98602867126465,16857100,
2026-05-28,18.399999618530273,18.399999618530273,18.100000381469727,18.100000381469727,17.789461135864258,42670400,
2026-05-29,18.200000762939453,18.399999618530273,18.200000762939453,18.200000762939453,17.887746810913086,73161800,
2026-06-01,18.200000762939453,18.200000762939453,18.200000762939453,18.200000762939453,17.887746810913086,0,
2026-06-02,18.200000762939453,18.299999237060547,18.100000381469727,18.200000762939453,17.887746810913086,63520100,
2026-06-03,18.200000762939453,18.200000762939453,18.200000762939453,18.200000762939453,17.887746810913086,0,
2026-06-04,18.200000762939453,18.399999618530273,18.200000762939453,18.200000762939453,17.887746810913086,39033700,
2026-06-05,18.299999237060547,18.600000381469727,18.200000762939453,18.399999618530273,18.084314346313477,96389800,
2026-06-08,18.299999237060547,18.399999618530273,18.200000762939453,18.200000762939453,17.887746810913086,28690400,
2026-06-09,18.299999237060547,18.299999237060547,18.100000381469727,18.100000381469727,17.789461135864258,59922700,
2026-06-10,18.100000381469727,18.100000381469727,18.0,18.0,17.691177368164062,49176400,
2026-06-11,18.0,18.100000381469727,17.799999237060547,17.899999618530273,17.592891693115234,62525200,
2026-06-12,17.899999618530273,18.100000381469727,17.899999618530273,18.0,17.691177368164062,28045700,
2026-06-15,18.200000762939453,18.299999237060547,18.100000381469727,18.200000762939453,17.887746810913086,35956600,
2026-06-16,18.299999237060547,18.399999618530273,18.200000762939453,18.299999237060547,17.98602867126465,42038800,
2026-06-17,18.299999237060547,18.600000381469727,18.299999237060547,18.600000381469727,18.2808837890625,83318200,
2026-06-18,18.600000381469727,18.700000762939453,18.200000762939453,18.299999237060547,17.98602867126465,93809200,
2026-06-19,18.299999237060547,18.399999618530273,18.200000762939453,18.299999237060547,17.98602867126465,89921700,
2026-06-22,18.299999237060547,18.5,18.200000762939453,18.5,18.182598114013672,46694100,
2026-06-23,18.399999618530273,18.5,18.200000762939453,18.200000762939453,17.887746810913086,58225500,
2026-06-24,18.299999237060547,18.5,18.200000762939453,18.399999618530273,18.084314346313477,49905300,
2026-06-25,18.399999618530273,18.600000381469727,18.299999237060547,18.399999618530273,18.084314346313477,69495600,
2026-06-26,18.600000381469727,18.899999618530273,18.399999618530273,18.899999618530273,18.575735092163086,167303900,
2026-06-29,19.0,19.399999618530273,19.0,19.399999618530273,19.067157745361328,136407900,
2026-06-30,19.5,19.5,19.100000381469727,19.299999237060547,18.9688720703125,113639200,
2026-07-01,19.200000762939453,19.399999618530273,19.100000381469727,19.299999237060547,18.9688720703125,65975800,
2026-07-02,19.299999237060547,19.799999237060547,19.299999237060547,19.700000762939453,19.362010955810547,93531400,
2026-07-03,19.899999618530273,20.100000381469727,19.799999237060547,20.100000381469727,19.75514793395996,94603100,
2026-07-06,20.100000381469727,20.100000381469727,19.600000381469727,19.700000762939453,19.362010955810547,87099900,
2026-07-07,19.700000762939453,19.799999237060547,19.399999618530273,19.700000762939453,19.362010955810547,84414600,
2026-07-08,19.700000762939453,19.799999237060547,19.200000762939453,19.200000762939453,18.870590209960938,123412900,
2026-07-09,19.299999237060547,19.600000381469727,19.299999237060547,19.5,19.165441513061523,43215100,
2026-07-10,19.5,19.700000762939453,19.399999618530273,19.600000381469727,19.26372718811035,53010400,
2026-07-13,19.5,19.600000381469727,19.299999237060547,19.399999618530273,19.067157745361328,54103600,
2026-07-14,19.299999237060547,19.5,19.200000762939453,19.299999237060547,18.9688720703125,53732100,
2026-07-15,19.5,19.600000381469727,19.399999618530273,19.399999618530273,19.067157745361328,32680200,
2026-07-16,19.5,19.600000381469727,19.5,19.600000381469727,19.26372718811035,27953700,
2026-07-17,19.5,19.799999237060547,19.5,19.700000762939453,19.362010955810547,55949800,
2026-07-20,19.799999237060547,19.799999237060547,19.299999237060547,19.600000381469727,19.26372718811035,74164900,
2026-07-21,19.600000381469727,19.600000381469727,19.399999618530273,19.5,19.165441513061523,47802300,
2026-07-22,19.600000381469727,19.600000381469727,19.399999618530273,19.5,19.165441513061523,41591000,
2026-07-23,19.5,19.600000381469727,19.100000381469727,19.200000762939453,18.870590209960938,64052800,
2026-07-24,19.0,19.100000381469727,18.700000762939453,18.899999618530273,18.575735092163086,105466300,
2026-07-27,19.0,19.100000381469727,18.899999618530273,19.0,18.674020767211914,31327800,
2026-07-28,19.0,19.0,19.0,19.0,18.674020767211914,0,
2026-07-29,19.0,19.0,19.0,19.0,18.674020767211914,0,
2026-07-30,19.0,19.100000381469727,18.799999237060547,19.0,18.674020767211914,56731800,
2026-07-31,19.100000381469727,19.299999237060547,19.0,19.200000762939453,18.870590209960938,53997900,
2026-08-03,19.299999237060547,19.600000381469727,19.100000381469727,19.600000381469727,19.26372718811035,68054400,
2026-08-04,19.700000762939453,19.899999618530273,19.5,19.5,19.165441513061523,73840200,
2026-08-05,19.700000762939453,19.799999237060547,19.5,19.600000381469727,19.26372718811035,66846400,
2026-08-06,19.600000381469727,20.100000381469727,19.5,19.899999618530273,19.558578491210938,145868100,
2026-08-07,20.0,20.200000762939453,19.899999618530273,20.100000381469727,19.75514793395996,67622400,
2026-08-10,20.100000381469727,20.200000762939453,19.899999618530273,19.899999618530273,19.558578491210938,41187200,
2026-08-11,19.899999618530273,19.899999618530273,19.5,19.700000762939453,19.362010955810547,84296700,
2026-08-12,19.700000762939453,19.700000762939453,19.700000762939453,19.700000762939453,19.362010955810547,0,
2026-08-13,19.700000762939453,19.899999618530273,19.600000381469727,19.600000381469727,19.26372718811035,50416600,
2026-08-14,19.600000381469727,19.899999618530273,19.399999618530273,19.5,19.165441513061523,68157200,
2026-08-17,19.5,19.5,19.299999237060547,19.5,19.165441513061523,29322300,
2026-08-18,19.399999618530273,19.5,19.200000762939453,19.399999618530273,19.067157745361328,115827200,
2026-08-19,19.299999237060547,19.600000381469727,19.299999237060547,19.399999618530273,19.067157745361328,54441500,
2026-08-20,19.600000381469727,20.0,19.5,19.799999237060547,19.460294723510742,164487000,
2026-08-21,19.899999618530273,20.100000381469727,19.799999237060547,19.899999618530273,19.558578491210938,118901000,
2026-08-24,20.100000381469727,20.200000762939453,19.700000762939453,19.799999237060547,19.460294723510742,120163000,
2026-08-25,19.899999618530273,20.0,19.600000381469727,19.700000762939453,19.362010955810547,85874800,
2026-08-26,19.700000762939453,19.899999618530273,19.5,19.700000762939453,19.362010955810547,58023900,
2026-08-27,19.899999618530273,19.899999618530273,19.600000381469727,19.600000381469727,19.26372718811035,57435200,
2026-08-28,19.600000381469727,19.600000381469727,19.399999618530273,19.5,19.165441513061523,65603200,
2026-08-31,19.5,19.700000762939453,19.299999237060547,19.600000381469727,19.26372718811035,72376800,
2026-09-01,19.700000762939453,20.100000381469727,19.600000381469727,20.0,19.656864166259766,159194400,
2026-09-02,20.100000381469727,20.200000762939453,19.700000762939453,19.799999237060547,19.460294723510742,99323500,
2026-09-03,20.0,20.600000381469727,19.899999618530273,20.600000381469727,20.24656867980957,242475500,
2026-09-04,20.700000762939453,20.700000762939453,20.399999618530273,20.399999618530273,20.049999237060547,97453100,
2026-09-07,20.399999618530273,20.600000381469727,20.299999237060547,20.399999618530273,20.049999237060547,87919700,
2026-09-08,20.100000381469727,20.200000762939453,19.899999618530273,20.0,20.0,60857500,0.35
2026-09-09,20.0,20.100000381469727,19.700000762939453,19.799999237060547,19.799999237060547,64075300,
2026-09-10,19.799999237060547,20.299999237060547,19.799999237060547,20.200000762939453,20.200000762939453,71528600,
2026-09-11,20.0,20.100000381469727,19.799999237060547,20.0,20.0,43003800,
2026-09-14,20.100000381469727,20.100000381469727,19.799999237060547,19.899999618530273,19.899999618530273,38260700,
2026-09-15,20.0,20.200000762939453,19.899999618530273,20.200000762939453,20.200000762939453,51972600,
2026-09-16,20.200000762939453,20.299999237060547,19.899999618530273,20.0,20.0,54103000,
2026-09-17,20.0,20.200000762939453,19.899999618530273,20.200000762939453,20.200000762939453,34488400,
2026-09-18,20.200000762939453,20.200000762939453,19.799999237060547,19.899999618530273,19.899999618530273,70155800,
2026-09-21,19.899999618530273,20.0,19.799999237060547,19.899999618530273,19.899999618530273,25173600,
2026-09-22,20.0,20.100000381469727,19.899999618530273,19.899999618530273,19.899999618530273,28306600,
2026-09-23,20.0,20.299999237060547,19.899999618530273,20.200000762939453,20.200000762939453,52040700,
2026-09-24,20.200000762939453,20.299999237060547,20.0,20.0,20.0,21245400,
2026-09-25,20.0,20.200000762939453,19.899999618530273,20.200000762939453,20.200000762939453,23119000,
2026-09-28,20.0,20.100000381469727,19.799999237060547,19.899999618530273,19.899999618530273,44859192,
