Date,Open,High,Low,Close,AdjClose,Volume,Dividend
2000-01-04,1.2200000286102295,1.2200000286102295,1.159999966621399,1.159999966621399,0.6651918888092041,3562500,
2000-01-05,1.159999966621399,1.159999966621399,1.159999966621399,1.159999966621399,0.6651918888092041,0,
2000-01-06,1.159999966621399,1.159999966621399,1.159999966621399,1.159999966621399,0.6651918888092041,0,
2000-01-07,1.159999966621399,1.159999966621399,1.159999966621399,1.159999966621399,0.6651918888092041,0,
2000-01-10,1.2200000286102295,1.2200000286102295,1.2000000476837158,1.2000000476837158,0.6881295442581177,3800000,
2000-01-11,1.2000000476837158,1.2000000476837158,1.159999966621399,1.159999966621399,0.6651918888092041,75000,
2000-01-12,1.159999966621399,1.159999966621399,1.159999966621399,1.159999966621399,0.6651918888092041,0,
2000-01-13,1.2000000476837158,1.2400000095367432,1.2000000476837158,1.2400000095367432,0.711067259311676,800000,
2000-01-14,1.2200000286102295,1.2200000286102295,1.2000000476837158,1.2000000476837158,0.6881295442581177,3125000,
2000-01-17,1.2000000476837158,1.2000000476837158,1.2000000476837158,1.2000000476837158,0.6881295442581177,0,
2000-01-18,1.2000000476837158,1.2400000095367432,1.2000000476837158,1.2000000476837158,0.6881295442581177,2925000,
2000-01-19,1.2200000286102295,1.2599999904632568,1.2000000476837158,1.2200000286102295,0.699598491191864,4905000,
2000-01-20,1.2200000286102295,1.2799999713897705,1.2200000286102295,1.2400000095367432,0.711067259311676,8462500,
2000-01-21,1.2400000095367432,1.2400000095367432,1.2000000476837158,1.2000000476837158,0.6881295442581177,2212500,
2000-01-24,1.2200000286102295,1.2599999904632568,1.2200000286102295,1.2200000286102295,0.699598491191864,55000,
2000-01-25,1.2400000095367432,1.2599999904632568,1.2400000095367432,1.2400000095367432,0.711067259311676,300000,
2000-01-26,1.2400000095367432,1.2400000095367432,1.1799999475479126,1.1799999475479126,0.6766607165336609,3862500,
2000-01-27,1.2000000476837158,1.2000000476837158,1.1799999475479126,1.1799999475479126,0.6766607165336609,1917500,
2000-01-28,1.2000000476837158,1.2400000095367432,1.2000000476837158,1.2000000476837158,0.6881295442581177,4950000,
2000-01-31,1.2000000476837158,1.2200000286102295,1.1799999475479126,1.1799999475479126,0.6766607165336609,300000,
2000-02-01,1.2000000476837158,1.2200000286102295,1.1399999856948853,1.1399999856948853,0.6537231206893921,3835000,
2000-02-02,1.159999966621399,1.159999966621399,1.1399999856948853,1.159999966621399,0.6651918888092041,875000,
2000-02-03,1.159999966621399,1.159999966621399,1.159999966621399,1.159999966621399,0.6651918888092041,0,
2000-02-04,1.159999966621399,1.159999966621399,1.159999966621399,1.159999966621399,0.6651918888092041,0,
2000-02-07,1.159999966621399,1.1799999475479126,1.159999966621399,1.1799999475479126,0.6766607165336609,150000,
2000-02-08,1.1799999475479126,1.1799999475479126,1.1799999475479126,1.1799999475479126,0.6766607165336609,0,
2000-02-09,1.159999966621399,1.159999966621399,1.1399999856948853,1.1399999856948853,0.6537231206893921,875000,
2000-02-10,1.1399999856948853,1.1399999856948853,1.1399999856948853,1.1399999856948853,0.6537231206893921,0,
2000-02-11,1.1399999856948853,1.1399999856948853,1.1399999856948853,1.1399999856948853,0.6537231206893921,0,
2000-02-14,1.159999966621399,1.159999966621399,1.1399999856948853,1.1399999856948853,0.6537231206893921,427500,
2000-02-15,1.1399999856948853,1.1399999856948853,1.1399999856948853,1.1399999856948853,0.6537231206893921,0,
2000-02-16,1.1399999856948853,1.1399999856948853,1.1399999856948853,1.1399999856948853,0.6537231206893921,0,
2000-02-17,1.1200000047683716,1.1200000047683716,1.0800000429153442,1.0800000429153442,0.619316577911377,300000,
2000-02-18,1.0800000429153442,1.0800000429153442,1.0800000429153442,1.0800000429153442,0.619316577911377,0,
2000-02-21,1.0800000429153442,1.0800000429153442,1.0800000429153442,1.0800000429153442,0.619316577911377,0,
2000-02-22,1.0800000429153442,1.0800000429153442,1.0399999618530273,1.0399999618530273,0.5963789224624634,262500,
2000-02-23,1.0399999618530273,1.0399999618530273,1.0399999618530273,1.0399999618530273,0.5963789224624634,0,
2000-02-24,1.0399999618530273,1.0399999618530273,1.0399999618530273,1.0399999618530273,0.5963789224624634,0,
2000-02-25,1.0399999618530273,1.0399999618530273,1.0399999618530273,1.0399999618530273,0.5963789224624634,0,
2000-02-28,1.0399999618530273,1.0399999618530273,1.0399999618530273,1.0399999618530273,0.5963789224624634,0,
2000-02-29,1.059999942779541,1.059999942779541,0.9399999976158142,0.9599999785423279,0.5505036115646362,477500,
2000-03-01,0.9599999785423279,0.9800000190734863,0.9599999785423279,0.9800000190734863,0.5619726181030273,250000,
2000-03-02,1.0,1.0,0.9800000190734863,0.9800000190734863,0.5619726181030273,297500,
2000-03-03,0.9800000190734863,0.9800000190734863,0.9800000190734863,0.9800000190734863,0.5619726181030273,0,
2000-03-06,0.9800000190734863,0.9800000190734863,0.9800000190734863,0.9800000190734863,0.5619726181030273,0,
2000-03-07,0.9800000190734863,0.9800000190734863,0.9800000190734863,0.9800000190734863,0.5619726181030273,0,
2000-03-08,0.9800000190734863,0.9800000190734863,0.9800000190734863,0.9800000190734863,0.5619726181030273,0,
2000-03-09,0.9800000190734863,0.9800000190734863,0.9800000190734863,0.9800000190734863,0.5619726181030273,0,
2000-03-10,0.9800000190734863,0.9800000190734863,0.9800000190734863,0.9800000190734863,0.5619726181030273,0,
2000-03-13,0.9800000190734863,0.9800000190734863,0.9800000190734863,0.9800000190734863,0.5619726181030273,0,
2000-03-14,0.9800000190734863,0.9800000190734863,0.9800000190734863,0.9800000190734863,0.5619726181030273,0,
2000-03-15,0.9800000190734863,0.9800000190734863,0.9800000190734863,0.9800000190734863,0.5619726181030273,0,
2000-03-16,0.9800000190734863,0.9800000190734863,0.9800000190734863,0.9800000190734863,0.5619726181030273,0,
2000-03-17,0.9800000190734863,0.9800000190734863,0.9800000190734863,0.9800000190734863,0.5619726181030273,0,
2000-03-20,0.9800000190734863,0.9800000190734863,0.9800000190734863,0.9800000190734863,0.5619726181030273,0,
2000-03-21,0.9800000190734863,0.9800000190734863,0.9800000190734863,0.9800000190734863,0.5619726181030273,0,
2000-03-22,0.9800000190734863,0.9800000190734863,0.9800000190734863,0.9800000190734863,0.5619726181030273,0,
2000-03-23,0.9800000190734863,0.9800000190734863,0.9800000190734863,0.9800000190734863,0.5619726181030273,0,
2000-03-24,0.9800000190734863,0.9800000190734863,0.9800000190734863,0.9800000190734863,0.5619726181030273,0,
2000-03-27,0.9800000190734863,0.9800000190734863,0.9800000190734863,0.9800000190734863,0.5619726181030273,0,
2000-03-28,0.9800000190734863,0.9800000190734863,0.9800000190734863,0.9800000190734863,0.5619726181030273,0,
2000-03-29,0.9800000190734863,0.9800000190734863,0.9800000190734863,0.9800000190734863,0.5619726181030273,0,
2000-03-30,0.9800000190734863,0.9800000190734863,0.9800000190734863,0.9800000190734863,0.5619726181030273,0,
2000-03-31,0.9800000190734863,0.9800000190734863,0.9800000190734863,0.9800000190734863,0.5619726181030273,0,
2000-04-03,0.9800000190734863,0.9800000190734863,0.9800000190734863,0.9800000190734863,0.5619726181030273,0,
2000-04-04,0.9800000190734863,0.9800000190734863,0.9800000190734863,0.9800000190734863,0.5619726181030273,0,
2000-04-05,0.5,0.8399999737739563,0.46000000834465027,0.6200000047683716,0.355533629655838,10472500,
2000-04-06,0.6200000047683716,0.6200000047683716,0.6200000047683716,0.6200000047683716,0.355533629655838,0,
2000-04-07,0.6200000047683716,0.6399999856948853,0.6000000238418579,0.6200000047683716,0.355533629655838,4242500,
2000-04-10,0.6600000262260437,0.6800000071525574,0.6600000262260437,0.6800000071525574,0.3899401128292084,687500,
2000-04-11,0.699999988079071,0.7799999713897705,0.6800000071525574,0.7799999713897705,0.4472843408584595,1895000,
2000-04-12,0.800000011920929,1.0,0.800000011920929,0.9800000190734863,0.5619726181030273,5115000,
2000-04-13,0.9800000190734863,0.9800000190734863,0.9800000190734863,0.9800000190734863,0.5619726181030273,0,
2000-04-14,0.9800000190734863,0.9800000190734863,0.9800000190734863,0.9800000190734863,0.5619726181030273,0,
2000-04-17,0.9800000190734863,0.9800000190734863,0.9800000190734863,0.9800000190734863,0.5619726181030273,0,
2000-04-18,0.9800000190734863,0.9800000190734863,0.9800000190734863,0.9800000190734863,0.5619726181030273,0,
2000-04-19,0.9200000166893005,0.9200000166893005,0.8999999761581421,0.8999999761581421,0.5160971879959106,132500,
2000-04-20,0.8999999761581421,0.9800000190734863,0.8999999761581421,0.9800000190734863,0.5619726181030273,115000,
2000-04-21,0.9800000190734863,1.0399999618530273,0.9800000190734863,1.0,0.573441207408905,1435000,
2000-04-24,0.8999999761581421,0.9399999976158142,0.8999999761581421,0.9399999976158142,0.5390348434448242,275000,
2000-04-25,0.9399999976158142,0.9399999976158142,0.8999999761581421,0.9200000166893005,0.5275660157203674,4205000,
2000-04-26,0.9200000166893005,0.9200000166893005,0.8799999952316284,0.9200000166893005,0.5275660157203674,3275000,
2000-04-27,0.8999999761581421,0.9399999976158142,0.8999999761581421,0.9399999976158142,0.5390348434448242,3437500,
2000-04-28,0.9200000166893005,1.0199999809265137,0.9200000166893005,1.0199999809265137,0.5849103331565857,3775000,
2000-05-01,1.0199999809265137,1.0199999809265137,1.0199999809265137,1.0199999809265137,0.5849103331565857,0,
2000-05-02,0.9800000190734863,0.9800000190734863,0.9599999785423279,0.9599999785423279,0.5505036115646362,710000,
2000-05-03,0.9599999785423279,0.9599999785423279,0.9599999785423279,0.9599999785423279,0.5505036115646362,0,
2000-05-04,0.8999999761581421,0.9599999785423279,0.8799999952316284,0.9399999976158142,0.5390348434448242,7912500,
2000-05-05,0.9399999976158142,0.9399999976158142,0.9399999976158142,0.9399999976158142,0.5390348434448242,0,
2000-05-08,0.9399999976158142,0.9399999976158142,0.9399999976158142,0.9399999976158142,0.5390348434448242,0,
2000-05-09,0.9399999976158142,0.9399999976158142,0.9399999976158142,0.9399999976158142,0.5390348434448242,0,
2000-05-10,0.9399999976158142,0.9399999976158142,0.9399999976158142,0.9399999976158142,0.5390348434448242,0,
2000-05-11,0.9399999976158142,0.9399999976158142,0.9399999976158142,0.9399999976158142,0.5390348434448242,0,
2000-05-12,0.9399999976158142,0.9399999976158142,0.9399999976158142,0.9399999976158142,0.5390348434448242,0,
2000-05-15,0.9399999976158142,0.9399999976158142,0.9399999976158142,0.9399999976158142,0.5390348434448242,0,
2000-05-16,0.9399999976158142,0.9399999976158142,0.9399999976158142,0.9399999976158142,0.5390348434448242,0,
2000-05-17,0.9399999976158142,0.9399999976158142,0.9399999976158142,0.9399999976158142,0.5390348434448242,0,
2000-05-18,0.9399999976158142,0.9399999976158142,0.9399999976158142,0.9399999976158142,0.5390348434448242,0,
2000-05-19,0.9399999976158142,0.9399999976158142,0.9399999976158142,0.9399999976158142,0.5390348434448242,0,
2000-05-22,0.9399999976158142,0.9399999976158142,0.9399999976158142,0.9399999976158142,0.5390348434448242,0,
2000-05-23,0.9399999976158142,0.9399999976158142,0.9399999976158142,0.9399999976158142,0.5390348434448242,0,
2000-05-24,0.9399999976158142,0.9399999976158142,0.9399999976158142,0.9399999976158142,0.5390348434448242,0,
2000-05-25,0.9399999976158142,0.9399999976158142,0.9399999976158142,0.9399999976158142,0.5390348434448242,0,
2000-05-26,0.9399999976158142,0.9399999976158142,0.9399999976158142,0.9399999976158142,0.5390348434448242,0,
2000-05-29,0.9399999976158142,0.9399999976158142,0.9399999976158142,0.9399999976158142,0.5390348434448242,0,
2000-05-30,0.9399999976158142,0.9399999976158142,0.9399999976158142,0.9399999976158142,0.5390348434448242,0,
2000-05-31,0.9399999976158142,0.9399999976158142,0.9399999976158142,0.9399999976158142,0.5390348434448242,0,
2000-06-01,0.9399999976158142,0.9399999976158142,0.9399999976158142,0.9399999976158142,0.5390348434448242,0,
2000-06-02,0.9399999976158142,0.9399999976158142,0.9399999976158142,0.9399999976158142,0.5390348434448242,0,
2000-06-05,0.9399999976158142,0.9399999976158142,0.9399999976158142,0.9399999976158142,0.5390348434448242,0,
2000-06-06,0.9399999976158142,0.9399999976158142,0.9399999976158142,0.9399999976158142,0.5390348434448242,0,
2000-06-07,0.9399999976158142,0.9399999976158142,0.9399999976158142,0.9399999976158142,0.5390348434448242,0,
2000-06-08,0.9399999976158142,0.9399999976158142,0.9399999976158142,0.9399999976158142,0.5390348434448242,0,
2000-06-09,0.9399999976158142,0.9399999976158142,0.9399999976158142,0.9399999976158142,0.5390348434448242,0,
2000-06-12,0.9399999976158142,0.9399999976158142,0.9399999976158142,0.9399999976158142,0.5390348434448242,0,
2000-06-13,0.9399999976158142,0.9399999976158142,0.9399999976158142,0.9399999976158142,0.5390348434448242,0,
2000-06-14,0.9399999976158142,0.9399999976158142,0.9399999976158142,0.9399999976158142,0.5390348434448242,0,
2000-06-15,0.9399999976158142,0.9399999976158142,0.9399999976158142,0.9399999976158142,0.5390348434448242,0,
2000-06-16,0.9399999976158142,0.9399999976158142,0.9399999976158142,0.9399999976158142,0.5390348434448242,0,
2000-06-19,0.9399999976158142,0.9399999976158142,0.9399999976158142,0.9399999976158142,0.5390348434448242,0,
2000-06-20,0.9399999976158142,0.9399999976158142,0.9399999976158142,0.9399999976158142,0.5390348434448242,0,
2000-06-21,0.9399999976158142,0.9399999976158142,0.9399999976158142,0.9399999976158142,0.5390348434448242,0,
2000-06-22,0.9399999976158142,0.9399999976158142,0.9399999976158142,0.9399999976158142,0.5390348434448242,0,
2000-06-23,0.9399999976158142,0.9399999976158142,0.9399999976158142,0.9399999976158142,0.5390348434448242,0,
2000-06-26,0.9399999976158142,0.9399999976158142,0.9399999976158142,0.9399999976158142,0.5390348434448242,0,
2000-06-27,0.9399999976158142,0.9399999976158142,0.9399999976158142,0.9399999976158142,0.5390348434448242,0,
2000-06-28,0.9399999976158142,0.9399999976158142,0.9399999976158142,0.9399999976158142,0.5390348434448242,0,
2000-06-29,0.9399999976158142,0.9399999976158142,0.9399999976158142,0.9399999976158142,0.5390348434448242,0,
2000-06-30,0.9399999976158142,0.9399999976158142,0.9399999976158142,0.9399999976158142,0.5390348434448242,0,
2000-07-03,0.9399999976158142,0.9399999976158142,0.9399999976158142,0.9399999976158142,0.5390348434448242,0,
2000-07-04,0.9399999976158142,0.9399999976158142,0.9399999976158142,0.9399999976158142,0.5390348434448242,0,
2000-07-05,0.9399999976158142,0.9399999976158142,0.9399999976158142,0.9399999976158142,0.5390348434448242,0,
2000-07-06,0.9399999976158142,0.9399999976158142,0.9399999976158142,0.9399999976158142,0.5390348434448242,0,
2000-07-07,0.9399999976158142,0.9399999976158142,0.9399999976158142,0.9399999976158142,0.5390348434448242,0,
2000-07-10,0.9399999976158142,0.9399999976158142,0.9399999976158142,0.9399999976158142,0.5390348434448242,0,
2000-07-11,0.9399999976158142,0.9399999976158142,0.9399999976158142,0.9399999976158142,0.5390348434448242,0,
2000-07-12,0.9399999976158142,0.9399999976158142,0.9399999976158142,0.9399999976158142,0.5390348434448242,0,
2000-07-13,0.9399999976158142,0.9399999976158142,0.9399999976158142,0.9399999976158142,0.5390348434448242,0,
2000-07-14,0.9399999976158142,0.9399999976158142,0.9399999976158142,0.9399999976158142,0.5390348434448242,0,
2000-07-17,0.9399999976158142,0.9399999976158142,0.9399999976158142,0.9399999976158142,0.5390348434448242,0,
2000-07-18,0.9399999976158142,0.9399999976158142,0.9399999976158142,0.9399999976158142,0.5390348434448242,0,
2000-07-19,0.9399999976158142,0.9399999976158142,0.9399999976158142,0.9399999976158142,0.5390348434448242,0,
2000-07-20,0.9399999976158142,0.9399999976158142,0.9399999976158142,0.9399999976158142,0.5390348434448242,0,
2000-07-21,0.9399999976158142,0.9399999976158142,0.9399999976158142,0.9399999976158142,0.5390348434448242,0,
2000-07-24,0.9399999976158142,0.9399999976158142,0.9399999976158142,0.9399999976158142,0.5390348434448242,0,
2000-07-25,0.9399999976158142,0.9399999976158142,0.9399999976158142,0.9399999976158142,0.5390348434448242,0,
2000-07-26,0.9399999976158142,0.9399999976158142,0.9399999976158142,0.9399999976158142,0.5390348434448242,0,
2000-07-27,0.9399999976158142,0.9399999976158142,0.9399999976158142,0.9399999976158142,0.5390348434448242,0,
2000-07-28,0.9399999976158142,0.9399999976158142,0.9399999976158142,0.9399999976158142,0.5390348434448242,0,
2000-07-31,0.9399999976158142,0.9399999976158142,0.9399999976158142,0.9399999976158142,0.5390348434448242,0,
2000-08-01,0.9399999976158142,0.9399999976158142,0.9399999976158142,0.9399999976158142,0.5390348434448242,0,
2000-08-02,0.9399999976158142,0.9399999976158142,0.9399999976158142,0.9399999976158142,0.5390348434448242,0,
2000-08-03,0.9399999976158142,0.9399999976158142,0.9399999976158142,0.9399999976158142,0.5390348434448242,0,
2000-08-04,0.9399999976158142,0.9399999976158142,0.9399999976158142,0.9399999976158142,0.5390348434448242,0,
2000-08-07,0.9399999976158142,0.9399999976158142,0.9399999976158142,0.9399999976158142,0.5390348434448242,0,
2000-08-08,0.9399999976158142,0.9399999976158142,0.9399999976158142,0.9399999976158142,0.5390348434448242,0,
2000-08-09,0.9399999976158142,0.9399999976158142,0.9399999976158142,0.9399999976158142,0.5390348434448242,0,
2000-08-10,0.9399999976158142,0.9399999976158142,0.9399999976158142,0.9399999976158142,0.5390348434448242,0,
2000-08-11,0.9399999976158142,0.9399999976158142,0.9399999976158142,0.9399999976158142,0.5390348434448242,0,
2000-08-14,0.9399999976158142,0.9399999976158142,0.9399999976158142,0.9399999976158142,0.5390348434448242,0,
2000-08-15,0.9399999976158142,0.9399999976158142,0.9399999976158142,0.9399999976158142,0.5390348434448242,0,
2000-08-16,0.9399999976158142,0.9399999976158142,0.9399999976158142,0.9399999976158142,0.5390348434448242,0,
2000-08-17,0.9399999976158142,0.9399999976158142,0.9399999976158142,0.9399999976158142,0.5390348434448242,0,
2000-08-18,0.9399999976158142,0.9399999976158142,0.9399999976158142,0.9399999976158142,0.5390348434448242,0,
2000-08-21,0.9399999976158142,0.9399999976158142,0.9399999976158142,0.9399999976158142,0.5390348434448242,0,
2000-08-22,0.9399999976158142,0.9399999976158142,0.9399999976158142,0.9399999976158142,0.5390348434448242,0,
2000-08-23,0.9399999976158142,0.9399999976158142,0.9399999976158142,0.9399999976158142,0.5390348434448242,0,
2000-08-24,0.9399999976158142,0.9399999976158142,0.9399999976158142,0.9399999976158142,0.5390348434448242,0,
2000-08-25,0.9399999976158142,0.9399999976158142,0.9399999976158142,0.9399999976158142,0.5390348434448242,0,
2000-08-28,0.9399999976158142,0.9399999976158142,0.9399999976158142,0.9399999976158142,0.5390348434448242,0,
2000-08-29,0.9399999976158142,0.9399999976158142,0.9399999976158142,0.9399999976158142,0.5390348434448242,0,
2000-08-30,0.9399999976158142,0.9399999976158142,0.9399999976158142,0.9399999976158142,0.5390348434448242,0,
2000-08-31,0.9399999976158142,0.9399999976158142,0.9399999976158142,0.9399999976158142,0.5390348434448242,0,
2000-09-01,0.9399999976158142,0.9399999976158142,0.9399999976158142,0.9399999976158142,0.5390348434448242,0,
2000-09-04,0.9399999976158142,0.9399999976158142,0.9399999976158142,0.9399999976158142,0.5390348434448242,0,
2000-09-05,0.9399999976158142,0.9399999976158142,0.9399999976158142,0.9399999976158142,0.5390348434448242,0,
2000-09-06,0.9399999976158142,0.9399999976158142,0.9399999976158142,0.9399999976158142,0.5390348434448242,0,
2000-09-07,0.9399999976158142,0.9399999976158142,0.9399999976158142,0.9399999976158142,0.5390348434448242,0,
2000-09-08,0.9399999976158142,0.9399999976158142,0.9399999976158142,0.9399999976158142,0.5390348434448242,0,
2000-09-11,0.9399999976158142,0.9399999976158142,0.9399999976158142,0.9399999976158142,0.5390348434448242,0,
2000-09-12,0.9399999976158142,0.9399999976158142,0.9399999976158142,0.9399999976158142,0.5390348434448242,0,
2000-09-13,0.9399999976158142,0.9399999976158142,0.9399999976158142,0.9399999976158142,0.5390348434448242,0,
2000-09-14,0.9399999976158142,0.9399999976158142,0.9399999976158142,0.9399999976158142,0.5390348434448242,0,
2000-09-15,0.9399999976158142,0.9399999976158142,0.9399999976158142,0.9399999976158142,0.5390348434448242,0,
2000-09-18,0.9399999976158142,0.9399999976158142,0.9399999976158142,0.9399999976158142,0.5390348434448242,0,
2000-09-19,0.9399999976158142,0.9399999976158142,0.9399999976158142,0.9399999976158142,0.5390348434448242,0,
2000-09-20,0.9399999976158142,0.9399999976158142,0.9399999976158142,0.9399999976158142,0.5390348434448242,0,
2000-09-21,0.9399999976158142,0.9399999976158142,0.9399999976158142,0.9399999976158142,0.5390348434448242,0,
2000-09-22,0.9399999976158142,0.9399999976158142,0.9399999976158142,0.9399999976158142,0.5390348434448242,0,
2000-09-25,0.9399999976158142,0.9399999976158142,0.9399999976158142,0.9399999976158142,0.5390348434448242,0,
2000-09-26,0.9399999976158142,0.9399999976158142,0.9399999976158142,0.9399999976158142,0.5390348434448242,0,
2000-09-27,0.9399999976158142,0.9399999976158142,0.9399999976158142,0.9399999976158142,0.5390348434448242,0,
2000-09-28,0.9399999976158142,0.9399999976158142,0.9399999976158142,0.9399999976158142,0.5390348434448242,0,
2000-09-29,0.9399999976158142,0.9399999976158142,0.9399999976158142,0.9399999976158142,0.5390348434448242,0,
2000-10-02,0.9399999976158142,0.9399999976158142,0.9399999976158142,0.9399999976158142,0.5390348434448242,0,
2000-10-03,0.9399999976158142,0.9399999976158142,0.9399999976158142,0.9399999976158142,0.5390348434448242,0,
2000-10-04,0.9399999976158142,0.9399999976158142,0.9399999976158142,0.9399999976158142,0.5390348434448242,0,
2000-10-05,0.9399999976158142,0.9399999976158142,0.9399999976158142,0.9399999976158142,0.5390348434448242,0,
2000-10-06,0.9399999976158142,0.9399999976158142,0.9399999976158142,0.9399999976158142,0.5390348434448242,0,
2000-10-09,0.9399999976158142,0.9399999976158142,0.9399999976158142,0.9399999976158142,0.5390348434448242,0,
2000-10-10,0.9399999976158142,0.9399999976158142,0.9399999976158142,0.9399999976158142,0.5390348434448242,0,
2000-10-11,0.9399999976158142,0.9399999976158142,0.9399999976158142,0.9399999976158142,0.5390348434448242,0,
2000-10-12,0.9399999976158142,0.9399999976158142,0.9399999976158142,0.9399999976158142,0.5390348434448242,0,
2000-10-13,0.9399999976158142,0.9399999976158142,0.9399999976158142,0.9399999976158142,0.5390348434448242,0,
2000-10-16,0.9399999976158142,0.9399999976158142,0.9399999976158142,0.9399999976158142,0.5390348434448242,0,
2000-10-17,0.9399999976158142,0.9399999976158142,0.9399999976158142,0.9399999976158142,0.5390348434448242,0,
2000-10-18,0.9399999976158142,0.9399999976158142,0.9399999976158142,0.9399999976158142,0.5390348434448242,0,
2000-10-19,0.9399999976158142,0.9399999976158142,0.9399999976158142,0.9399999976158142,0.5390348434448242,0,
2000-10-20,0.9399999976158142,0.9399999976158142,0.9399999976158142,0.9399999976158142,0.5390348434448242,0,
2000-10-23,0.9399999976158142,0.9399999976158142,0.9399999976158142,0.9399999976158142,0.5390348434448242,0,
2000-10-24,0.9399999976158142,0.9399999976158142,0.9399999976158142,0.9399999976158142,0.5390348434448242,0,
2000-10-25,0.9399999976158142,0.9399999976158142,0.9399999976158142,0.9399999976158142,0.5390348434448242,0,
2000-10-26,0.9399999976158142,0.9399999976158142,0.9399999976158142,0.9399999976158142,0.5390348434448242,0,
2000-10-27,0.9399999976158142,0.9399999976158142,0.9399999976158142,0.9399999976158142,0.5390348434448242,0,
2000-10-30,0.9399999976158142,0.9399999976158142,0.9399999976158142,0.9399999976158142,0.5390348434448242,0,
2000-10-31,0.9399999976158142,0.9399999976158142,0.9399999976158142,0.9399999976158142,0.5390348434448242,0,
2000-11-01,0.9399999976158142,0.9399999976158142,0.9399999976158142,0.9399999976158142,0.5390348434448242,0,
2000-11-02,0.9399999976158142,0.9399999976158142,0.9399999976158142,0.9399999976158142,0.5390348434448242,0,
2000-11-03,0.9399999976158142,0.9399999976158142,0.9399999976158142,0.9399999976158142,0.5390348434448242,0,
2000-11-06,0.9399999976158142,0.9399999976158142,0.9399999976158142,0.9399999976158142,0.5390348434448242,0,
2000-11-07,0.9399999976158142,0.9399999976158142,0.9399999976158142,0.9399999976158142,0.5390348434448242,0,
2000-11-08,0.9399999976158142,0.9399999976158142,0.9399999976158142,0.9399999976158142,0.5390348434448242,0,
2000-11-09,0.9399999976158142,0.9399999976158142,0.9399999976158142,0.9399999976158142,0.5390348434448242,0,
2000-11-10,0.9399999976158142,0.9399999976158142,0.9399999976158142,0.9399999976158142,0.5390348434448242,0,
2000-11-13,0.9399999976158142,0.9399999976158142,0.9399999976158142,0.9399999976158142,0.5390348434448242,0,
2000-11-14,0.9399999976158142,0.9399999976158142,0.9399999976158142,0.9399999976158142,0.5390348434448242,0,
2000-11-15,0.9399999976158142,0.9399999976158142,0.9399999976158142,0.9399999976158142,0.5390348434448242,0,
2000-11-16,0.9399999976158142,0.9399999976158142,0.9399999976158142,0.9399999976158142,0.5390348434448242,0,
2000-11-17,0.9399999976158142,0.9399999976158142,0.9399999976158142,0.9399999976158142,0.5390348434448242,0,
2000-11-20,0.9399999976158142,0.9399999976158142,0.9399999976158142,0.9399999976158142,0.5390348434448242,0,
2000-11-21,0.9399999976158142,0.9399999976158142,0.9399999976158142,0.9399999976158142,0.5390348434448242,0,
2000-11-22,0.9399999976158142,0.9399999976158142,0.9399999976158142,0.9399999976158142,0.5390348434448242,0,
2000-11-23,0.9399999976158142,0.9399999976158142,0.9399999976158142,0.9399999976158142,0.5390348434448242,0,
2000-11-24,0.9399999976158142,0.9399999976158142,0.9399999976158142,0.9399999976158142,0.5390348434448242,0,
2000-11-27,0.9399999976158142,0.9399999976158142,0.9399999976158142,0.9399999976158142,0.5390348434448242,0,
2000-11-28,0.9399999976158142,0.9399999976158142,0.9399999976158142,0.9399999976158142,0.5390348434448242,0,
2000-11-29,0.9399999976158142,0.9399999976158142,0.9399999976158142,0.9399999976158142,0.5390348434448242,0,
2000-11-30,0.9399999976158142,0.9399999976158142,0.9399999976158142,0.9399999976158142,0.5390348434448242,0,
2000-12-01,0.9399999976158142,0.9399999976158142,0.9399999976158142,0.9399999976158142,0.5390348434448242,0,
2000-12-04,0.9399999976158142,0.9399999976158142,0.9399999976158142,0.9399999976158142,0.5390348434448242,0,
2000-12-05,0.9399999976158142,0.9399999976158142,0.9399999976158142,0.9399999976158142,0.5390348434448242,0,
2000-12-06,0.9399999976158142,0.9399999976158142,0.9399999976158142,0.9399999976158142,0.5390348434448242,0,
2000-12-07,0.9399999976158142,0.9399999976158142,0.9399999976158142,0.9399999976158142,0.5390348434448242,0,
2000-12-08,0.9399999976158142,0.9399999976158142,0.9399999976158142,0.9399999976158142,0.5390348434448242,0,
2000-12-11,0.9399999976158142,0.9399999976158142,0.9399999976158142,0.9399999976158142,0.5390348434448242,0,
2000-12-12,0.9399999976158142,0.9399999976158142,0.9399999976158142,0.9399999976158142,0.5390348434448242,0,
2000-12-13,0.9399999976158142,0.9399999976158142,0.9399999976158142,0.9399999976158142,0.5390348434448242,0,
2000-12-14,0.9399999976158142,0.9399999976158142,0.9399999976158142,0.9399999976158142,0.5390348434448242,0,
2000-12-15,0.9399999976158142,0.9399999976158142,0.9399999976158142,0.9399999976158142,0.5390348434448242,0,
2000-12-18,0.9399999976158142,0.9399999976158142,0.9399999976158142,0.9399999976158142,0.5390348434448242,0,
2000-12-19,0.9399999976158142,0.9399999976158142,0.9399999976158142,0.9399999976158142,0.5390348434448242,0,
2000-12-20,0.9399999976158142,0.9399999976158142,0.9399999976158142,0.9399999976158142,0.5390348434448242,0,
2000-12-21,0.9399999976158142,0.9399999976158142,0.9399999976158142,0.9399999976158142,0.5390348434448242,0,
2000-12-22,0.9399999976158142,0.9399999976158142,0.9399999976158142,0.9399999976158142,0.5390348434448242,0,
2000-12-25,0.9399999976158142,0.9399999976158142,0.9399999976158142,0.9399999976158142,0.5390348434448242,0,
2000-12-26,0.9399999976158142,0.9399999976158142,0.9399999976158142,0.9399999976158142,0.5390348434448242,0,
2000-12-27,0.9399999976158142,0.9399999976158142,0.9399999976158142,0.9399999976158142,0.5390348434448242,0,
2000-12-28,0.9399999976158142,0.9399999976158142,0.9399999976158142,0.9399999976158142,0.5390348434448242,0,
2000-12-29,0.9399999976158142,0.9399999976158142,0.9399999976158142,0.9399999976158142,0.5390348434448242,0,
2001-01-01,0.9399999976158142,0.9399999976158142,0.9399999976158142,0.9399999976158142,0.5390348434448242,0,
2001-01-02,0.9399999976158142,0.9399999976158142,0.9399999976158142,0.9399999976158142,0.5390348434448242,0,
2001-01-03,0.9399999976158142,0.9399999976158142,0.9399999976158142,0.9399999976158142,0.5390348434448242,0,
2001-01-04,0.9399999976158142,0.9399999976158142,0.9399999976158142,0.9399999976158142,0.5390348434448242,0,
2001-01-05,0.9399999976158142,0.9399999976158142,0.9399999976158142,0.9399999976158142,0.5390348434448242,0,
2001-01-08,0.9399999976158142,0.9399999976158142,0.9399999976158142,0.9399999976158142,0.5390348434448242,0,
2001-01-09,0.9399999976158142,0.9399999976158142,0.9399999976158142,0.9399999976158142,0.5390348434448242,0,
2001-01-10,0.9399999976158142,0.9399999976158142,0.9399999976158142,0.9399999976158142,0.5390348434448242,0,
2001-01-11,0.9399999976158142,0.9399999976158142,0.9399999976158142,0.9399999976158142,0.5390348434448242,0,
2001-01-12,0.9399999976158142,0.9399999976158142,0.9399999976158142,0.9399999976158142,0.5390348434448242,0,
2001-01-15,0.9399999976158142,0.9399999976158142,0.9399999976158142,0.9399999976158142,0.5390348434448242,0,
2001-01-16,0.9399999976158142,0.9399999976158142,0.9399999976158142,0.9399999976158142,0.5390348434448242,0,
2001-01-17,0.9399999976158142,0.9399999976158142,0.9399999976158142,0.9399999976158142,0.5390348434448242,0,
2001-01-18,0.9399999976158142,0.9399999976158142,0.9399999976158142,0.9399999976158142,0.5390348434448242,0,
2001-01-19,0.9399999976158142,0.9399999976158142,0.9399999976158142,0.9399999976158142,0.5390348434448242,0,
2001-01-22,0.9399999976158142,0.9399999976158142,0.9399999976158142,0.9399999976158142,0.5390348434448242,0,
2001-01-23,0.9399999976158142,0.9399999976158142,0.9399999976158142,0.9399999976158142,0.5390348434448242,0,
2001-01-24,0.9399999976158142,0.9399999976158142,0.9399999976158142,0.9399999976158142,0.5390348434448242,0,
2001-01-25,0.9399999976158142,0.9399999976158142,0.9399999976158142,0.9399999976158142,0.5390348434448242,0,
2001-01-26,0.9399999976158142,0.9399999976158142,0.9399999976158142,0.9399999976158142,0.5390348434448242,0,
2001-01-29,0.9399999976158142,0.9399999976158142,0.9399999976158142,0.9399999976158142,0.5390348434448242,0,
2001-01-30,0.9399999976158142,0.9399999976158142,0.9399999976158142,0.9399999976158142,0.5390348434448242,0,
2001-01-31,0.9399999976158142,0.9399999976158142,0.9399999976158142,0.9399999976158142,0.5390348434448242,0,
2001-02-01,0.9399999976158142,0.9399999976158142,0.9399999976158142,0.9399999976158142,0.5390348434448242,0,
2001-02-02,0.9399999976158142,0.9399999976158142,0.9399999976158142,0.9399999976158142,0.5390348434448242,0,
2001-02-05,0.9399999976158142,0.9399999976158142,0.9399999976158142,0.9399999976158142,0.5390348434448242,0,
2001-02-06,0.9399999976158142,0.9399999976158142,0.9399999976158142,0.9399999976158142,0.5390348434448242,0,
2001-02-07,0.9399999976158142,0.9399999976158142,0.9399999976158142,0.9399999976158142,0.5390348434448242,0,
2001-02-08,0.9399999976158142,0.9399999976158142,0.9399999976158142,0.9399999976158142,0.5390348434448242,0,
2001-02-09,0.9399999976158142,0.9399999976158142,0.9399999976158142,0.9399999976158142,0.5390348434448242,0,
2001-02-12,0.9399999976158142,0.9399999976158142,0.9399999976158142,0.9399999976158142,0.5390348434448242,0,
2001-02-13,0.9399999976158142,0.9399999976158142,0.9399999976158142,0.9399999976158142,0.5390348434448242,0,
2001-02-14,0.9399999976158142,0.9399999976158142,0.9399999976158142,0.9399999976158142,0.5390348434448242,0,
2001-02-15,0.9399999976158142,0.9399999976158142,0.9399999976158142,0.9399999976158142,0.5390348434448242,0,
2001-02-16,0.9399999976158142,0.9399999976158142,0.9399999976158142,0.9399999976158142,0.5390348434448242,0,
2001-02-19,0.9399999976158142,0.9399999976158142,0.9399999976158142,0.9399999976158142,0.5390348434448242,0,
2001-02-20,0.9399999976158142,0.9399999976158142,0.9399999976158142,0.9399999976158142,0.5390348434448242,0,
2001-02-21,0.9399999976158142,0.9399999976158142,0.9399999976158142,0.9399999976158142,0.5390348434448242,0,
2001-02-22,0.9399999976158142,0.9399999976158142,0.9399999976158142,0.9399999976158142,0.5390348434448242,0,
2001-02-23,0.9399999976158142,0.9399999976158142,0.9399999976158142,0.9399999976158142,0.5390348434448242,0,
2001-02-26,0.9399999976158142,0.9399999976158142,0.9399999976158142,0.9399999976158142,0.5390348434448242,0,
2001-02-27,0.9399999976158142,0.9399999976158142,0.9399999976158142,0.9399999976158142,0.5390348434448242,0,
2001-02-28,0.9399999976158142,0.9399999976158142,0.9399999976158142,0.9399999976158142,0.5390348434448242,0,
2001-03-01,0.9399999976158142,0.9399999976158142,0.9399999976158142,0.9399999976158142,0.5390348434448242,0,
2001-03-02,0.9399999976158142,0.9399999976158142,0.9399999976158142,0.9399999976158142,0.5390348434448242,0,
2001-03-05,0.9399999976158142,0.9399999976158142,0.9399999976158142,0.9399999976158142,0.5390348434448242,0,
2001-03-06,0.9399999976158142,0.9399999976158142,0.9399999976158142,0.9399999976158142,0.5390348434448242,0,
2001-03-07,0.9399999976158142,0.9399999976158142,0.9399999976158142,0.9399999976158142,0.5390348434448242,0,
2001-03-08,0.9399999976158142,0.9399999976158142,0.9399999976158142,0.9399999976158142,0.5390348434448242,0,
2001-03-09,0.9399999976158142,0.9399999976158142,0.9399999976158142,0.9399999976158142,0.5390348434448242,0,
2001-03-12,0.9399999976158142,0.9399999976158142,0.9399999976158142,0.9399999976158142,0.5390348434448242,0,
2001-03-13,0.9399999976158142,0.9399999976158142,0.9399999976158142,0.9399999976158142,0.5390348434448242,0,
2001-03-14,0.9399999976158142,0.9399999976158142,0.9399999976158142,0.9399999976158142,0.5390348434448242,0,
2001-03-15,0.9399999976158142,0.9399999976158142,0.9399999976158142,0.9399999976158142,0.5390348434448242,0,
2001-03-16,0.9399999976158142,0.9399999976158142,0.9399999976158142,0.9399999976158142,0.5390348434448242,0,
2001-03-19,0.9399999976158142,0.9399999976158142,0.9399999976158142,0.9399999976158142,0.5390348434448242,0,
2001-03-20,0.9399999976158142,0.9399999976158142,0.9399999976158142,0.9399999976158142,0.5390348434448242,0,
2001-03-21,0.9399999976158142,0.9399999976158142,0.9399999976158142,0.9399999976158142,0.5390348434448242,0,
2001-03-22,0.9399999976158142,0.9399999976158142,0.9399999976158142,0.9399999976158142,0.5390348434448242,0,
2001-03-23,0.9399999976158142,0.9399999976158142,0.9399999976158142,0.9399999976158142,0.5390348434448242,0,
2001-03-26,0.9399999976158142,0.9399999976158142,0.9399999976158142,0.9399999976158142,0.5390348434448242,0,
2001-03-27,0.9399999976158142,0.9399999976158142,0.9399999976158142,0.9399999976158142,0.5390348434448242,0,
2001-03-28,0.9399999976158142,0.9399999976158142,0.9399999976158142,0.9399999976158142,0.5390348434448242,0,
2001-03-29,0.9399999976158142,0.9399999976158142,0.9399999976158142,0.9399999976158142,0.5390348434448242,0,
2001-03-30,0.9399999976158142,0.9399999976158142,0.9399999976158142,0.9399999976158142,0.5390348434448242,0,
2001-04-02,0.9399999976158142,0.9399999976158142,0.9399999976158142,0.9399999976158142,0.5390348434448242,0,
2001-04-03,0.9399999976158142,0.9399999976158142,0.9399999976158142,0.9399999976158142,0.5390348434448242,0,
2001-04-04,0.9399999976158142,0.9399999976158142,0.9399999976158142,0.9399999976158142,0.5390348434448242,0,
2001-04-05,0.9399999976158142,0.9399999976158142,0.9399999976158142,0.9399999976158142,0.5390348434448242,0,
2001-04-06,0.9399999976158142,0.9399999976158142,0.9399999976158142,0.9399999976158142,0.5390348434448242,0,
2001-04-09,0.9399999976158142,0.9399999976158142,0.9399999976158142,0.9399999976158142,0.5390348434448242,0,
2001-04-10,0.9399999976158142,0.9399999976158142,0.9399999976158142,0.9399999976158142,0.5390348434448242,0,
2001-04-11,0.9399999976158142,0.9399999976158142,0.9399999976158142,0.9399999976158142,0.5390348434448242,0,
2001-04-12,0.9399999976158142,0.9399999976158142,0.9399999976158142,0.9399999976158142,0.5390348434448242,0,
2001-04-13,0.9399999976158142,0.9399999976158142,0.9399999976158142,0.9399999976158142,0.5390348434448242,0,
2001-04-16,0.9399999976158142,0.9399999976158142,0.9399999976158142,0.9399999976158142,0.5390348434448242,0,
2001-04-17,0.9399999976158142,0.9399999976158142,0.9399999976158142,0.9399999976158142,0.5390348434448242,0,
2001-04-18,0.9399999976158142,0.9399999976158142,0.9399999976158142,0.9399999976158142,0.5390348434448242,0,
2001-04-19,0.9399999976158142,0.9399999976158142,0.9399999976158142,0.9399999976158142,0.5390348434448242,0,
2001-04-20,0.9399999976158142,0.9399999976158142,0.9399999976158142,0.9399999976158142,0.5390348434448242,0,
2001-04-23,0.9399999976158142,0.9399999976158142,0.9399999976158142,0.9399999976158142,0.5390348434448242,0,
2001-04-24,0.9399999976158142,0.9399999976158142,0.9399999976158142,0.9399999976158142,0.5390348434448242,0,
2001-04-25,0.9399999976158142,0.9399999976158142,0.9399999976158142,0.9399999976158142,0.5390348434448242,0,
2001-04-26,0.9399999976158142,0.9399999976158142,0.9399999976158142,0.9399999976158142,0.5390348434448242,0,
2001-04-27,0.9399999976158142,0.9399999976158142,0.9399999976158142,0.9399999976158142,0.5390348434448242,0,
2001-04-30,0.9399999976158142,0.9399999976158142,0.9399999976158142,0.9399999976158142,0.5390348434448242,0,
2001-05-01,0.9399999976158142,0.9399999976158142,0.9399999976158142,0.9399999976158142,0.5390348434448242,0,
2001-05-02,0.9399999976158142,0.9399999976158142,0.9399999976158142,0.9399999976158142,0.5390348434448242,0,
2001-05-03,0.9399999976158142,0.9399999976158142,0.9399999976158142,0.9399999976158142,0.5390348434448242,0,
2001-05-04,0.9399999976158142,0.9399999976158142,0.9399999976158142,0.9399999976158142,0.5390348434448242,0,
2001-05-07,0.9399999976158142,0.9399999976158142,0.9399999976158142,0.9399999976158142,0.5390348434448242,0,
2001-05-08,0.9399999976158142,0.9399999976158142,0.9399999976158142,0.9399999976158142,0.5390348434448242,0,
2001-05-09,0.9399999976158142,0.9399999976158142,0.9399999976158142,0.9399999976158142,0.5390348434448242,0,
2001-05-10,0.9399999976158142,0.9399999976158142,0.9399999976158142,0.9399999976158142,0.5390348434448242,0,
2001-05-11,0.9399999976158142,0.9399999976158142,0.9399999976158142,0.9399999976158142,0.5390348434448242,0,
2001-05-14,0.9399999976158142,0.9399999976158142,0.9399999976158142,0.9399999976158142,0.5390348434448242,0,
2001-05-15,0.9399999976158142,0.9399999976158142,0.9399999976158142,0.9399999976158142,0.5390348434448242,0,
2001-05-16,0.9399999976158142,0.9399999976158142,0.9399999976158142,0.9399999976158142,0.5390348434448242,0,
2001-05-17,0.9399999976158142,0.9399999976158142,0.9399999976158142,0.9399999976158142,0.5390348434448242,0,
2001-05-18,0.9399999976158142,0.9399999976158142,0.9399999976158142,0.9399999976158142,0.5390348434448242,0,
2001-05-21,0.9399999976158142,0.9399999976158142,0.9399999976158142,0.9399999976158142,0.5390348434448242,0,
2001-05-22,0.9399999976158142,0.9399999976158142,0.9399999976158142,0.9399999976158142,0.5390348434448242,0,
2001-05-23,0.9399999976158142,0.9399999976158142,0.9399999976158142,0.9399999976158142,0.5390348434448242,0,
2001-05-24,0.9399999976158142,0.9399999976158142,0.9399999976158142,0.9399999976158142,0.5390348434448242,0,
2001-05-25,0.9399999976158142,0.9399999976158142,0.9399999976158142,0.9399999976158142,0.5390348434448242,0,
2001-05-28,0.9399999976158142,0.9399999976158142,0.9399999976158142,0.9399999976158142,0.5390348434448242,0,
2001-05-29,0.9399999976158142,0.9399999976158142,0.9399999976158142,0.9399999976158142,0.5390348434448242,0,
2001-05-30,0.9399999976158142,0.9399999976158142,0.9399999976158142,0.9399999976158142,0.5390348434448242,0,
2001-05-31,0.9399999976158142,0.9399999976158142,0.9399999976158142,0.9399999976158142,0.5390348434448242,0,
2001-06-01,0.9399999976158142,0.9399999976158142,0.9399999976158142,0.9399999976158142,0.5390348434448242,0,
2001-06-04,0.9399999976158142,0.9399999976158142,0.9399999976158142,0.9399999976158142,0.5390348434448242,0,
2001-06-05,0.9399999976158142,0.9399999976158142,0.9399999976158142,0.9399999976158142,0.5390348434448242,0,
2001-06-06,0.9399999976158142,0.9399999976158142,0.9399999976158142,0.9399999976158142,0.5390348434448242,0,
2001-06-07,0.9399999976158142,0.9399999976158142,0.9399999976158142,0.9399999976158142,0.5390348434448242,0,
2001-06-08,0.9399999976158142,0.9399999976158142,0.9399999976158142,0.9399999976158142,0.5390348434448242,0,
2001-06-11,0.9399999976158142,0.9399999976158142,0.9399999976158142,0.9399999976158142,0.5390348434448242,0,
2001-06-12,0.9399999976158142,0.9399999976158142,0.9399999976158142,0.9399999976158142,0.5390348434448242,0,
2001-06-13,0.9399999976158142,0.9399999976158142,0.9399999976158142,0.9399999976158142,0.5390348434448242,0,
2001-06-14,0.9399999976158142,0.9399999976158142,0.9399999976158142,0.9399999976158142,0.5390348434448242,0,
2001-06-15,0.9399999976158142,0.9399999976158142,0.9399999976158142,0.9399999976158142,0.5390348434448242,0,
2001-06-18,0.9399999976158142,0.9399999976158142,0.9399999976158142,0.9399999976158142,0.5390348434448242,0,
2001-06-19,0.9399999976158142,0.9399999976158142,0.9399999976158142,0.9399999976158142,0.5390348434448242,0,
2001-06-20,0.9399999976158142,0.9399999976158142,0.9399999976158142,0.9399999976158142,0.5390348434448242,0,
2001-06-21,0.9399999976158142,0.9399999976158142,0.9399999976158142,0.9399999976158142,0.5390348434448242,0,
2001-06-22,0.9399999976158142,0.9399999976158142,0.9399999976158142,0.9399999976158142,0.5390348434448242,0,
2001-06-25,0.9399999976158142,0.9399999976158142,0.9399999976158142,0.9399999976158142,0.5390348434448242,0,
2001-06-26,0.9399999976158142,0.9399999976158142,0.9399999976158142,0.9399999976158142,0.5390348434448242,0,
2001-06-27,0.9399999976158142,0.9399999976158142,0.9399999976158142,0.9399999976158142,0.5390348434448242,0,
2001-06-28,0.9399999976158142,0.9399999976158142,0.9399999976158142,0.9399999976158142,0.5390348434448242,0,
2001-06-29,0.9399999976158142,0.9399999976158142,0.9399999976158142,0.9399999976158142,0.5390348434448242,0,
2001-07-02,0.9399999976158142,0.9399999976158142,0.9399999976158142,0.9399999976158142,0.5390348434448242,0,
2001-07-03,0.9399999976158142,0.9399999976158142,0.9399999976158142,0.9399999976158142,0.5390348434448242,0,
2001-07-04,0.9399999976158142,0.9399999976158142,0.9399999976158142,0.9399999976158142,0.5390348434448242,0,
2001-07-05,0.9399999976158142,0.9399999976158142,0.9399999976158142,0.9399999976158142,0.5390348434448242,0,
2001-07-06,0.9399999976158142,0.9399999976158142,0.9399999976158142,0.9399999976158142,0.5390348434448242,0,
2001-07-09,0.9399999976158142,0.9399999976158142,0.9399999976158142,0.9399999976158142,0.5390348434448242,0,
2001-07-10,0.9399999976158142,0.9399999976158142,0.9399999976158142,0.9399999976158142,0.5390348434448242,0,
2001-07-11,0.9399999976158142,0.9399999976158142,0.9399999976158142,0.9399999976158142,0.5390348434448242,0,
2001-07-12,0.9399999976158142,0.9399999976158142,0.9399999976158142,0.9399999976158142,0.5390348434448242,0,
2001-07-13,0.9399999976158142,0.9399999976158142,0.9399999976158142,0.9399999976158142,0.5390348434448242,0,
2001-07-16,0.9399999976158142,0.9399999976158142,0.9399999976158142,0.9399999976158142,0.5390348434448242,0,
2001-07-17,0.9399999976158142,0.9399999976158142,0.9399999976158142,0.9399999976158142,0.5390348434448242,0,
2001-07-18,0.9399999976158142,0.9399999976158142,0.9399999976158142,0.9399999976158142,0.5390348434448242,0,
2001-07-19,0.9399999976158142,0.9399999976158142,0.9399999976158142,0.9399999976158142,0.5390348434448242,0,
2001-07-20,0.9399999976158142,0.9399999976158142,0.9399999976158142,0.9399999976158142,0.5390348434448242,0,
2001-07-23,0.9399999976158142,0.9399999976158142,0.9399999976158142,0.9399999976158142,0.5390348434448242,0,
2001-07-24,0.9399999976158142,0.9399999976158142,0.9399999976158142,0.9399999976158142,0.5390348434448242,0,
2001-07-25,0.9399999976158142,0.9399999976158142,0.9399999976158142,0.9399999976158142,0.5390348434448242,0,
2001-07-26,0.9399999976158142,0.9399999976158142,0.9399999976158142,0.9399999976158142,0.5390348434448242,0,
2001-07-27,0.9399999976158142,0.9399999976158142,0.9399999976158142,0.9399999976158142,0.5390348434448242,0,
2001-07-30,0.9399999976158142,0.9399999976158142,0.9399999976158142,0.9399999976158142,0.5390348434448242,0,
2001-07-31,0.9399999976158142,0.9399999976158142,0.9399999976158142,0.9399999976158142,0.5390348434448242,0,
2001-08-01,0.9399999976158142,0.9399999976158142,0.9399999976158142,0.9399999976158142,0.5390348434448242,0,
2001-08-02,0.9399999976158142,0.9399999976158142,0.9399999976158142,0.9399999976158142,0.5390348434448242,0,
2001-08-03,0.9399999976158142,0.9399999976158142,0.9399999976158142,0.9399999976158142,0.5390348434448242,0,
2001-08-06,0.9399999976158142,0.9399999976158142,0.9399999976158142,0.9399999976158142,0.5390348434448242,0,
2001-08-07,0.9399999976158142,0.9399999976158142,0.9399999976158142,0.9399999976158142,0.5390348434448242,0,
2001-08-08,0.9399999976158142,0.9399999976158142,0.9399999976158142,0.9399999976158142,0.5390348434448242,0,
2001-08-09,0.9399999976158142,0.9399999976158142,0.9399999976158142,0.9399999976158142,0.5390348434448242,0,
2001-08-10,0.9399999976158142,0.9399999976158142,0.9399999976158142,0.9399999976158142,0.5390348434448242,0,
2001-08-13,0.9399999976158142,0.9399999976158142,0.9399999976158142,0.9399999976158142,0.5390348434448242,0,
2001-08-14,0.9399999976158142,0.9399999976158142,0.9399999976158142,0.9399999976158142,0.5390348434448242,0,
2001-08-15,0.9399999976158142,0.9399999976158142,0.9399999976158142,0.9399999976158142,0.5390348434448242,0,
2001-08-16,0.9399999976158142,0.9399999976158142,0.9399999976158142,0.9399999976158142,0.5390348434448242,0,
2001-08-17,0.9399999976158142,0.9399999976158142,0.9399999976158142,0.9399999976158142,0.5390348434448242,0,
2001-08-20,0.9399999976158142,0.9399999976158142,0.9399999976158142,0.9399999976158142,0.5390348434448242,0,
2001-08-21,0.9399999976158142,0.9399999976158142,0.9399999976158142,0.9399999976158142,0.5390348434448242,0,
2001-08-22,0.9399999976158142,0.9399999976158142,0.9399999976158142,0.9399999976158142,0.5390348434448242,0,
2001-08-23,0.9399999976158142,0.9399999976158142,0.9399999976158142,0.9399999976158142,0.5390348434448242,0,
2001-08-24,0.9399999976158142,0.9399999976158142,0.9399999976158142,0.9399999976158142,0.5390348434448242,0,
2001-08-27,0.9399999976158142,0.9399999976158142,0.9399999976158142,0.9399999976158142,0.5390348434448242,0,
2001-08-28,0.9399999976158142,0.9399999976158142,0.9399999976158142,0.9399999976158142,0.5390348434448242,0,
2001-08-29,0.9399999976158142,0.9399999976158142,0.9399999976158142,0.9399999976158142,0.5390348434448242,0,
2001-08-30,0.9399999976158142,0.9399999976158142,0.9399999976158142,0.9399999976158142,0.5390348434448242,0,
2001-08-31,0.9399999976158142,0.9399999976158142,0.9399999976158142,0.9399999976158142,0.5390348434448242,0,
2001-09-03,0.9399999976158142,0.9399999976158142,0.9399999976158142,0.9399999976158142,0.5390348434448242,0,
2001-09-04,0.9399999976158142,0.9399999976158142,0.9399999976158142,0.9399999976158142,0.5390348434448242,0,
2001-09-05,0.9399999976158142,0.9399999976158142,0.9399999976158142,0.9399999976158142,0.5390348434448242,0,
2001-09-06,0.9399999976158142,0.9399999976158142,0.9399999976158142,0.9399999976158142,0.5390348434448242,0,
2001-09-07,0.9399999976158142,0.9399999976158142,0.9399999976158142,0.9399999976158142,0.5390348434448242,0,
2001-09-10,0.9399999976158142,0.9399999976158142,0.9399999976158142,0.9399999976158142,0.5390348434448242,0,
2001-09-11,0.9399999976158142,0.9399999976158142,0.9399999976158142,0.9399999976158142,0.5390348434448242,0,
2001-09-12,0.9399999976158142,0.9399999976158142,0.9399999976158142,0.9399999976158142,0.5390348434448242,0,
2001-09-13,0.9399999976158142,0.9399999976158142,0.9399999976158142,0.9399999976158142,0.5390348434448242,0,
2001-09-14,0.9399999976158142,0.9399999976158142,0.9399999976158142,0.9399999976158142,0.5390348434448242,0,
2001-09-17,0.9399999976158142,0.9399999976158142,0.9399999976158142,0.9399999976158142,0.5390348434448242,0,
2001-09-18,0.9399999976158142,0.9399999976158142,0.9399999976158142,0.9399999976158142,0.5390348434448242,0,
2001-09-19,0.9399999976158142,0.9399999976158142,0.9399999976158142,0.9399999976158142,0.5390348434448242,0,
2001-09-20,0.9399999976158142,0.9399999976158142,0.9399999976158142,0.9399999976158142,0.5390348434448242,0,
2001-09-21,0.9399999976158142,0.9399999976158142,0.9399999976158142,0.9399999976158142,0.5390348434448242,0,
2001-09-24,0.9399999976158142,0.9399999976158142,0.9399999976158142,0.9399999976158142,0.5390348434448242,0,
2001-09-25,0.9399999976158142,0.9399999976158142,0.9399999976158142,0.9399999976158142,0.5390348434448242,0,
2001-09-26,0.9399999976158142,0.9399999976158142,0.9399999976158142,0.9399999976158142,0.5390348434448242,0,
2001-09-27,0.9399999976158142,0.9399999976158142,0.9399999976158142,0.9399999976158142,0.5390348434448242,0,
2001-09-28,0.9399999976158142,0.9399999976158142,0.9399999976158142,0.9399999976158142,0.5390348434448242,0,
2001-10-01,0.9399999976158142,0.9399999976158142,0.9399999976158142,0.9399999976158142,0.5390348434448242,0,
2001-10-02,0.9399999976158142,0.9399999976158142,0.9399999976158142,0.9399999976158142,0.5390348434448242,0,
2001-10-03,0.9399999976158142,0.9399999976158142,0.9399999976158142,0.9399999976158142,0.5390348434448242,0,
2001-10-04,0.9399999976158142,0.9399999976158142,0.9399999976158142,0.9399999976158142,0.5390348434448242,0,
2001-10-05,0.9399999976158142,0.9399999976158142,0.9399999976158142,0.9399999976158142,0.5390348434448242,0,
2001-10-08,0.9399999976158142,0.9399999976158142,0.9399999976158142,0.9399999976158142,0.5390348434448242,0,
2001-10-09,0.9399999976158142,0.9399999976158142,0.9399999976158142,0.9399999976158142,0.5390348434448242,0,
2001-10-10,0.9399999976158142,0.9399999976158142,0.9399999976158142,0.9399999976158142,0.5390348434448242,0,
2001-10-11,0.9399999976158142,0.9399999976158142,0.9399999976158142,0.9399999976158142,0.5390348434448242,0,
2001-10-12,0.9399999976158142,0.9399999976158142,0.9399999976158142,0.9399999976158142,0.5390348434448242,0,
2001-10-15,0.9399999976158142,0.9399999976158142,0.9399999976158142,0.9399999976158142,0.5390348434448242,0,
2001-10-16,0.9399999976158142,0.9399999976158142,0.9399999976158142,0.9399999976158142,0.5390348434448242,0,
2001-10-17,0.9399999976158142,0.9399999976158142,0.9399999976158142,0.9399999976158142,0.5390348434448242,0,
2001-10-18,0.9399999976158142,0.9399999976158142,0.9399999976158142,0.9399999976158142,0.5390348434448242,0,
2001-10-19,0.9399999976158142,0.9399999976158142,0.9399999976158142,0.9399999976158142,0.5390348434448242,0,
2001-10-22,0.9399999976158142,0.9399999976158142,0.9399999976158142,0.9399999976158142,0.5390348434448242,0,
2001-10-23,0.9399999976158142,0.9399999976158142,0.9399999976158142,0.9399999976158142,0.5390348434448242,0,
2001-10-24,0.9399999976158142,0.9399999976158142,0.9399999976158142,0.9399999976158142,0.5390348434448242,0,
2001-10-25,0.9399999976158142,0.9399999976158142,0.9399999976158142,0.9399999976158142,0.5390348434448242,0,
2001-10-26,0.9399999976158142,0.9399999976158142,0.9399999976158142,0.9399999976158142,0.5390348434448242,0,
2001-10-29,0.9399999976158142,0.9399999976158142,0.9399999976158142,0.9399999976158142,0.5390348434448242,0,
2001-10-30,0.9399999976158142,0.9399999976158142,0.9399999976158142,0.9399999976158142,0.5390348434448242,0,
2001-10-31,0.9399999976158142,0.9399999976158142,0.9399999976158142,0.9399999976158142,0.5390348434448242,0,
2001-11-01,0.9399999976158142,0.9399999976158142,0.9399999976158142,0.9399999976158142,0.5390348434448242,0,
2001-11-02,0.9399999976158142,0.9399999976158142,0.9399999976158142,0.9399999976158142,0.5390348434448242,0,
2001-11-05,0.9399999976158142,0.9399999976158142,0.9399999976158142,0.9399999976158142,0.5390348434448242,0,
2001-11-06,0.9399999976158142,0.9399999976158142,0.9399999976158142,0.9399999976158142,0.5390348434448242,0,
2001-11-07,0.9399999976158142,0.9399999976158142,0.9399999976158142,0.9399999976158142,0.5390348434448242,0,
2001-11-08,0.9399999976158142,0.9399999976158142,0.9399999976158142,0.9399999976158142,0.5390348434448242,0,
2001-11-09,0.9399999976158142,0.9399999976158142,0.9399999976158142,0.9399999976158142,0.5390348434448242,0,
2001-11-12,0.9399999976158142,0.9399999976158142,0.9399999976158142,0.9399999976158142,0.5390348434448242,0,
2001-11-13,0.9399999976158142,0.9399999976158142,0.9399999976158142,0.9399999976158142,0.5390348434448242,0,
2001-11-14,0.9399999976158142,0.9399999976158142,0.9399999976158142,0.9399999976158142,0.5390348434448242,0,
2001-11-15,0.9399999976158142,0.9399999976158142,0.9399999976158142,0.9399999976158142,0.5390348434448242,0,
2001-11-16,0.9399999976158142,0.9399999976158142,0.9399999976158142,0.9399999976158142,0.5390348434448242,0,
2001-11-19,0.9399999976158142,0.9399999976158142,0.9399999976158142,0.9399999976158142,0.5390348434448242,0,
2001-11-20,0.9399999976158142,0.9399999976158142,0.9399999976158142,0.9399999976158142,0.5390348434448242,0,
2001-11-21,0.9399999976158142,0.9399999976158142,0.9399999976158142,0.9399999976158142,0.5390348434448242,0,
2001-11-22,0.9399999976158142,0.9399999976158142,0.9399999976158142,0.9399999976158142,0.5390348434448242,0,
2001-11-23,0.9399999976158142,0.9399999976158142,0.9399999976158142,0.9399999976158142,0.5390348434448242,0,
2001-11-26,0.9399999976158142,0.9399999976158142,0.9399999976158142,0.9399999976158142,0.5390348434448242,0,
2001-11-27,0.9399999976158142,0.9399999976158142,0.9399999976158142,0.9399999976158142,0.5390348434448242,0,
2001-11-28,0.9399999976158142,0.9399999976158142,0.9399999976158142,0.9399999976158142,0.5390348434448242,0,
2001-11-29,0.9399999976158142,0.9399999976158142,0.9399999976158142,0.9399999976158142,0.5390348434448242,0,
2001-11-30,0.9399999976158142,0.9399999976158142,0.9399999976158142,0.9399999976158142,0.5390348434448242,0,
2001-12-03,0.9399999976158142,0.9399999976158142,0.9399999976158142,0.9399999976158142,0.5390348434448242,0,
2001-12-04,0.9399999976158142,0.9399999976158142,0.9399999976158142,0.9399999976158142,0.5390348434448242,0,
2001-12-05,0.9399999976158142,0.9399999976158142,0.9399999976158142,0.9399999976158142,0.5390348434448242,0,
2001-12-06,0.9399999976158142,0.9399999976158142,0.9399999976158142,0.9399999976158142,0.5390348434448242,0,
2001-12-07,0.9399999976158142,0.9399999976158142,0.9399999976158142,0.9399999976158142,0.5390348434448242,0,
2001-12-10,0.9399999976158142,0.9399999976158142,0.9399999976158142,0.9399999976158142,0.5390348434448242,0,
2001-12-11,0.9399999976158142,0.9399999976158142,0.9399999976158142,0.9399999976158142,0.5390348434448242,0,
2001-12-12,0.9399999976158142,0.9399999976158142,0.9399999976158142,0.9399999976158142,0.5390348434448242,0,
2001-12-13,0.9399999976158142,0.9399999976158142,0.9399999976158142,0.9399999976158142,0.5390348434448242,0,
2001-12-14,0.9399999976158142,0.9399999976158142,0.9399999976158142,0.9399999976158142,0.5390348434448242,0,
2001-12-17,0.9399999976158142,0.9399999976158142,0.9399999976158142,0.9399999976158142,0.5390348434448242,0,
2001-12-18,0.9399999976158142,0.9399999976158142,0.9399999976158142,0.9399999976158142,0.5390348434448242,0,
2001-12-19,0.9399999976158142,0.9399999976158142,0.9399999976158142,0.9399999976158142,0.5390348434448242,0,
2001-12-20,0.9399999976158142,0.9399999976158142,0.9399999976158142,0.9399999976158142,0.5390348434448242,0,
2001-12-21,0.9399999976158142,0.9399999976158142,0.9399999976158142,0.9399999976158142,0.5390348434448242,0,
2001-12-24,0.9399999976158142,0.9399999976158142,0.9399999976158142,0.9399999976158142,0.5390348434448242,0,
2001-12-25,0.9399999976158142,0.9399999976158142,0.9399999976158142,0.9399999976158142,0.5390348434448242,0,
2001-12-26,0.9399999976158142,0.9399999976158142,0.9399999976158142,0.9399999976158142,0.5390348434448242,0,
2001-12-27,0.9399999976158142,0.9399999976158142,0.9399999976158142,0.9399999976158142,0.5390348434448242,0,
2001-12-28,0.9399999976158142,0.9399999976158142,0.9399999976158142,0.9399999976158142,0.5390348434448242,0,
2001-12-31,0.9399999976158142,0.9399999976158142,0.9399999976158142,0.9399999976158142,0.5390348434448242,0,
2002-01-01,0.9399999976158142,0.9399999976158142,0.9399999976158142,0.9399999976158142,0.5390348434448242,0,
2002-01-02,0.9399999976158142,0.9399999976158142,0.9399999976158142,0.9399999976158142,0.5390348434448242,0,
2002-01-03,0.9399999976158142,0.9399999976158142,0.9399999976158142,0.9399999976158142,0.5390348434448242,0,
2002-01-04,0.9399999976158142,0.9399999976158142,0.9399999976158142,0.9399999976158142,0.5390348434448242,0,
2002-01-07,0.9399999976158142,0.9399999976158142,0.9399999976158142,0.9399999976158142,0.5390348434448242,0,
2002-01-08,0.9399999976158142,0.9399999976158142,0.9399999976158142,0.9399999976158142,0.5390348434448242,0,
2002-01-09,0.9399999976158142,0.9399999976158142,0.9399999976158142,0.9399999976158142,0.5390348434448242,0,
2002-01-10,0.9399999976158142,0.9399999976158142,0.9399999976158142,0.9399999976158142,0.5390348434448242,0,
2002-01-11,0.9399999976158142,0.9399999976158142,0.9399999976158142,0.9399999976158142,0.5390348434448242,0,
2002-01-14,0.9399999976158142,0.9399999976158142,0.9399999976158142,0.9399999976158142,0.5390348434448242,0,
2002-01-15,0.9399999976158142,0.9399999976158142,0.9399999976158142,0.9399999976158142,0.5390348434448242,0,
2002-01-16,0.9399999976158142,0.9399999976158142,0.9399999976158142,0.9399999976158142,0.5390348434448242,0,
2002-01-17,0.9399999976158142,0.9399999976158142,0.9399999976158142,0.9399999976158142,0.5390348434448242,0,
2002-01-18,0.9399999976158142,0.9399999976158142,0.9399999976158142,0.9399999976158142,0.5390348434448242,0,
2002-01-21,0.9399999976158142,0.9399999976158142,0.9399999976158142,0.9399999976158142,0.5390348434448242,0,
2002-01-22,0.9399999976158142,0.9399999976158142,0.9399999976158142,0.9399999976158142,0.5390348434448242,0,
2002-01-23,0.9399999976158142,0.9399999976158142,0.9399999976158142,0.9399999976158142,0.5390348434448242,0,
2002-01-24,0.9399999976158142,0.9399999976158142,0.9399999976158142,0.9399999976158142,0.5390348434448242,0,
2002-01-25,0.9399999976158142,0.9399999976158142,0.9399999976158142,0.9399999976158142,0.5390348434448242,0,
2002-01-28,0.9399999976158142,0.9399999976158142,0.9399999976158142,0.9399999976158142,0.5390348434448242,0,
2002-01-29,0.9399999976158142,0.9399999976158142,0.9399999976158142,0.9399999976158142,0.5390348434448242,0,
2002-01-30,0.9399999976158142,0.9399999976158142,0.9399999976158142,0.9399999976158142,0.5390348434448242,0,
2002-01-31,0.9399999976158142,0.9399999976158142,0.9399999976158142,0.9399999976158142,0.5390348434448242,0,
2002-02-01,0.9399999976158142,0.9399999976158142,0.9399999976158142,0.9399999976158142,0.5390348434448242,0,
2002-02-04,0.9399999976158142,0.9399999976158142,0.9399999976158142,0.9399999976158142,0.5390348434448242,0,
2002-02-05,0.9399999976158142,0.9399999976158142,0.9399999976158142,0.9399999976158142,0.5390348434448242,0,
2002-02-06,0.9399999976158142,0.9399999976158142,0.9399999976158142,0.9399999976158142,0.5390348434448242,0,
2002-02-07,0.9399999976158142,0.9399999976158142,0.9399999976158142,0.9399999976158142,0.5390348434448242,0,
2002-02-08,0.9399999976158142,0.9399999976158142,0.9399999976158142,0.9399999976158142,0.5390348434448242,0,
2002-02-11,0.9399999976158142,0.9399999976158142,0.9399999976158142,0.9399999976158142,0.5390348434448242,0,
2002-02-12,0.9399999976158142,0.9399999976158142,0.9399999976158142,0.9399999976158142,0.5390348434448242,0,
2002-02-13,0.9399999976158142,0.9399999976158142,0.9399999976158142,0.9399999976158142,0.5390348434448242,0,
2002-02-14,0.9399999976158142,0.9399999976158142,0.9399999976158142,0.9399999976158142,0.5390348434448242,0,
2002-02-15,0.9399999976158142,0.9399999976158142,0.9399999976158142,0.9399999976158142,0.5390348434448242,0,
2002-02-18,0.9399999976158142,0.9399999976158142,0.9399999976158142,0.9399999976158142,0.5390348434448242,0,
2002-02-19,0.9399999976158142,0.9399999976158142,0.9399999976158142,0.9399999976158142,0.5390348434448242,0,
2002-02-20,0.9399999976158142,0.9399999976158142,0.9399999976158142,0.9399999976158142,0.5390348434448242,0,
2002-02-21,0.9399999976158142,0.9399999976158142,0.9399999976158142,0.9399999976158142,0.5390348434448242,0,
2002-02-22,0.9399999976158142,0.9399999976158142,0.9399999976158142,0.9399999976158142,0.5390348434448242,0,
2002-02-25,0.9399999976158142,0.9399999976158142,0.9399999976158142,0.9399999976158142,0.5390348434448242,0,
2002-02-26,0.9399999976158142,0.9399999976158142,0.9399999976158142,0.9399999976158142,0.5390348434448242,0,
2002-02-27,0.9399999976158142,0.9399999976158142,0.9399999976158142,0.9399999976158142,0.5390348434448242,0,
2002-02-28,0.9399999976158142,0.9399999976158142,0.9399999976158142,0.9399999976158142,0.5390348434448242,0,
2002-03-01,0.9399999976158142,0.9399999976158142,0.9399999976158142,0.9399999976158142,0.5390348434448242,0,
2002-03-04,0.9399999976158142,0.9399999976158142,0.9399999976158142,0.9399999976158142,0.5390348434448242,0,
2002-03-05,0.9399999976158142,0.9399999976158142,0.9399999976158142,0.9399999976158142,0.5390348434448242,0,
2002-03-06,0.9399999976158142,0.9399999976158142,0.9399999976158142,0.9399999976158142,0.5390348434448242,0,
2002-03-07,0.9399999976158142,0.9399999976158142,0.9399999976158142,0.9399999976158142,0.5390348434448242,0,
2002-03-08,0.9399999976158142,0.9399999976158142,0.9399999976158142,0.9399999976158142,0.5390348434448242,0,
2002-03-11,0.9399999976158142,0.9399999976158142,0.9399999976158142,0.9399999976158142,0.5390348434448242,0,
2002-03-12,0.9399999976158142,0.9399999976158142,0.9399999976158142,0.9399999976158142,0.5390348434448242,0,
2002-03-13,0.9399999976158142,0.9399999976158142,0.9399999976158142,0.9399999976158142,0.5390348434448242,0,
2002-03-14,0.9399999976158142,0.9399999976158142,0.9399999976158142,0.9399999976158142,0.5390348434448242,0,
2002-03-15,0.9399999976158142,0.9399999976158142,0.9399999976158142,0.9399999976158142,0.5390348434448242,0,
2002-03-18,0.9399999976158142,0.9399999976158142,0.9399999976158142,0.9399999976158142,0.5390348434448242,0,
2002-03-19,0.9399999976158142,0.9399999976158142,0.9399999976158142,0.9399999976158142,0.5390348434448242,0,
2002-03-20,0.9399999976158142,0.9399999976158142,0.9399999976158142,0.9399999976158142,0.5390348434448242,0,
2002-03-21,0.9399999976158142,0.9399999976158142,0.9399999976158142,0.9399999976158142,0.5390348434448242,0,
2002-03-22,0.9399999976158142,0.9399999976158142,0.9399999976158142,0.9399999976158142,0.5390348434448242,0,
2002-03-25,0.9399999976158142,0.9399999976158142,0.9399999976158142,0.9399999976158142,0.5390348434448242,0,
2002-03-26,0.9399999976158142,0.9399999976158142,0.9399999976158142,0.9399999976158142,0.5390348434448242,0,
2002-03-27,0.9399999976158142,0.9399999976158142,0.9399999976158142,0.9399999976158142,0.5390348434448242,0,
2002-03-28,0.9399999976158142,0.9399999976158142,0.9399999976158142,0.9399999976158142,0.5390348434448242,0,
2002-03-29,0.9399999976158142,0.9399999976158142,0.9399999976158142,0.9399999976158142,0.5390348434448242,0,
2002-04-01,0.9399999976158142,0.9399999976158142,0.9399999976158142,0.9399999976158142,0.5390348434448242,0,
2002-04-02,0.9399999976158142,0.9399999976158142,0.9399999976158142,0.9399999976158142,0.5390348434448242,0,
2002-04-03,0.9399999976158142,0.9399999976158142,0.9399999976158142,0.9399999976158142,0.5390348434448242,0,
2002-04-04,0.9399999976158142,0.9399999976158142,0.9399999976158142,0.9399999976158142,0.5390348434448242,0,
2002-04-05,0.9399999976158142,0.9399999976158142,0.9399999976158142,0.9399999976158142,0.5390348434448242,0,
2002-04-08,0.9399999976158142,0.9399999976158142,0.9399999976158142,0.9399999976158142,0.5390348434448242,0,
2002-04-09,0.9399999976158142,0.9399999976158142,0.9399999976158142,0.9399999976158142,0.5390348434448242,0,
2002-04-10,0.9399999976158142,0.9399999976158142,0.9399999976158142,0.9399999976158142,0.5390348434448242,0,
2002-04-11,0.9399999976158142,0.9399999976158142,0.9399999976158142,0.9399999976158142,0.5390348434448242,0,
2002-04-12,0.9399999976158142,0.9399999976158142,0.9399999976158142,0.9399999976158142,0.5390348434448242,0,
2002-04-15,0.9399999976158142,0.9399999976158142,0.9399999976158142,0.9399999976158142,0.5390348434448242,0,
2002-04-16,0.9399999976158142,0.9399999976158142,0.9399999976158142,0.9399999976158142,0.5390348434448242,0,
2002-04-17,0.9399999976158142,0.9399999976158142,0.9399999976158142,0.9399999976158142,0.5390348434448242,0,
2002-04-18,0.9399999976158142,0.9399999976158142,0.9399999976158142,0.9399999976158142,0.5390348434448242,0,
2002-04-19,0.9399999976158142,0.9399999976158142,0.9399999976158142,0.9399999976158142,0.5390348434448242,0,
2002-04-22,0.9399999976158142,0.9399999976158142,0.9399999976158142,0.9399999976158142,0.5390348434448242,0,
2002-04-23,0.9399999976158142,0.9399999976158142,0.9399999976158142,0.9399999976158142,0.5390348434448242,0,
2002-04-24,0.9399999976158142,0.9399999976158142,0.9399999976158142,0.9399999976158142,0.5390348434448242,0,
2002-04-25,0.9399999976158142,0.9399999976158142,0.9399999976158142,0.9399999976158142,0.5390348434448242,0,
2002-04-26,0.9399999976158142,0.9399999976158142,0.9399999976158142,0.9399999976158142,0.5390348434448242,0,
2002-04-29,0.9399999976158142,0.9399999976158142,0.9399999976158142,0.9399999976158142,0.5390348434448242,0,
2002-04-30,0.9399999976158142,0.9399999976158142,0.9399999976158142,0.9399999976158142,0.5390348434448242,0,
2002-05-01,0.9399999976158142,0.9399999976158142,0.9399999976158142,0.9399999976158142,0.5390348434448242,0,
2002-05-02,0.9399999976158142,0.9399999976158142,0.9399999976158142,0.9399999976158142,0.5390348434448242,0,
2002-05-03,0.9399999976158142,0.9399999976158142,0.9399999976158142,0.9399999976158142,0.5390348434448242,0,
2002-05-06,0.9399999976158142,0.9399999976158142,0.9399999976158142,0.9399999976158142,0.5390348434448242,0,
2002-05-07,0.9399999976158142,0.9399999976158142,0.9399999976158142,0.9399999976158142,0.5390348434448242,0,
2002-05-08,0.9399999976158142,0.9399999976158142,0.9399999976158142,0.9399999976158142,0.5390348434448242,0,
2002-05-09,0.9399999976158142,0.9399999976158142,0.9399999976158142,0.9399999976158142,0.5390348434448242,0,
2002-05-10,0.9399999976158142,0.9399999976158142,0.9399999976158142,0.9399999976158142,0.5390348434448242,0,
2002-05-13,0.9399999976158142,0.9399999976158142,0.9399999976158142,0.9399999976158142,0.5390348434448242,0,
2002-05-14,0.9399999976158142,0.9399999976158142,0.9399999976158142,0.9399999976158142,0.5390348434448242,0,
2002-05-15,0.9399999976158142,0.9399999976158142,0.9399999976158142,0.9399999976158142,0.5390348434448242,0,
2002-05-16,0.9399999976158142,0.9399999976158142,0.9399999976158142,0.9399999976158142,0.5390348434448242,0,
2002-05-17,0.9399999976158142,0.9399999976158142,0.9399999976158142,0.9399999976158142,0.5390348434448242,0,
2002-05-20,0.9399999976158142,0.9399999976158142,0.9399999976158142,0.9399999976158142,0.5390348434448242,0,
2002-05-21,0.9399999976158142,0.9399999976158142,0.9399999976158142,0.9399999976158142,0.5390348434448242,0,
2002-05-22,0.9399999976158142,0.9399999976158142,0.9399999976158142,0.9399999976158142,0.5390348434448242,0,
2002-05-23,0.9399999976158142,0.9399999976158142,0.9399999976158142,0.9399999976158142,0.5390348434448242,0,
2002-05-24,0.9399999976158142,0.9399999976158142,0.9399999976158142,0.9399999976158142,0.5390348434448242,0,
2002-05-27,0.9399999976158142,0.9399999976158142,0.9399999976158142,0.9399999976158142,0.5390348434448242,0,
2002-05-28,0.9399999976158142,0.9399999976158142,0.9399999976158142,0.9399999976158142,0.5390348434448242,0,
2002-05-29,0.9399999976158142,0.9399999976158142,0.9399999976158142,0.9399999976158142,0.5390348434448242,0,
2002-05-30,0.9399999976158142,0.9399999976158142,0.9399999976158142,0.9399999976158142,0.5390348434448242,0,
2002-05-31,0.9399999976158142,0.9399999976158142,0.9399999976158142,0.9399999976158142,0.5390348434448242,0,
2002-06-03,0.9399999976158142,0.9399999976158142,0.9399999976158142,0.9399999976158142,0.5390348434448242,0,
2002-06-04,0.9399999976158142,0.9399999976158142,0.9399999976158142,0.9399999976158142,0.5390348434448242,0,
2002-06-05,0.9399999976158142,0.9399999976158142,0.9399999976158142,0.9399999976158142,0.5390348434448242,0,
2002-06-06,0.9399999976158142,0.9399999976158142,0.9399999976158142,0.9399999976158142,0.5390348434448242,0,
2002-06-07,0.9399999976158142,0.9399999976158142,0.9399999976158142,0.9399999976158142,0.5390348434448242,0,
2002-06-10,0.9399999976158142,0.9399999976158142,0.9399999976158142,0.9399999976158142,0.5390348434448242,0,
2002-06-11,0.9399999976158142,0.9399999976158142,0.9399999976158142,0.9399999976158142,0.5390348434448242,0,
2002-06-12,0.9399999976158142,0.9399999976158142,0.9399999976158142,0.9399999976158142,0.5390348434448242,0,
2002-06-13,0.9399999976158142,0.9399999976158142,0.9399999976158142,0.9399999976158142,0.5390348434448242,0,
2002-06-14,0.9399999976158142,0.9399999976158142,0.9399999976158142,0.9399999976158142,0.5390348434448242,0,
2002-06-17,0.9399999976158142,0.9399999976158142,0.9399999976158142,0.9399999976158142,0.5390348434448242,0,
2002-06-18,0.9399999976158142,0.9399999976158142,0.9399999976158142,0.9399999976158142,0.5390348434448242,0,
2002-06-19,0.9399999976158142,0.9399999976158142,0.9399999976158142,0.9399999976158142,0.5390348434448242,0,
2002-06-20,0.9399999976158142,0.9399999976158142,0.9399999976158142,0.9399999976158142,0.5390348434448242,0,
2002-06-21,0.9399999976158142,0.9399999976158142,0.9399999976158142,0.9399999976158142,0.5390348434448242,0,
2002-06-24,0.9399999976158142,0.9399999976158142,0.9399999976158142,0.9399999976158142,0.5390348434448242,0,
2002-06-25,0.9399999976158142,0.9399999976158142,0.9399999976158142,0.9399999976158142,0.5390348434448242,0,
2002-06-26,0.9399999976158142,0.9399999976158142,0.9399999976158142,0.9399999976158142,0.5390348434448242,0,
2002-06-27,0.9399999976158142,0.9399999976158142,0.9399999976158142,0.9399999976158142,0.5390348434448242,0,
2002-06-28,0.9399999976158142,0.9399999976158142,0.9399999976158142,0.9399999976158142,0.5390348434448242,0,
2002-07-01,0.9399999976158142,0.9399999976158142,0.9399999976158142,0.9399999976158142,0.5390348434448242,0,
2002-07-02,0.9399999976158142,0.9399999976158142,0.9399999976158142,0.9399999976158142,0.5390348434448242,0,
2002-07-03,0.9399999976158142,0.9399999976158142,0.9399999976158142,0.9399999976158142,0.5390348434448242,0,
2002-07-04,0.9399999976158142,0.9399999976158142,0.9399999976158142,0.9399999976158142,0.5390348434448242,0,
2002-07-05,0.9399999976158142,0.9399999976158142,0.9399999976158142,0.9399999976158142,0.5390348434448242,0,
2002-07-08,0.9399999976158142,0.9399999976158142,0.9399999976158142,0.9399999976158142,0.5390348434448242,0,
2002-07-09,0.9399999976158142,0.9399999976158142,0.9399999976158142,0.9399999976158142,0.5390348434448242,0,
2002-07-10,0.9399999976158142,0.9399999976158142,0.9399999976158142,0.9399999976158142,0.5390348434448242,0,
2002-07-11,0.9399999976158142,0.9399999976158142,0.9399999976158142,0.9399999976158142,0.5390348434448242,0,
2002-07-12,0.9399999976158142,0.9399999976158142,0.9399999976158142,0.9399999976158142,0.5390348434448242,0,
2002-07-15,0.9399999976158142,0.9399999976158142,0.9399999976158142,0.9399999976158142,0.5390348434448242,0,
2002-07-16,0.9399999976158142,0.9399999976158142,0.9399999976158142,0.9399999976158142,0.5390348434448242,0,
2002-07-17,0.9399999976158142,0.9399999976158142,0.9399999976158142,0.9399999976158142,0.5390348434448242,0,
2002-07-18,0.9399999976158142,0.9399999976158142,0.9399999976158142,0.9399999976158142,0.5390348434448242,0,
2002-07-19,0.9399999976158142,0.9399999976158142,0.9399999976158142,0.9399999976158142,0.5390348434448242,0,
2002-07-22,0.9399999976158142,0.9399999976158142,0.9399999976158142,0.9399999976158142,0.5390348434448242,0,
2002-07-23,0.9399999976158142,0.9399999976158142,0.9399999976158142,0.9399999976158142,0.5390348434448242,0,
2002-07-24,0.9399999976158142,0.9399999976158142,0.9399999976158142,0.9399999976158142,0.5390348434448242,0,
2002-07-25,0.9399999976158142,0.9399999976158142,0.9399999976158142,0.9399999976158142,0.5390348434448242,0,
2002-07-26,0.9399999976158142,0.9399999976158142,0.9399999976158142,0.9399999976158142,0.5390348434448242,0,
2002-07-29,0.9399999976158142,0.9399999976158142,0.9399999976158142,0.9399999976158142,0.5390348434448242,0,
2002-07-30,0.9399999976158142,0.9399999976158142,0.9399999976158142,0.9399999976158142,0.5390348434448242,0,
2002-07-31,0.9399999976158142,0.9399999976158142,0.9399999976158142,0.9399999976158142,0.5390348434448242,0,
2002-08-01,0.9399999976158142,0.9399999976158142,0.9399999976158142,0.9399999976158142,0.5390348434448242,0,
2002-08-02,0.9399999976158142,0.9399999976158142,0.9399999976158142,0.9399999976158142,0.5390348434448242,0,
2002-08-05,0.9399999976158142,0.9399999976158142,0.9399999976158142,0.9399999976158142,0.5390348434448242,0,
2002-08-06,0.9399999976158142,0.9399999976158142,0.9399999976158142,0.9399999976158142,0.5390348434448242,0,
2002-08-07,0.9399999976158142,0.9399999976158142,0.9399999976158142,0.9399999976158142,0.5390348434448242,0,
2002-08-08,0.9399999976158142,0.9399999976158142,0.9399999976158142,0.9399999976158142,0.5390348434448242,0,
2002-08-09,0.9399999976158142,0.9399999976158142,0.9399999976158142,0.9399999976158142,0.5390348434448242,0,
2002-08-12,0.9399999976158142,0.9399999976158142,0.9399999976158142,0.9399999976158142,0.5390348434448242,0,
2002-08-13,0.9399999976158142,0.9399999976158142,0.9399999976158142,0.9399999976158142,0.5390348434448242,0,
2002-08-14,0.9399999976158142,0.9399999976158142,0.9399999976158142,0.9399999976158142,0.5390348434448242,0,
2002-08-15,0.9399999976158142,0.9399999976158142,0.9399999976158142,0.9399999976158142,0.5390348434448242,0,
2002-08-16,0.9399999976158142,0.9399999976158142,0.9399999976158142,0.9399999976158142,0.5390348434448242,0,
2002-08-19,0.9399999976158142,0.9399999976158142,0.9399999976158142,0.9399999976158142,0.5390348434448242,0,
2002-08-20,0.9399999976158142,0.9399999976158142,0.9399999976158142,0.9399999976158142,0.5390348434448242,0,
2002-08-21,0.9399999976158142,0.9399999976158142,0.9399999976158142,0.9399999976158142,0.5390348434448242,0,
2002-08-22,0.9399999976158142,0.9399999976158142,0.9399999976158142,0.9399999976158142,0.5390348434448242,0,
2002-08-23,0.9399999976158142,0.9399999976158142,0.9399999976158142,0.9399999976158142,0.5390348434448242,0,
2002-08-26,0.9399999976158142,0.9399999976158142,0.9399999976158142,0.9399999976158142,0.5390348434448242,0,
2002-08-27,0.9399999976158142,0.9399999976158142,0.9399999976158142,0.9399999976158142,0.5390348434448242,0,
2002-08-28,0.9399999976158142,0.9399999976158142,0.9399999976158142,0.9399999976158142,0.5390348434448242,0,
2002-08-29,0.9399999976158142,0.9399999976158142,0.9399999976158142,0.9399999976158142,0.5390348434448242,0,
2002-08-30,0.9399999976158142,0.9399999976158142,0.9399999976158142,0.9399999976158142,0.5390348434448242,0,
2002-09-02,0.9399999976158142,0.9399999976158142,0.9399999976158142,0.9399999976158142,0.5390348434448242,0,
2002-09-03,0.9399999976158142,0.9399999976158142,0.9399999976158142,0.9399999976158142,0.5390348434448242,0,
2002-09-04,0.9399999976158142,0.9399999976158142,0.9399999976158142,0.9399999976158142,0.5390348434448242,0,
2002-09-05,0.9399999976158142,0.9399999976158142,0.9399999976158142,0.9399999976158142,0.5390348434448242,0,
2002-09-06,0.9399999976158142,0.9399999976158142,0.9399999976158142,0.9399999976158142,0.5390348434448242,0,
2002-09-09,0.9399999976158142,0.9399999976158142,0.9399999976158142,0.9399999976158142,0.5390348434448242,0,
2002-09-10,0.9399999976158142,0.9399999976158142,0.9399999976158142,0.9399999976158142,0.5390348434448242,0,
2002-09-11,0.9399999976158142,0.9399999976158142,0.9399999976158142,0.9399999976158142,0.5390348434448242,0,
2002-09-12,0.9399999976158142,0.9399999976158142,0.9399999976158142,0.9399999976158142,0.5390348434448242,0,
2002-09-13,0.9399999976158142,0.9399999976158142,0.9399999976158142,0.9399999976158142,0.5390348434448242,0,
2002-09-16,0.9399999976158142,0.9399999976158142,0.9399999976158142,0.9399999976158142,0.5390348434448242,0,
2002-09-17,0.9399999976158142,0.9399999976158142,0.9399999976158142,0.9399999976158142,0.5390348434448242,0,
2002-09-18,0.9399999976158142,0.9399999976158142,0.9399999976158142,0.9399999976158142,0.5390348434448242,0,
2002-09-19,0.9399999976158142,0.9399999976158142,0.9399999976158142,0.9399999976158142,0.5390348434448242,0,
2002-09-20,0.9399999976158142,0.9399999976158142,0.9399999976158142,0.9399999976158142,0.5390348434448242,0,
2002-09-23,0.9399999976158142,0.9399999976158142,0.9399999976158142,0.9399999976158142,0.5390348434448242,0,
2002-09-24,0.9399999976158142,0.9399999976158142,0.9399999976158142,0.9399999976158142,0.5390348434448242,0,
2002-09-25,0.9399999976158142,0.9399999976158142,0.9399999976158142,0.9399999976158142,0.5390348434448242,0,
2002-09-26,0.9399999976158142,0.9399999976158142,0.9399999976158142,0.9399999976158142,0.5390348434448242,0,
2002-09-27,0.9399999976158142,0.9399999976158142,0.9399999976158142,0.9399999976158142,0.5390348434448242,0,
2002-09-30,0.9399999976158142,0.9399999976158142,0.9399999976158142,0.9399999976158142,0.5390348434448242,0,
2002-10-01,0.9399999976158142,0.9399999976158142,0.9399999976158142,0.9399999976158142,0.5390348434448242,0,
2002-10-02,0.9399999976158142,0.9399999976158142,0.9399999976158142,0.9399999976158142,0.5390348434448242,0,
2002-10-03,0.9399999976158142,0.9399999976158142,0.9399999976158142,0.9399999976158142,0.5390348434448242,0,
2002-10-04,0.9399999976158142,0.9399999976158142,0.9399999976158142,0.9399999976158142,0.5390348434448242,0,
2002-10-07,0.9399999976158142,0.9399999976158142,0.9399999976158142,0.9399999976158142,0.5390348434448242,0,
2002-10-08,0.9399999976158142,0.9399999976158142,0.9399999976158142,0.9399999976158142,0.5390348434448242,0,
2002-10-09,0.9399999976158142,0.9399999976158142,0.9399999976158142,0.9399999976158142,0.5390348434448242,0,
2002-10-10,0.9399999976158142,0.9399999976158142,0.9399999976158142,0.9399999976158142,0.5390348434448242,0,
2002-10-11,0.9399999976158142,0.9399999976158142,0.9399999976158142,0.9399999976158142,0.5390348434448242,0,
2002-10-14,0.9399999976158142,0.9399999976158142,0.9399999976158142,0.9399999976158142,0.5390348434448242,0,
2002-10-15,0.9399999976158142,0.9399999976158142,0.9399999976158142,0.9399999976158142,0.5390348434448242,0,
2002-10-16,0.9399999976158142,0.9399999976158142,0.9399999976158142,0.9399999976158142,0.5390348434448242,0,
2002-10-17,0.9399999976158142,0.9399999976158142,0.9399999976158142,0.9399999976158142,0.5390348434448242,0,
2002-10-18,0.9399999976158142,0.9399999976158142,0.9399999976158142,0.9399999976158142,0.5390348434448242,0,
2002-10-21,0.9399999976158142,0.9399999976158142,0.9399999976158142,0.9399999976158142,0.5390348434448242,0,
2002-10-22,0.9399999976158142,0.9399999976158142,0.9399999976158142,0.9399999976158142,0.5390348434448242,0,
2002-10-23,0.9399999976158142,0.9399999976158142,0.9399999976158142,0.9399999976158142,0.5390348434448242,0,
2002-10-24,0.9399999976158142,0.9399999976158142,0.9399999976158142,0.9399999976158142,0.5390348434448242,0,
2002-10-25,0.9399999976158142,0.9399999976158142,0.9399999976158142,0.9399999976158142,0.5390348434448242,0,
2002-10-28,0.9399999976158142,0.9399999976158142,0.9399999976158142,0.9399999976158142,0.5390348434448242,0,
2002-10-29,0.9399999976158142,0.9399999976158142,0.9399999976158142,0.9399999976158142,0.5390348434448242,0,
2002-10-30,0.9399999976158142,0.9399999976158142,0.9399999976158142,0.9399999976158142,0.5390348434448242,0,
2002-10-31,0.9399999976158142,0.9399999976158142,0.9399999976158142,0.9399999976158142,0.5390348434448242,0,
2002-11-01,0.9399999976158142,0.9399999976158142,0.9399999976158142,0.9399999976158142,0.5390348434448242,0,
2002-11-04,0.9399999976158142,0.9399999976158142,0.9399999976158142,0.9399999976158142,0.5390348434448242,0,
2002-11-05,0.9399999976158142,0.9399999976158142,0.9399999976158142,0.9399999976158142,0.5390348434448242,0,
2002-11-06,0.9399999976158142,0.9399999976158142,0.9399999976158142,0.9399999976158142,0.5390348434448242,0,
2002-11-07,0.9399999976158142,0.9399999976158142,0.9399999976158142,0.9399999976158142,0.5390348434448242,0,
2002-11-08,0.9399999976158142,0.9399999976158142,0.9399999976158142,0.9399999976158142,0.5390348434448242,0,
2002-11-11,0.9399999976158142,0.9399999976158142,0.9399999976158142,0.9399999976158142,0.5390348434448242,0,
2002-11-12,0.9399999976158142,0.9399999976158142,0.9399999976158142,0.9399999976158142,0.5390348434448242,0,
2002-11-13,0.9399999976158142,0.9399999976158142,0.9399999976158142,0.9399999976158142,0.5390348434448242,0,
2002-11-14,0.9399999976158142,0.9399999976158142,0.9399999976158142,0.9399999976158142,0.5390348434448242,0,
2002-11-15,0.9399999976158142,0.9399999976158142,0.9399999976158142,0.9399999976158142,0.5390348434448242,0,
2002-11-18,0.9399999976158142,0.9399999976158142,0.9399999976158142,0.9399999976158142,0.5390348434448242,0,
2002-11-19,0.9399999976158142,0.9399999976158142,0.9399999976158142,0.9399999976158142,0.5390348434448242,0,
2002-11-20,0.9399999976158142,0.9399999976158142,0.9399999976158142,0.9399999976158142,0.5390348434448242,0,
2002-11-21,0.9399999976158142,0.9399999976158142,0.9399999976158142,0.9399999976158142,0.5390348434448242,0,
2002-11-22,0.9399999976158142,0.9399999976158142,0.9399999976158142,0.9399999976158142,0.5390348434448242,0,
2002-11-25,0.9399999976158142,0.9399999976158142,0.9399999976158142,0.9399999976158142,0.5390348434448242,0,
2002-11-26,0.9399999976158142,0.9399999976158142,0.9399999976158142,0.9399999976158142,0.5390348434448242,0,
2002-11-27,0.9399999976158142,0.9399999976158142,0.9399999976158142,0.9399999976158142,0.5390348434448242,0,
2002-11-28,0.9399999976158142,0.9399999976158142,0.9399999976158142,0.9399999976158142,0.5390348434448242,0,
2002-11-29,0.9399999976158142,0.9399999976158142,0.9399999976158142,0.9399999976158142,0.5390348434448242,0,
2002-12-02,0.9399999976158142,0.9399999976158142,0.9399999976158142,0.9399999976158142,0.5390348434448242,0,
2002-12-03,0.9399999976158142,0.9399999976158142,0.9399999976158142,0.9399999976158142,0.5390348434448242,0,
2002-12-04,0.9399999976158142,0.9399999976158142,0.9399999976158142,0.9399999976158142,0.5390348434448242,0,
2002-12-05,0.9399999976158142,0.9399999976158142,0.9399999976158142,0.9399999976158142,0.5390348434448242,0,
2002-12-06,0.9399999976158142,0.9399999976158142,0.9399999976158142,0.9399999976158142,0.5390348434448242,0,
2002-12-09,0.9399999976158142,0.9399999976158142,0.9399999976158142,0.9399999976158142,0.5390348434448242,0,
2002-12-10,0.9399999976158142,0.9399999976158142,0.9399999976158142,0.9399999976158142,0.5390348434448242,0,
2002-12-11,0.9399999976158142,0.9399999976158142,0.9399999976158142,0.9399999976158142,0.5390348434448242,0,
2002-12-12,0.9399999976158142,0.9399999976158142,0.9399999976158142,0.9399999976158142,0.5390348434448242,0,
2002-12-13,0.9399999976158142,0.9399999976158142,0.9399999976158142,0.9399999976158142,0.5390348434448242,0,
2002-12-16,0.9399999976158142,0.9399999976158142,0.9399999976158142,0.9399999976158142,0.5390348434448242,0,
2002-12-17,0.9399999976158142,0.9399999976158142,0.9399999976158142,0.9399999976158142,0.5390348434448242,0,
2002-12-18,0.9399999976158142,0.9399999976158142,0.9399999976158142,0.9399999976158142,0.5390348434448242,0,
2002-12-19,0.9399999976158142,0.9399999976158142,0.9399999976158142,0.9399999976158142,0.5390348434448242,0,
2002-12-20,0.9399999976158142,0.9399999976158142,0.9399999976158142,0.9399999976158142,0.5390348434448242,0,
2002-12-23,0.9399999976158142,0.9399999976158142,0.9399999976158142,0.9399999976158142,0.5390348434448242,0,
2002-12-24,0.9399999976158142,0.9399999976158142,0.9399999976158142,0.9399999976158142,0.5390348434448242,0,
2002-12-25,0.9399999976158142,0.9399999976158142,0.9399999976158142,0.9399999976158142,0.5390348434448242,0,
2002-12-26,0.9399999976158142,0.9399999976158142,0.9399999976158142,0.9399999976158142,0.5390348434448242,0,
2002-12-27,0.9399999976158142,0.9399999976158142,0.9399999976158142,0.9399999976158142,0.5390348434448242,0,
2002-12-30,0.9399999976158142,0.9399999976158142,0.9399999976158142,0.9399999976158142,0.5390348434448242,0,
2002-12-31,0.9399999976158142,0.9399999976158142,0.9399999976158142,0.9399999976158142,0.5390348434448242,0,
2003-01-01,0.9399999976158142,0.9399999976158142,0.9399999976158142,0.9399999976158142,0.5390348434448242,0,
2003-01-02,0.9399999976158142,0.9399999976158142,0.9399999976158142,0.9399999976158142,0.5390348434448242,0,
2003-01-03,0.9399999976158142,0.9399999976158142,0.9399999976158142,0.9399999976158142,0.5390348434448242,0,
2003-01-06,0.9399999976158142,0.9399999976158142,0.9399999976158142,0.9399999976158142,0.5390348434448242,0,
2003-01-07,0.9399999976158142,0.9399999976158142,0.9399999976158142,0.9399999976158142,0.5390348434448242,0,
2003-01-08,0.9399999976158142,0.9399999976158142,0.9399999976158142,0.9399999976158142,0.5390348434448242,0,
2003-01-09,0.9399999976158142,0.9399999976158142,0.9399999976158142,0.9399999976158142,0.5390348434448242,0,
2003-01-10,0.9399999976158142,0.9399999976158142,0.9399999976158142,0.9399999976158142,0.5390348434448242,0,
2003-01-13,0.9399999976158142,0.9399999976158142,0.9399999976158142,0.9399999976158142,0.5390348434448242,0,
2003-01-14,0.9399999976158142,0.9399999976158142,0.9399999976158142,0.9399999976158142,0.5390348434448242,0,
2003-01-15,0.9399999976158142,0.9399999976158142,0.9399999976158142,0.9399999976158142,0.5390348434448242,0,
2003-01-16,0.9399999976158142,0.9399999976158142,0.9399999976158142,0.9399999976158142,0.5390348434448242,0,
2003-01-17,0.9399999976158142,0.9399999976158142,0.9399999976158142,0.9399999976158142,0.5390348434448242,0,
2003-01-20,0.9399999976158142,0.9399999976158142,0.9399999976158142,0.9399999976158142,0.5390348434448242,0,
2003-01-21,0.9399999976158142,0.9399999976158142,0.9399999976158142,0.9399999976158142,0.5390348434448242,0,
2003-01-22,0.9399999976158142,0.9399999976158142,0.9399999976158142,0.9399999976158142,0.5390348434448242,0,
2003-01-23,0.9399999976158142,0.9399999976158142,0.9399999976158142,0.9399999976158142,0.5390348434448242,0,
2003-01-24,0.9399999976158142,0.9399999976158142,0.9399999976158142,0.9399999976158142,0.5390348434448242,0,
2003-01-27,0.9399999976158142,0.9399999976158142,0.9399999976158142,0.9399999976158142,0.5390348434448242,0,
2003-01-28,0.9399999976158142,0.9399999976158142,0.9399999976158142,0.9399999976158142,0.5390348434448242,0,
2003-01-29,0.9399999976158142,0.9399999976158142,0.9399999976158142,0.9399999976158142,0.5390348434448242,0,
2003-01-30,0.9399999976158142,0.9399999976158142,0.9399999976158142,0.9399999976158142,0.5390348434448242,0,
2003-01-31,0.9399999976158142,0.9399999976158142,0.9399999976158142,0.9399999976158142,0.5390348434448242,0,
2003-02-03,0.9399999976158142,0.9399999976158142,0.9399999976158142,0.9399999976158142,0.5390348434448242,0,
2003-02-04,0.9399999976158142,0.9399999976158142,0.9399999976158142,0.9399999976158142,0.5390348434448242,0,
2003-02-05,0.9399999976158142,0.9399999976158142,0.9399999976158142,0.9399999976158142,0.5390348434448242,0,
2003-02-06,0.9399999976158142,0.9399999976158142,0.9399999976158142,0.9399999976158142,0.5390348434448242,0,
2003-02-07,0.9399999976158142,0.9399999976158142,0.9399999976158142,0.9399999976158142,0.5390348434448242,0,
2003-02-10,0.9399999976158142,0.9399999976158142,0.9399999976158142,0.9399999976158142,0.5390348434448242,0,
2003-02-11,0.9399999976158142,0.9399999976158142,0.9399999976158142,0.9399999976158142,0.5390348434448242,0,
2003-02-12,0.9399999976158142,0.9399999976158142,0.9399999976158142,0.9399999976158142,0.5390348434448242,0,
2003-02-13,0.9399999976158142,0.9399999976158142,0.9399999976158142,0.9399999976158142,0.5390348434448242,0,
2003-02-14,0.9399999976158142,0.9399999976158142,0.9399999976158142,0.9399999976158142,0.5390348434448242,0,
2003-02-17,0.9399999976158142,0.9399999976158142,0.9399999976158142,0.9399999976158142,0.5390348434448242,0,
2003-02-18,0.9399999976158142,0.9399999976158142,0.9399999976158142,0.9399999976158142,0.5390348434448242,0,
2003-02-19,0.9399999976158142,0.9399999976158142,0.9399999976158142,0.9399999976158142,0.5390348434448242,0,
2003-02-20,0.9399999976158142,0.9399999976158142,0.9399999976158142,0.9399999976158142,0.5390348434448242,0,
2003-02-21,0.9399999976158142,0.9399999976158142,0.9399999976158142,0.9399999976158142,0.5390348434448242,0,
2003-02-24,0.9399999976158142,0.9399999976158142,0.9399999976158142,0.9399999976158142,0.5390348434448242,0,
2003-02-25,0.9399999976158142,0.9399999976158142,0.9399999976158142,0.9399999976158142,0.5390348434448242,0,
2003-02-26,0.9399999976158142,0.9399999976158142,0.9399999976158142,0.9399999976158142,0.5390348434448242,0,
2003-02-27,0.9399999976158142,0.9399999976158142,0.9399999976158142,0.9399999976158142,0.5390348434448242,0,
2003-02-28,0.9399999976158142,0.9399999976158142,0.9399999976158142,0.9399999976158142,0.5390348434448242,0,
2003-03-03,0.9399999976158142,0.9399999976158142,0.9399999976158142,0.9399999976158142,0.5390348434448242,0,
2003-03-04,0.9399999976158142,0.9399999976158142,0.9399999976158142,0.9399999976158142,0.5390348434448242,0,
2003-03-05,0.9399999976158142,0.9399999976158142,0.9399999976158142,0.9399999976158142,0.5390348434448242,0,
2003-03-06,0.9399999976158142,0.9399999976158142,0.9399999976158142,0.9399999976158142,0.5390348434448242,0,
2003-03-07,0.9399999976158142,0.9399999976158142,0.9399999976158142,0.9399999976158142,0.5390348434448242,0,
2003-03-10,0.9399999976158142,0.9399999976158142,0.9399999976158142,0.9399999976158142,0.5390348434448242,0,
2003-03-11,0.9399999976158142,0.9399999976158142,0.9399999976158142,0.9399999976158142,0.5390348434448242,0,
2003-03-12,0.9399999976158142,0.9399999976158142,0.9399999976158142,0.9399999976158142,0.5390348434448242,0,
2003-03-13,0.9399999976158142,0.9399999976158142,0.9399999976158142,0.9399999976158142,0.5390348434448242,0,
2003-03-14,0.9399999976158142,0.9399999976158142,0.9399999976158142,0.9399999976158142,0.5390348434448242,0,
2003-03-17,0.9399999976158142,0.9399999976158142,0.9399999976158142,0.9399999976158142,0.5390348434448242,0,
2003-03-18,0.9399999976158142,0.9399999976158142,0.9399999976158142,0.9399999976158142,0.5390348434448242,0,
2003-03-19,0.9399999976158142,0.9399999976158142,0.9399999976158142,0.9399999976158142,0.5390348434448242,0,
2003-03-20,0.9399999976158142,0.9399999976158142,0.9399999976158142,0.9399999976158142,0.5390348434448242,0,
2003-03-21,0.9399999976158142,0.9399999976158142,0.9399999976158142,0.9399999976158142,0.5390348434448242,0,
2003-03-24,0.9399999976158142,0.9399999976158142,0.9399999976158142,0.9399999976158142,0.5390348434448242,0,
2003-03-25,0.9399999976158142,0.9399999976158142,0.9399999976158142,0.9399999976158142,0.5390348434448242,0,
2003-03-26,0.9399999976158142,0.9399999976158142,0.9399999976158142,0.9399999976158142,0.5390348434448242,0,
2003-03-27,0.9399999976158142,0.9399999976158142,0.9399999976158142,0.9399999976158142,0.5390348434448242,0,
2003-03-28,0.9399999976158142,0.9399999976158142,0.9399999976158142,0.9399999976158142,0.5390348434448242,0,
2003-03-31,0.9399999976158142,0.9399999976158142,0.9399999976158142,0.9399999976158142,0.5390348434448242,0,
2003-04-01,0.9399999976158142,0.9399999976158142,0.9399999976158142,0.9399999976158142,0.5390348434448242,0,
2003-04-02,0.9399999976158142,0.9399999976158142,0.9399999976158142,0.9399999976158142,0.5390348434448242,0,
2003-04-03,0.9399999976158142,0.9399999976158142,0.9399999976158142,0.9399999976158142,0.5390348434448242,0,
2003-04-04,0.9399999976158142,0.9399999976158142,0.9399999976158142,0.9399999976158142,0.5390348434448242,0,
2003-04-07,0.9399999976158142,0.9399999976158142,0.9399999976158142,0.9399999976158142,0.5390348434448242,0,
2003-04-08,0.9399999976158142,0.9399999976158142,0.9399999976158142,0.9399999976158142,0.5390348434448242,0,
2003-04-09,0.9399999976158142,0.9399999976158142,0.9399999976158142,0.9399999976158142,0.5390348434448242,0,
2003-04-10,0.9399999976158142,0.9399999976158142,0.9399999976158142,0.9399999976158142,0.5390348434448242,0,
2003-04-11,0.9399999976158142,0.9399999976158142,0.9399999976158142,0.9399999976158142,0.5390348434448242,0,
2003-04-14,0.9399999976158142,0.9399999976158142,0.9399999976158142,0.9399999976158142,0.5390348434448242,0,
2003-04-15,0.9399999976158142,0.9399999976158142,0.9399999976158142,0.9399999976158142,0.5390348434448242,0,
2003-04-16,0.9399999976158142,0.9399999976158142,0.9399999976158142,0.9399999976158142,0.5390348434448242,0,
2003-04-17,0.9399999976158142,0.9399999976158142,0.9399999976158142,0.9399999976158142,0.5390348434448242,0,
2003-04-18,0.9399999976158142,0.9399999976158142,0.9399999976158142,0.9399999976158142,0.5390348434448242,0,
2003-04-21,0.9399999976158142,0.9399999976158142,0.9399999976158142,0.9399999976158142,0.5390348434448242,0,
2003-04-22,0.9399999976158142,0.9399999976158142,0.9399999976158142,0.9399999976158142,0.5390348434448242,0,
2003-04-23,0.9399999976158142,0.9399999976158142,0.9399999976158142,0.9399999976158142,0.5390348434448242,0,
2003-04-24,0.9399999976158142,0.9399999976158142,0.9399999976158142,0.9399999976158142,0.5390348434448242,0,
2003-04-25,0.9399999976158142,0.9399999976158142,0.9399999976158142,0.9399999976158142,0.5390348434448242,0,
2003-04-28,0.9399999976158142,0.9399999976158142,0.9399999976158142,0.9399999976158142,0.5390348434448242,0,
2003-04-29,0.9399999976158142,0.9399999976158142,0.9399999976158142,0.9399999976158142,0.5390348434448242,0,
2003-04-30,0.9399999976158142,0.9399999976158142,0.9399999976158142,0.9399999976158142,0.5390348434448242,0,
2003-05-01,0.9399999976158142,0.9399999976158142,0.9399999976158142,0.9399999976158142,0.5390348434448242,0,
2003-05-02,0.9399999976158142,0.9399999976158142,0.9399999976158142,0.9399999976158142,0.5390348434448242,0,
2003-05-05,0.9399999976158142,0.9399999976158142,0.9399999976158142,0.9399999976158142,0.5390348434448242,0,
2003-05-06,0.9399999976158142,0.9399999976158142,0.9399999976158142,0.9399999976158142,0.5390348434448242,0,
2003-05-07,0.9399999976158142,0.9399999976158142,0.9399999976158142,0.9399999976158142,0.5390348434448242,0,
2003-05-08,0.9399999976158142,0.9399999976158142,0.9399999976158142,0.9399999976158142,0.5390348434448242,0,
2003-05-09,0.9399999976158142,0.9399999976158142,0.9399999976158142,0.9399999976158142,0.5390348434448242,0,
2003-05-12,0.9399999976158142,0.9399999976158142,0.9399999976158142,0.9399999976158142,0.5390348434448242,0,
2003-05-13,0.9399999976158142,0.9399999976158142,0.9399999976158142,0.9399999976158142,0.5390348434448242,0,
2003-05-14,0.9399999976158142,0.9399999976158142,0.9399999976158142,0.9399999976158142,0.5390348434448242,0,
2003-05-15,0.9399999976158142,0.9399999976158142,0.9399999976158142,0.9399999976158142,0.5390348434448242,0,
2003-05-16,0.9399999976158142,0.9399999976158142,0.9399999976158142,0.9399999976158142,0.5390348434448242,0,
2003-05-19,0.9399999976158142,0.9399999976158142,0.9399999976158142,0.9399999976158142,0.5390348434448242,0,
2003-05-20,0.9399999976158142,0.9399999976158142,0.9399999976158142,0.9399999976158142,0.5390348434448242,0,
2003-05-21,0.9399999976158142,0.9399999976158142,0.9399999976158142,0.9399999976158142,0.5390348434448242,0,
2003-05-22,0.9399999976158142,0.9399999976158142,0.9399999976158142,0.9399999976158142,0.5390348434448242,0,
2003-05-23,0.9399999976158142,0.9399999976158142,0.9399999976158142,0.9399999976158142,0.5390348434448242,0,
2003-05-26,0.9399999976158142,0.9399999976158142,0.9399999976158142,0.9399999976158142,0.5390348434448242,0,
2003-05-27,0.9399999976158142,0.9399999976158142,0.9399999976158142,0.9399999976158142,0.5390348434448242,0,
2003-05-28,0.9399999976158142,0.9399999976158142,0.9399999976158142,0.9399999976158142,0.5390348434448242,0,
2003-05-29,0.9399999976158142,0.9399999976158142,0.9399999976158142,0.9399999976158142,0.5390348434448242,0,
2003-05-30,0.9399999976158142,0.9399999976158142,0.9399999976158142,0.9399999976158142,0.5390348434448242,0,
2003-06-02,0.9399999976158142,0.9399999976158142,0.9399999976158142,0.9399999976158142,0.5390348434448242,0,
2003-06-03,0.9399999976158142,0.9399999976158142,0.9399999976158142,0.9399999976158142,0.5390348434448242,0,
2003-06-04,0.9399999976158142,0.9399999976158142,0.9399999976158142,0.9399999976158142,0.5390348434448242,0,
2003-06-05,0.9399999976158142,0.9399999976158142,0.9399999976158142,0.9399999976158142,0.5390348434448242,0,
2003-06-06,0.9399999976158142,0.9399999976158142,0.9399999976158142,0.9399999976158142,0.5390348434448242,0,
2003-06-09,0.9399999976158142,0.9399999976158142,0.9399999976158142,0.9399999976158142,0.5390348434448242,0,
2003-06-10,0.9399999976158142,0.9399999976158142,0.9399999976158142,0.9399999976158142,0.5390348434448242,0,
2003-06-11,0.9399999976158142,0.9399999976158142,0.9399999976158142,0.9399999976158142,0.5390348434448242,0,
2003-06-12,0.9399999976158142,0.9399999976158142,0.9399999976158142,0.9399999976158142,0.5390348434448242,0,
2003-06-13,0.9399999976158142,0.9399999976158142,0.9399999976158142,0.9399999976158142,0.5390348434448242,0,
2003-06-16,0.9399999976158142,0.9399999976158142,0.9399999976158142,0.9399999976158142,0.5390348434448242,0,
2003-06-17,0.9399999976158142,0.9399999976158142,0.9399999976158142,0.9399999976158142,0.5390348434448242,0,
2003-06-18,0.9399999976158142,0.9399999976158142,0.9399999976158142,0.9399999976158142,0.5390348434448242,0,
2003-06-19,0.9399999976158142,0.9399999976158142,0.9399999976158142,0.9399999976158142,0.5390348434448242,0,
2003-06-20,0.9399999976158142,0.9399999976158142,0.9399999976158142,0.9399999976158142,0.5390348434448242,0,
2003-06-23,0.9399999976158142,0.9399999976158142,0.9399999976158142,0.9399999976158142,0.5390348434448242,0,
2003-06-24,0.9399999976158142,0.9399999976158142,0.9399999976158142,0.9399999976158142,0.5390348434448242,0,
2003-06-25,0.9399999976158142,0.9399999976158142,0.9399999976158142,0.9399999976158142,0.5390348434448242,0,
2003-06-26,0.9399999976158142,0.9399999976158142,0.9399999976158142,0.9399999976158142,0.5390348434448242,0,
2003-06-27,0.9399999976158142,0.9399999976158142,0.9399999976158142,0.9399999976158142,0.5390348434448242,0,
2003-06-30,0.9399999976158142,0.9399999976158142,0.9399999976158142,0.9399999976158142,0.5390348434448242,0,
2003-07-01,0.9399999976158142,0.9399999976158142,0.9399999976158142,0.9399999976158142,0.5390348434448242,0,
2003-07-02,0.9399999976158142,0.9399999976158142,0.9399999976158142,0.9399999976158142,0.5390348434448242,0,
2003-07-03,0.9399999976158142,0.9399999976158142,0.9399999976158142,0.9399999976158142,0.5390348434448242,0,
2003-07-04,0.9399999976158142,0.9399999976158142,0.9399999976158142,0.9399999976158142,0.5390348434448242,0,
2003-07-07,0.9399999976158142,0.9399999976158142,0.9399999976158142,0.9399999976158142,0.5390348434448242,0,
2003-07-08,0.9399999976158142,0.9399999976158142,0.9399999976158142,0.9399999976158142,0.5390348434448242,0,
2003-07-09,0.9399999976158142,0.9399999976158142,0.9399999976158142,0.9399999976158142,0.5390348434448242,0,
2003-07-10,0.9399999976158142,0.9399999976158142,0.9399999976158142,0.9399999976158142,0.5390348434448242,0,
2003-07-11,0.9399999976158142,0.9399999976158142,0.9399999976158142,0.9399999976158142,0.5390348434448242,0,
2003-07-14,0.9399999976158142,0.9399999976158142,0.9399999976158142,0.9399999976158142,0.5390348434448242,0,
2003-07-15,0.9399999976158142,0.9399999976158142,0.9399999976158142,0.9399999976158142,0.5390348434448242,0,
2003-07-16,0.9399999976158142,0.9399999976158142,0.9399999976158142,0.9399999976158142,0.5390348434448242,0,
2003-07-17,0.9399999976158142,0.9399999976158142,0.9399999976158142,0.9399999976158142,0.5390348434448242,0,
2003-07-18,0.9399999976158142,0.9399999976158142,0.9399999976158142,0.9399999976158142,0.5390348434448242,0,
2003-07-21,0.9399999976158142,0.9399999976158142,0.9399999976158142,0.9399999976158142,0.5390348434448242,0,
2003-07-22,0.9399999976158142,0.9399999976158142,0.9399999976158142,0.9399999976158142,0.5390348434448242,0,
2003-07-23,0.9399999976158142,0.9399999976158142,0.9399999976158142,0.9399999976158142,0.5390348434448242,0,
2003-07-24,0.9399999976158142,0.9399999976158142,0.9399999976158142,0.9399999976158142,0.5390348434448242,0,
2003-07-25,0.9399999976158142,0.9399999976158142,0.9399999976158142,0.9399999976158142,0.5390348434448242,0,
2003-07-28,0.9399999976158142,0.9399999976158142,0.9399999976158142,0.9399999976158142,0.5390348434448242,0,
2003-07-29,0.9399999976158142,0.9399999976158142,0.9399999976158142,0.9399999976158142,0.5390348434448242,0,
2003-07-30,0.9399999976158142,0.9399999976158142,0.9399999976158142,0.9399999976158142,0.5390348434448242,0,
2003-07-31,0.9399999976158142,0.9399999976158142,0.9399999976158142,0.9399999976158142,0.5390348434448242,0,
2003-08-01,0.9399999976158142,0.9399999976158142,0.9399999976158142,0.9399999976158142,0.5390348434448242,0,
2003-08-04,0.9399999976158142,0.9399999976158142,0.9399999976158142,0.9399999976158142,0.5390348434448242,0,
2003-08-05,0.9399999976158142,0.9399999976158142,0.9399999976158142,0.9399999976158142,0.5390348434448242,0,
2003-08-06,0.9399999976158142,0.9399999976158142,0.9399999976158142,0.9399999976158142,0.5390348434448242,0,
2003-08-07,0.9399999976158142,0.9399999976158142,0.9399999976158142,0.9399999976158142,0.5390348434448242,0,
2003-08-08,0.9399999976158142,0.9399999976158142,0.9399999976158142,0.9399999976158142,0.5390348434448242,0,
2003-08-11,0.9399999976158142,0.9399999976158142,0.9399999976158142,0.9399999976158142,0.5390348434448242,0,
2003-08-12,0.9399999976158142,0.9399999976158142,0.9399999976158142,0.9399999976158142,0.5390348434448242,0,
2003-08-13,0.9399999976158142,0.9399999976158142,0.9399999976158142,0.9399999976158142,0.5390348434448242,0,
2003-08-14,0.9399999976158142,0.9399999976158142,0.9399999976158142,0.9399999976158142,0.5390348434448242,0,
2003-08-15,0.9399999976158142,0.9399999976158142,0.9399999976158142,0.9399999976158142,0.5390348434448242,0,
2003-08-18,0.9399999976158142,0.9399999976158142,0.9399999976158142,0.9399999976158142,0.5390348434448242,0,
2003-08-19,0.9399999976158142,0.9399999976158142,0.9399999976158142,0.9399999976158142,0.5390348434448242,0,
2003-08-20,0.9399999976158142,0.9399999976158142,0.9399999976158142,0.9399999976158142,0.5390348434448242,0,
2003-08-21,0.9399999976158142,0.9399999976158142,0.9399999976158142,0.9399999976158142,0.5390348434448242,0,
2003-08-22,0.9399999976158142,0.9399999976158142,0.9399999976158142,0.9399999976158142,0.5390348434448242,0,
2003-08-25,0.9399999976158142,0.9399999976158142,0.9399999976158142,0.9399999976158142,0.5390348434448242,0,
2003-08-26,0.9399999976158142,0.9399999976158142,0.9399999976158142,0.9399999976158142,0.5390348434448242,0,
2003-08-27,0.9399999976158142,0.9399999976158142,0.9399999976158142,0.9399999976158142,0.5390348434448242,0,
2003-08-28,0.9399999976158142,0.9399999976158142,0.9399999976158142,0.9399999976158142,0.5390348434448242,0,
2003-08-29,0.9399999976158142,0.9399999976158142,0.9399999976158142,0.9399999976158142,0.5390348434448242,0,
2003-09-01,0.9399999976158142,0.9399999976158142,0.9399999976158142,0.9399999976158142,0.5390348434448242,0,
2003-09-02,0.9399999976158142,0.9399999976158142,0.9399999976158142,0.9399999976158142,0.5390348434448242,0,
2003-09-03,0.9399999976158142,0.9399999976158142,0.9399999976158142,0.9399999976158142,0.5390348434448242,0,
2003-09-04,0.9399999976158142,0.9399999976158142,0.9399999976158142,0.9399999976158142,0.5390348434448242,0,
2003-09-05,0.9399999976158142,0.9399999976158142,0.9399999976158142,0.9399999976158142,0.5390348434448242,0,
2003-09-08,0.9399999976158142,0.9399999976158142,0.9399999976158142,0.9399999976158142,0.5390348434448242,0,
2003-09-09,0.9399999976158142,0.9399999976158142,0.9399999976158142,0.9399999976158142,0.5390348434448242,0,
2003-09-10,0.9399999976158142,0.9399999976158142,0.9399999976158142,0.9399999976158142,0.5390348434448242,0,
2003-09-11,0.9399999976158142,0.9399999976158142,0.9399999976158142,0.9399999976158142,0.5390348434448242,0,
2003-09-12,0.9399999976158142,0.9399999976158142,0.9399999976158142,0.9399999976158142,0.5390348434448242,0,
2003-09-15,0.9399999976158142,0.9399999976158142,0.9399999976158142,0.9399999976158142,0.5390348434448242,0,
2003-09-16,0.9399999976158142,0.9399999976158142,0.9399999976158142,0.9399999976158142,0.5390348434448242,0,
2003-09-17,0.9399999976158142,0.9399999976158142,0.9399999976158142,0.9399999976158142,0.5390348434448242,0,
2003-09-18,0.9399999976158142,0.9399999976158142,0.9399999976158142,0.9399999976158142,0.5390348434448242,0,
2003-09-19,0.9399999976158142,0.9399999976158142,0.9399999976158142,0.9399999976158142,0.5390348434448242,0,
2003-09-22,0.9399999976158142,0.9399999976158142,0.9399999976158142,0.9399999976158142,0.5390348434448242,0,
2003-09-23,0.9399999976158142,0.9399999976158142,0.9399999976158142,0.9399999976158142,0.5390348434448242,0,
2003-09-24,0.9399999976158142,0.9399999976158142,0.9399999976158142,0.9399999976158142,0.5390348434448242,0,
2003-09-25,0.9399999976158142,0.9399999976158142,0.9399999976158142,0.9399999976158142,0.5390348434448242,0,
2003-09-26,0.9399999976158142,0.9399999976158142,0.9399999976158142,0.9399999976158142,0.5390348434448242,0,
2003-09-29,0.9399999976158142,0.9399999976158142,0.9399999976158142,0.9399999976158142,0.5390348434448242,0,
2003-09-30,0.9399999976158142,0.9399999976158142,0.9399999976158142,0.9399999976158142,0.5390348434448242,0,
2003-10-01,0.9399999976158142,0.9399999976158142,0.9399999976158142,0.9399999976158142,0.5390348434448242,0,
2003-10-02,0.9399999976158142,0.9399999976158142,0.9399999976158142,0.9399999976158142,0.5390348434448242,0,
2003-10-03,0.9399999976158142,0.9399999976158142,0.9399999976158142,0.9399999976158142,0.5390348434448242,0,
2003-10-06,0.9399999976158142,0.9399999976158142,0.9399999976158142,0.9399999976158142,0.5390348434448242,0,
2003-10-07,0.9399999976158142,0.9399999976158142,0.9399999976158142,0.9399999976158142,0.5390348434448242,0,
2003-10-08,0.9399999976158142,0.9399999976158142,0.9399999976158142,0.9399999976158142,0.5390348434448242,0,
2003-10-09,0.9399999976158142,0.9399999976158142,0.9399999976158142,0.9399999976158142,0.5390348434448242,0,
2003-10-10,0.9399999976158142,0.9399999976158142,0.9399999976158142,0.9399999976158142,0.5390348434448242,0,
2003-10-13,0.9399999976158142,0.9399999976158142,0.9399999976158142,0.9399999976158142,0.5390348434448242,0,
2003-10-14,0.9399999976158142,0.9399999976158142,0.9399999976158142,0.9399999976158142,0.5390348434448242,0,
2003-10-15,0.9399999976158142,0.9399999976158142,0.9399999976158142,0.9399999976158142,0.5390348434448242,0,
2003-10-16,0.9399999976158142,0.9399999976158142,0.9399999976158142,0.9399999976158142,0.5390348434448242,0,
2003-10-17,0.9399999976158142,0.9399999976158142,0.9399999976158142,0.9399999976158142,0.5390348434448242,0,
2003-10-20,0.9399999976158142,0.9399999976158142,0.9399999976158142,0.9399999976158142,0.5390348434448242,0,
2003-10-21,0.9399999976158142,0.9399999976158142,0.9399999976158142,0.9399999976158142,0.5390348434448242,0,
2003-10-22,0.9399999976158142,0.9399999976158142,0.9399999976158142,0.9399999976158142,0.5390348434448242,0,
2003-10-23,0.9399999976158142,0.9399999976158142,0.9399999976158142,0.9399999976158142,0.5390348434448242,0,
2003-10-24,0.9399999976158142,0.9399999976158142,0.9399999976158142,0.9399999976158142,0.5390348434448242,0,
2003-10-27,0.9399999976158142,0.9399999976158142,0.9399999976158142,0.9399999976158142,0.5390348434448242,0,
2003-10-28,0.9399999976158142,0.9399999976158142,0.9399999976158142,0.9399999976158142,0.5390348434448242,0,
2003-10-29,0.9399999976158142,0.9399999976158142,0.9399999976158142,0.9399999976158142,0.5390348434448242,0,
2003-10-30,0.9399999976158142,0.9399999976158142,0.9399999976158142,0.9399999976158142,0.5390348434448242,0,
2003-10-31,0.9399999976158142,0.9399999976158142,0.9399999976158142,0.9399999976158142,0.5390348434448242,0,
2003-11-03,0.9399999976158142,0.9399999976158142,0.9399999976158142,0.9399999976158142,0.5390348434448242,0,
2003-11-04,0.9399999976158142,0.9399999976158142,0.9399999976158142,0.9399999976158142,0.5390348434448242,0,
2003-11-05,0.9399999976158142,0.9399999976158142,0.9399999976158142,0.9399999976158142,0.5390348434448242,0,
2003-11-06,0.9399999976158142,0.9399999976158142,0.9399999976158142,0.9399999976158142,0.5390348434448242,0,
2003-11-07,0.9399999976158142,0.9399999976158142,0.9399999976158142,0.9399999976158142,0.5390348434448242,0,
2003-11-10,0.9399999976158142,0.9399999976158142,0.9399999976158142,0.9399999976158142,0.5390348434448242,0,
2003-11-11,0.9399999976158142,0.9399999976158142,0.9399999976158142,0.9399999976158142,0.5390348434448242,0,
2003-11-12,0.9399999976158142,0.9399999976158142,0.9399999976158142,0.9399999976158142,0.5390348434448242,0,
2003-11-13,0.9399999976158142,0.9399999976158142,0.9399999976158142,0.9399999976158142,0.5390348434448242,0,
2003-11-14,0.9399999976158142,0.9399999976158142,0.9399999976158142,0.9399999976158142,0.5390348434448242,0,
2003-11-17,0.9399999976158142,0.9399999976158142,0.9399999976158142,0.9399999976158142,0.5390348434448242,0,
2003-11-18,0.9399999976158142,0.9399999976158142,0.9399999976158142,0.9399999976158142,0.5390348434448242,0,
2003-11-19,0.9399999976158142,0.9399999976158142,0.9399999976158142,0.9399999976158142,0.5390348434448242,0,
2003-11-20,0.9399999976158142,0.9399999976158142,0.9399999976158142,0.9399999976158142,0.5390348434448242,0,
2003-11-21,0.9399999976158142,0.9399999976158142,0.9399999976158142,0.9399999976158142,0.5390348434448242,0,
2003-11-24,0.9399999976158142,0.9399999976158142,0.9399999976158142,0.9399999976158142,0.5390348434448242,0,
2003-11-25,0.9399999976158142,0.9399999976158142,0.9399999976158142,0.9399999976158142,0.5390348434448242,0,
2003-11-26,0.9399999976158142,0.9399999976158142,0.9399999976158142,0.9399999976158142,0.5390348434448242,0,
2003-11-27,0.9399999976158142,0.9399999976158142,0.9399999976158142,0.9399999976158142,0.5390348434448242,0,
2003-11-28,0.9399999976158142,0.9399999976158142,0.9399999976158142,0.9399999976158142,0.5390348434448242,0,
2003-12-01,0.9399999976158142,0.9399999976158142,0.9399999976158142,0.9399999976158142,0.5390348434448242,0,
2003-12-02,0.9399999976158142,0.9399999976158142,0.9399999976158142,0.9399999976158142,0.5390348434448242,0,
2003-12-03,0.9399999976158142,0.9399999976158142,0.9399999976158142,0.9399999976158142,0.5390348434448242,0,
2003-12-04,0.9399999976158142,0.9399999976158142,0.9399999976158142,0.9399999976158142,0.5390348434448242,0,
2003-12-05,0.9399999976158142,0.9399999976158142,0.9399999976158142,0.9399999976158142,0.5390348434448242,0,
2003-12-08,0.9399999976158142,0.9399999976158142,0.9399999976158142,0.9399999976158142,0.5390348434448242,0,
2003-12-09,0.9399999976158142,0.9399999976158142,0.9399999976158142,0.9399999976158142,0.5390348434448242,0,
2003-12-10,0.9399999976158142,0.9399999976158142,0.9399999976158142,0.9399999976158142,0.5390348434448242,0,
2003-12-11,0.9399999976158142,0.9399999976158142,0.9399999976158142,0.9399999976158142,0.5390348434448242,0,
2003-12-12,0.9399999976158142,0.9399999976158142,0.9399999976158142,0.9399999976158142,0.5390348434448242,0,
2003-12-15,0.9399999976158142,0.9399999976158142,0.9399999976158142,0.9399999976158142,0.5390348434448242,0,
2003-12-16,0.9399999976158142,0.9399999976158142,0.9399999976158142,0.9399999976158142,0.5390348434448242,0,
2003-12-17,0.9399999976158142,0.9399999976158142,0.9399999976158142,0.9399999976158142,0.5390348434448242,0,
2003-12-18,0.9399999976158142,0.9399999976158142,0.9399999976158142,0.9399999976158142,0.5390348434448242,0,
2003-12-19,0.9399999976158142,0.9399999976158142,0.9399999976158142,0.9399999976158142,0.5390348434448242,0,
2003-12-22,0.9399999976158142,0.9399999976158142,0.9399999976158142,0.9399999976158142,0.5390348434448242,0,
2003-12-23,0.9399999976158142,0.9399999976158142,0.9399999976158142,0.9399999976158142,0.5390348434448242,0,
2003-12-24,0.9399999976158142,0.9399999976158142,0.9399999976158142,0.9399999976158142,0.5390348434448242,0,
2003-12-25,0.9399999976158142,0.9399999976158142,0.9399999976158142,0.9399999976158142,0.5390348434448242,0,
2003-12-26,0.9399999976158142,0.9399999976158142,0.9399999976158142,0.9399999976158142,0.5390348434448242,0,
2003-12-29,0.9399999976158142,0.9399999976158142,0.9399999976158142,0.9399999976158142,0.5390348434448242,0,
2003-12-30,0.9399999976158142,0.9399999976158142,0.9399999976158142,0.9399999976158142,0.5390348434448242,0,
2003-12-31,0.9399999976158142,0.9399999976158142,0.9399999976158142,0.9399999976158142,0.5390348434448242,0,
2004-01-01,0.9399999976158142,0.9399999976158142,0.9399999976158142,0.9399999976158142,0.5390348434448242,0,
2004-01-02,0.9399999976158142,0.9399999976158142,0.9399999976158142,0.9399999976158142,0.5390348434448242,0,
2004-01-05,0.9399999976158142,0.9399999976158142,0.9399999976158142,0.9399999976158142,0.5390348434448242,0,
2004-01-06,0.9399999976158142,0.9399999976158142,0.9399999976158142,0.9399999976158142,0.5390348434448242,0,
2004-01-07,0.9399999976158142,0.9399999976158142,0.9399999976158142,0.9399999976158142,0.5390348434448242,0,
2004-01-08,0.9399999976158142,0.9399999976158142,0.9399999976158142,0.9399999976158142,0.5390348434448242,0,
2004-01-09,0.9399999976158142,0.9399999976158142,0.9399999976158142,0.9399999976158142,0.5390348434448242,0,
2004-01-12,0.9399999976158142,0.9399999976158142,0.9399999976158142,0.9399999976158142,0.5390348434448242,0,
2004-01-13,0.9399999976158142,0.9399999976158142,0.9399999976158142,0.9399999976158142,0.5390348434448242,0,
2004-01-14,0.9399999976158142,0.9399999976158142,0.9399999976158142,0.9399999976158142,0.5390348434448242,0,
2004-01-15,0.9399999976158142,0.9399999976158142,0.9399999976158142,0.9399999976158142,0.5390348434448242,0,
2004-01-16,0.9399999976158142,0.9399999976158142,0.9399999976158142,0.9399999976158142,0.5390348434448242,0,
2004-01-19,0.9399999976158142,0.9399999976158142,0.9399999976158142,0.9399999976158142,0.5390348434448242,0,
2004-01-20,0.9399999976158142,0.9399999976158142,0.9399999976158142,0.9399999976158142,0.5390348434448242,0,
2004-01-21,0.9399999976158142,0.9399999976158142,0.9399999976158142,0.9399999976158142,0.5390348434448242,0,
2004-01-22,0.9399999976158142,0.9399999976158142,0.9399999976158142,0.9399999976158142,0.5390348434448242,0,
2004-01-23,0.9399999976158142,0.9399999976158142,0.9399999976158142,0.9399999976158142,0.5390348434448242,0,
2004-01-26,0.9399999976158142,0.9399999976158142,0.9399999976158142,0.9399999976158142,0.5390348434448242,0,
2004-01-27,0.9399999976158142,0.9399999976158142,0.9399999976158142,0.9399999976158142,0.5390348434448242,0,
2004-01-28,0.9399999976158142,0.9399999976158142,0.9399999976158142,0.9399999976158142,0.5390348434448242,0,
2004-01-29,0.9399999976158142,0.9399999976158142,0.9399999976158142,0.9399999976158142,0.5390348434448242,0,
2004-01-30,0.9399999976158142,0.9399999976158142,0.9399999976158142,0.9399999976158142,0.5390348434448242,0,
2004-02-02,0.9399999976158142,0.9399999976158142,0.9399999976158142,0.9399999976158142,0.5390348434448242,0,
2004-02-03,0.9399999976158142,0.9399999976158142,0.9399999976158142,0.9399999976158142,0.5390348434448242,0,
2004-02-04,0.9399999976158142,0.9399999976158142,0.9399999976158142,0.9399999976158142,0.5390348434448242,0,
2004-02-05,0.9399999976158142,0.9399999976158142,0.9399999976158142,0.9399999976158142,0.5390348434448242,0,
2004-02-06,0.9399999976158142,0.9399999976158142,0.9399999976158142,0.9399999976158142,0.5390348434448242,0,
2004-02-09,0.9399999976158142,0.9399999976158142,0.9399999976158142,0.9399999976158142,0.5390348434448242,0,
2004-02-10,0.9399999976158142,0.9399999976158142,0.9399999976158142,0.9399999976158142,0.5390348434448242,0,
2004-02-11,0.9399999976158142,0.9399999976158142,0.9399999976158142,0.9399999976158142,0.5390348434448242,0,
2004-02-12,0.9399999976158142,0.9399999976158142,0.9399999976158142,0.9399999976158142,0.5390348434448242,0,
2004-02-13,0.9399999976158142,0.9399999976158142,0.9399999976158142,0.9399999976158142,0.5390348434448242,0,
2004-02-16,0.9399999976158142,0.9399999976158142,0.9399999976158142,0.9399999976158142,0.5390348434448242,0,
2004-02-17,0.9399999976158142,0.9399999976158142,0.9399999976158142,0.9399999976158142,0.5390348434448242,0,
2004-02-18,0.9399999976158142,0.9399999976158142,0.9399999976158142,0.9399999976158142,0.5390348434448242,0,
2004-02-19,0.9399999976158142,0.9399999976158142,0.9399999976158142,0.9399999976158142,0.5390348434448242,0,
2004-02-20,0.9399999976158142,0.9399999976158142,0.9399999976158142,0.9399999976158142,0.5390348434448242,0,
2004-02-23,0.9399999976158142,0.9399999976158142,0.9399999976158142,0.9399999976158142,0.5390348434448242,0,
2004-02-24,0.9399999976158142,0.9399999976158142,0.9399999976158142,0.9399999976158142,0.5390348434448242,0,
2004-02-25,0.9399999976158142,0.9399999976158142,0.9399999976158142,0.9399999976158142,0.5390348434448242,0,
2004-02-26,0.9399999976158142,0.9399999976158142,0.9399999976158142,0.9399999976158142,0.5390348434448242,0,
2004-02-27,0.9399999976158142,0.9399999976158142,0.9399999976158142,0.9399999976158142,0.5390348434448242,0,
2004-03-01,0.9399999976158142,0.9399999976158142,0.9399999976158142,0.9399999976158142,0.5390348434448242,0,
2004-03-02,0.9399999976158142,0.9399999976158142,0.9399999976158142,0.9399999976158142,0.5390348434448242,0,
2004-03-03,0.9399999976158142,0.9399999976158142,0.9399999976158142,0.9399999976158142,0.5390348434448242,0,
2004-03-04,0.9399999976158142,0.9399999976158142,0.9399999976158142,0.9399999976158142,0.5390348434448242,0,
2004-03-05,0.9399999976158142,0.9399999976158142,0.9399999976158142,0.9399999976158142,0.5390348434448242,0,
2004-03-08,0.9399999976158142,0.9399999976158142,0.9399999976158142,0.9399999976158142,0.5390348434448242,0,
2004-03-09,0.9399999976158142,0.9399999976158142,0.9399999976158142,0.9399999976158142,0.5390348434448242,0,
2004-03-10,0.9399999976158142,0.9399999976158142,0.9399999976158142,0.9399999976158142,0.5390348434448242,0,
2004-03-11,0.9399999976158142,0.9399999976158142,0.9399999976158142,0.9399999976158142,0.5390348434448242,0,
2004-03-12,0.9399999976158142,0.9399999976158142,0.9399999976158142,0.9399999976158142,0.5390348434448242,0,
2004-03-15,0.9399999976158142,0.9399999976158142,0.9399999976158142,0.9399999976158142,0.5390348434448242,0,
2004-03-16,0.9399999976158142,0.9399999976158142,0.9399999976158142,0.9399999976158142,0.5390348434448242,0,
2004-03-17,0.9399999976158142,0.9399999976158142,0.9399999976158142,0.9399999976158142,0.5390348434448242,0,
2004-03-18,0.9399999976158142,0.9399999976158142,0.9399999976158142,0.9399999976158142,0.5390348434448242,0,
2004-03-19,0.9399999976158142,0.9399999976158142,0.9399999976158142,0.9399999976158142,0.5390348434448242,0,
2004-03-22,0.9399999976158142,0.9399999976158142,0.9399999976158142,0.9399999976158142,0.5390348434448242,0,
2004-03-23,0.9399999976158142,0.9399999976158142,0.9399999976158142,0.9399999976158142,0.5390348434448242,0,
2004-03-24,0.9399999976158142,0.9399999976158142,0.9399999976158142,0.9399999976158142,0.5390348434448242,0,
2004-03-25,0.9399999976158142,0.9399999976158142,0.9399999976158142,0.9399999976158142,0.5390348434448242,0,
2004-03-26,0.9399999976158142,0.9399999976158142,0.9399999976158142,0.9399999976158142,0.5390348434448242,0,
2004-03-29,0.9399999976158142,0.9399999976158142,0.9399999976158142,0.9399999976158142,0.5390348434448242,0,
2004-03-30,0.9399999976158142,0.9399999976158142,0.9399999976158142,0.9399999976158142,0.5390348434448242,0,
2004-03-31,0.9399999976158142,0.9399999976158142,0.9399999976158142,0.9399999976158142,0.5390348434448242,0,
2004-04-01,0.9399999976158142,0.9399999976158142,0.9399999976158142,0.9399999976158142,0.5390348434448242,0,
2004-04-02,0.9399999976158142,0.9399999976158142,0.9399999976158142,0.9399999976158142,0.5390348434448242,0,
2004-04-05,0.9399999976158142,0.9399999976158142,0.9399999976158142,0.9399999976158142,0.5390348434448242,0,
2004-04-06,0.9399999976158142,0.9399999976158142,0.9399999976158142,0.9399999976158142,0.5390348434448242,0,
2004-04-07,0.9399999976158142,0.9399999976158142,0.9399999976158142,0.9399999976158142,0.5390348434448242,0,
2004-04-08,0.9399999976158142,0.9399999976158142,0.9399999976158142,0.9399999976158142,0.5390348434448242,0,
2004-04-09,0.9399999976158142,0.9399999976158142,0.9399999976158142,0.9399999976158142,0.5390348434448242,0,
2004-04-12,0.9399999976158142,0.9399999976158142,0.9399999976158142,0.9399999976158142,0.5390348434448242,0,
2004-04-13,0.9399999976158142,0.9399999976158142,0.9399999976158142,0.9399999976158142,0.5390348434448242,0,
2004-04-14,0.9399999976158142,0.9399999976158142,0.9399999976158142,0.9399999976158142,0.5390348434448242,0,
2004-04-15,0.9399999976158142,0.9399999976158142,0.9399999976158142,0.9399999976158142,0.5390348434448242,0,
2004-04-16,0.9399999976158142,0.9399999976158142,0.9399999976158142,0.9399999976158142,0.5390348434448242,0,
2004-04-19,0.9399999976158142,0.9399999976158142,0.9399999976158142,0.9399999976158142,0.5390348434448242,0,
2004-04-20,0.9399999976158142,0.9399999976158142,0.9399999976158142,0.9399999976158142,0.5390348434448242,0,
2004-04-21,0.9399999976158142,0.9399999976158142,0.9399999976158142,0.9399999976158142,0.5390348434448242,0,
2004-04-22,0.9399999976158142,0.9399999976158142,0.9399999976158142,0.9399999976158142,0.5390348434448242,0,
2004-04-23,0.9399999976158142,0.9399999976158142,0.9399999976158142,0.9399999976158142,0.5390348434448242,0,
2004-04-26,0.9399999976158142,0.9399999976158142,0.9399999976158142,0.9399999976158142,0.5390348434448242,0,
2004-04-27,0.9399999976158142,0.9399999976158142,0.9399999976158142,0.9399999976158142,0.5390348434448242,0,
2004-04-28,0.9399999976158142,0.9399999976158142,0.9399999976158142,0.9399999976158142,0.5390348434448242,0,
2004-04-29,0.9399999976158142,0.9399999976158142,0.9399999976158142,0.9399999976158142,0.5390348434448242,0,
2004-04-30,0.9399999976158142,0.9399999976158142,0.9399999976158142,0.9399999976158142,0.5390348434448242,0,
2004-05-03,0.9399999976158142,0.9399999976158142,0.9399999976158142,0.9399999976158142,0.5390348434448242,0,
2004-05-04,0.9399999976158142,0.9399999976158142,0.9399999976158142,0.9399999976158142,0.5390348434448242,0,
2004-05-05,0.9399999976158142,0.9399999976158142,0.9399999976158142,0.9399999976158142,0.5390348434448242,0,
2004-05-06,0.9399999976158142,0.9399999976158142,0.9399999976158142,0.9399999976158142,0.5390348434448242,0,
2004-05-07,0.9399999976158142,0.9399999976158142,0.9399999976158142,0.9399999976158142,0.5390348434448242,0,
2004-05-10,0.9399999976158142,0.9399999976158142,0.9399999976158142,0.9399999976158142,0.5390348434448242,0,
2004-05-11,0.9399999976158142,0.9399999976158142,0.9399999976158142,0.9399999976158142,0.5390348434448242,0,
2004-05-12,0.9399999976158142,0.9399999976158142,0.9399999976158142,0.9399999976158142,0.5390348434448242,0,
2004-05-13,0.9399999976158142,0.9399999976158142,0.9399999976158142,0.9399999976158142,0.5390348434448242,0,
2004-05-14,0.9399999976158142,0.9399999976158142,0.9399999976158142,0.9399999976158142,0.5390348434448242,0,
2004-05-17,0.9399999976158142,0.9399999976158142,0.9399999976158142,0.9399999976158142,0.5390348434448242,0,
2004-05-18,0.9399999976158142,0.9399999976158142,0.9399999976158142,0.9399999976158142,0.5390348434448242,0,
2004-05-19,0.9399999976158142,0.9399999976158142,0.9399999976158142,0.9399999976158142,0.5390348434448242,0,
2004-05-20,0.9399999976158142,0.9399999976158142,0.9399999976158142,0.9399999976158142,0.5390348434448242,0,
2004-05-21,0.9399999976158142,0.9399999976158142,0.9399999976158142,0.9399999976158142,0.5390348434448242,0,
2004-05-24,11.300000190734863,11.600000381469727,11.100000381469727,11.100000381469727,6.365197658538818,6235,
2004-05-25,11.0,11.0,10.800000190734863,11.0,6.307853698730469,149500,
2004-05-26,11.199999809265137,11.199999809265137,11.100000381469727,11.199999809265137,6.422542572021484,202800,
2004-05-27,11.199999809265137,11.399999618530273,11.199999809265137,11.300000190734863,6.479887008666992,831200,
2004-05-28,11.399999618530273,11.699999809265137,11.399999618530273,11.5,6.59457540512085,584200,
2004-05-31,11.300000190734863,11.800000190734863,11.300000190734863,11.5,6.59457540512085,178500,
2004-06-01,11.5,11.5,11.300000190734863,11.5,6.59457540512085,192700,
2004-06-02,11.5,11.5,11.5,11.5,6.59457540512085,0,
2004-06-03,11.600000381469727,11.600000381469727,11.399999618530273,11.399999618530273,6.537234306335449,173000,
2004-06-04,11.399999618530273,11.5,11.399999618530273,11.5,6.59457540512085,207800,
2004-06-07,11.5,11.800000190734863,11.5,11.600000381469727,6.651919841766357,388600,
2004-06-08,11.600000381469727,11.899999618530273,11.5,11.5,6.59457540512085,1076700,
2004-06-09,11.699999809265137,11.699999809265137,11.5,11.5,6.59457540512085,1024500,
2004-06-10,11.699999809265137,11.800000190734863,11.600000381469727,11.699999809265137,6.709262847900391,721400,
2004-06-11,11.600000381469727,11.800000190734863,11.600000381469727,11.600000381469727,6.651919841766357,755200,
2004-06-14,11.600000381469727,11.800000190734863,11.600000381469727,11.600000381469727,6.651919841766357,460500,
2004-06-15,11.699999809265137,11.699999809265137,11.600000381469727,11.600000381469727,6.651919841766357,507000,
2004-06-16,11.699999809265137,11.699999809265137,11.600000381469727,11.600000381469727,6.651919841766357,1037400,
2004-06-17,11.600000381469727,11.899999618530273,11.600000381469727,11.600000381469727,6.651919841766357,2718200,
2004-06-18,11.699999809265137,12.199999809265137,11.699999809265137,12.199999809265137,6.9959845542907715,15072800,
2004-06-21,12.399999618530273,13.199999809265137,12.100000381469727,13.0,7.454738140106201,19077600,
2004-06-22,12.899999618530273,13.0,12.199999809265137,12.300000190734863,7.053327560424805,7671000,
2004-06-23,12.5,12.899999618530273,12.300000190734863,12.899999618530273,7.397390365600586,6629600,
2004-06-24,13.0,13.0,12.600000381469727,12.800000190734863,7.340050220489502,4887800,
2004-06-25,12.800000190734863,13.399999618530273,12.800000190734863,13.0,7.454738140106201,16785500,
2004-06-28,13.100000381469727,13.300000190734863,12.800000190734863,13.199999809265137,7.569425106048584,3035800,
2004-06-29,13.300000190734863,13.5,12.899999618530273,13.199999809265137,7.569425106048584,7133300,
2004-06-30,13.300000190734863,13.600000381469727,13.199999809265137,13.199999809265137,7.569425106048584,6641900,
2004-07-01,13.199999809265137,13.199999809265137,13.199999809265137,13.199999809265137,7.569425106048584,0,
2004-07-02,13.100000381469727,13.199999809265137,13.0,13.100000381469727,7.512083530426025,773000,
2004-07-05,13.100000381469727,13.100000381469727,13.100000381469727,13.100000381469727,7.512083530426025,0,
2004-07-06,13.300000190734863,13.600000381469727,13.199999809265137,13.399999618530273,7.684115886688232,3185200,
2004-07-07,13.399999618530273,13.699999809265137,13.399999618530273,13.699999809265137,7.856145858764648,5069200,
2004-07-08,13.699999809265137,13.699999809265137,13.199999809265137,13.199999809265137,7.569425106048584,2656500,
2004-07-09,13.199999809265137,13.300000190734863,13.100000381469727,13.300000190734863,7.626769542694092,653100,
2004-07-12,13.399999618530273,13.5,13.199999809265137,13.300000190734863,7.626769542694092,678600,
2004-07-13,13.300000190734863,13.399999618530273,13.100000381469727,13.199999809265137,7.569425106048584,575800,
2004-07-14,13.300000190734863,13.300000190734863,12.899999618530273,13.0,7.454738140106201,656400,
2004-07-15,13.0,13.199999809265137,13.0,13.0,7.454738140106201,1270800,
2004-07-16,13.100000381469727,13.100000381469727,12.899999618530273,12.899999618530273,7.397390365600586,764900,
2004-07-19,12.899999618530273,13.199999809265137,12.899999618530273,13.100000381469727,7.512083530426025,438000,
2004-07-20,13.0,13.100000381469727,12.899999618530273,13.0,7.454738140106201,518200,
2004-07-21,13.100000381469727,13.300000190734863,13.0,13.100000381469727,7.512083530426025,2180100,
2004-07-22,13.199999809265137,13.5,13.199999809265137,13.5,7.741459369659424,5145700,
2004-07-23,13.5,13.600000381469727,13.399999618530273,13.399999618530273,7.684115886688232,12809700,
2004-07-26,13.600000381469727,13.600000381469727,12.699999809265137,12.699999809265137,7.282702922821045,4881000,
2004-07-27,12.699999809265137,12.899999618530273,12.699999809265137,12.899999618530273,7.397390365600586,1264700,
2004-07-28,13.100000381469727,13.100000381469727,12.800000190734863,13.0,7.454738140106201,709800,
2004-07-29,13.0,13.100000381469727,12.699999809265137,13.100000381469727,7.512083530426025,508900,
2004-07-30,13.100000381469727,13.100000381469727,13.0,13.100000381469727,7.512083530426025,858900,
2004-08-02,13.100000381469727,13.100000381469727,13.100000381469727,13.100000381469727,7.512083530426025,0,
2004-08-03,13.199999809265137,13.199999809265137,12.800000190734863,12.800000190734863,7.340050220489502,788800,
2004-08-04,12.800000190734863,13.199999809265137,12.800000190734863,13.0,7.454738140106201,1762700,
2004-08-05,13.100000381469727,13.199999809265137,12.899999618530273,13.0,7.454738140106201,3252400,
2004-08-06,12.899999618530273,13.0,12.800000190734863,12.800000190734863,7.340050220489502,1346100,
2004-08-09,12.699999809265137,12.899999618530273,12.600000381469727,12.600000381469727,7.2253618240356445,988400,
2004-08-10,12.699999809265137,12.800000190734863,12.600000381469727,12.699999809265137,7.282702922821045,898200,
2004-08-11,12.899999618530273,12.899999618530273,12.399999618530273,12.5,7.168017387390137,963400,
2004-08-12,12.5,12.5,12.5,12.5,7.168017387390137,0,
2004-08-13,12.5,12.5,12.199999809265137,12.300000190734863,7.053327560424805,857200,
2004-08-16,12.300000190734863,12.600000381469727,12.100000381469727,12.5,7.168017387390137,673900,
2004-08-17,12.600000381469727,12.699999809265137,12.399999618530273,12.5,7.168017387390137,721100,
2004-08-18,12.399999618530273,12.899999618530273,12.399999618530273,12.600000381469727,7.2253618240356445,1776200,
2004-08-19,12.800000190734863,12.899999618530273,12.699999809265137,12.800000190734863,7.340050220489502,886700,
2004-08-20,13.0,13.300000190734863,12.800000190734863,13.199999809265137,7.569425106048584,3221700,
2004-08-23,13.199999809265137,13.5,13.199999809265137,13.399999618530273,7.684115886688232,3339800,
2004-08-24,13.399999618530273,13.399999618530273,13.199999809265137,13.199999809265137,7.569425106048584,2015900,
2004-08-25,13.199999809265137,13.300000190734863,13.0,13.100000381469727,7.512083530426025,1764500,
2004-08-26,13.100000381469727,13.399999618530273,13.100000381469727,13.300000190734863,7.626769542694092,3676100,
2004-08-27,13.300000190734863,13.300000190734863,13.100000381469727,13.199999809265137,7.569425106048584,2490500,
2004-08-30,13.199999809265137,13.399999618530273,13.100000381469727,13.300000190734863,7.626769542694092,6225000,
2004-08-31,13.0,13.100000381469727,12.899999618530273,12.899999618530273,7.5680999755859375,4303000,0.3
2004-09-01,13.0,13.100000381469727,13.0,13.0,7.626771450042725,936100,
2004-09-02,13.0,13.100000381469727,12.899999618530273,12.899999618530273,7.5680999755859375,1558400,
2004-09-03,13.0,13.199999809265137,12.899999618530273,13.199999809265137,7.744102954864502,2097900,
2004-09-06,13.100000381469727,13.199999809265137,13.0,13.0,7.626771450042725,1257800,
2004-09-07,13.100000381469727,13.100000381469727,12.899999618530273,13.0,7.626771450042725,5698100,
2004-09-08,13.0,13.0,12.899999618530273,13.0,7.626771450042725,378000,
2004-09-09,12.899999618530273,13.0,12.899999618530273,13.0,7.626771450042725,1023600,
2004-09-10,13.0,13.399999618530273,13.0,13.300000190734863,7.802770614624023,3112500,
2004-09-13,13.300000190734863,14.0,13.300000190734863,13.899999618530273,8.15477466583252,8015500,
2004-09-14,14.0,14.699999809265137,14.0,14.5,8.506783485412598,13978800,
2004-09-15,14.699999809265137,16.5,14.699999809265137,16.100000381469727,9.445459365844727,24899500,
2004-09-16,16.0,16.100000381469727,15.5,16.0,9.386791229248047,8453700,
2004-09-17,16.100000381469727,16.200000762939453,15.600000381469727,16.0,9.386791229248047,3268000,
2004-09-20,16.0,16.0,15.5,15.5,9.093456268310547,1701800,
2004-09-21,15.399999618530273,15.399999618530273,15.0,15.100000381469727,8.85878849029541,5926500,
2004-09-22,15.300000190734863,15.399999618530273,15.0,15.0,8.800116539001465,1431800,
2004-09-23,15.0,15.800000190734863,15.0,15.600000381469727,9.152122497558594,5931400,
2004-09-24,15.600000381469727,15.699999809265137,15.5,15.5,9.093456268310547,2890100,
2004-09-27,15.5,15.5,15.100000381469727,15.300000190734863,8.976119995117188,838200,
2004-09-28,15.300000190734863,15.899999618530273,15.300000190734863,15.800000190734863,9.26945972442627,4974500,
2004-09-29,15.899999618530273,15.899999618530273,15.300000190734863,15.300000190734863,8.976119995117188,1688800,
2004-09-30,15.399999618530273,15.5,15.300000190734863,15.300000190734863,8.976119995117188,1385700,
2004-10-01,15.399999618530273,16.200000762939453,15.399999618530273,16.100000381469727,9.445459365844727,5311700,
2004-10-04,16.0,17.5,16.0,17.5,10.266800880432129,13467900,
2004-10-05,17.399999618530273,17.399999618530273,16.899999618530273,17.100000381469727,10.032136917114258,2466600,
2004-10-06,17.399999618530273,17.799999237060547,16.899999618530273,16.899999618530273,9.914801597595215,10185100,
2004-10-07,16.899999618530273,17.299999237060547,16.899999618530273,17.0,9.973466873168945,4524100,
2004-10-08,17.0,17.600000381469727,16.899999618530273,17.100000381469727,10.032136917114258,5226000,
2004-10-11,17.200000762939453,17.5,17.0,17.0,9.973466873168945,3712700,
2004-10-12,17.100000381469727,17.399999618530273,16.700000762939453,16.700000762939453,9.797463417053223,6996600,
2004-10-13,16.899999618530273,16.899999618530273,16.399999618530273,16.799999237060547,9.856131553649902,6304200,
2004-10-14,16.600000381469727,16.700000762939453,16.5,16.600000381469727,9.738795280456543,2453300,
2004-10-15,16.600000381469727,16.700000762939453,16.399999618530273,16.5,9.68012809753418,2438300,
2004-10-18,16.5,16.5,16.200000762939453,16.399999618530273,9.621463775634766,1316100,
2004-10-19,16.399999618530273,17.200000762939453,16.399999618530273,17.200000762939453,10.090802192687988,1820500,
2004-10-20,17.100000381469727,17.200000762939453,16.700000762939453,16.700000762939453,9.797463417053223,3166800,
2004-10-21,16.899999618530273,17.100000381469727,16.5,16.600000381469727,9.738795280456543,1854400,
2004-10-22,16.700000762939453,16.799999237060547,16.600000381469727,16.799999237060547,9.856131553649902,639100,
2004-10-25,16.799999237060547,16.799999237060547,16.799999237060547,16.799999237060547,9.856131553649902,0,
2004-10-26,16.799999237060547,16.799999237060547,16.399999618530273,16.5,9.68012809753418,1219500,
2004-10-27,16.5,16.5,15.899999618530273,15.899999618530273,9.328125953674316,3695800,
2004-10-28,16.0,16.600000381469727,16.0,16.100000381469727,9.445459365844727,8950600,
2004-10-29,16.299999237060547,16.299999237060547,16.0,16.299999237060547,9.56279468536377,3742800,
2004-11-01,16.299999237060547,16.399999618530273,16.0,16.0,9.386791229248047,1135500,
2004-11-02,16.200000762939453,16.299999237060547,16.0,16.200000762939453,9.50412654876709,2433100,
2004-11-03,16.200000762939453,16.600000381469727,16.200000762939453,16.5,9.68012809753418,3265000,
2004-11-04,16.700000762939453,16.899999618530273,16.299999237060547,16.799999237060547,9.856131553649902,3883600,
2004-11-05,17.0,17.100000381469727,16.399999618530273,16.399999618530273,9.621463775634766,3303100,
2004-11-08,16.600000381469727,16.899999618530273,16.5,16.799999237060547,9.856131553649902,1864000,
2004-11-09,16.899999618530273,17.100000381469727,16.799999237060547,16.799999237060547,9.856131553649902,2557000,
2004-11-10,16.899999618530273,16.899999618530273,16.5,16.5,9.68012809753418,734900,
2004-11-11,16.600000381469727,16.600000381469727,16.299999237060547,16.5,9.68012809753418,552500,
2004-11-12,16.5,16.600000381469727,16.5,16.600000381469727,9.738795280456543,255900,
2004-11-15,16.700000762939453,16.700000762939453,16.299999237060547,16.299999237060547,9.56279468536377,1278800,
2004-11-16,16.399999618530273,16.5,16.399999618530273,16.399999618530273,9.621463775634766,175800,
2004-11-17,16.399999618530273,16.5,16.299999237060547,16.299999237060547,9.56279468536377,267000,
2004-11-18,16.5,16.5,16.299999237060547,16.299999237060547,9.56279468536377,274500,
2004-11-19,16.399999618530273,16.399999618530273,16.299999237060547,16.299999237060547,9.56279468536377,127300,
2004-11-22,16.299999237060547,16.299999237060547,16.200000762939453,16.200000762939453,9.50412654876709,199500,
2004-11-23,16.299999237060547,16.5,16.200000762939453,16.299999237060547,9.56279468536377,1310200,
2004-11-24,16.299999237060547,16.600000381469727,16.299999237060547,16.399999618530273,9.621463775634766,1727000,
2004-11-25,16.5,16.600000381469727,16.399999618530273,16.600000381469727,9.738795280456543,1065500,
2004-11-26,16.600000381469727,16.799999237060547,16.299999237060547,16.5,9.68012809753418,1972900,
2004-11-29,16.399999618530273,16.700000762939453,16.399999618530273,16.399999618530273,9.621463775634766,665000,
2004-11-30,16.399999618530273,16.5,16.399999618530273,16.399999618530273,9.621463775634766,604600,
2004-12-01,16.5,16.5,16.200000762939453,16.200000762939453,9.50412654876709,781500,
2004-12-02,16.200000762939453,16.299999237060547,16.100000381469727,16.100000381469727,9.445459365844727,1407100,
2004-12-03,16.100000381469727,16.200000762939453,16.100000381469727,16.100000381469727,9.445459365844727,627800,
2004-12-06,16.100000381469727,16.100000381469727,16.100000381469727,16.100000381469727,9.445459365844727,0,
2004-12-07,16.0,16.200000762939453,15.899999618530273,16.0,9.386791229248047,443400,
2004-12-08,16.0,16.0,15.800000190734863,15.800000190734863,9.26945972442627,166300,
2004-12-09,15.800000190734863,16.0,15.800000190734863,16.0,9.386791229248047,67200,
2004-12-10,16.0,16.0,16.0,16.0,9.386791229248047,0,
2004-12-13,15.899999618530273,15.899999618530273,15.800000190734863,15.800000190734863,9.26945972442627,437000,
2004-12-14,15.899999618530273,15.899999618530273,15.800000190734863,15.800000190734863,9.26945972442627,420000,
2004-12-15,15.899999618530273,15.899999618530273,15.800000190734863,15.800000190734863,9.26945972442627,366600,
2004-12-16,15.899999618530273,15.899999618530273,15.5,15.800000190734863,9.26945972442627,2660500,
2004-12-17,15.699999809265137,15.800000190734863,15.699999809265137,15.699999809265137,9.210789680480957,1665200,
2004-12-20,15.800000190734863,15.800000190734863,15.600000381469727,15.600000381469727,9.152122497558594,553700,
2004-12-21,15.600000381469727,15.600000381469727,14.899999618530273,15.300000190734863,8.976119995117188,3981900,
2004-12-22,15.5,15.600000381469727,15.300000190734863,15.399999618530273,9.034786224365234,1268600,
2004-12-23,15.399999618530273,15.5,15.399999618530273,15.399999618530273,9.034786224365234,692700,
2004-12-24,15.600000381469727,15.699999809265137,15.399999618530273,15.600000381469727,9.152122497558594,391500,
2004-12-27,15.199999809265137,15.699999809265137,15.199999809265137,15.600000381469727,9.152122497558594,532900,
2004-12-28,15.5,15.600000381469727,15.5,15.5,9.093456268310547,975100,
2004-12-29,15.5,15.5,15.199999809265137,15.399999618530273,9.034786224365234,1086300,
2004-12-30,15.399999618530273,15.600000381469727,15.300000190734863,15.300000190734863,8.976119995117188,341100,
2004-12-31,15.300000190734863,15.300000190734863,15.300000190734863,15.300000190734863,8.976119995117188,0,
2005-01-04,15.300000190734863,15.300000190734863,15.199999809265137,15.300000190734863,8.976119995117188,1434100,
2005-01-05,15.300000190734863,15.699999809265137,15.300000190734863,15.600000381469727,9.152122497558594,1675600,
2005-01-06,15.600000381469727,15.699999809265137,15.5,15.600000381469727,9.152122497558594,1814300,
2005-01-07,15.600000381469727,15.600000381469727,15.5,15.5,9.093456268310547,794600,
2005-01-10,15.5,15.5,15.399999618530273,15.399999618530273,9.034786224365234,396200,
2005-01-11,15.5,15.600000381469727,15.399999618530273,15.5,9.093456268310547,495300,
2005-01-12,15.5,15.600000381469727,15.399999618530273,15.5,9.093456268310547,133000,
2005-01-13,15.5,15.5,15.300000190734863,15.300000190734863,8.976119995117188,442500,
2005-01-14,15.300000190734863,15.300000190734863,15.199999809265137,15.300000190734863,8.976119995117188,578800,
2005-01-17,15.300000190734863,16.0,15.300000190734863,15.899999618530273,9.328125953674316,2699100,
2005-01-18,15.899999618530273,16.0,15.699999809265137,15.699999809265137,9.210789680480957,174500,
2005-01-19,15.699999809265137,15.699999809265137,15.5,15.5,9.093456268310547,1253100,
2005-01-20,15.399999618530273,15.5,15.300000190734863,15.399999618530273,9.034786224365234,812900,
2005-01-21,15.5,15.600000381469727,15.300000190734863,15.399999618530273,9.034786224365234,780300,
2005-01-24,15.399999618530273,15.5,15.300000190734863,15.5,9.093456268310547,1394500,
2005-01-25,15.5,16.399999618530273,15.5,16.399999618530273,9.621463775634766,3796400,
2005-01-26,16.200000762939453,16.200000762939453,16.100000381469727,16.200000762939453,9.50412654876709,923800,
2005-01-27,16.200000762939453,16.299999237060547,16.100000381469727,16.299999237060547,9.56279468536377,1413300,
2005-01-28,16.299999237060547,16.899999618530273,16.299999237060547,16.799999237060547,9.856131553649902,6773600,
2005-01-31,16.700000762939453,17.200000762939453,16.600000381469727,16.799999237060547,9.856131553649902,3151300,
2005-02-01,16.799999237060547,17.0,16.700000762939453,16.700000762939453,9.797463417053223,215100,
2005-02-02,16.700000762939453,17.100000381469727,16.700000762939453,16.799999237060547,9.856131553649902,3253000,
2005-02-03,16.899999618530273,17.0,16.799999237060547,16.799999237060547,9.856131553649902,1014800,
2005-02-04,16.799999237060547,16.899999618530273,16.799999237060547,16.799999237060547,9.856131553649902,155300,
2005-02-07,16.799999237060547,17.0,16.799999237060547,16.799999237060547,9.856131553649902,172600,
2005-02-08,16.899999618530273,16.899999618530273,16.799999237060547,16.899999618530273,9.914801597595215,220800,
2005-02-09,16.899999618530273,17.5,16.899999618530273,17.100000381469727,10.032136917114258,2986200,
2005-02-10,17.399999618530273,17.600000381469727,17.100000381469727,17.399999618530273,10.208137512207031,2322500,
2005-02-11,17.399999618530273,17.399999618530273,17.0,17.0,9.973466873168945,1188200,
2005-02-14,17.200000762939453,17.200000762939453,16.899999618530273,17.0,9.973466873168945,1889200,
2005-02-15,17.200000762939453,17.299999237060547,17.0,17.299999237060547,10.149470329284668,2850300,
2005-02-16,17.299999237060547,17.299999237060547,17.100000381469727,17.200000762939453,10.090802192687988,1661500,
2005-02-17,17.200000762939453,17.200000762939453,16.899999618530273,16.899999618530273,9.914801597595215,1733700,
2005-02-18,17.0,17.0,16.899999618530273,17.0,9.973466873168945,609200,
2005-02-21,17.0,17.299999237060547,16.899999618530273,17.0,9.973466873168945,634500,
2005-02-22,17.0,17.0,16.899999618530273,17.0,9.973466873168945,3611500,
2005-02-24,16.899999618530273,17.100000381469727,16.899999618530273,17.0,9.973466873168945,2247900,
2005-02-25,17.100000381469727,17.100000381469727,17.0,17.100000381469727,10.032136917114258,1726000,
2005-02-28,17.100000381469727,17.100000381469727,17.0,17.0,9.973466873168945,417800,
2005-03-01,17.0,17.299999237060547,17.0,17.0,9.973466873168945,1852800,
2005-03-02,17.0,17.0,16.899999618530273,17.0,9.973466873168945,608700,
2005-03-03,17.0,17.0,16.899999618530273,17.0,9.973466873168945,648300,
2005-03-04,17.0,17.0,16.899999618530273,17.0,9.973466873168945,300600,
2005-03-07,17.0,17.100000381469727,17.0,17.0,9.973466873168945,643500,
2005-03-08,17.0,17.0,16.899999618530273,16.899999618530273,9.914801597595215,289700,
2005-03-09,16.899999618530273,17.100000381469727,16.899999618530273,16.899999618530273,9.914801597595215,648600,
2005-03-10,16.899999618530273,16.899999618530273,16.799999237060547,16.899999618530273,9.914801597595215,231600,
2005-03-11,16.799999237060547,16.899999618530273,16.799999237060547,16.799999237060547,9.856131553649902,207500,
2005-03-14,16.799999237060547,16.799999237060547,16.799999237060547,16.799999237060547,9.856131553649902,1037000,
2005-03-15,16.899999618530273,17.100000381469727,16.899999618530273,17.0,9.973466873168945,1537800,
2005-03-16,17.0,17.0,17.0,17.0,9.973466873168945,654800,
2005-03-17,16.899999618530273,17.100000381469727,16.899999618530273,17.0,9.973466873168945,683900,
2005-03-18,17.0,17.200000762939453,17.0,17.100000381469727,10.032136917114258,715500,
2005-03-21,17.100000381469727,17.200000762939453,17.0,17.0,9.973466873168945,940500,
2005-03-22,17.0,17.0,17.0,17.0,9.973466873168945,232500,
2005-03-23,17.0,17.0,17.0,17.0,9.973466873168945,918500,
2005-03-24,17.0,17.299999237060547,17.0,17.200000762939453,10.090802192687988,2065300,
2005-03-25,17.200000762939453,17.200000762939453,17.0,17.0,9.973466873168945,1055000,
2005-03-28,17.0,17.0,16.799999237060547,16.799999237060547,9.856131553649902,83400,
2005-03-29,16.899999618530273,17.0,16.899999618530273,16.899999618530273,9.914801597595215,155600,
2005-03-30,17.100000381469727,17.200000762939453,17.0,17.100000381469727,10.032136917114258,793400,
2005-03-31,16.799999237060547,16.799999237060547,16.700000762939453,16.700000762939453,10.032136917114258,58700,0.4
2005-04-01,16.799999237060547,16.899999618530273,16.799999237060547,16.799999237060547,10.092206001281738,278100,
2005-04-04,16.899999618530273,17.0,16.799999237060547,17.0,10.212352752685547,2006100,
2005-04-05,17.100000381469727,17.200000762939453,17.100000381469727,17.100000381469727,10.272425651550293,203700,
2005-04-07,17.0,17.100000381469727,17.0,17.100000381469727,10.272425651550293,671600,
2005-04-08,17.0,17.100000381469727,17.0,17.0,10.212352752685547,260700,
2005-04-11,17.100000381469727,17.100000381469727,17.0,17.0,10.212352752685547,35800,
2005-04-12,17.100000381469727,17.200000762939453,17.100000381469727,17.100000381469727,10.272425651550293,76000,
2005-04-18,17.0,17.100000381469727,17.0,17.0,10.212352752685547,353800,
2005-04-19,17.0,17.100000381469727,17.0,17.0,10.212352752685547,435600,
2005-04-20,17.100000381469727,17.100000381469727,17.100000381469727,17.100000381469727,10.272425651550293,391800,
2005-04-21,17.100000381469727,17.100000381469727,17.100000381469727,17.100000381469727,10.272425651550293,193200,
2005-04-22,17.100000381469727,17.200000762939453,17.100000381469727,17.200000762939453,10.332499504089355,360500,
2005-04-25,17.100000381469727,17.200000762939453,17.0,17.100000381469727,10.272425651550293,483400,
2005-04-26,17.200000762939453,17.399999618530273,17.200000762939453,17.200000762939453,10.332499504089355,2111700,
2005-04-27,17.299999237060547,17.299999237060547,17.200000762939453,17.200000762939453,10.332499504089355,306000,
2005-04-28,17.200000762939453,17.299999237060547,17.200000762939453,17.299999237060547,10.392570495605469,897800,
2005-04-29,17.299999237060547,17.299999237060547,17.200000762939453,17.299999237060547,10.392570495605469,416800,
2005-05-03,17.299999237060547,17.899999618530273,17.299999237060547,17.799999237060547,10.692934036254883,2920200,
2005-05-04,17.799999237060547,18.5,17.799999237060547,18.299999237060547,10.99329948425293,3118900,
2005-05-06,18.299999237060547,18.399999618530273,18.100000381469727,18.299999237060547,10.99329948425293,1075100,
2005-05-09,18.299999237060547,18.299999237060547,18.100000381469727,18.100000381469727,10.873150825500488,737600,
2005-05-10,18.200000762939453,18.700000762939453,18.200000762939453,18.5,11.113439559936523,3474200,
2005-05-11,18.5,18.5,18.399999618530273,18.5,11.113439559936523,293300,
2005-05-12,18.600000381469727,18.600000381469727,18.399999618530273,18.399999618530273,11.053372383117676,759700,
2005-05-13,18.399999618530273,18.799999237060547,18.399999618530273,18.600000381469727,11.173518180847168,1229100,
2005-05-16,18.600000381469727,18.600000381469727,18.299999237060547,18.299999237060547,10.99329948425293,401300,
2005-05-17,18.299999237060547,18.399999618530273,18.100000381469727,18.100000381469727,10.873150825500488,375100,
2005-05-18,18.200000762939453,18.200000762939453,18.100000381469727,18.200000762939453,10.933226585388184,273900,
2005-05-19,18.200000762939453,18.200000762939453,18.0,18.100000381469727,10.873150825500488,1346900,
2005-05-20,18.0,18.200000762939453,18.0,18.100000381469727,10.873150825500488,112100,
2005-05-24,18.200000762939453,18.700000762939453,18.200000762939453,18.700000762939453,11.233587265014648,1636300,
2005-05-25,18.899999618530273,19.0,18.5,18.600000381469727,11.173518180847168,680900,
2005-05-26,18.5,18.600000381469727,18.399999618530273,18.600000381469727,11.173518180847168,368400,
2005-05-27,18.600000381469727,18.600000381469727,18.5,18.600000381469727,11.173518180847168,606100,
2005-05-30,18.600000381469727,19.200000762939453,18.600000381469727,19.0,11.413806915283203,2723000,
2005-05-31,19.100000381469727,19.899999618530273,19.0,19.5,11.714170455932617,4751600,
2005-06-01,19.600000381469727,19.600000381469727,19.200000762939453,19.399999618530273,11.654097557067871,866200,
2005-06-02,19.399999618530273,19.5,19.399999618530273,19.399999618530273,11.654097557067871,1473000,
2005-06-03,19.399999618530273,19.5,19.200000762939453,19.399999618530273,11.654097557067871,1123100,
2005-06-06,19.399999618530273,19.399999618530273,18.799999237060547,18.799999237060547,11.293663024902344,1480200,
2005-06-07,18.899999618530273,19.100000381469727,18.799999237060547,18.899999618530273,11.353734016418457,353000,
2005-06-08,19.0,19.0,18.899999618530273,18.899999618530273,11.353734016418457,142400,
2005-06-09,19.0,19.0,18.799999237060547,19.0,11.413806915283203,260300,
2005-06-10,18.899999618530273,18.899999618530273,18.799999237060547,18.899999618530273,11.353734016418457,121800,
2005-06-13,18.899999618530273,18.899999618530273,18.700000762939453,18.700000762939453,11.233587265014648,509300,
2005-06-14,18.700000762939453,18.899999618530273,18.700000762939453,18.899999618530273,11.353734016418457,264600,
2005-06-15,18.799999237060547,19.200000762939453,18.799999237060547,19.100000381469727,11.473882675170898,2213100,
2005-06-16,19.100000381469727,19.100000381469727,18.799999237060547,18.899999618530273,11.353734016418457,173200,
2005-06-17,19.200000762939453,19.200000762939453,18.899999618530273,18.899999618530273,11.353734016418457,160500,
2005-06-20,18.899999618530273,18.899999618530273,18.899999618530273,18.899999618530273,11.353734016418457,296700,
2005-06-21,18.899999618530273,19.200000762939453,18.899999618530273,18.899999618530273,11.353734016418457,516100,
2005-06-22,19.0,19.0,18.899999618530273,19.0,11.413806915283203,514100,
2005-06-23,19.0,19.100000381469727,19.0,19.100000381469727,11.473882675170898,436700,
2005-06-24,19.0,19.100000381469727,18.899999618530273,18.899999618530273,11.353734016418457,306700,
2005-06-27,18.899999618530273,19.0,18.899999618530273,18.899999618530273,11.353734016418457,47100,
2005-06-28,18.899999618530273,19.0,18.899999618530273,19.0,11.413806915283203,19200,
2005-06-29,19.0,19.100000381469727,19.0,19.100000381469727,11.473882675170898,391600,
2005-06-30,19.0,19.100000381469727,18.899999618530273,19.0,11.413806915283203,836300,
2005-07-04,19.0,19.0,18.899999618530273,19.0,11.413806915283203,318600,
2005-07-05,18.799999237060547,18.899999618530273,18.799999237060547,18.799999237060547,11.293663024902344,99400,
2005-07-06,18.799999237060547,18.799999237060547,18.700000762939453,18.700000762939453,11.233587265014648,43000,
2005-07-07,18.700000762939453,18.700000762939453,17.5,18.0,10.813078880310059,1455600,
2005-07-08,18.100000381469727,18.399999618530273,18.100000381469727,18.299999237060547,10.99329948425293,116300,
2005-07-11,18.299999237060547,18.700000762939453,18.100000381469727,18.600000381469727,11.173518180847168,194900,
2005-07-12,18.700000762939453,19.0,18.700000762939453,19.0,11.413806915283203,324000,
2005-07-13,19.0,19.100000381469727,18.799999237060547,19.100000381469727,11.473882675170898,1381500,
2005-07-14,19.200000762939453,19.200000762939453,18.899999618530273,19.100000381469727,11.473882675170898,1193200,
2005-07-15,19.200000762939453,19.200000762939453,19.0,19.0,11.413806915283203,1496000,
2005-07-18,19.0,19.100000381469727,19.0,19.0,11.413806915283203,358000,
2005-07-19,19.0,19.0,19.0,19.0,11.413806915283203,694300,
2005-07-20,19.0,19.0,19.0,19.0,11.413806915283203,0,
2005-07-21,18.899999618530273,19.0,18.899999618530273,19.0,11.413806915283203,55200,
2005-07-25,19.0,19.100000381469727,19.0,19.0,11.413806915283203,401200,
2005-07-26,19.100000381469727,19.100000381469727,19.0,19.100000381469727,11.473882675170898,851400,
2005-07-27,19.100000381469727,19.200000762939453,19.100000381469727,19.200000762939453,11.533950805664062,366800,
2005-07-28,19.200000762939453,19.299999237060547,19.200000762939453,19.200000762939453,11.533950805664062,589600,
2005-07-29,19.200000762939453,19.5,19.200000762939453,19.399999618530273,11.654097557067871,520300,
2005-08-01,19.399999618530273,19.700000762939453,19.399999618530273,19.600000381469727,11.77424144744873,718400,
2005-08-02,19.600000381469727,19.600000381469727,19.399999618530273,19.399999618530273,11.654097557067871,268000,
2005-08-03,19.299999237060547,19.600000381469727,19.299999237060547,19.5,11.714170455932617,363700,
2005-08-04,19.399999618530273,19.700000762939453,19.399999618530273,19.700000762939453,11.834319114685059,1604800,
2005-08-05,19.700000762939453,20.5,19.600000381469727,20.399999618530273,12.25482177734375,3559500,
2005-08-08,20.399999618530273,21.200000762939453,20.399999618530273,21.0,12.61526107788086,1382800,
2005-08-09,21.0,21.299999237060547,21.0,21.100000381469727,12.675331115722656,771400,
2005-08-10,21.200000762939453,22.0,21.200000762939453,21.700000762939453,13.035768508911133,1279500,
2005-08-11,22.0,23.799999237060547,21.899999618530273,23.299999237060547,13.996933937072754,2552800,
2005-08-15,23.200000762939453,23.200000762939453,21.799999237060547,21.799999237060547,13.095841407775879,1174900,
2005-08-16,21.899999618530273,22.799999237060547,21.899999618530273,22.5,13.516351699829102,2240900,
2005-08-17,22.5,22.5,22.0,22.100000381469727,13.2760591506958,607900,
2005-08-18,22.299999237060547,22.399999618530273,22.100000381469727,22.100000381469727,13.2760591506958,737700,
2005-08-19,22.100000381469727,22.100000381469727,21.299999237060547,21.299999237060547,12.7954740524292,5708500,
2005-08-22,21.5,21.5,20.700000762939453,20.899999618530273,12.555185317993164,4192300,
2005-08-23,20.899999618530273,21.5,20.899999618530273,21.399999618530273,12.855551719665527,2554100,
2005-08-24,21.399999618530273,21.5,21.200000762939453,21.200000762939453,12.735404968261719,1019400,
2005-08-25,21.100000381469727,21.5,21.100000381469727,21.5,12.915624618530273,1505000,
2005-08-26,21.700000762939453,21.700000762939453,21.200000762939453,21.5,12.915624618530273,1622200,
2005-08-29,21.5,21.5,20.899999618530273,20.899999618530273,12.555185317993164,2635600,
2005-08-30,20.799999237060547,20.899999618530273,20.799999237060547,20.799999237060547,12.677080154418945,504100,0.3
2005-08-31,21.0,21.0,20.799999237060547,20.799999237060547,12.677080154418945,240700,
2005-09-01,21.0,21.0,20.700000762939453,20.799999237060547,12.677080154418945,1179700,
2005-09-02,20.799999237060547,20.799999237060547,20.600000381469727,20.600000381469727,12.555188179016113,1201900,
2005-09-05,20.600000381469727,20.799999237060547,20.600000381469727,20.700000762939453,12.616132736206055,2644200,
2005-09-06,20.899999618530273,21.0,20.799999237060547,21.0,12.798975944519043,3380000,
2005-09-07,21.200000762939453,21.799999237060547,21.100000381469727,21.799999237060547,13.286554336547852,1574600,
2005-09-08,21.899999618530273,23.0,21.899999618530273,22.799999237060547,13.89603328704834,3741100,
2005-09-09,23.100000381469727,23.200000762939453,23.0,23.0,14.017927169799805,2121500,
2005-09-12,23.0,23.0,22.299999237060547,22.5,13.713190078735352,522400,
2005-09-13,22.399999618530273,22.5,22.299999237060547,22.5,13.713190078735352,76900,
2005-09-14,22.5,23.100000381469727,22.5,22.899999618530273,13.956982612609863,611700,
2005-09-15,23.0,23.299999237060547,22.799999237060547,23.299999237060547,14.200772285461426,694800,
2005-09-16,23.399999618530273,23.399999618530273,23.299999237060547,23.299999237060547,14.200772285461426,236000,
2005-09-19,23.799999237060547,24.0,23.600000381469727,23.600000381469727,14.383614540100098,561900,
2005-09-20,23.600000381469727,23.700000762939453,23.299999237060547,23.700000762939453,14.44455623626709,245400,
2005-09-21,23.799999237060547,26.25,23.700000762939453,25.25,15.389246940612793,4635300,
2005-09-22,24.899999618530273,25.25,24.799999237060547,24.899999618530273,15.175932884216309,514800,
2005-09-23,25.0,26.25,25.0,25.25,15.389246940612793,1133800,
2005-09-26,25.75,26.25,25.25,25.5,15.54161262512207,1255000,
2005-09-27,25.75,26.0,25.5,25.5,15.54161262512207,625800,
2005-09-28,26.0,26.25,25.5,25.5,15.54161262512207,628600,
2005-09-29,25.75,25.75,25.5,25.75,15.693984031677246,111000,
2005-09-30,25.75,26.5,25.75,26.0,15.846352577209473,949700,
2005-10-03,25.75,26.25,25.75,26.0,15.846352577209473,135400,
2005-10-04,26.0,27.25,26.0,26.5,16.151086807250977,2837000,
2005-10-05,26.75,27.0,26.25,26.25,15.998722076416016,722000,
2005-10-06,26.5,26.75,26.25,26.25,15.998722076416016,181900,
2005-10-07,26.25,27.0,26.25,27.0,16.45583152770996,913100,
2005-10-10,26.75,27.75,26.5,26.5,16.151086807250977,1910400,
2005-10-11,26.5,26.5,24.899999618530273,26.0,15.846352577209473,2061100,
2005-10-12,26.0,26.25,25.75,26.0,15.846352577209473,587200,
2005-10-13,26.0,26.0,25.5,25.5,15.54161262512207,1108100,
2005-10-14,25.5,27.25,25.5,26.25,15.998722076416016,991600,
2005-10-17,26.5,26.75,26.25,26.75,16.303455352783203,1097600,
2005-10-18,27.0,28.0,27.0,27.0,16.45583152770996,2576900,
2005-10-19,27.25,27.5,27.0,27.0,16.45583152770996,526500,
2005-10-20,27.25,27.5,27.0,27.25,16.608200073242188,1453000,
2005-10-21,27.5,27.75,27.0,27.25,16.608200073242188,278200,
2005-10-25,27.0,27.0,26.0,26.5,16.151086807250977,721300,
2005-10-26,26.5,27.0,26.5,27.0,16.45583152770996,405800,
2005-10-27,26.75,27.0,26.5,26.75,16.303455352783203,1505900,
2005-10-28,26.75,26.75,26.5,26.75,16.303455352783203,537600,
2005-10-31,26.75,26.75,26.5,26.75,16.303455352783203,87100,
2005-11-01,26.5,26.75,26.5,26.5,16.151086807250977,789200,
2005-11-02,26.75,27.5,26.75,27.0,16.45583152770996,1994400,
2005-11-03,27.5,27.5,27.0,27.25,16.608200073242188,303000,
2005-11-04,27.25,28.0,27.25,27.5,16.760562896728516,694400,
2005-11-07,27.75,27.75,27.5,27.5,16.760562896728516,136400,
2005-11-08,27.5,27.5,27.25,27.25,16.608200073242188,442600,
2005-11-09,27.0,27.25,27.0,27.25,16.608200073242188,321200,
2005-11-10,27.0,27.0,27.0,27.0,16.45583152770996,45500,
2005-11-11,26.75,26.75,26.25,26.5,16.151086807250977,442500,
2005-11-14,26.5,26.5,26.5,26.5,16.151086807250977,104500,
2005-11-15,26.5,26.75,26.25,26.5,16.151086807250977,695800,
2005-11-16,26.25,26.25,25.75,25.75,15.693984031677246,923000,
2005-11-17,25.75,26.25,25.5,25.5,15.54161262512207,328200,
2005-11-18,25.5,25.75,25.25,25.5,15.54161262512207,796200,
2005-11-21,26.0,26.0,24.899999618530273,25.0,15.236875534057617,342500,
2005-11-22,25.0,25.25,24.899999618530273,25.25,15.389246940612793,776600,
2005-11-23,25.0,25.0,24.899999618530273,25.0,15.236875534057617,902000,
2005-11-24,25.25,25.25,25.25,25.25,15.389246940612793,1442900,
2005-11-25,25.5,26.25,25.5,26.0,15.846352577209473,971100,
2005-11-28,26.25,26.75,26.25,26.75,16.303455352783203,868300,
2005-11-29,26.75,27.0,26.5,27.0,16.45583152770996,402100,
2005-11-30,27.25,27.25,27.0,27.0,16.45583152770996,1233400,
2005-12-01,27.0,27.25,26.75,26.75,16.303455352783203,181300,
2005-12-02,26.75,26.75,26.5,26.5,16.151086807250977,256500,
2005-12-06,26.75,27.5,26.5,27.5,16.760562896728516,915800,
2005-12-07,27.5,29.0,27.5,28.75,17.52240753173828,1941600,
2005-12-08,29.0,29.0,27.5,28.0,17.06529998779297,756000,
2005-12-09,28.0,28.0,28.0,28.0,17.06529998779297,475600,
2005-12-13,28.25,28.25,27.25,27.25,16.608200073242188,1044400,
2005-12-14,27.5,27.75,27.5,27.75,16.912939071655273,361200,
2005-12-15,27.75,27.75,27.25,27.5,16.760562896728516,229900,
2005-12-16,27.5,27.5,27.25,27.5,16.760562896728516,53600,
2005-12-19,27.5,27.5,27.0,27.25,16.608200073242188,65500,
2005-12-20,27.5,28.75,27.5,28.75,17.52240753173828,626400,
2005-12-21,28.5,28.5,28.25,28.5,17.370040893554688,110600,
2005-12-22,28.0,28.0,27.75,27.75,16.912939071655273,191200,
2005-12-23,28.0,28.0,28.0,28.0,17.06529998779297,72900,
2005-12-26,28.0,28.75,28.0,28.75,17.52240753173828,279000,
2005-12-27,29.0,29.25,28.0,28.0,17.06529998779297,646600,
2005-12-28,28.25,29.0,28.25,29.0,17.67477798461914,439100,
2005-12-29,29.25,30.0,29.0,29.5,17.979522705078125,772100,
2005-12-30,30.0,30.0,29.5,29.5,17.979522705078125,1032700,
2006-01-03,29.75,30.5,29.5,30.5,18.588987350463867,538400,
2006-01-04,30.5,31.75,30.5,31.0,18.893726348876953,1729100,
2006-01-05,31.5,33.5,31.25,32.0,19.50320053100586,2440400,
2006-01-06,32.0,32.5,32.0,32.25,19.65557289123535,570200,
2006-01-09,32.5,34.25,32.5,33.75,20.56978416442871,677500,
2006-01-10,35.0,35.0,33.25,34.25,20.874523162841797,1407000,
2006-01-11,34.0,34.5,33.75,34.25,20.874523162841797,425600,
2006-01-12,34.0,34.25,33.5,34.0,20.722152709960938,479900,
2006-01-13,34.0,34.25,33.5,33.75,20.56978416442871,605700,
2006-01-16,33.0,34.0,32.5,33.75,20.56978416442871,639300,
2006-01-17,33.75,34.25,33.5,33.75,20.56978416442871,386200,
2006-01-18,33.5,34.0,33.0,33.5,20.417415618896484,477500,
2006-01-19,33.5,33.75,33.5,33.5,20.417415618896484,224600,
2006-01-20,33.5,33.5,31.0,31.0,18.893726348876953,1370400,
2006-01-23,31.0,31.0,29.0,30.0,18.284257888793945,3947900,
2006-01-24,30.0,30.75,30.0,30.5,18.588987350463867,624800,
2006-01-25,30.75,32.0,30.75,32.0,19.50320053100586,1927100,
2006-01-26,32.5,32.5,31.75,32.0,19.50320053100586,404000,
2006-01-27,32.25,32.5,32.25,32.5,19.807937622070312,235900,
2006-01-30,32.5,32.75,32.0,32.5,19.807937622070312,367700,
2006-01-31,32.25,32.5,32.0,32.25,19.65557289123535,166700,
2006-02-01,32.25,32.25,31.75,32.0,19.50320053100586,1176800,
2006-02-02,32.0,32.0,31.25,32.0,19.50320053100586,678800,
2006-02-03,32.0,32.0,31.75,32.0,19.50320053100586,393000,
2006-02-06,32.5,35.0,32.25,34.25,20.874523162841797,2348000,
2006-02-07,34.25,34.75,34.0,34.0,20.722152709960938,1309900,
2006-02-08,34.25,34.5,33.5,34.5,21.02688980102539,207400,
2006-02-09,34.25,34.75,34.0,34.25,20.874523162841797,626300,
2006-02-10,34.5,34.75,34.25,34.25,20.874523162841797,190000,
2006-02-13,34.25,34.25,34.25,34.25,20.874523162841797,0,
2006-02-14,34.25,34.25,33.0,33.75,20.56978416442871,632800,
2006-02-15,33.5,33.75,33.5,33.75,20.56978416442871,136500,
2006-02-16,33.75,34.0,33.5,33.75,20.56978416442871,111900,
2006-02-17,34.0,34.5,33.5,33.5,20.417415618896484,459500,
2006-02-20,34.0,34.0,33.5,33.75,20.56978416442871,152300,
2006-02-21,34.0,34.0,33.5,33.5,20.417415618896484,155100,
2006-02-22,33.5,33.5,33.0,33.25,20.265047073364258,607500,
2006-02-23,33.5,34.0,33.5,33.5,20.417415618896484,816800,
2006-02-24,33.25,33.75,33.25,33.75,20.56978416442871,493000,
2006-02-27,33.5,33.75,33.5,33.75,20.56978416442871,366700,
2006-02-28,33.75,33.75,33.5,33.5,20.417415618896484,388300,
2006-03-01,33.5,34.75,33.25,34.25,20.874523162841797,1533000,
2006-03-02,34.25,34.25,33.75,33.75,20.56978416442871,976800,
2006-03-03,33.75,34.0,33.5,33.75,20.56978416442871,595200,
2006-03-06,33.75,33.75,32.5,32.75,19.96031379699707,905700,
2006-03-07,32.75,32.75,31.25,31.75,19.3508358001709,985100,
2006-03-08,31.0,31.5,30.5,31.0,18.893726348876953,1523500,
2006-03-09,30.5,31.25,30.5,31.0,18.893726348876953,432600,
2006-03-10,31.0,31.25,30.75,30.75,18.741357803344727,130900,
2006-03-13,30.75,31.0,30.5,30.75,18.741357803344727,160700,
2006-03-14,30.75,31.25,30.75,31.25,19.04609489440918,444900,
2006-03-15,31.5,31.5,31.0,31.25,19.04609489440918,283000,
2006-03-16,31.25,31.5,31.0,31.25,19.04609489440918,214500,
2006-03-17,31.25,31.25,30.75,31.0,18.893726348876953,171100,
2006-03-20,31.0,31.25,31.0,31.0,18.893726348876953,55000,
2006-03-21,31.0,31.5,31.0,31.25,19.04609489440918,232500,
2006-03-22,31.25,31.25,30.5,31.0,18.893726348876953,1245800,
2006-03-23,31.0,31.25,31.0,31.0,18.893726348876953,229300,
2006-03-24,31.0,31.5,31.0,31.25,19.04609489440918,172300,
2006-03-27,31.25,31.75,31.25,31.75,19.3508358001709,104700,
2006-03-28,31.75,31.75,31.5,31.5,19.198469161987305,459700,
2006-03-29,31.5,31.75,31.25,31.75,19.3508358001709,361000,
2006-03-30,31.5,32.0,31.25,32.0,19.50320053100586,307400,
2006-03-31,31.25,31.75,31.0,31.25,19.317752838134766,120300,0.45
2006-04-03,31.5,32.5,31.5,32.5,20.090463638305664,248000,
2006-04-04,32.25,33.75,32.0,33.25,20.55409049987793,1033200,
2006-04-05,34.25,35.0,34.0,34.25,21.17226219177246,2020100,
2006-04-06,34.25,34.25,34.25,34.25,21.17226219177246,0,
2006-04-07,34.5,34.75,34.0,34.75,21.481340408325195,1401600,
2006-04-10,34.0,34.25,34.0,34.25,21.17226219177246,141800,
2006-04-11,33.75,34.0,33.25,34.0,21.017715454101562,403500,
2006-04-12,34.0,35.5,34.0,35.5,21.944971084594727,1442200,
2006-04-13,35.5,35.5,35.5,35.5,21.944971084594727,0,
2006-04-14,35.5,35.5,35.5,35.5,21.944971084594727,0,
2006-04-17,35.5,36.0,35.5,35.75,22.09951400756836,464500,
2006-04-18,35.75,36.25,35.5,36.0,22.254047393798828,467300,
2006-04-19,36.0,36.0,36.0,36.0,22.254047393798828,0,
2006-04-20,36.25,36.5,36.0,36.25,22.40859603881836,307200,
2006-04-21,36.25,36.5,36.0,36.25,22.40859603881836,846600,
2006-04-24,36.25,36.25,36.0,36.0,22.254047393798828,192700,
2006-04-25,36.0,36.0,35.75,35.75,22.09951400756836,289000,
2006-04-26,35.75,36.0,35.5,36.0,22.254047393798828,627900,
2006-04-27,35.75,36.5,35.75,36.25,22.40859603881836,580400,
2006-04-28,36.0,37.0,36.0,36.75,22.71767807006836,349200,
2006-05-01,36.75,36.75,36.75,36.75,22.71767807006836,0,
2006-05-02,36.75,37.25,36.75,37.0,22.872217178344727,344500,
2006-05-03,37.0,37.25,36.25,36.5,22.563138961791992,1489900,
2006-05-04,36.5,36.5,36.25,36.5,22.563138961791992,163900,
2006-05-05,36.5,36.5,36.5,36.5,22.563138961791992,0,
2006-05-08,36.5,36.5,36.0,36.0,22.254047393798828,273300,
2006-05-09,36.0,36.25,35.75,35.75,22.09951400756836,321900,
2006-05-10,36.25,36.25,35.75,36.0,22.254047393798828,169100,
2006-05-11,36.0,36.25,35.5,36.25,22.40859603881836,416600,
2006-05-12,36.25,36.25,36.25,36.25,22.40859603881836,0,
2006-05-15,36.0,36.25,35.75,36.0,22.254047393798828,166300,
2006-05-16,36.25,36.25,34.5,36.0,22.254047393798828,630900,
2006-05-17,35.75,35.75,35.5,35.5,21.944971084594727,179200,
2006-05-18,35.5,35.5,35.0,35.5,21.944971084594727,403900,
2006-05-19,34.5,35.5,34.5,35.5,21.944971084594727,359800,
2006-05-22,35.25,35.25,32.75,33.75,20.863174438476562,898100,
2006-05-23,33.75,35.0,33.5,35.0,21.63587760925293,277300,
2006-05-24,35.0,35.0,33.5,34.25,21.17226219177246,267300,
2006-05-25,34.5,34.5,32.0,32.0,19.78137969970703,585000,
2006-05-26,32.0,33.5,31.75,33.0,20.39954376220703,301800,
2006-05-29,32.5,33.0,32.25,32.75,20.245006561279297,419400,
2006-05-30,32.5,32.75,32.5,32.5,20.090463638305664,545600,
2006-05-31,32.5,32.75,32.0,32.0,19.78137969970703,930700,
2006-06-01,32.25,32.5,32.0,32.5,20.090463638305664,369200,
2006-06-02,32.75,33.5,32.5,33.25,20.55409049987793,721100,
2006-06-05,33.0,33.25,32.75,33.0,20.39954376220703,92000,
2006-06-06,32.75,32.75,32.0,32.5,20.090463638305664,833600,
2006-06-07,32.5,32.5,31.25,32.5,20.090463638305664,741400,
2006-06-08,32.0,32.25,31.5,31.75,19.6268367767334,354100,
2006-06-09,32.0,32.25,32.0,32.0,19.78137969970703,149900,
2006-06-12,32.0,32.0,32.0,32.0,19.78137969970703,0,
2006-06-13,32.0,32.0,32.0,32.0,19.78137969970703,0,
2006-06-14,32.0,32.0,31.5,32.0,19.78137969970703,441000,
2006-06-15,32.0,32.5,31.5,32.25,19.93592071533203,597400,
2006-06-16,32.75,32.75,32.25,32.75,20.245006561279297,258000,
2006-06-19,32.75,32.75,32.25,32.5,20.090463638305664,637000,
2006-06-20,32.5,32.5,32.0,32.25,19.93592071533203,176400,
2006-06-21,32.0,32.25,31.75,32.25,19.93592071533203,103900,
2006-06-22,32.25,32.25,32.0,32.0,19.78137969970703,439100,
2006-06-23,32.0,32.0,31.75,31.75,19.6268367767334,258500,
2006-06-26,31.75,32.0,31.75,32.0,19.78137969970703,230100,
2006-06-27,32.0,32.5,32.0,32.5,20.090463638305664,272400,
2006-06-28,32.25,32.75,32.25,32.75,20.245006561279297,443600,
2006-06-29,32.75,33.25,32.75,33.0,20.39954376220703,910700,
2006-06-30,33.25,33.5,32.75,32.75,20.245006561279297,719300,
2006-07-03,33.0,33.25,32.75,33.25,20.55409049987793,741000,
2006-07-04,33.25,34.0,33.25,34.0,21.017715454101562,1437700,
2006-07-05,33.75,33.75,33.5,33.5,20.708633422851562,286900,
2006-07-06,33.75,33.75,33.5,33.75,20.863174438476562,477100,
2006-07-07,33.75,34.5,33.25,33.25,20.55409049987793,1026300,
2006-07-10,33.5,33.75,33.5,33.75,20.863174438476562,130600,
2006-07-11,33.75,33.75,33.75,33.75,20.863174438476562,0,
2006-07-12,33.5,33.75,33.25,33.25,20.55409049987793,367100,
2006-07-13,33.25,33.25,32.75,33.25,20.55409049987793,1868500,
2006-07-14,32.75,33.0,32.5,32.75,20.245006561279297,315400,
2006-07-17,32.5,33.0,32.5,33.0,20.39954376220703,597600,
2006-07-18,33.25,33.5,33.0,33.5,20.708633422851562,748600,
2006-07-19,33.75,33.75,33.25,33.5,20.708633422851562,307100,
2006-07-20,34.0,34.25,33.75,34.0,21.017715454101562,802500,
2006-07-21,34.25,35.25,34.25,35.0,21.63587760925293,2150200,
2006-07-24,34.5,34.75,34.25,34.25,21.17226219177246,88700,
2006-07-25,34.75,35.25,34.75,34.75,21.481340408325195,472300,
2006-07-26,35.0,35.5,35.0,35.5,21.944971084594727,639200,
2006-07-27,35.75,37.0,35.75,36.5,22.563138961791992,2306600,
2006-07-28,36.5,36.5,36.0,36.25,22.40859603881836,220000,
2006-07-31,36.25,36.25,35.25,35.5,21.944971084594727,405800,
2006-08-01,36.0,36.0,34.25,34.5,21.326797485351562,524000,
2006-08-02,35.0,35.0,34.75,35.0,21.63587760925293,107400,
2006-08-03,35.0,35.5,35.0,35.0,21.63587760925293,34700,
2006-08-04,35.0,35.75,35.0,35.5,21.944971084594727,304600,
2006-08-07,35.25,36.0,34.75,35.75,22.09951400756836,231600,
2006-08-08,35.75,36.0,35.25,35.25,21.79042625427246,1381900,
2006-08-09,35.25,35.25,35.0,35.0,21.63587760925293,68500,
2006-08-10,35.25,35.25,34.75,35.0,21.63587760925293,1111700,
2006-08-11,35.5,35.75,35.5,35.75,22.09951400756836,48700,
2006-08-14,35.75,35.75,35.75,35.75,22.09951400756836,0,
2006-08-15,35.75,36.75,35.75,36.5,22.563138961791992,288400,
2006-08-16,36.75,38.0,36.5,37.75,23.335845947265625,1193200,
2006-08-17,38.0,38.0,37.5,38.0,23.490386962890625,543900,
2006-08-18,38.0,38.0,37.5,37.5,23.181303024291992,336300,
2006-08-21,37.5,37.75,37.5,37.5,23.181303024291992,48500,
2006-08-22,37.5,37.75,37.5,37.75,23.335845947265625,200800,
2006-08-23,37.5,37.75,37.5,37.75,23.335845947265625,158700,
2006-08-24,37.0,37.25,36.25,36.75,22.71767807006836,618800,
2006-08-25,36.5,36.5,36.5,36.5,22.563138961791992,70500,
2006-08-28,36.5,36.5,36.0,36.25,22.40859603881836,186400,
2006-08-29,36.0,36.0,35.75,35.75,22.2839298248291,162000,0.3
2006-08-30,36.0,36.25,35.75,36.25,22.595596313476562,258100,
2006-08-31,36.0,36.25,36.0,36.25,22.595596313476562,311700,
2006-09-01,36.25,36.25,35.75,35.75,22.2839298248291,713000,
2006-09-04,35.75,37.0,35.75,37.0,23.063087463378906,393800,
2006-09-05,36.25,36.5,36.25,36.25,22.595596313476562,124900,
2006-09-06,36.5,37.0,36.25,37.0,23.063087463378906,159500,
2006-09-07,37.0,37.25,36.25,37.0,23.063087463378906,298700,
2006-09-08,37.5,37.5,37.0,37.5,23.374744415283203,122200,
2006-09-11,37.5,37.5,37.0,37.0,23.063087463378906,110100,
2006-09-12,37.25,37.25,37.0,37.25,23.218921661376953,81500,
2006-09-13,37.5,39.0,37.5,38.5,23.998077392578125,744700,
2006-09-14,38.5,38.5,37.75,37.75,23.530580520629883,456900,
2006-09-15,38.0,38.25,38.0,38.0,23.68641471862793,325900,
2006-09-18,37.5,39.0,37.25,39.0,24.30974578857422,356200,
2006-09-19,38.75,39.0,38.0,38.0,23.68641471862793,224300,
2006-09-20,38.0,38.0,38.0,38.0,23.68641471862793,0,
2006-09-21,36.25,38.75,36.25,38.5,23.998077392578125,887000,
2006-09-22,38.75,38.75,38.0,38.0,23.68641471862793,666400,
2006-09-25,38.25,38.5,38.25,38.5,23.998077392578125,69300,
2006-09-26,38.25,39.5,38.25,39.0,24.30974578857422,556800,
2006-09-27,39.0,39.0,38.75,38.75,24.15390968322754,134000,
2006-09-28,38.75,39.0,38.75,38.75,24.15390968322754,60700,
2006-09-29,38.5,38.5,37.25,37.25,23.218921661376953,731700,
2006-10-02,37.75,37.75,37.0,37.0,23.063087463378906,314200,
2006-10-03,37.0,37.0,36.25,37.0,23.063087463378906,1225600,
2006-10-04,37.0,37.25,37.0,37.25,23.218921661376953,178800,
2006-10-05,37.5,38.5,37.5,38.25,23.842248916625977,538700,
2006-10-06,38.5,38.75,38.0,38.0,23.68641471862793,504000,
2006-10-09,38.0,38.75,38.0,38.25,23.842248916625977,406100,
2006-10-10,38.5,38.75,38.0,38.25,23.842248916625977,293400,
2006-10-11,38.0,38.0,37.25,37.25,23.218921661376953,1016300,
2006-10-12,37.5,37.5,37.0,37.5,23.374744415283203,722600,
2006-10-13,37.5,37.5,36.75,37.0,23.063087463378906,589400,
2006-10-16,37.25,37.75,37.0,37.75,23.530580520629883,801800,
2006-10-17,37.25,37.75,37.25,37.5,23.374744415283203,397200,
2006-10-18,37.5,37.75,37.25,37.75,23.530580520629883,451200,
2006-10-19,37.5,38.0,37.0,37.0,23.063087463378906,245500,
2006-10-20,37.0,37.25,36.5,36.75,22.907258987426758,3934700,
2006-10-23,36.75,36.75,36.75,36.75,22.907258987426758,0,
2006-10-24,37.25,37.25,37.0,37.25,23.218921661376953,2189100,
2006-10-25,37.25,37.5,37.25,37.25,23.218921661376953,689600,
2006-10-26,37.25,37.5,37.25,37.25,23.218921661376953,232100,
2006-10-27,37.75,37.75,37.0,37.0,23.063087463378906,324900,
2006-10-30,37.0,37.0,36.5,36.75,22.907258987426758,3655100,
2006-10-31,36.75,37.0,36.75,36.75,22.907258987426758,1215500,
2006-11-01,37.0,38.0,37.0,38.0,23.68641471862793,749100,
2006-11-02,38.0,38.0,37.25,37.25,23.218921661376953,854600,
2006-11-03,37.25,37.5,37.25,37.5,23.374744415283203,177900,
2006-11-06,37.25,37.25,37.0,37.0,23.063087463378906,2281600,
2006-11-07,37.5,37.5,36.75,36.75,22.907258987426758,4622200,
2006-11-08,37.0,37.25,37.0,37.0,23.063087463378906,226000,
2006-11-09,37.0,37.0,36.25,36.25,22.595596313476562,1192900,
2006-11-10,36.5,37.0,36.0,36.25,22.595596313476562,2715700,
2006-11-13,36.5,36.5,36.25,36.5,22.75142478942871,316200,
2006-11-14,36.5,36.75,36.25,36.25,22.595596313476562,458100,
2006-11-15,36.5,36.5,36.25,36.5,22.75142478942871,447900,
2006-11-16,36.5,36.5,35.5,36.25,22.595596313476562,22098400,
2006-11-17,36.25,36.75,36.25,36.5,22.75142478942871,352400,
2006-11-20,36.5,36.5,36.5,36.5,22.75142478942871,714200,
2006-11-21,36.5,36.5,35.75,35.75,22.2839298248291,1444,
2006-11-22,36.0,36.5,36.0,36.25,22.595596313476562,207,
2006-11-23,36.25,36.75,36.25,36.5,22.75142478942871,136,
2006-11-24,36.5,36.5,36.5,36.5,22.75142478942871,265100,
2006-11-27,36.5,36.75,36.5,36.75,22.907258987426758,442,
2006-11-28,36.0,36.5,36.0,36.25,22.595596313476562,134,
2006-11-29,36.25,36.5,36.25,36.5,22.75142478942871,289,
2006-11-30,36.75,36.75,36.5,36.5,22.75142478942871,263,
2006-12-01,36.5,37.0,36.5,36.75,22.907258987426758,330,
2006-12-04,37.0,37.5,36.75,37.5,23.374744415283203,1125,
2006-12-05,37.5,37.5,37.5,37.5,23.374744415283203,0,
2006-12-06,37.75,38.25,37.75,38.25,23.842248916625977,2489,
2006-12-07,38.0,39.75,37.75,39.75,24.777238845825195,1887,
2006-12-08,39.75,39.75,38.75,39.5,24.621402740478516,964,
2006-12-11,39.5,39.5,39.5,39.5,24.621402740478516,0,
2006-12-12,39.0,39.0,38.0,39.0,24.30974578857422,497500,
2006-12-13,39.0,39.5,38.75,39.5,24.621402740478516,442,
2006-12-14,38.75,39.5,38.0,38.5,23.998077392578125,358,
2006-12-15,38.25,39.25,38.25,39.25,24.465566635131836,192,
2006-12-18,39.25,39.25,38.5,38.5,23.998077392578125,306,
2006-12-19,35.5,36.75,34.75,36.5,22.75142478942871,3669,
2006-12-20,37.5,38.25,36.5,37.5,23.374744415283203,2035600,
2006-12-21,37.5,38.0,36.0,37.75,23.530580520629883,912,
2006-12-22,38.0,38.0,36.5,37.5,23.374744415283203,148,
2006-12-25,36.75,37.25,36.5,36.75,22.907258987426758,165600,
2006-12-26,37.5,37.75,37.5,37.75,23.530580520629883,203,
2006-12-27,37.75,37.75,37.5,37.75,23.530580520629883,244300,
2006-12-28,37.5,38.0,37.0,37.5,23.374744415283203,335400,
2006-12-29,37.25,37.25,36.75,37.0,23.063087463378906,474,
2007-01-03,36.0,36.75,36.0,36.5,22.75142478942871,982900,
2007-01-04,36.5,36.5,36.0,36.0,22.439760208129883,132200,
2007-01-05,36.5,36.5,34.5,35.25,21.972259521484375,3223500,
2007-01-08,34.5,35.75,34.5,35.0,21.816434860229492,513400,
2007-01-09,35.5,35.5,34.25,34.25,21.348947525024414,405200,
2007-01-10,33.25,34.5,33.25,34.0,21.193113327026367,920300,
2007-01-11,34.0,35.0,34.0,34.75,21.66060447692871,450200,
2007-01-12,34.5,34.75,34.25,34.5,21.50476837158203,343500,
2007-01-15,34.75,36.25,34.75,36.0,22.439760208129883,947500,
2007-01-16,36.25,36.25,35.5,35.75,22.2839298248291,331300,
2007-01-17,36.0,36.0,35.75,35.75,22.2839298248291,479900,
2007-01-18,35.75,36.0,35.75,35.75,22.2839298248291,545800,
2007-01-19,35.75,36.0,35.5,35.75,22.2839298248291,168200,
2007-01-22,35.75,36.0,35.75,35.75,22.2839298248291,407600,
2007-01-23,35.5,36.25,35.5,36.25,22.595596313476562,834100,
2007-01-24,36.25,36.25,35.75,35.75,22.2839298248291,147500,
2007-01-25,36.0,36.25,35.75,36.0,22.439760208129883,327700,
2007-01-26,36.0,36.25,36.0,36.25,22.595596313476562,95200,
2007-01-29,36.25,36.25,36.0,36.0,22.439760208129883,156800,
2007-01-30,36.0,36.25,36.0,36.25,22.595596313476562,127700,
2007-01-31,36.0,36.0,36.0,36.0,22.439760208129883,87900,
2007-02-01,36.25,36.25,36.25,36.25,22.595596313476562,80000,
2007-02-02,36.5,37.75,36.5,37.0,23.063087463378906,807100,
2007-02-05,36.75,37.25,36.75,37.0,23.063087463378906,264500,
2007-02-06,37.25,37.25,37.0,37.0,23.063087463378906,287000,
2007-02-07,37.25,37.5,37.25,37.25,23.218921661376953,435400,
2007-02-08,37.25,37.5,37.0,37.0,23.063087463378906,201400,
2007-02-09,37.25,37.25,36.75,36.75,22.907258987426758,270200,
2007-02-12,36.75,37.5,36.75,37.5,23.374744415283203,230200,
2007-02-13,37.5,37.5,37.0,37.0,23.063087463378906,334400,
2007-02-14,37.25,37.75,37.25,37.5,23.374744415283203,660400,
2007-02-15,37.75,37.75,37.0,37.0,23.063087463378906,243500,
2007-02-16,37.0,37.5,37.0,37.25,23.218921661376953,410700,
2007-02-19,37.25,37.25,37.0,37.0,23.063087463378906,53300,
2007-02-20,37.5,37.5,37.25,37.5,23.374744415283203,244000,
2007-02-21,37.25,37.5,37.0,37.0,23.063087463378906,762600,
2007-02-22,37.0,37.25,36.75,36.75,22.907258987426758,285300,
2007-02-23,37.0,37.5,37.0,37.0,23.063087463378906,493800,
2007-02-26,37.5,37.5,37.0,37.25,23.218921661376953,163900,
2007-02-27,37.25,37.25,36.75,36.75,22.907258987426758,279800,
2007-02-28,36.5,37.25,36.0,37.25,23.218921661376953,481200,
2007-03-01,37.5,37.5,37.0,37.0,23.063087463378906,391700,
2007-03-02,37.0,37.25,36.75,36.75,22.907258987426758,1093300,
2007-03-06,36.75,37.25,36.25,37.25,23.218921661376953,358000,
2007-03-07,37.0,37.0,36.75,36.75,22.907258987426758,35300,
2007-03-08,37.0,37.0,36.75,36.75,22.907258987426758,11800,
2007-03-09,36.75,37.0,36.75,36.75,22.907258987426758,18600,
2007-03-12,36.75,37.0,36.75,37.0,23.063087463378906,245300,
2007-03-13,36.75,37.0,36.75,36.75,22.907258987426758,293000,
2007-03-14,37.0,37.5,37.0,37.5,23.374744415283203,262500,
2007-03-15,37.75,39.0,37.75,38.5,23.998077392578125,1250300,
2007-03-16,38.5,38.5,38.25,38.25,23.842248916625977,31900,
2007-03-19,38.0,38.0,37.75,37.75,23.530580520629883,112400,
2007-03-20,37.75,39.0,37.75,38.5,23.998077392578125,368600,
2007-03-21,38.5,39.25,38.25,39.0,24.30974578857422,441800,
2007-03-22,39.25,39.5,39.0,39.25,24.465566635131836,361000,
2007-03-23,39.25,39.25,39.0,39.25,24.465566635131836,214100,
2007-03-26,39.25,39.5,39.0,39.25,24.465566635131836,63100,
2007-03-27,39.25,40.25,39.25,40.0,24.933061599731445,798900,
2007-03-28,40.0,41.0,40.0,40.75,25.400564193725586,735700,
2007-03-29,41.0,41.0,40.25,40.75,25.400564193725586,356300,
2007-03-30,40.0,40.0,39.75,39.75,25.05390739440918,887100,0.45
2007-04-02,39.75,40.0,39.75,39.75,25.05390739440918,206700,
2007-04-03,40.0,41.0,40.0,40.75,25.684192657470703,569600,
2007-04-04,40.75,41.25,40.75,41.0,25.841760635375977,373700,
2007-04-05,41.25,41.25,41.0,41.0,25.841760635375977,403000,
2007-04-09,41.0,42.0,41.0,41.75,26.31447410583496,419200,
2007-04-10,41.25,41.75,41.25,41.75,26.31447410583496,186800,
2007-04-11,41.25,41.5,40.5,41.0,25.841760635375977,252800,
2007-04-12,41.0,41.75,41.0,41.0,25.841760635375977,235700,
2007-04-17,41.0,41.5,41.0,41.5,26.156911849975586,343500,
2007-04-18,41.25,41.75,41.25,41.25,25.999326705932617,155800,
2007-04-19,41.5,41.5,41.0,41.25,25.999326705932617,168900,
2007-04-20,41.75,42.75,41.5,42.25,26.62961769104004,268200,
2007-04-23,42.25,42.25,42.0,42.0,26.4720516204834,40400,
2007-04-24,42.25,44.5,42.25,44.25,27.890195846557617,804300,
2007-04-25,46.0,46.5,45.75,45.75,28.835628509521484,1328400,
2007-04-26,45.75,46.75,45.25,46.0,28.993206024169922,248200,
2007-04-27,46.0,46.25,45.75,46.25,29.150772094726562,384600,
2007-04-30,46.5,51.0,46.5,48.5,30.56892204284668,914000,
2007-05-02,49.0,49.5,49.0,49.5,31.199209213256836,1038300,
2007-05-03,49.75,50.5,49.5,50.0,31.514341354370117,1336300,
2007-05-04,49.75,50.0,49.75,49.75,31.356765747070312,665600,
2007-05-08,50.0,52.0,50.0,50.5,31.829483032226562,702300,
2007-05-09,51.0,51.0,49.75,50.0,31.514341354370117,210300,
2007-05-10,50.0,50.0,48.5,49.25,31.04163360595703,442000,
2007-05-11,49.0,49.0,46.75,47.5,29.938629150390625,899900,
2007-05-14,48.25,48.5,47.75,48.25,30.41135025024414,574300,
2007-05-15,48.25,48.25,47.5,47.5,29.938629150390625,216000,
2007-05-16,47.75,48.25,47.5,48.25,30.41135025024414,126200,
2007-05-17,48.25,49.0,48.25,48.75,30.726486206054688,148400,
2007-05-18,49.0,50.0,49.0,50.0,31.514341354370117,439900,
2007-05-21,49.0,49.5,48.75,48.75,30.726486206054688,196100,
2007-05-22,49.0,49.0,48.5,48.5,30.56892204284668,172400,
2007-05-23,48.5,48.5,47.25,47.25,29.78106117248535,730500,
2007-05-24,47.25,47.5,47.0,47.25,29.78106117248535,536000,
2007-05-25,47.25,47.5,47.0,47.25,29.78106117248535,150100,
2007-05-28,47.0,47.25,47.0,47.0,29.623483657836914,307500,
2007-05-29,47.0,47.25,45.75,46.75,29.465909957885742,710300,
2007-05-30,46.0,46.75,46.0,46.5,29.308351516723633,337200,
2007-06-01,46.5,46.5,46.25,46.5,29.308351516723633,820300,
2007-06-04,46.5,46.5,46.25,46.5,29.308351516723633,947900,
2007-06-05,46.25,46.25,45.75,46.0,28.993206024169922,955600,
2007-06-06,46.0,46.0,46.0,46.0,28.993206024169922,79200,
2007-06-07,46.0,46.25,45.75,46.25,29.150772094726562,23300,
2007-06-08,46.5,48.5,46.25,48.0,30.253774642944336,1476700,
2007-06-11,48.5,49.5,48.5,49.25,31.04163360595703,863700,
2007-06-12,49.75,49.75,48.75,48.75,30.726486206054688,738900,
2007-06-13,48.75,48.75,47.0,47.0,29.623483657836914,226900,
2007-06-14,48.0,48.25,47.5,47.75,30.096202850341797,103100,
2007-06-15,48.0,48.0,47.25,48.0,30.253774642944336,209000,
2007-06-18,48.25,49.0,48.25,48.5,30.56892204284668,480700,
2007-06-19,48.5,48.75,48.0,48.0,30.253774642944336,272000,
2007-06-20,48.0,48.5,48.0,48.25,30.41135025024414,197300,
2007-06-21,48.5,49.25,48.5,48.75,30.726486206054688,885600,
2007-06-22,49.0,50.0,49.0,49.25,31.04163360595703,535400,
2007-06-25,49.25,49.75,49.0,49.0,30.884061813354492,216800,
2007-06-26,49.0,49.5,48.0,48.0,30.253774642944336,728700,
2007-06-27,48.5,48.5,48.0,48.25,30.41135025024414,575700,
2007-06-28,48.5,48.5,47.5,48.25,30.41135025024414,979500,
2007-06-29,48.25,48.75,47.75,47.75,30.096202850341797,1025100,
2007-07-02,48.0,48.5,47.75,48.0,30.253774642944336,1966400,
2007-07-03,48.25,48.5,48.0,48.0,30.253774642944336,1925600,
2007-07-04,48.25,48.75,48.0,48.5,30.56892204284668,1978500,
2007-07-05,49.0,49.0,48.0,48.0,30.253774642944336,1450700,
2007-07-06,48.25,48.5,48.0,48.5,30.56892204284668,1050300,
2007-07-09,48.5,48.5,48.25,48.5,30.56892204284668,1409700,
2007-07-10,48.5,48.5,48.25,48.5,30.56892204284668,1666400,
2007-07-11,48.5,48.5,48.0,48.0,30.253774642944336,1253100,
2007-07-12,48.0,48.5,48.0,48.5,30.56892204284668,522700,
2007-07-13,48.5,48.5,48.0,48.0,30.253774642944336,1804100,
2007-07-16,48.5,48.5,48.25,48.5,30.56892204284668,750400,
2007-07-17,48.5,48.5,48.25,48.5,30.56892204284668,761400,
2007-07-18,48.25,48.5,48.25,48.25,30.41135025024414,411700,
2007-07-19,48.0,48.25,48.0,48.25,30.41135025024414,677800,
2007-07-20,48.25,48.5,48.0,48.0,30.253774642944336,481800,
2007-07-23,47.75,48.25,47.75,48.25,30.41135025024414,567800,
2007-07-24,48.0,48.25,48.0,48.25,30.41135025024414,543200,
2007-07-25,48.25,48.5,47.75,48.0,30.253774642944336,1234500,
2007-07-26,48.0,48.25,47.75,48.25,30.41135025024414,584700,
2007-07-27,48.0,48.0,47.5,48.0,30.253774642944336,385200,
2007-07-31,48.0,48.0,47.5,47.75,30.096202850341797,201200,
2007-08-01,47.5,47.5,46.5,46.5,29.308351516723633,598400,
2007-08-02,47.25,47.25,46.0,46.5,29.308351516723633,303000,
2007-08-03,46.5,46.75,46.25,46.5,29.308351516723633,283500,
2007-08-06,46.25,46.25,45.75,46.0,28.993206024169922,217700,
2007-08-07,46.0,46.25,46.0,46.25,29.150772094726562,203900,
2007-08-08,46.0,46.0,45.5,46.0,28.993206024169922,499300,
2007-08-09,46.0,46.0,45.75,45.75,28.835628509521484,519000,
2007-08-10,45.0,45.5,44.5,45.25,28.520483016967773,441100,
2007-08-14,45.25,45.25,43.25,43.5,27.41748809814453,486900,
2007-08-15,42.25,42.5,41.0,41.0,25.841760635375977,765400,
2007-08-16,39.75,39.75,37.5,39.5,24.896329879760742,4096700,
2007-08-17,39.25,42.0,38.25,42.0,26.742862701416016,1505200,0.4
2007-08-20,43.0,43.0,42.5,43.0,27.379592895507812,688100,
2007-08-21,42.75,43.5,41.0,41.0,26.10613250732422,1280600,
2007-08-22,41.5,41.75,41.25,41.75,26.583677291870117,470700,
2007-08-23,42.75,43.75,42.25,43.5,27.69795799255371,1180100,
2007-08-24,43.5,43.75,43.0,43.5,27.69795799255371,114900,
2007-08-27,43.75,43.75,43.25,43.5,27.69795799255371,321700,
2007-08-28,43.75,44.0,43.0,43.75,27.857158660888672,181900,
2007-08-29,43.25,43.75,42.75,43.75,27.857158660888672,413400,
2007-08-30,43.5,43.5,43.25,43.25,27.53878402709961,70900,
2007-08-31,43.5,44.0,43.25,43.75,27.857158660888672,311200,
2007-09-03,43.5,43.75,43.0,43.5,27.69795799255371,142000,
2007-09-04,44.0,44.25,43.75,44.0,28.01633071899414,122200,
2007-09-05,44.0,44.75,44.0,44.5,28.33469581604004,241200,
2007-09-06,44.5,44.75,43.75,44.25,28.175514221191406,273900,
2007-09-07,44.5,44.5,43.75,44.0,28.01633071899414,206700,
2007-09-10,43.5,43.5,42.75,43.0,27.379592895507812,280800,
2007-09-11,42.75,43.0,42.75,43.0,27.379592895507812,265300,
2007-09-12,43.0,43.25,43.0,43.0,27.379592895507812,168000,
2007-09-13,43.25,43.75,43.25,43.25,27.53878402709961,42700,
2007-09-14,43.25,43.25,43.0,43.0,27.379592895507812,147200,
2007-09-17,43.25,43.25,43.0,43.0,27.379592895507812,120600,
2007-09-18,43.0,43.25,42.75,43.25,27.53878402709961,321300,
2007-09-19,43.0,43.0,43.0,43.0,27.379592895507812,159700,
2007-09-20,43.0,43.0,42.0,42.0,26.742862701416016,330000,
2007-09-21,42.0,43.0,42.0,42.75,27.220428466796875,254600,
2007-09-24,42.75,43.0,42.75,42.75,27.220428466796875,413300,
2007-09-25,43.0,43.5,42.75,43.25,27.53878402709961,878300,
2007-09-26,43.5,45.5,43.25,45.5,28.971431732177734,795200,
2007-09-27,45.5,46.0,45.25,45.5,28.971431732177734,799300,
2007-09-28,45.25,45.5,44.75,44.75,28.493879318237305,474900,
2007-10-01,44.75,45.5,44.75,45.25,28.812259674072266,64300,
2007-10-02,45.5,46.25,45.5,46.0,29.2898006439209,330900,
2007-10-03,46.0,46.25,45.25,45.25,28.812259674072266,351700,
2007-10-04,45.0,45.5,45.0,45.5,28.971431732177734,222200,
2007-10-05,45.5,45.75,45.5,45.5,28.971431732177734,320600,
2007-10-08,45.5,45.75,45.5,45.75,29.1306209564209,265300,
2007-10-09,45.5,46.0,45.5,45.5,28.971431732177734,861900,
2007-10-10,46.0,46.0,45.75,46.0,29.2898006439209,258200,
2007-10-11,46.0,46.75,45.75,46.25,29.448984146118164,308400,
2007-10-12,46.25,46.5,46.0,46.25,29.448984146118164,521400,
2007-10-15,46.5,46.5,45.75,46.0,29.2898006439209,566200,
2007-10-16,45.5,45.5,45.0,45.25,28.812259674072266,366700,
2007-10-17,45.5,45.75,44.25,44.25,28.175514221191406,382000,
2007-10-18,44.25,44.75,44.0,44.75,28.493879318237305,238200,
2007-10-19,45.25,45.5,45.0,45.5,28.971431732177734,878300,
2007-10-22,44.75,45.0,44.5,44.75,28.493879318237305,517300,
2007-10-24,45.0,45.0,44.75,45.0,28.65306854248047,1052700,
2007-10-25,44.75,45.0,44.25,44.75,28.493879318237305,943000,
2007-10-26,45.0,45.0,44.5,44.5,28.33469581604004,254800,
2007-10-29,46.0,46.25,45.25,45.5,28.971431732177734,1468200,
2007-10-30,45.5,45.5,44.75,44.75,28.493879318237305,612400,
2007-10-31,45.0,45.0,44.25,44.25,28.175514221191406,502200,
2007-11-01,44.75,44.75,43.75,44.25,28.175514221191406,655400,
2007-11-02,44.0,44.0,43.25,43.75,27.857158660888672,549900,
2007-11-05,43.5,43.5,42.75,43.25,27.53878402709961,735400,
2007-11-06,43.5,44.0,43.5,44.0,28.01633071899414,270800,
2007-11-07,44.0,44.25,43.25,43.75,27.857158660888672,772900,
2007-11-08,43.0,43.5,43.0,43.25,27.53878402709961,319300,
2007-11-09,43.0,43.5,43.0,43.5,27.69795799255371,158000,
2007-11-12,42.5,44.75,42.5,44.75,28.493879318237305,298400,
2007-11-13,44.0,44.0,43.5,44.0,28.01633071899414,347300,
2007-11-14,43.0,44.25,43.0,44.25,28.175514221191406,690000,
2007-11-15,44.25,44.25,43.25,43.25,27.53878402709961,155600,
2007-11-16,43.25,43.25,42.75,43.0,27.379592895507812,126100,
2007-11-19,43.0,43.0,42.25,42.5,27.061229705810547,210000,
2007-11-20,42.25,42.5,41.5,42.5,27.061229705810547,382600,
2007-11-21,42.0,42.0,40.0,40.25,25.628576278686523,655200,
2007-11-22,39.5,39.75,39.5,39.75,25.31021499633789,816600,
2007-11-23,39.75,40.75,39.5,40.75,25.946949005126953,228100,
2007-11-26,40.75,41.25,40.5,41.0,26.10613250732422,431400,
2007-11-27,40.75,40.75,40.75,40.75,25.946949005126953,1230700,
2007-11-28,40.75,41.0,40.75,40.75,25.946949005126953,283500,
2007-11-29,41.0,41.25,40.75,41.0,26.10613250732422,171100,
2007-11-30,41.0,41.0,39.75,40.0,25.469388961791992,753600,
2007-12-03,40.0,40.0,39.0,39.25,24.99184799194336,860200,
2007-12-04,39.0,39.75,38.75,39.75,25.31021499633789,184000,
2007-12-06,39.75,40.0,39.0,39.5,25.151025772094727,488300,
2007-12-07,39.5,39.75,39.0,39.5,25.151025772094727,480500,
2007-12-11,39.5,39.5,38.75,39.0,24.83266258239746,575900,
2007-12-12,39.0,39.0,38.5,38.75,24.673477172851562,215400,
2007-12-13,38.75,38.75,38.25,38.25,24.355104446411133,318500,
2007-12-14,37.75,39.25,37.75,38.5,24.514291763305664,259300,
2007-12-17,38.5,38.75,38.0,38.25,24.355104446411133,175900,
2007-12-18,38.25,39.25,38.25,39.25,24.99184799194336,359200,
2007-12-19,39.25,39.5,39.25,39.25,24.99184799194336,1531300,
2007-12-20,39.5,39.5,38.25,38.25,24.355104446411133,932000,
2007-12-21,39.0,39.0,38.5,39.0,24.83266258239746,257500,
2007-12-24,39.0,39.0,39.0,39.0,24.83266258239746,0,
2007-12-25,39.0,40.5,39.0,40.5,25.787763595581055,946500,
2007-12-26,40.5,40.5,39.5,40.5,25.787763595581055,469800,
2007-12-27,40.5,41.0,40.25,41.0,26.10613250732422,489300,
2007-12-28,41.0,41.0,40.0,40.5,25.787763595581055,567000,
2008-01-02,41.0,41.0,39.75,39.75,25.31021499633789,99100,
2008-01-03,39.5,40.25,39.5,40.25,25.628576278686523,427100,
2008-01-04,40.0,40.25,39.5,39.75,25.31021499633789,799700,
2008-01-07,39.75,40.0,39.75,40.0,25.469388961791992,185700,
2008-01-08,39.75,40.0,39.5,40.0,25.469388961791992,323200,
2008-01-09,40.0,40.0,39.5,40.0,25.469388961791992,503300,
2008-01-10,40.0,41.0,39.75,40.0,25.469388961791992,978700,
2008-01-11,40.0,40.25,39.75,40.0,25.469388961791992,176400,
2008-01-14,39.75,40.5,39.75,40.5,25.787763595581055,292900,
2008-01-15,40.5,40.75,40.25,40.75,25.946949005126953,238700,
2008-01-16,39.75,40.0,39.25,39.75,25.31021499633789,1725200,
2008-01-17,39.25,39.5,39.25,39.5,25.151025772094727,598800,
2008-01-18,39.5,39.5,38.5,39.0,24.83266258239746,1223000,
2008-01-21,39.0,39.0,37.0,37.0,23.559186935424805,673400,
2008-01-22,36.25,36.25,34.75,35.0,22.285717010498047,1009300,
2008-01-23,35.5,35.75,35.0,35.75,22.763269424438477,539500,
2008-01-24,35.0,35.0,33.25,33.25,21.171432495117188,1115000,
2008-01-25,34.0,34.75,33.75,34.75,22.126535415649414,839700,
2008-01-28,34.5,35.0,34.25,35.0,22.285717010498047,450300,
2008-01-29,35.0,35.5,34.75,35.0,22.285717010498047,1034500,
2008-01-30,35.25,36.0,35.0,36.0,22.922452926635742,1682200,
2008-01-31,36.0,36.75,35.75,36.75,23.40001106262207,948500,
2008-02-01,37.0,38.0,37.0,37.0,23.559186935424805,1425700,
2008-02-04,37.25,37.75,37.0,37.75,24.036741256713867,1245000,
2008-02-05,38.0,38.25,37.75,38.25,24.355104446411133,310900,
2008-02-06,37.25,37.75,37.25,37.75,24.036741256713867,336100,
2008-02-07,38.25,38.25,38.0,38.0,24.195920944213867,49100,
2008-02-08,38.0,38.5,38.0,38.5,24.514291763305664,571200,
2008-02-11,39.0,39.75,38.75,39.0,24.83266258239746,458000,
2008-02-12,39.25,39.75,39.25,39.25,24.99184799194336,203300,
2008-02-13,40.0,40.0,39.75,39.75,25.31021499633789,67200,
2008-02-14,40.0,40.25,39.75,40.0,25.469388961791992,718100,
2008-02-15,39.75,40.0,39.75,40.0,25.469388961791992,376600,
2008-02-18,40.0,40.0,39.5,39.75,25.31021499633789,359300,
2008-02-19,39.25,39.75,38.75,39.75,25.31021499633789,1148100,
2008-02-20,39.75,39.75,39.25,39.75,25.31021499633789,463800,
2008-02-22,39.5,39.5,39.25,39.25,24.99184799194336,619700,
2008-02-25,39.25,39.5,39.0,39.0,24.83266258239746,219800,
2008-02-26,39.5,39.5,39.0,39.0,24.83266258239746,391000,
2008-02-27,39.0,39.0,38.5,38.75,24.673477172851562,746700,
2008-02-28,38.75,38.75,38.75,38.75,24.673477172851562,781700,
2008-02-29,38.75,38.75,37.0,37.0,23.559186935424805,1657700,
2008-03-03,37.75,37.75,35.25,35.75,22.763269424438477,1397100,
2008-03-04,36.25,36.75,36.0,36.0,22.922452926635742,931100,
2008-03-05,36.5,36.5,35.75,36.0,22.922452926635742,513700,
2008-03-06,35.75,35.75,35.0,35.5,22.60409164428711,808200,
2008-03-07,35.5,35.5,34.5,35.0,22.285717010498047,1265800,
2008-03-10,35.0,35.25,34.5,34.75,22.126535415649414,804100,
2008-03-11,34.75,35.25,34.25,34.75,22.126535415649414,463300,
2008-03-12,35.25,35.25,34.75,35.0,22.285717010498047,427600,
2008-03-13,35.0,35.25,34.5,35.0,22.285717010498047,1366600,
2008-03-14,34.75,35.0,34.5,34.75,22.126535415649414,708100,
2008-03-17,34.75,34.75,34.0,34.5,21.96735191345215,424400,
2008-03-18,34.5,34.5,33.5,34.25,21.808164596557617,1384200,
2008-03-19,34.5,34.5,34.0,34.25,21.808164596557617,891700,
2008-03-20,34.25,34.25,33.5,33.75,21.48980140686035,474300,
2008-03-21,34.0,34.25,34.0,34.25,21.808164596557617,117100,
2008-03-24,34.0,34.25,34.0,34.25,21.808164596557617,27300,
2008-03-25,34.25,34.25,33.5,33.5,21.33061408996582,682200,
2008-03-26,33.5,34.25,33.5,34.25,21.808164596557617,433400,
2008-03-27,34.5,34.75,34.5,34.5,21.96735191345215,264400,
2008-03-28,34.5,34.75,34.25,34.75,22.126535415649414,618600,
2008-03-31,34.75,34.75,34.0,34.0,21.648984909057617,674100,
2008-04-01,34.5,34.5,33.5,33.75,21.48980140686035,1030600,
2008-04-02,34.25,34.25,32.25,32.75,20.85306739807129,4093100,
2008-04-03,32.75,33.25,32.75,33.0,21.01224708557129,1241900,
2008-04-04,33.25,33.25,33.0,33.0,21.01224708557129,743500,
2008-04-08,33.25,33.5,33.25,33.25,21.171432495117188,287000,
2008-04-09,33.25,33.25,32.5,32.75,20.85306739807129,547300,
2008-04-10,33.0,33.25,32.75,33.25,21.171432495117188,532300,
2008-04-11,33.25,33.25,32.75,32.75,20.85306739807129,146300,
2008-04-16,33.0,33.25,31.5,31.5,20.05714225769043,1652400,
2008-04-17,31.5,31.75,30.75,31.0,19.73877716064453,1925500,
2008-04-18,31.5,31.5,31.0,31.25,19.89796257019043,1536200,
2008-04-21,31.25,32.0,31.25,31.75,20.216331481933594,3431100,
2008-04-22,32.0,33.0,32.0,32.25,20.534698486328125,1468100,
2008-04-23,32.5,32.5,32.0,32.25,20.534698486328125,554600,
2008-04-24,32.5,32.5,32.25,32.25,20.534698486328125,345000,
2008-04-25,32.5,32.75,32.0,32.5,20.69388198852539,420100,
2008-04-28,32.75,32.75,32.5,32.5,20.69388198852539,752100,
2008-04-29,32.0,32.25,31.75,32.0,20.629409790039062,514900,0.4
2008-04-30,32.0,32.75,32.0,32.25,20.790578842163086,377700,
2008-05-02,32.5,33.25,32.25,33.0,21.274085998535156,604300,
2008-05-06,33.75,35.0,33.75,35.0,22.56342315673828,2031100,
2008-05-07,35.5,35.5,34.25,35.0,22.56342315673828,1263800,
2008-05-08,34.75,35.75,34.75,35.0,22.56342315673828,911200,
2008-05-09,35.25,35.5,35.0,35.25,22.724590301513672,1276200,
2008-05-12,35.5,36.25,35.5,36.0,23.208084106445312,1974200,
2008-05-13,36.0,36.25,35.25,35.5,22.885761260986328,1726100,
2008-05-14,35.5,35.75,35.0,35.0,22.56342315673828,260700,
2008-05-15,35.0,35.5,34.75,35.25,22.724590301513672,2758800,
2008-05-16,35.0,35.5,34.75,35.0,22.56342315673828,2469300,
2008-05-20,35.0,35.25,34.25,34.25,22.07992172241211,1714200,
2008-05-21,34.25,35.0,34.0,34.5,22.241086959838867,453100,
2008-05-22,34.5,34.75,34.25,34.75,22.40226173400879,924100,
2008-05-23,34.75,36.5,34.75,36.0,23.208084106445312,1358200,
2008-05-26,35.75,36.0,35.0,35.5,22.885761260986328,554600,
2008-05-27,35.5,37.0,35.5,36.5,23.530426025390625,801400,
2008-05-28,36.5,38.0,36.5,37.75,24.336257934570312,1945600,
2008-05-29,38.0,38.25,37.0,37.25,24.013925552368164,1117500,
2008-05-30,37.25,38.25,37.25,37.5,24.175092697143555,638200,
2008-06-02,37.0,37.0,34.75,35.0,22.56342315673828,1286800,
2008-06-03,34.5,35.25,34.5,35.25,22.724590301513672,1147900,
2008-06-04,35.25,36.25,35.25,36.0,23.208084106445312,1318900,
2008-06-05,36.5,36.75,35.75,36.75,23.69159698486328,936300,
2008-06-06,36.75,37.75,36.75,37.75,24.336257934570312,937900,
2008-06-09,37.5,37.5,36.75,37.25,24.013925552368164,638800,
2008-06-10,37.5,37.75,36.5,37.25,24.013925552368164,566900,
2008-06-11,37.0,37.0,36.5,36.5,23.530426025390625,299500,
2008-06-12,36.25,36.25,34.75,35.0,22.56342315673828,1688000,
2008-06-13,35.25,35.25,34.75,34.75,22.40226173400879,876600,
2008-06-16,34.75,36.5,34.75,36.0,23.208084106445312,2149500,
2008-06-17,36.0,36.0,35.75,36.0,23.208084106445312,621000,
2008-06-18,36.0,37.0,35.75,35.75,23.046920776367188,1673700,
2008-06-19,36.0,36.0,35.25,36.0,23.208084106445312,1732000,
2008-06-20,35.25,35.75,35.0,35.75,23.046920776367188,895900,
2008-06-23,35.75,35.75,34.75,35.0,22.56342315673828,347800,
2008-06-24,35.0,35.0,34.75,34.75,22.40226173400879,298000,
2008-06-25,35.0,35.5,35.0,35.25,22.724590301513672,267700,
2008-06-26,35.0,35.25,34.0,34.5,22.241086959838867,909300,
2008-06-27,34.5,36.0,34.0,35.5,22.885761260986328,967700,
2008-06-30,35.5,35.5,35.25,35.25,22.724590301513672,157000,
2008-07-02,35.25,36.0,35.25,36.0,23.208084106445312,1256100,
2008-07-03,36.0,36.0,35.0,36.0,23.208084106445312,765600,
2008-07-04,35.5,36.0,35.5,35.75,23.046920776367188,11000,
2008-07-07,35.75,35.75,35.5,35.5,22.885761260986328,312800,
2008-07-08,35.75,35.75,35.25,35.5,22.885761260986328,240700,
2008-07-09,35.75,36.0,35.75,36.0,23.208084106445312,1522500,
2008-07-10,35.75,37.0,35.75,36.5,23.530426025390625,1110000,
2008-07-11,36.5,36.75,35.75,35.75,23.046920776367188,1243400,
2008-07-14,36.0,36.75,35.75,36.0,23.208084106445312,519300,
2008-07-15,36.5,36.5,35.0,35.0,22.56342315673828,188400,
2008-07-16,35.0,36.0,34.75,35.5,22.885761260986328,366000,
2008-07-18,36.0,36.0,35.0,36.0,23.208084106445312,521900,
2008-07-21,36.0,37.0,35.5,37.0,23.852758407592773,305600,
2008-07-22,37.0,37.0,36.0,36.75,23.69159698486328,380500,
2008-07-23,37.25,38.0,36.5,36.75,23.69159698486328,368800,
2008-07-24,37.25,37.25,36.75,36.75,23.69159698486328,325900,
2008-07-25,36.25,37.0,36.25,36.75,23.69159698486328,399700,
2008-07-28,36.75,37.0,36.25,36.5,23.530426025390625,847300,
2008-07-29,36.5,36.5,35.75,35.75,23.046920776367188,98300,
2008-07-30,36.25,36.5,35.75,36.5,23.530426025390625,183800,
2008-07-31,37.0,37.0,36.5,36.75,23.69159698486328,436100,
2008-08-01,36.75,36.75,36.0,36.5,23.530426025390625,420300,
2008-08-04,36.75,37.0,36.75,37.0,23.852758407592773,276600,
2008-08-05,37.0,37.0,36.25,36.5,23.530426025390625,281700,
2008-08-06,36.75,37.0,36.5,36.75,23.69159698486328,296500,
2008-08-07,37.0,37.75,36.75,36.75,23.69159698486328,1746500,
2008-08-08,37.25,37.75,37.0,37.75,24.336257934570312,911500,
2008-08-11,38.0,38.5,37.75,37.75,24.336257934570312,1358000,
2008-08-13,37.75,39.0,37.75,38.5,24.81976890563965,1526300,
2008-08-14,39.0,39.0,38.25,38.25,24.658597946166992,1447000,
2008-08-15,38.75,39.0,38.25,39.0,25.142101287841797,796200,
2008-08-18,39.25,39.5,39.0,39.5,25.46443748474121,606200,
2008-08-19,39.0,39.25,38.5,39.0,25.399311065673828,336700,0.4
2008-08-20,38.75,39.0,38.25,38.5,25.07367515563965,304700,
2008-08-21,38.5,38.75,38.0,38.0,24.748046875,272400,
2008-08-22,38.0,38.0,37.75,38.0,24.748046875,580300,
2008-08-25,38.0,38.0,36.75,36.75,23.933963775634766,223700,
2008-08-26,36.75,37.0,36.25,37.0,24.09678077697754,328900,
2008-08-27,37.0,37.5,36.75,37.25,24.259592056274414,436000,
2008-08-28,37.5,37.75,37.25,37.25,24.259592056274414,106800,
2008-08-29,37.5,37.5,37.0,37.5,24.422412872314453,166400,
2008-09-01,37.0,37.5,37.0,37.0,24.09678077697754,62000,
2008-09-02,36.75,36.75,36.0,36.75,23.933963775634766,256500,
2008-09-03,36.5,36.75,36.5,36.5,23.771146774291992,80900,
2008-09-04,36.25,36.75,36.0,36.75,23.933963775634766,282100,
2008-09-05,36.0,36.25,35.5,35.75,23.28270149230957,1036400,
2008-09-08,35.75,36.25,35.75,36.25,23.60832977294922,72300,
2008-09-09,35.75,35.75,35.0,35.75,23.28270149230957,1546200,
2008-09-10,36.0,36.0,35.25,35.5,23.11988639831543,190100,
2008-09-11,35.0,35.0,33.0,33.0,21.491722106933594,846100,
2008-09-12,33.25,34.25,33.25,34.25,22.305801391601562,252500,
2008-09-15,34.5,34.5,34.0,34.5,22.4686222076416,266800,
2008-09-16,34.0,34.0,33.25,33.75,21.980173110961914,421500,
2008-09-17,33.75,34.0,33.5,34.0,22.142988204956055,309900,
2008-09-18,33.25,33.25,31.75,33.0,21.491722106933594,287500,
2008-09-19,32.75,33.75,32.75,33.75,21.980173110961914,110400,
2008-09-22,33.75,33.75,33.25,33.25,21.654542922973633,123800,
2008-09-23,33.25,33.25,32.25,32.5,21.166093826293945,130000,
2008-09-24,32.75,33.5,32.5,33.5,21.817352294921875,848500,
2008-09-25,33.5,33.5,32.5,32.75,21.328901290893555,172600,
2008-09-26,32.0,33.0,32.0,33.0,21.491722106933594,179100,
2008-09-29,32.75,33.0,32.0,32.5,21.166093826293945,410300,
2008-09-30,31.0,32.25,30.75,32.0,20.8404541015625,610800,
2008-10-01,32.5,32.5,32.0,32.5,21.166093826293945,78900,
2008-10-02,32.25,32.5,32.0,32.5,21.166093826293945,124500,
2008-10-03,32.25,32.5,31.75,31.75,20.677644729614258,498900,
2008-10-06,31.0,31.0,29.75,30.5,19.86355972290039,330200,
2008-10-07,28.5,29.0,28.0,28.0,18.235403060913086,463700,
2008-10-08,27.0,27.75,25.5,27.0,17.584136962890625,899300,
2008-10-09,26.75,28.25,26.5,27.25,17.7469539642334,233300,
2008-10-10,25.5,25.75,24.700000762939453,24.799999237060547,16.151357650756836,362900,
2008-10-13,24.5,24.5,24.100000381469727,24.399999618530273,15.890850067138672,660700,
2008-10-14,25.75,26.0,25.25,25.75,16.770061492919922,520900,
2008-10-15,25.75,26.0,25.5,25.5,16.607242584228516,329300,
2008-10-16,25.0,25.5,24.5,25.5,16.607242584228516,106100,
2008-10-17,25.5,25.5,25.0,25.0,16.281604766845703,117000,
2008-10-20,24.700000762939453,24.899999618530273,24.5,24.5,15.955978393554688,455800,
2008-10-21,24.799999237060547,25.0,24.700000762939453,24.700000762939453,16.086231231689453,102100,
2008-10-22,24.700000762939453,25.25,24.700000762939453,25.0,16.281604766845703,102300,
2008-10-24,24.700000762939453,24.899999618530273,24.0,24.399999618530273,15.890850067138672,295900,
2008-10-27,25.0,25.0,22.5,22.5,14.653450965881348,150200,
2008-10-28,24.5,24.5,23.0,23.700000762939453,15.434969902038574,266300,
2008-10-29,24.0,24.0,22.600000381469727,22.799999237060547,14.84882640838623,204600,
2008-10-30,22.799999237060547,22.799999237060547,22.200000762939453,22.299999237060547,14.52319622039795,324100,
2008-10-31,22.299999237060547,22.299999237060547,21.600000381469727,22.0,14.327815055847168,297600,
2008-11-03,22.200000762939453,22.700000762939453,22.200000762939453,22.399999618530273,14.5883207321167,306300,
2008-11-04,22.399999618530273,22.399999618530273,22.100000381469727,22.299999237060547,14.52319622039795,458000,
2008-11-05,22.299999237060547,23.5,22.299999237060547,23.5,15.304708480834961,903900,
2008-11-06,22.799999237060547,23.100000381469727,22.799999237060547,23.100000381469727,15.044208526611328,396900,
2008-11-07,22.899999618530273,23.0,22.5,22.799999237060547,14.84882640838623,610000,
2008-11-10,23.0,23.0,21.600000381469727,21.700000762939453,14.132436752319336,1007900,
2008-11-11,21.700000762939453,21.700000762939453,20.799999237060547,20.899999618530273,13.61142635345459,895700,
2008-11-12,20.700000762939453,20.700000762939453,19.200000762939453,19.399999618530273,12.634526252746582,987700,
2008-11-13,19.200000762939453,19.299999237060547,18.0,18.399999618530273,11.983264923095703,1271600,
2008-11-14,18.799999237060547,19.299999237060547,18.100000381469727,18.200000762939453,11.853011131286621,778200,
2008-11-17,18.200000762939453,18.700000762939453,18.200000762939453,18.700000762939453,12.178644180297852,238100,
2008-11-18,18.700000762939453,18.700000762939453,18.200000762939453,18.299999237060547,11.91813850402832,232300,
2008-11-19,18.299999237060547,19.0,17.899999618530273,19.0,12.3740234375,939300,
2008-11-20,18.100000381469727,18.399999618530273,18.100000381469727,18.200000762939453,11.853011131286621,228600,
2008-11-21,18.200000762939453,18.600000381469727,18.0,18.399999618530273,11.983264923095703,460600,
2008-11-24,18.299999237060547,18.399999618530273,18.0,18.299999237060547,11.91813850402832,651600,
2008-11-25,18.799999237060547,19.100000381469727,18.5,19.0,12.3740234375,769300,
2008-11-26,18.399999618530273,19.0,18.399999618530273,19.0,12.3740234375,104000,
2008-11-27,18.799999237060547,19.100000381469727,18.799999237060547,19.0,12.3740234375,198400,
2008-11-28,19.100000381469727,19.100000381469727,18.600000381469727,18.799999237060547,12.243765830993652,276500,
2008-12-01,18.799999237060547,18.799999237060547,18.0,18.200000762939453,11.853011131286621,380900,
2008-12-02,17.799999237060547,18.100000381469727,17.600000381469727,17.700000762939453,11.527379989624023,1111900,
2008-12-03,18.200000762939453,18.200000762939453,17.0,17.299999237060547,11.266874313354492,594800,
2008-12-04,17.0,17.700000762939453,17.0,17.200000762939453,11.201748847961426,818700,
2008-12-08,17.5,18.100000381469727,17.5,18.100000381469727,11.787882804870605,325200,
2008-12-09,18.100000381469727,18.5,18.0,18.0,11.722756385803223,341300,
2008-12-11,18.299999237060547,18.299999237060547,18.0,18.299999237060547,11.91813850402832,488000,
2008-12-12,18.200000762939453,18.299999237060547,18.0,18.299999237060547,11.91813850402832,135200,
2008-12-15,18.399999618530273,19.100000381469727,18.399999618530273,19.100000381469727,12.439146041870117,520700,
2008-12-16,19.100000381469727,21.200000762939453,19.100000381469727,20.5,13.350918769836426,814800,
2008-12-17,20.600000381469727,21.299999237060547,20.5,20.799999237060547,13.546295166015625,584000,
2008-12-18,20.799999237060547,21.200000762939453,20.600000381469727,21.200000762939453,13.806806564331055,398100,
2008-12-19,21.0,21.200000762939453,20.899999618530273,20.899999618530273,13.61142635345459,140100,
2008-12-22,20.799999237060547,21.100000381469727,20.700000762939453,21.0,13.676552772521973,428000,
2008-12-23,21.0,21.0,20.399999618530273,20.799999237060547,13.546295166015625,409100,
2008-12-24,20.5,20.799999237060547,20.100000381469727,20.799999237060547,13.546295166015625,65800,
2008-12-25,20.700000762939453,20.700000762939453,20.5,20.700000762939453,13.48117446899414,165800,
2008-12-26,20.799999237060547,20.799999237060547,20.600000381469727,20.700000762939453,13.48117446899414,183300,
2008-12-29,20.600000381469727,20.700000762939453,20.200000762939453,20.700000762939453,13.48117446899414,143600,
2008-12-30,20.600000381469727,21.399999618530273,20.600000381469727,21.200000762939453,13.806806564331055,536800,
2009-01-02,21.200000762939453,21.200000762939453,21.200000762939453,21.200000762939453,13.806806564331055,0,
2009-01-05,21.299999237060547,22.0,21.0,21.5,14.00218391418457,721800,
2009-01-06,21.600000381469727,21.700000762939453,20.700000762939453,20.700000762939453,13.48117446899414,388700,
2009-01-07,20.799999237060547,20.799999237060547,20.299999237060547,20.5,13.350918769836426,2327500,
2009-01-08,20.399999618530273,20.5,20.299999237060547,20.299999237060547,13.220664978027344,217200,
2009-01-09,20.299999237060547,20.5,20.200000762939453,20.299999237060547,13.220664978027344,1054300,
2009-01-12,20.5,20.5,20.100000381469727,20.299999237060547,13.220664978027344,1182100,
2009-01-13,20.200000762939453,20.200000762939453,20.0,20.200000762939453,13.155543327331543,811900,
2009-01-14,20.200000762939453,20.299999237060547,20.100000381469727,20.100000381469727,13.090415000915527,340300,
2009-01-15,19.899999618530273,20.399999618530273,19.899999618530273,20.0,13.025287628173828,250000,
2009-01-16,20.299999237060547,20.399999618530273,20.299999237060547,20.399999618530273,13.285789489746094,13000,
2009-01-19,20.399999618530273,20.600000381469727,20.299999237060547,20.600000381469727,13.416045188903809,98400,
2009-01-20,20.299999237060547,20.399999618530273,20.200000762939453,20.299999237060547,13.220664978027344,222800,
2009-01-21,20.299999237060547,21.200000762939453,20.299999237060547,21.200000762939453,13.806806564331055,93400,
2009-01-22,21.0,21.299999237060547,20.600000381469727,21.0,13.676552772521973,101000,
2009-01-23,20.799999237060547,21.100000381469727,20.799999237060547,21.100000381469727,13.741682052612305,114100,
2009-01-26,21.100000381469727,21.100000381469727,21.0,21.100000381469727,13.741682052612305,75600,
2009-01-27,20.899999618530273,21.100000381469727,20.899999618530273,21.100000381469727,13.741682052612305,34200,
2009-01-28,21.0,21.700000762939453,21.0,21.5,14.00218391418457,219400,
2009-01-29,21.5,21.600000381469727,21.299999237060547,21.399999618530273,13.937056541442871,991700,
2009-01-30,21.5,22.0,21.5,22.0,14.327815055847168,213300,
2009-02-02,22.0,22.100000381469727,21.5,21.899999618530273,14.262690544128418,197700,
2009-02-03,22.0,22.0,21.5,21.700000762939453,14.132436752319336,33800,
2009-02-04,21.700000762939453,21.799999237060547,21.700000762939453,21.700000762939453,14.132436752319336,145000,
2009-02-05,22.0,22.0,21.799999237060547,21.799999237060547,14.19755744934082,161200,
2009-02-06,21.899999618530273,22.200000762939453,21.700000762939453,22.0,14.327815055847168,138200,
2009-02-10,22.0,22.5,22.0,22.399999618530273,14.5883207321167,138700,
2009-02-11,22.399999618530273,22.399999618530273,22.299999237060547,22.299999237060547,14.52319622039795,70000,
2009-02-12,22.5,22.700000762939453,22.399999618530273,22.600000381469727,14.71857738494873,176700,
2009-02-13,22.600000381469727,22.600000381469727,22.399999618530273,22.399999618530273,14.5883207321167,368300,
2009-02-16,22.5,22.5,21.899999618530273,21.899999618530273,14.262690544128418,75600,
2009-02-17,21.899999618530273,21.899999618530273,21.700000762939453,21.799999237060547,14.19755744934082,48000,
2009-02-18,21.799999237060547,21.799999237060547,21.5,21.600000381469727,14.067314147949219,144400,
2009-02-19,21.600000381469727,21.700000762939453,21.399999618530273,21.399999618530273,13.937056541442871,43600,
2009-02-20,21.399999618530273,21.399999618530273,21.100000381469727,21.200000762939453,13.806806564331055,78200,
2009-02-23,21.100000381469727,21.5,21.0,21.5,14.00218391418457,65200,
2009-02-24,21.5,21.5,21.0,21.200000762939453,13.806806564331055,102600,
2009-02-25,21.600000381469727,21.600000381469727,21.100000381469727,21.200000762939453,13.806806564331055,56900,
2009-02-26,21.399999618530273,21.399999618530273,21.0,21.0,13.676552772521973,100600,
2009-02-27,21.399999618530273,21.399999618530273,21.100000381469727,21.200000762939453,13.806806564331055,38800,
2009-03-02,21.200000762939453,21.200000762939453,20.200000762939453,20.5,13.350918769836426,171800,
2009-03-03,19.299999237060547,20.0,19.100000381469727,19.100000381469727,12.439146041870117,345100,
2009-03-04,19.0,19.799999237060547,18.899999618530273,19.700000762939453,12.829902648925781,70700,
2009-03-05,19.799999237060547,20.200000762939453,19.5,19.5,12.699655532836914,319500,
2009-03-06,19.5,19.5,19.399999618530273,19.5,12.699655532836914,152000,
2009-03-09,19.799999237060547,19.799999237060547,19.399999618530273,19.399999618530273,12.634526252746582,72900,
2009-03-10,19.600000381469727,19.899999618530273,19.600000381469727,19.600000381469727,12.76478099822998,341900,
2009-03-11,19.600000381469727,19.600000381469727,19.5,19.5,12.699655532836914,306200,
2009-03-12,19.399999618530273,19.399999618530273,18.299999237060547,18.5,12.30070972442627,509400,0.4
2009-03-13,18.600000381469727,18.700000762939453,18.5,18.5,12.30070972442627,135300,
2009-03-16,18.600000381469727,18.600000381469727,17.5,17.5,11.635808944702148,1164000,
2009-03-17,17.299999237060547,17.5,17.299999237060547,17.299999237060547,11.502828598022461,681000,
2009-03-18,17.299999237060547,17.700000762939453,17.200000762939453,17.600000381469727,11.702298164367676,1435300,
2009-03-19,17.799999237060547,18.100000381469727,17.700000762939453,18.0,11.968259811401367,687800,
2009-03-20,18.100000381469727,18.399999618530273,18.100000381469727,18.299999237060547,12.167731285095215,581100,
2009-03-23,18.200000762939453,18.5,18.200000762939453,18.399999618530273,12.234225273132324,148100,
2009-03-24,18.600000381469727,18.600000381469727,18.399999618530273,18.399999618530273,12.234225273132324,205800,
2009-03-25,18.399999618530273,18.399999618530273,18.0,18.0,11.968259811401367,400100,
2009-03-26,18.299999237060547,18.299999237060547,17.899999618530273,17.899999618530273,11.90176773071289,1498000,
2009-03-27,18.0,18.0,17.899999618530273,17.899999618530273,11.90176773071289,213500,
2009-03-30,17.899999618530273,18.200000762939453,17.799999237060547,18.200000762939453,12.101241111755371,460900,
2009-03-31,18.200000762939453,18.200000762939453,17.899999618530273,17.899999618530273,11.90176773071289,351500,
2009-04-01,17.899999618530273,17.899999618530273,17.700000762939453,17.700000762939453,11.768793106079102,325900,
2009-04-02,17.700000762939453,17.899999618530273,17.700000762939453,17.899999618530273,11.90176773071289,291100,
2009-04-03,18.100000381469727,19.399999618530273,18.0,18.5,12.30070972442627,1702000,
2009-04-07,18.5,19.0,18.5,18.5,12.30070972442627,587300,
2009-04-08,18.5,18.5,18.0,18.299999237060547,12.167731285095215,410300,
2009-04-09,18.299999237060547,18.600000381469727,18.200000762939453,18.200000762939453,12.101241111755371,408500,
2009-04-10,18.100000381469727,18.5,18.100000381469727,18.399999618530273,12.234225273132324,76500,
2009-04-16,18.5,20.299999237060547,18.399999618530273,20.0,13.298069953918457,2085800,
2009-04-17,20.399999618530273,22.200000762939453,20.399999618530273,22.100000381469727,14.69436264038086,1345200,
2009-04-20,22.200000762939453,22.200000762939453,22.0,22.0,14.627870559692383,569300,
2009-04-21,22.0,22.100000381469727,21.799999237060547,22.0,14.627870559692383,519800,
2009-04-22,22.0,22.100000381469727,22.0,22.100000381469727,14.69436264038086,534000,
2009-04-23,22.200000762939453,22.600000381469727,22.100000381469727,22.5,14.960325241088867,167000,
2009-04-24,22.5,24.100000381469727,22.5,24.100000381469727,16.0241756439209,488100,
2009-04-27,24.899999618530273,25.0,23.399999618530273,23.899999618530273,15.891192436218262,322300,
2009-04-28,23.5,23.799999237060547,23.100000381469727,23.600000381469727,15.69172191619873,114400,
2009-04-29,23.700000762939453,23.700000762939453,23.200000762939453,23.299999237060547,15.4922513961792,375800,
2009-04-30,23.299999237060547,23.799999237060547,23.299999237060547,23.5,15.625227928161621,295400,
2009-05-04,23.600000381469727,23.799999237060547,23.399999618530273,23.700000762939453,15.758212089538574,188700,
2009-05-06,23.700000762939453,26.5,23.700000762939453,26.25,17.453716278076172,1073900,
2009-05-07,26.25,28.5,26.25,26.5,17.619943618774414,640600,
2009-05-11,27.0,27.75,27.0,27.75,18.45107078552246,416500,
2009-05-12,27.75,27.75,27.25,27.75,18.45107078552246,245000,
2009-05-13,27.25,27.5,26.0,26.25,17.453716278076172,489400,
2009-05-14,25.25,26.0,25.25,25.25,16.788814544677734,205400,
2009-05-15,25.0,27.75,25.0,25.5,16.95503807067871,535800,
2009-05-18,25.25,27.0,25.25,26.25,17.453716278076172,415800,
2009-05-19,26.5,27.25,26.5,26.75,17.78616714477539,304200,
2009-05-20,27.25,27.25,26.75,27.25,18.118621826171875,174300,
2009-05-21,26.5,29.0,26.5,28.0,18.617298126220703,774800,
2009-05-22,28.5,28.5,25.25,26.5,17.619943618774414,946300,
2009-05-25,26.5,27.25,25.75,27.25,18.118621826171875,285400,
2009-05-26,27.0,27.0,26.0,26.75,17.78616714477539,134200,
2009-05-27,27.0,29.0,27.0,28.25,18.78352165222168,624900,
2009-05-28,28.0,28.25,27.5,27.75,18.45107078552246,885300,
2009-05-29,28.0,28.0,27.5,27.5,18.284841537475586,399500,
2009-06-01,27.5,27.5,26.0,26.25,17.453716278076172,885800,
2009-06-02,26.5,26.75,25.75,25.75,17.121265411376953,1099700,
2009-06-03,26.0,27.0,26.0,26.5,17.619943618774414,1622500,
2009-06-04,26.75,28.0,26.5,27.5,18.284841537475586,446000,
2009-06-05,27.5,28.25,27.25,27.75,18.45107078552246,461400,
2009-06-08,27.75,28.0,26.5,26.75,17.78616714477539,293700,
2009-06-09,26.5,28.5,26.5,28.0,18.617298126220703,995600,
2009-06-10,28.0,28.25,27.25,27.5,18.284841537475586,876200,
2009-06-11,27.25,27.5,27.0,27.25,18.118621826171875,435700,
2009-06-12,27.5,27.5,27.25,27.5,18.284841537475586,446900,
2009-06-15,27.5,28.0,27.25,27.5,18.284841537475586,759700,
2009-06-16,26.75,27.5,26.75,26.75,17.78616714477539,145500,
2009-06-17,26.5,27.0,26.5,26.75,17.78616714477539,129000,
2009-06-18,26.5,26.5,25.75,25.75,17.121265411376953,367100,
2009-06-19,25.25,26.5,25.25,26.5,17.619943618774414,213100,
2009-06-22,26.5,26.5,26.25,26.25,17.453716278076172,94400,
2009-06-23,26.0,26.25,26.0,26.25,17.453716278076172,110100,
2009-06-24,26.25,26.75,26.25,26.5,17.619943618774414,122200,
2009-06-25,26.5,26.75,26.25,26.25,17.453716278076172,104900,
2009-06-26,26.25,26.75,26.25,26.25,17.453716278076172,199000,
2009-06-29,26.25,27.0,26.0,26.25,17.453716278076172,274100,
2009-06-30,26.25,27.0,26.0,26.0,17.287487030029297,680800,
2009-07-02,25.5,25.75,25.25,25.25,16.788814544677734,723500,
2009-07-03,25.25,26.0,25.25,26.0,17.287487030029297,106600,
2009-07-06,26.0,26.0,26.0,26.0,17.287487030029297,0,
2009-07-08,25.75,26.0,25.0,25.5,16.95503807067871,839300,
2009-07-09,25.5,25.5,25.0,25.0,16.622581481933594,856600,
2009-07-10,25.25,25.25,24.899999618530273,25.0,16.622581481933594,958500,
2009-07-13,25.0,26.0,24.899999618530273,25.0,16.622581481933594,2011300,
2009-07-14,25.25,25.5,25.0,25.25,16.788814544677734,2047900,
2009-07-15,25.5,26.0,25.5,26.0,17.287487030029297,1893400,
2009-07-16,26.0,26.5,25.75,25.75,17.121265411376953,1208400,
2009-07-17,25.75,26.25,25.5,25.75,17.121265411376953,1173100,
2009-07-20,27.0,27.0,25.75,26.0,17.287487030029297,1639000,
2009-07-21,26.25,26.5,26.25,26.25,17.453716278076172,407800,
2009-07-22,26.5,26.5,26.0,26.25,17.453716278076172,730600,
2009-07-23,26.5,26.5,26.25,26.5,17.619943618774414,343200,
2009-07-24,26.5,26.75,25.25,25.75,17.121265411376953,1641300,
2009-07-27,25.75,26.25,25.75,26.25,17.453716278076172,1347500,
2009-07-28,26.25,26.5,25.75,26.0,17.287487030029297,1066900,
2009-07-29,26.0,26.0,25.5,25.5,16.95503807067871,1028000,
2009-07-30,25.5,26.0,25.5,25.75,17.121265411376953,1343000,
2009-07-31,26.0,26.25,25.75,25.75,17.121265411376953,282300,
2009-08-03,26.0,26.25,25.75,26.25,17.453716278076172,1385400,
2009-08-04,26.0,26.25,24.899999618530273,25.0,16.622581481933594,5111200,
2009-08-05,25.0,25.0,24.5,24.5,16.290132522583008,1344700,
2009-08-06,24.700000762939453,24.899999618530273,24.600000381469727,24.700000762939453,16.42311668395996,1055200,
2009-08-07,25.0,25.0,24.700000762939453,24.799999237060547,16.489606857299805,1321400,
2009-08-10,25.0,25.0,24.700000762939453,24.799999237060547,16.489606857299805,1386800,
2009-08-11,24.799999237060547,25.0,24.799999237060547,25.0,16.622581481933594,664500,
2009-08-13,25.0,25.25,24.799999237060547,25.0,16.622581481933594,1882700,
2009-08-14,24.899999618530273,25.0,24.799999237060547,24.899999618530273,16.55609130859375,1973600,
2009-08-17,24.600000381469727,24.799999237060547,24.5,24.5,16.290132522583008,712700,
2009-08-18,24.299999237060547,24.399999618530273,24.0,24.399999618530273,16.492918014526367,509900,0.4
2009-08-19,24.200000762939453,24.5,24.200000762939453,24.299999237060547,16.42532730102539,298100,
2009-08-20,24.399999618530273,24.399999618530273,24.100000381469727,24.100000381469727,16.290132522583008,821100,
2009-08-21,24.200000762939453,24.399999618530273,24.200000762939453,24.299999237060547,16.42532730102539,734800,
2009-08-24,24.5,24.5,24.299999237060547,24.399999618530273,16.492918014526367,601500,
2009-08-25,24.299999237060547,24.299999237060547,23.899999618530273,24.200000762939453,16.357730865478516,3806800,
2009-08-26,24.200000762939453,25.75,24.0,25.75,17.40543556213379,4111800,
2009-08-27,26.25,26.5,25.75,26.0,17.574413299560547,2296200,
2009-08-28,26.0,27.25,25.75,26.75,18.08136749267578,3928800,
2009-08-31,26.75,27.25,26.25,26.5,17.912391662597656,1413000,
2009-09-01,26.75,27.0,26.25,26.5,17.912391662597656,620100,
2009-09-02,26.0,26.5,26.0,26.0,17.574413299560547,1300900,
2009-09-03,26.0,26.25,25.5,25.75,17.40543556213379,676900,
2009-09-04,25.75,26.25,25.75,25.75,17.40543556213379,804300,
2009-09-07,26.0,27.0,26.0,27.0,18.250354766845703,847900,
2009-09-08,27.25,27.5,27.0,27.0,18.250354766845703,953800,
2009-09-09,27.0,27.25,26.5,26.5,17.912391662597656,778900,
2009-09-10,26.75,26.75,26.0,26.5,17.912391662597656,602900,
2009-09-11,26.25,26.5,26.25,26.25,17.7434024810791,587000,
2009-09-14,26.25,26.5,26.25,26.5,17.912391662597656,528700,
2009-09-15,26.75,26.75,26.25,26.5,17.912391662597656,700700,
2009-09-16,26.25,26.5,26.0,26.0,17.574413299560547,795100,
2009-09-17,26.25,26.5,25.25,25.5,17.236446380615234,1626900,
2009-09-18,25.5,26.0,25.0,26.0,17.574413299560547,1097100,
2009-09-21,26.0,26.25,25.5,25.75,17.40543556213379,655600,
2009-09-22,25.75,26.25,25.75,26.25,17.7434024810791,1105200,
2009-09-23,26.75,27.0,26.5,27.0,18.250354766845703,1260800,
2009-09-24,27.0,27.0,26.5,26.5,17.912391662597656,1416700,
2009-09-25,26.5,27.0,26.5,26.5,17.912391662597656,1004500,
2009-09-28,26.75,26.75,26.0,26.75,18.08136749267578,2130400,
2009-09-29,26.75,28.75,26.75,28.5,19.264263153076172,4287000,
2009-09-30,28.25,30.0,28.25,29.0,19.602235794067383,5483000,
2009-10-01,29.5,29.75,28.75,28.75,19.43324851989746,2398100,
2009-10-02,28.75,30.25,28.5,29.25,19.771221160888672,3055600,
2009-10-05,29.5,31.0,29.5,30.0,20.27817726135254,2496700,
2009-10-06,30.5,31.0,30.5,30.5,20.616138458251953,1379200,
2009-10-07,30.75,30.75,29.75,30.0,20.27817726135254,1176500,
2009-10-08,30.0,30.0,29.25,29.75,20.10918617248535,875500,
2009-10-09,30.0,30.5,29.5,29.5,19.940204620361328,1423700,
2009-10-12,29.75,30.25,29.5,30.0,20.27817726135254,501000,
2009-10-13,29.5,30.75,29.5,30.0,20.27817726135254,1606600,
2009-10-14,29.75,30.0,27.75,28.5,19.264263153076172,1600100,
2009-10-15,29.25,29.25,26.75,27.5,18.588333129882812,2992600,
2009-10-16,27.75,28.5,27.5,28.5,19.264263153076172,1455700,
2009-10-19,28.5,29.0,28.5,29.0,19.602235794067383,407400,
2009-10-20,29.25,29.25,27.75,28.0,18.926292419433594,882700,
2009-10-21,28.0,28.25,27.5,27.5,18.588333129882812,854700,
2009-10-22,27.75,28.0,27.5,28.0,18.926292419433594,501600,
2009-10-26,28.25,28.75,27.75,28.0,18.926292419433594,481400,
2009-10-27,27.75,29.0,27.75,29.0,19.602235794067383,629900,
2009-10-28,29.25,29.25,28.5,29.0,19.602235794067383,265900,
2009-10-29,29.0,29.0,28.0,28.5,19.264263153076172,337100,
2009-10-30,28.75,29.0,28.0,28.0,18.926292419433594,584800,
2009-11-02,28.0,28.0,27.5,28.0,18.926292419433594,141900,
2009-11-03,28.5,28.75,28.0,28.5,19.264263153076172,195900,
2009-11-04,28.5,28.5,28.25,28.5,19.264263153076172,63500,
2009-11-05,28.5,28.75,28.5,28.75,19.43324851989746,162300,
2009-11-06,28.5,29.25,28.5,29.0,19.602235794067383,438600,
2009-11-09,29.0,29.25,28.75,29.25,19.771221160888672,689200,
2009-11-10,29.0,29.75,28.75,29.0,19.602235794067383,1204700,
2009-11-11,29.5,29.5,29.0,29.25,19.771221160888672,339000,
2009-11-12,29.5,29.75,28.75,28.75,19.43324851989746,2045400,
2009-11-13,29.25,30.0,29.25,29.75,20.10918617248535,496400,
2009-11-16,29.75,30.0,28.25,29.0,19.602235794067383,799900,
2009-11-17,29.0,29.25,28.75,28.75,19.43324851989746,384900,
2009-11-18,29.0,29.25,28.75,29.0,19.602235794067383,262800,
2009-11-19,28.75,29.0,28.25,28.75,19.43324851989746,636900,
2009-11-20,28.75,29.0,28.5,28.5,19.264263153076172,196600,
2009-11-23,28.5,28.75,28.25,28.5,19.264263153076172,415500,
2009-11-24,28.75,28.75,28.25,28.5,19.264263153076172,390000,
2009-11-25,28.75,28.75,28.25,28.75,19.43324851989746,293100,
2009-11-26,28.75,28.75,28.25,28.5,19.264263153076172,209000,
2009-11-27,28.0,28.5,27.75,28.5,19.264263153076172,496800,
2009-11-30,28.0,28.5,27.75,28.0,18.926292419433594,270000,
2009-12-01,28.0,28.5,28.0,28.25,19.095277786254883,308800,
2009-12-02,28.5,28.75,28.25,28.25,19.095277786254883,406400,
2009-12-03,28.5,28.75,28.25,28.75,19.43324851989746,1155100,
2009-12-04,28.5,28.75,28.25,28.5,19.264263153076172,193900,
2009-12-08,28.75,29.0,28.5,29.0,19.602235794067383,866500,
2009-12-09,29.25,29.25,28.5,28.75,19.43324851989746,432900,
2009-12-11,28.75,29.5,28.5,29.5,19.940204620361328,1233100,
2009-12-14,29.5,29.75,29.25,29.75,20.10918617248535,1370400,
2009-12-15,30.0,30.0,29.25,29.75,20.10918617248535,270300,
2009-12-16,30.0,30.0,29.25,29.75,20.10918617248535,1103200,
2009-12-17,29.75,30.0,29.25,30.0,20.27817726135254,908200,
2009-12-18,29.75,30.25,29.75,30.25,20.447160720825195,313100,
2009-12-21,30.5,30.5,29.75,29.75,20.10918617248535,312500,
2009-12-22,30.0,30.0,29.75,29.75,20.10918617248535,952300,
2009-12-23,30.0,30.0,29.25,29.5,19.940204620361328,2357400,
2009-12-24,30.0,30.0,29.75,29.75,20.10918617248535,764400,
2009-12-25,29.75,29.75,29.5,29.75,20.10918617248535,121600,
2009-12-28,30.0,30.0,29.5,29.75,20.10918617248535,93600,
2009-12-29,29.75,30.0,29.5,30.0,20.27817726135254,222200,
2009-12-30,30.0,30.0,29.5,29.5,19.940204620361328,119100,
2010-01-04,29.5,30.25,29.5,29.75,20.10918617248535,231800,
2010-01-05,30.25,30.25,29.75,29.75,20.10918617248535,524400,
2010-01-06,30.5,30.5,29.75,30.0,20.27817726135254,1105700,
2010-01-07,30.25,30.5,30.0,30.5,20.616138458251953,245700,
2010-01-08,30.25,30.75,30.0,30.0,20.27817726135254,293100,
2010-01-11,30.0,30.5,30.0,30.25,20.447160720825195,167600,
2010-01-12,30.25,30.5,30.0,30.0,20.27817726135254,204000,
2010-01-13,30.25,30.25,30.0,30.25,20.447160720825195,661100,
2010-01-14,30.25,30.25,30.0,30.25,20.447160720825195,457200,
2010-01-15,30.25,32.75,30.25,32.25,21.799036026000977,2556800,
2010-01-18,32.5,32.5,31.75,32.25,21.799036026000977,205800,
2010-01-19,32.25,32.25,31.0,31.25,21.12310028076172,400100,
2010-01-20,31.25,31.25,30.0,30.25,20.447160720825195,248200,
2010-01-21,30.0,30.5,29.75,30.0,20.27817726135254,535300,
2010-01-22,29.75,30.0,29.0,29.5,19.940204620361328,1267000,
2010-01-25,29.25,29.5,29.25,29.5,19.940204620361328,212200,
2010-01-26,29.5,29.5,29.0,29.0,19.602235794067383,233300,
2010-01-27,29.0,29.0,28.5,28.75,19.43324851989746,209600,
2010-01-28,28.5,28.75,28.0,28.5,19.264263153076172,710600,
2010-01-29,28.0,28.5,28.0,28.5,19.264263153076172,166000,
2010-02-01,28.25,28.5,28.0,28.5,19.264263153076172,314500,
2010-02-02,28.5,29.25,28.5,29.25,19.771221160888672,369600,
2010-02-03,29.25,29.5,29.0,29.25,19.771221160888672,609800,
2010-02-04,29.25,29.25,29.0,29.0,19.602235794067383,124200,
2010-02-05,28.75,29.0,28.75,28.75,19.43324851989746,255800,
2010-02-08,28.5,28.75,28.0,28.5,19.264263153076172,475000,
2010-02-09,28.25,28.5,28.0,28.5,19.264263153076172,107700,
2010-02-10,29.0,29.0,28.75,29.0,19.602235794067383,26900,
2010-02-11,28.75,29.25,28.75,29.0,19.602235794067383,510000,
2010-02-12,29.0,29.25,28.75,29.0,19.602235794067383,156600,
2010-02-15,29.0,29.0,28.5,28.5,19.264263153076172,29000,
2010-02-16,28.25,29.0,28.25,29.0,19.602235794067383,49600,
2010-02-17,29.0,29.0,28.75,28.75,19.43324851989746,81300,
2010-02-18,28.75,28.75,28.5,28.5,19.264263153076172,233800,
2010-02-19,28.5,28.5,28.25,28.5,19.264263153076172,84600,
2010-02-22,28.75,30.0,28.5,29.5,19.940204620361328,361800,
2010-02-23,29.5,29.75,29.5,29.5,19.940204620361328,183300,
2010-02-24,29.5,29.75,29.5,29.75,20.10918617248535,599800,
2010-02-25,30.0,30.0,29.75,30.0,20.27817726135254,463600,
2010-02-26,30.5,31.25,30.5,31.0,20.954111099243164,1480200,
2010-03-02,31.0,31.5,31.0,31.0,20.954111099243164,1507200,
2010-03-03,31.0,31.5,30.25,30.5,20.616138458251953,353300,
2010-03-04,30.25,30.5,30.0,30.25,20.447160720825195,622600,
2010-03-05,31.0,31.0,30.5,30.5,20.616138458251953,537500,
2010-03-08,30.5,30.75,30.25,30.75,20.785123825073242,72700,
2010-03-09,30.75,31.0,30.0,30.25,20.447160720825195,281600,
2010-03-10,30.75,30.75,30.0,30.25,20.447160720825195,219700,
2010-03-11,29.5,30.5,29.5,30.25,20.755922317504883,512900,0.45
2010-03-12,31.0,31.0,30.0,30.75,21.099000930786133,200600,
2010-03-15,30.75,31.0,30.75,30.75,21.099000930786133,152700,
2010-03-16,30.75,31.25,30.75,31.0,21.270532608032227,222900,
2010-03-17,31.5,32.0,30.75,31.5,21.613609313964844,401900,
2010-03-18,31.5,32.5,31.0,31.0,21.270532608032227,256400,
2010-03-19,31.0,32.5,31.0,32.5,22.29975700378418,478600,
2010-03-22,31.5,33.0,31.5,32.5,22.29975700378418,302600,
2010-03-23,32.75,32.75,31.5,32.0,21.956682205200195,306600,
2010-03-24,31.75,32.0,31.75,31.75,21.785144805908203,216400,
2010-03-25,32.0,32.0,31.5,31.75,21.785144805908203,178000,
2010-03-26,31.5,31.75,31.0,31.0,21.270532608032227,101100,
2010-03-29,31.75,31.75,31.0,31.0,21.270532608032227,73700,
2010-03-30,31.75,31.75,31.25,31.5,21.613609313964844,312700,
2010-03-31,31.5,31.5,30.75,30.75,21.099000930786133,687300,
2010-04-01,30.75,31.5,30.5,31.0,21.270532608032227,250600,
2010-04-02,31.75,31.75,31.0,31.0,21.270532608032227,91500,
2010-04-05,31.5,31.5,30.75,31.5,21.613609313964844,37000,
2010-04-07,31.5,32.0,31.5,32.0,21.956682205200195,492900,
2010-04-08,32.5,32.5,31.0,31.75,21.785144805908203,494900,
2010-04-09,31.0,31.0,30.5,30.75,21.099000930786133,396000,
2010-04-12,30.25,30.75,29.25,30.75,21.099000930786133,901700,
2010-04-16,30.0,30.5,30.0,30.25,20.755922317504883,564900,
2010-04-19,30.0,30.0,29.25,29.5,20.241315841674805,725800,
2010-04-20,29.25,30.0,29.25,30.0,20.58438491821289,549900,
2010-04-21,30.75,30.75,29.5,29.75,20.412853240966797,550400,
2010-04-22,30.0,30.5,30.0,30.0,20.58438491821289,173700,
2010-04-23,29.5,30.0,29.5,29.75,20.412853240966797,147000,
2010-04-26,30.25,30.25,29.75,29.75,20.412853240966797,205500,
2010-04-27,29.75,30.25,29.5,30.0,20.58438491821289,168700,
2010-04-28,29.75,30.25,29.75,30.25,20.755922317504883,106900,
2010-04-29,30.25,30.25,29.75,29.75,20.412853240966797,104500,
2010-04-30,29.75,30.0,29.75,30.0,20.58438491821289,1100,
2010-05-04,30.25,31.5,30.25,31.25,21.44207191467285,325500,
2010-05-06,31.0,31.25,30.5,30.5,20.92746353149414,178100,
2010-05-07,30.0,30.0,29.25,30.0,20.58438491821289,319700,
2010-05-10,30.0,30.0,29.5,29.5,20.241315841674805,259700,
2010-05-11,29.75,30.25,29.75,30.25,20.755922317504883,467700,
2010-05-12,30.0,30.75,29.75,30.75,21.099000930786133,481100,
2010-05-13,30.25,30.25,29.5,29.75,20.412853240966797,119300,
2010-05-14,30.0,30.75,30.0,30.75,21.099000930786133,416300,
2010-05-17,29.75,30.0,29.5,29.75,20.412853240966797,133400,
2010-05-18,29.75,31.0,29.75,30.5,20.92746353149414,213800,
2010-05-19,30.5,30.5,29.75,30.0,20.58438491821289,328400,
2010-05-20,30.0,30.0,30.0,30.0,20.58438491821289,0,
2010-05-21,30.0,30.0,30.0,30.0,20.58438491821289,0,
2010-05-24,30.25,30.25,29.5,30.25,20.755922317504883,449100,
2010-05-25,29.75,30.75,29.25,30.25,20.755922317504883,557300,
2010-05-26,29.75,31.0,29.75,30.5,20.92746353149414,288100,
2010-05-27,30.25,31.0,30.0,31.0,21.270532608032227,369500,
2010-05-31,30.75,31.0,30.5,30.75,21.099000930786133,583200,
2010-06-01,30.75,30.75,30.25,30.75,21.099000930786133,109000,
2010-06-02,30.5,30.75,30.5,30.5,20.92746353149414,239300,
2010-06-03,30.5,30.5,30.25,30.25,20.755922317504883,66500,
2010-06-04,30.25,32.0,30.25,32.0,21.956682205200195,553000,
2010-06-07,31.25,31.25,30.75,31.0,21.270532608032227,145100,
2010-06-08,31.0,31.0,30.75,31.0,21.270532608032227,67300,
2010-06-09,30.75,30.75,30.5,30.75,21.099000930786133,184400,
2010-06-10,30.25,31.0,30.25,31.0,21.270532608032227,325500,
2010-06-11,31.25,31.25,30.5,30.5,20.92746353149414,191400,
2010-06-14,30.5,30.5,30.25,30.25,20.755922317504883,398300,
2010-06-15,30.5,30.5,30.25,30.5,20.92746353149414,213500,
2010-06-16,30.5,30.75,30.25,30.25,20.755922317504883,102200,
2010-06-17,30.5,31.0,30.25,30.5,20.92746353149414,862300,
2010-06-18,30.75,31.25,30.25,31.0,21.270532608032227,1797500,
2010-06-21,31.25,32.0,31.25,31.75,21.785144805908203,723900,
2010-06-22,31.75,33.5,31.5,32.75,22.47128677368164,3274400,
2010-06-23,33.0,33.25,32.75,33.0,22.642824172973633,747100,
2010-06-24,33.0,33.0,32.0,32.0,21.956682205200195,735000,
2010-06-25,32.0,32.0,31.0,31.25,21.44207191467285,183900,
2010-06-28,31.5,32.25,31.5,32.25,22.128217697143555,57600,
2010-06-29,32.25,32.25,31.25,31.25,21.44207191467285,191600,
2010-06-30,31.25,31.75,31.0,31.0,21.270532608032227,191800,
2010-07-02,31.0,31.75,30.75,31.0,21.270532608032227,185700,
2010-07-05,31.0,31.25,30.75,31.0,21.270532608032227,183000,
2010-07-06,31.25,32.0,31.25,32.0,21.956682205200195,466600,
2010-07-07,32.0,32.0,30.0,30.5,20.92746353149414,2342200,
2010-07-08,30.75,31.0,29.75,29.75,20.412853240966797,1968600,
2010-07-09,29.75,30.0,29.5,30.0,20.58438491821289,2380900,
2010-07-12,30.0,30.25,29.75,29.75,20.412853240966797,628800,
2010-07-13,29.75,30.0,29.5,30.0,20.58438491821289,480800,
2010-07-14,30.0,30.25,29.75,29.75,20.412853240966797,753900,
2010-07-15,29.75,30.0,29.75,30.0,20.58438491821289,534100,
2010-07-16,30.0,30.0,29.25,29.5,20.241315841674805,1182900,
2010-07-19,29.25,29.25,28.5,28.75,19.72670555114746,2304100,
2010-07-20,28.75,29.0,28.25,28.25,19.383636474609375,1455300,
2010-07-21,28.25,28.75,28.25,28.75,19.72670555114746,1214900,
2010-07-22,28.75,28.75,28.0,28.25,19.383636474609375,1269600,
2010-07-23,28.25,29.0,28.0,28.75,19.72670555114746,2762200,
2010-07-27,29.0,29.25,28.5,28.75,19.72670555114746,3346300,
2010-07-28,28.75,29.0,28.75,29.0,19.898239135742188,1163900,
2010-07-29,29.0,29.5,28.75,29.25,20.069774627685547,1523700,
2010-07-30,29.5,29.5,29.0,29.25,20.069774627685547,1048300,
2010-08-02,29.75,29.75,29.25,29.5,20.241315841674805,861200,
2010-08-03,29.5,30.25,29.5,30.0,20.58438491821289,1373500,
2010-08-04,30.25,30.75,30.0,30.25,20.755922317504883,1510300,
2010-08-05,30.75,31.0,30.5,30.75,21.099000930786133,785300,
2010-08-06,30.5,31.0,30.5,31.0,21.270532608032227,801800,
2010-08-09,30.75,31.25,30.75,31.0,21.270532608032227,998900,
2010-08-10,31.0,31.0,30.5,30.5,20.92746353149414,1249900,
2010-08-11,30.75,30.75,30.25,30.5,20.92746353149414,473100,
2010-08-16,30.75,30.75,30.25,30.25,20.755922317504883,1277600,
2010-08-17,30.0,30.25,29.75,30.0,20.58438491821289,504600,
2010-08-18,30.25,30.5,30.0,30.5,20.92746353149414,672400,
2010-08-19,30.5,31.0,30.25,30.25,20.755922317504883,848300,
2010-08-20,30.25,31.0,30.25,30.75,21.099000930786133,1313800,
2010-08-23,31.0,31.5,31.0,31.5,21.613609313964844,657700,
2010-08-24,31.25,31.75,31.25,31.5,21.613609313964844,1014100,
2010-08-25,31.5,32.0,31.5,31.75,21.785144805908203,739900,
2010-08-26,31.5,31.75,31.5,31.75,22.0631046295166,2273000,0.4
2010-08-27,31.75,33.25,31.75,33.0,22.93172836303711,3394100,
2010-08-30,32.5,33.0,31.75,32.0,22.23682975769043,522600,
2010-08-31,31.75,32.0,31.5,32.0,22.23682975769043,1405000,
2010-09-01,32.0,32.0,31.25,31.5,21.88937759399414,523300,
2010-09-02,32.0,32.75,31.75,32.5,22.584280014038086,2194300,
2010-09-03,32.5,32.75,32.0,32.75,22.75800323486328,1037400,
2010-09-06,32.5,33.0,32.0,32.0,22.23682975769043,746900,
2010-09-07,32.0,33.0,32.0,32.25,22.410551071166992,611500,
2010-09-08,32.5,32.75,32.25,32.75,22.75800323486328,370900,
2010-09-09,32.75,32.75,32.0,32.0,22.23682975769043,411200,
2010-09-10,32.0,32.5,32.0,32.5,22.584280014038086,475500,
2010-09-13,32.75,33.0,32.5,32.75,22.75800323486328,2880600,
2010-09-14,32.75,34.0,32.75,34.0,23.626625061035156,3315800,
2010-09-15,34.25,34.5,32.5,33.5,23.279176712036133,1111600,
2010-09-16,33.5,35.5,33.25,35.0,24.321529388427734,2637100,
2010-09-17,36.75,37.25,35.75,37.0,25.711328506469727,1976300,
2010-09-20,37.0,37.0,35.5,35.5,24.668977737426758,271900,
2010-09-21,35.5,36.75,35.5,36.75,25.537607192993164,959300,
2010-09-22,37.0,37.25,36.0,36.0,25.016435623168945,629300,
2010-09-23,36.25,36.25,35.0,35.0,24.321529388427734,1109100,
2010-09-24,35.0,36.0,34.25,35.0,24.321529388427734,645800,
2010-09-27,35.25,35.25,34.5,34.75,24.147798538208008,1019300,
2010-09-28,34.75,34.75,34.25,34.25,23.800355911254883,795000,
2010-09-29,34.25,35.25,34.25,35.0,24.321529388427734,1496900,
2010-09-30,35.25,35.5,35.0,35.0,24.321529388427734,529400,
2010-10-01,35.25,35.25,35.0,35.0,24.321529388427734,187500,
2010-10-04,35.0,35.0,34.0,34.0,23.626625061035156,424900,
2010-10-05,34.0,34.75,34.0,34.5,23.974079132080078,403300,
2010-10-06,34.75,35.0,34.25,34.25,23.800355911254883,332800,
2010-10-07,34.25,34.5,33.75,33.75,23.452905654907227,599700,
2010-10-08,34.0,34.25,33.5,34.25,23.800355911254883,856500,
2010-10-11,34.0,34.5,33.75,34.5,23.974079132080078,456200,
2010-10-12,34.5,34.5,34.0,34.0,23.626625061035156,289300,
2010-10-13,34.0,34.75,34.0,34.5,23.974079132080078,371700,
2010-10-14,34.75,34.75,34.25,34.75,24.147798538208008,265800,
2010-10-15,35.0,35.25,34.75,34.75,24.147798538208008,622000,
2010-10-18,34.5,35.0,34.5,35.0,24.321529388427734,294500,
2010-10-19,35.0,35.0,34.75,34.75,24.147798538208008,356300,
2010-10-20,34.25,34.75,34.0,34.75,24.147798538208008,278400,
2010-10-21,34.5,34.5,33.75,34.0,23.626625061035156,1047900,
2010-10-22,33.75,34.0,33.75,33.75,23.452905654907227,207700,
2010-10-26,34.0,34.25,33.75,34.25,23.800355911254883,1361900,
2010-10-27,34.25,34.75,34.0,34.0,23.626625061035156,376300,
2010-10-28,34.0,34.25,33.75,34.0,23.626625061035156,383000,
2010-10-29,33.75,34.5,33.75,34.5,23.974079132080078,561800,
2010-11-01,34.75,35.0,34.25,34.25,23.800355911254883,364800,
2010-11-02,34.5,35.0,34.25,34.5,23.974079132080078,729600,
2010-11-03,35.0,35.25,34.25,34.5,23.974079132080078,1716300,
2010-11-04,34.5,34.5,33.75,34.0,23.626625061035156,1125900,
2010-11-05,34.0,34.0,33.25,33.5,23.279176712036133,757200,
2010-11-08,33.5,34.0,33.5,34.0,23.626625061035156,274900,
2010-11-09,34.0,34.0,33.75,33.75,23.452905654907227,257900,
2010-11-10,33.75,33.75,33.0,33.0,22.93172836303711,884900,
2010-11-11,33.25,33.25,32.75,32.75,22.75800323486328,1058300,
2010-11-12,33.0,33.0,32.25,32.5,22.584280014038086,300700,
2010-11-15,32.25,32.5,32.25,32.25,22.410551071166992,139100,
2010-11-16,32.25,32.5,32.0,32.25,22.410551071166992,422500,
2010-11-17,31.75,32.25,30.75,32.25,22.410551071166992,974500,
2010-11-18,32.0,33.25,31.75,31.75,22.0631046295166,268800,
2010-11-19,31.75,32.5,31.5,32.25,22.410551071166992,568100,
2010-11-22,32.0,33.0,31.75,32.5,22.584280014038086,408600,
2010-11-23,32.0,32.5,31.75,31.75,22.0631046295166,335400,
2010-11-24,31.75,32.25,31.75,31.75,22.0631046295166,111400,
2010-11-25,31.75,33.0,31.75,32.25,22.410551071166992,722700,
2010-11-26,32.25,32.75,32.0,32.75,22.75800323486328,470500,
2010-11-29,32.75,32.75,32.0,32.0,22.23682975769043,382500,
2010-11-30,32.0,33.0,32.0,32.75,22.75800323486328,951300,
2010-12-01,32.75,32.75,31.75,31.75,22.0631046295166,1326700,
2010-12-02,31.75,32.25,31.75,32.25,22.410551071166992,259400,
2010-12-03,32.5,32.75,32.0,32.0,22.23682975769043,336300,
2010-12-07,31.75,32.75,31.75,32.5,22.584280014038086,712300,
2010-12-08,32.25,32.5,31.5,31.75,22.0631046295166,707200,
2010-12-09,31.75,32.25,31.75,31.75,22.0631046295166,1417600,
2010-12-13,32.0,32.25,31.75,32.0,22.23682975769043,1186400,
2010-12-14,32.0,32.25,32.0,32.25,22.410551071166992,1327500,
2010-12-15,32.5,33.25,32.0,32.25,22.410551071166992,3748200,
2010-12-16,32.75,33.25,32.5,32.75,22.75800323486328,868100,
2010-12-17,33.25,33.25,32.75,33.0,22.93172836303711,551200,
2010-12-20,32.75,33.0,32.25,32.25,22.410551071166992,191200,
2010-12-21,32.25,32.5,32.0,32.0,22.23682975769043,401600,
2010-12-22,32.5,32.5,31.25,31.5,21.88937759399414,785200,
2010-12-23,31.5,32.5,31.25,31.75,22.0631046295166,868300,
2010-12-24,31.75,32.0,31.75,32.0,22.23682975769043,151000,
2010-12-27,32.0,32.25,31.5,31.5,21.88937759399414,238400,
2010-12-28,31.75,32.25,31.75,32.0,22.23682975769043,190600,
2010-12-29,32.0,32.25,31.5,31.75,22.0631046295166,906400,
2010-12-30,31.75,32.25,31.75,31.75,22.0631046295166,272200,
2011-01-04,31.75,32.5,31.75,31.75,22.0631046295166,1056100,
2011-01-05,32.0,32.25,31.25,31.5,21.88937759399414,1129500,
2011-01-06,31.75,31.75,31.25,31.25,21.715652465820312,963600,
2011-01-07,31.25,31.75,31.25,31.75,22.0631046295166,1140200,
2011-01-10,31.75,32.25,31.5,32.0,22.23682975769043,1840200,
2011-01-11,32.0,32.0,31.25,31.75,22.0631046295166,956800,
2011-01-12,31.75,33.0,31.75,32.0,22.23682975769043,2966500,
2011-01-13,32.25,32.25,31.5,31.5,21.88937759399414,1246200,
2011-01-14,31.5,31.75,30.25,31.0,21.54193115234375,42868000,
2011-01-17,30.75,31.25,30.75,31.25,21.715652465820312,1226400,
2011-01-18,31.5,31.5,31.0,31.0,21.54193115234375,506200,
2011-01-19,31.25,31.25,31.0,31.25,21.715652465820312,351400,
2011-01-20,31.25,31.5,31.0,31.25,21.715652465820312,226800,
2011-01-21,31.0,31.5,30.75,31.5,21.88937759399414,1658100,
2011-01-24,31.0,31.5,30.75,31.25,21.715652465820312,1225900,
2011-01-25,32.5,32.5,31.25,31.25,21.715652465820312,2195300,
2011-01-26,31.25,33.25,31.25,33.0,22.93172836303711,2643900,
2011-01-27,33.5,33.5,32.5,32.75,22.75800323486328,412600,
2011-01-28,32.75,33.0,32.0,32.75,22.75800323486328,829400,
2011-01-31,32.25,33.0,31.75,32.75,22.75800323486328,1201100,
2011-02-01,32.75,32.75,32.25,32.75,22.75800323486328,1135000,
2011-02-02,32.5,32.75,32.5,32.5,22.584280014038086,125800,
2011-02-03,32.5,32.5,32.0,32.0,22.23682975769043,312300,
2011-02-04,32.25,32.75,32.25,32.5,22.584280014038086,568900,
2011-02-07,32.75,33.0,32.5,32.75,22.75800323486328,2275900,
2011-02-08,32.75,33.0,32.5,32.75,22.75800323486328,1409200,
2011-02-09,33.0,33.0,32.75,32.75,22.75800323486328,618500,
2011-02-10,33.0,34.25,32.75,33.25,23.105457305908203,1126200,
2011-02-11,33.25,33.75,32.75,33.5,23.279176712036133,576700,
2011-02-14,33.75,34.5,33.75,34.5,23.974079132080078,1134900,
2011-02-15,35.0,36.25,34.25,35.5,24.668977737426758,4338000,
2011-02-16,36.0,37.25,36.0,37.25,25.88506317138672,3773400,
2011-02-17,38.0,38.0,36.25,36.25,25.19015884399414,2142200,
2011-02-18,36.25,36.25,36.25,36.25,25.19015884399414,0,
2011-02-21,36.5,36.5,34.75,35.25,24.495256423950195,752200,
2011-02-22,35.0,35.75,34.75,35.5,24.668977737426758,674900,
2011-02-23,35.5,35.5,33.5,34.0,23.626625061035156,998300,
2011-02-24,33.75,34.0,32.5,32.5,22.584280014038086,710200,
2011-02-25,32.5,33.75,32.5,33.0,22.93172836303711,1371200,
2011-02-28,33.25,33.5,33.25,33.25,23.105457305908203,370000,
2011-03-01,33.25,34.5,33.25,34.0,23.626625061035156,421200,
2011-03-02,33.75,36.25,33.5,36.25,25.19015884399414,1677600,
2011-03-03,36.0,36.0,34.75,35.5,24.668977737426758,2064300,
2011-03-04,35.5,36.75,35.5,35.75,24.84270477294922,1094500,
2011-03-07,36.0,36.75,36.0,36.5,25.363882064819336,642500,
2011-03-08,36.75,37.25,36.0,36.25,25.19015884399414,1150600,
2011-03-09,36.25,36.75,36.0,36.25,25.19015884399414,448900,
2011-03-10,35.75,36.25,35.5,35.75,25.190156936645508,1565200,0.5
2011-03-11,35.25,35.75,34.25,34.5,24.309385299682617,794200,
2011-03-14,34.0,35.25,34.0,35.25,24.837848663330078,167400,
2011-03-15,34.75,35.5,34.25,35.0,24.66168975830078,1136500,
2011-03-16,35.5,36.0,34.75,35.0,24.66168975830078,1482900,
2011-03-17,35.0,35.0,34.5,35.0,24.66168975830078,1461200,
2011-03-21,36.25,36.5,35.5,36.0,25.366315841674805,490200,
2011-03-22,36.0,36.0,35.0,35.0,24.66168975830078,342700,
2011-03-23,35.25,35.75,35.25,35.5,25.013999938964844,300500,
2011-03-24,35.5,36.5,35.5,36.25,25.542465209960938,22770100,
2011-03-25,36.75,37.75,36.75,37.25,26.247093200683594,2758300,
2011-03-28,37.5,37.5,37.0,37.25,26.247093200683594,292000,
2011-03-29,37.5,37.75,37.0,37.25,26.247093200683594,681300,
2011-03-30,37.5,38.25,37.5,37.75,26.599397659301758,2306800,
2011-03-31,37.75,38.0,37.5,38.0,26.775554656982422,808400,
2011-04-01,38.5,39.75,38.0,39.0,27.48017692565918,2329400,
2011-04-04,39.75,39.75,38.5,39.25,27.656328201293945,298200,
2011-04-05,39.25,39.25,38.25,38.25,26.951705932617188,294900,
2011-04-07,38.5,39.0,37.0,37.75,26.599397659301758,1387600,
2011-04-08,37.75,38.25,37.5,37.5,26.423240661621094,1054300,
2011-04-11,38.0,40.0,38.0,39.75,28.008634567260742,2559000,
2011-04-12,39.75,39.75,39.0,39.5,27.832483291625977,596700,
2011-04-18,39.0,39.5,38.75,38.75,27.304014205932617,293900,
2011-04-19,38.75,38.75,38.25,38.5,27.127864837646484,523100,
2011-04-20,38.0,38.75,37.75,38.5,27.127864837646484,806100,
2011-04-21,38.75,39.5,38.25,38.75,27.304014205932617,846500,
2011-04-22,38.5,39.0,38.5,38.75,27.304014205932617,291500,
2011-04-25,38.75,39.0,38.5,38.75,27.304014205932617,109100,
2011-04-26,38.25,39.0,38.25,39.0,27.48017692565918,195400,
2011-04-27,39.0,40.0,39.0,39.75,28.008634567260742,1811100,
2011-04-28,39.75,40.0,39.0,39.0,27.48017692565918,649300,
2011-04-29,39.25,39.25,38.5,38.75,27.304014205932617,313000,
2011-05-03,38.5,39.0,37.25,37.75,26.599397659301758,794600,
2011-05-04,37.25,37.75,37.25,37.75,26.599397659301758,264000,
2011-05-06,37.25,37.5,36.0,36.5,25.7186222076416,1646200,
2011-05-09,36.5,37.25,36.5,37.0,26.070924758911133,1442700,
2011-05-10,37.0,37.75,37.0,37.5,26.423240661621094,500700,
2011-05-11,37.75,38.25,37.5,37.75,26.599397659301758,666600,
2011-05-12,38.0,38.75,38.0,38.0,26.775554656982422,386700,
2011-05-13,37.75,38.5,37.5,38.0,26.775554656982422,381200,
2011-05-18,37.75,38.5,37.75,38.25,26.951705932617188,929200,
2011-05-19,38.25,39.0,37.75,39.0,27.48017692565918,1776700,
2011-05-20,39.0,39.0,38.0,38.0,26.775554656982422,889800,
2011-05-23,38.0,38.25,37.75,38.0,26.775554656982422,226700,
2011-05-24,38.0,38.5,38.0,38.5,27.127864837646484,118100,
2011-05-25,38.25,38.25,37.75,37.75,26.599397659301758,109000,
2011-05-26,37.75,38.25,37.75,37.75,26.599397659301758,153700,
2011-05-27,37.5,38.0,37.0,37.5,26.423240661621094,1239900,
2011-05-30,37.5,38.0,37.25,37.75,26.599397659301758,883700,
2011-05-31,37.75,39.0,37.5,39.0,27.48017692565918,1380800,
2011-06-01,39.5,39.5,38.5,38.5,27.127864837646484,1009500,
2011-06-02,38.5,39.0,38.25,38.5,27.127864837646484,215400,
2011-06-03,39.0,39.0,37.75,38.5,27.127864837646484,345000,
2011-06-06,38.5,39.0,38.0,38.25,26.951705932617188,85200,
2011-06-07,38.5,38.5,38.0,38.25,26.951705932617188,395900,
2011-06-08,38.25,38.5,37.25,38.0,26.775554656982422,1270500,
2011-06-09,37.25,38.0,36.75,37.0,26.070924758911133,921400,
2011-06-10,36.75,38.0,36.75,38.0,26.775554656982422,321600,
2011-06-13,37.25,38.0,37.25,37.25,26.247093200683594,143000,
2011-06-14,37.25,37.75,37.0,37.75,26.599397659301758,393100,
2011-06-15,37.75,37.75,37.5,37.75,26.599397659301758,219800,
2011-06-16,37.5,37.5,37.0,37.0,26.070924758911133,684400,
2011-06-17,37.25,37.5,36.75,36.75,25.894777297973633,733700,
2011-06-20,37.0,37.0,36.25,36.25,25.542465209960938,545700,
2011-06-21,36.5,36.75,36.25,36.25,25.542465209960938,303400,
2011-06-22,36.5,36.75,36.25,36.5,25.7186222076416,255400,
2011-06-23,36.5,36.5,35.5,35.5,25.013999938964844,320400,
2011-06-24,35.75,36.25,35.75,35.75,25.190156936645508,135700,
2011-06-27,35.75,35.75,35.0,35.0,24.66168975830078,206500,
2011-06-28,35.25,35.75,35.0,35.25,24.837848663330078,384000,
2011-06-29,35.25,36.75,35.25,36.75,25.894777297973633,212300,
2011-06-30,37.0,37.0,36.25,36.5,25.7186222076416,415500,
2011-07-04,37.5,38.0,37.25,38.0,26.775554656982422,614400,
2011-07-05,38.25,38.25,37.75,37.75,26.599397659301758,332400,
2011-07-06,38.0,38.0,37.75,37.75,26.599397659301758,407500,
2011-07-07,38.0,38.0,37.75,37.75,26.599397659301758,176500,
2011-07-08,37.75,38.5,37.75,38.0,26.775554656982422,645900,
2011-07-11,38.0,38.0,36.5,36.75,25.894777297973633,1250400,
2011-07-12,36.5,37.0,36.25,36.75,25.894777297973633,333800,
2011-07-13,36.5,37.25,36.5,36.75,25.894777297973633,1208200,
2011-07-14,36.25,36.5,35.75,36.25,25.542465209960938,1226000,
2011-07-18,36.5,36.75,36.0,36.25,25.542465209960938,240100,
2011-07-19,36.0,36.5,35.75,35.75,25.190156936645508,1196600,
2011-07-20,36.0,36.25,36.0,36.0,25.366315841674805,724100,
2011-07-21,36.25,36.75,36.0,36.5,25.7186222076416,842800,
2011-07-22,36.75,37.25,36.75,36.75,25.894777297973633,995700,
2011-07-25,37.0,37.5,36.75,37.5,26.423240661621094,1088600,
2011-07-26,37.5,37.5,37.0,37.0,26.070924758911133,535200,
2011-07-27,37.0,37.5,37.0,37.25,26.247093200683594,315800,
2011-07-28,37.25,38.0,37.0,37.75,26.599397659301758,1011500,
2011-07-29,38.0,38.0,37.25,37.75,26.599397659301758,333700,
2011-08-01,37.75,38.25,37.5,38.0,26.775554656982422,591400,
2011-08-02,38.0,38.5,37.5,37.75,26.599397659301758,1155200,
2011-08-03,37.5,37.75,37.25,37.5,26.423240661621094,571700,
2011-08-04,37.5,38.0,37.5,37.5,26.423240661621094,287000,
2011-08-05,36.75,37.0,36.0,36.0,25.366315841674805,1334000,
2011-08-08,34.5,35.5,34.5,35.25,24.837848663330078,1093000,
2011-08-09,34.5,35.25,34.5,35.25,24.837848663330078,579200,
2011-08-10,35.75,35.75,34.75,35.0,24.66168975830078,966300,
2011-08-11,35.0,36.0,34.75,35.25,24.837848663330078,1333900,
2011-08-15,35.5,36.75,35.25,36.25,25.542465209960938,1432900,
2011-08-16,36.75,37.5,36.25,37.5,26.423240661621094,2580600,
2011-08-17,37.75,38.25,37.25,38.0,26.775554656982422,1471100,
2011-08-18,39.0,39.0,37.25,37.75,26.599397659301758,1028900,
2011-08-19,37.0,37.5,36.5,37.0,26.070924758911133,731400,
2011-08-22,37.0,37.75,36.75,37.5,26.423240661621094,960300,
2011-08-23,37.0,37.25,36.5,36.75,26.20928955078125,306500,0.45
2011-08-24,36.5,37.0,36.0,36.0,25.674407958984375,751200,
2011-08-25,36.25,36.5,36.0,36.0,25.674407958984375,518500,
2011-08-26,35.0,36.5,35.0,36.25,25.852699279785156,705800,
2011-08-29,36.0,37.25,35.5,37.25,26.565885543823242,1071800,
2011-08-30,37.5,38.0,36.75,38.0,27.100765228271484,1993900,
2011-08-31,38.0,38.5,37.75,38.25,27.279054641723633,1111200,
2011-09-01,38.25,39.5,38.0,39.5,28.170530319213867,3419800,
2011-09-02,39.25,41.0,39.25,40.25,28.705411911010742,2116700,
2011-09-05,40.25,40.25,39.25,39.5,28.170530319213867,383700,
2011-09-06,39.25,39.25,38.0,39.0,27.813945770263672,546000,
2011-09-07,38.5,40.25,38.5,40.25,28.705411911010742,2348900,
2011-09-08,40.25,40.5,39.75,40.25,28.705411911010742,389800,
2011-09-09,40.0,41.25,40.0,40.25,28.705411911010742,1715600,
2011-09-12,39.5,40.0,39.0,39.0,27.813945770263672,523500,
2011-09-13,39.25,39.25,37.75,38.0,27.100765228271484,861500,
2011-09-14,37.75,38.5,37.0,38.0,27.100765228271484,774100,
2011-09-15,38.0,39.0,37.75,38.75,27.63564109802246,331400,
2011-09-16,39.0,41.0,38.75,41.0,29.240293502807617,1447100,
2011-09-19,41.0,41.0,39.75,40.5,28.88370704650879,275200,
2011-09-20,41.0,41.0,40.25,40.75,29.062002182006836,303500,
2011-09-21,40.75,43.0,40.75,42.75,30.488361358642578,1833100,
2011-09-22,41.75,42.0,40.25,40.25,28.705411911010742,1175100,
2011-09-23,39.0,39.75,37.0,38.5,27.457353591918945,1314100,
2011-09-26,37.25,37.75,34.25,35.0,24.961225509643555,1506200,
2011-09-27,36.0,38.0,35.75,38.0,27.100765228271484,1545400,
2011-09-28,37.5,38.5,37.25,38.0,27.100765228271484,1327800,
2011-09-29,37.5,38.25,37.5,38.25,27.279054641723633,417700,
2011-09-30,38.0,39.0,38.0,38.75,27.63564109802246,1741700,
2011-10-03,37.5,37.5,36.0,36.75,26.20928955078125,640400,
2011-10-04,36.5,37.0,36.0,36.5,26.03099250793457,634300,
2011-10-05,36.0,36.5,35.75,36.25,25.852699279785156,782300,
2011-10-06,36.5,37.75,36.25,37.75,26.922468185424805,573600,
2011-10-07,38.0,38.75,37.75,38.25,27.279054641723633,870800,
2011-10-10,38.0,38.75,38.0,38.75,27.63564109802246,401200,
2011-10-11,39.25,40.5,39.25,40.0,28.527132034301758,1529100,
2011-10-12,40.0,40.0,37.5,38.25,27.279054641723633,1286600,
2011-10-13,38.5,38.75,37.75,38.5,27.457353591918945,712100,
2011-10-14,38.75,39.25,38.5,39.25,27.992238998413086,572400,
2011-10-17,39.25,39.25,38.5,39.0,27.813945770263672,823400,
2011-10-18,38.25,38.75,38.25,38.75,27.63564109802246,540500,
2011-10-19,38.25,39.0,38.25,38.75,27.63564109802246,171800,
2011-10-20,38.0,39.0,38.0,39.0,27.813945770263672,1109700,
2011-10-21,38.5,38.75,38.25,38.5,27.457353591918945,674500,
2011-10-25,38.5,38.75,38.25,38.75,27.63564109802246,778300,
2011-10-26,38.25,38.75,38.25,38.75,27.63564109802246,180300,
2011-10-27,38.75,39.0,38.5,38.75,27.63564109802246,92900,
2011-10-28,38.75,39.75,38.75,39.75,28.348819732666016,1094000,
2011-10-31,39.5,40.0,39.25,39.75,28.348819732666016,310000,
2011-11-01,39.25,40.25,39.0,39.75,28.348819732666016,569600,
2011-11-02,39.75,40.25,39.5,40.25,28.705411911010742,822800,
2011-11-03,39.75,40.5,39.75,40.25,28.705411911010742,172600,
2011-11-04,40.25,41.75,40.25,41.75,29.775182723999023,1754200,
2011-11-07,41.0,41.25,40.25,40.75,29.062002182006836,335800,
2011-11-08,41.0,41.0,40.25,41.0,29.240293502807617,24800,
2011-11-09,41.25,41.5,40.0,40.0,28.527132034301758,235600,
2011-11-10,39.5,40.25,39.5,40.25,28.705411911010742,449700,
2011-11-11,40.0,40.25,39.75,40.0,28.527132034301758,95000,
2011-11-14,40.5,40.75,40.0,40.0,28.527132034301758,168600,
2011-11-15,39.75,40.25,39.75,40.25,28.705411911010742,229200,
2011-11-16,40.0,40.5,40.0,40.5,28.88370704650879,176200,
2011-11-17,40.5,46.25,40.5,44.75,31.914705276489258,2016000,
2011-11-18,43.75,44.5,43.25,44.0,31.37982749938965,3666400,
2011-11-21,43.25,44.0,43.0,43.5,31.023235321044922,558500,
2011-11-22,43.5,44.25,43.5,44.0,31.37982749938965,508500,
2011-11-23,43.5,44.0,42.75,43.75,31.2015323638916,670200,
2011-11-24,43.5,45.0,43.5,44.25,31.558128356933594,1203700,
2011-11-25,44.25,44.25,43.5,43.5,31.023235321044922,1054900,
2011-11-28,43.5,44.0,43.5,44.0,31.37982749938965,175200,
2011-11-29,44.25,47.25,44.0,45.75,32.62789535522461,3791200,
2011-11-30,45.75,48.5,45.5,46.75,33.341064453125,2771500,
2011-12-01,47.75,47.75,46.25,46.25,32.98447799682617,1256800,
2011-12-02,47.0,47.75,46.5,47.0,33.51936340332031,470700,
2011-12-06,47.5,48.5,45.25,45.5,32.44960021972656,1935100,
2011-12-07,45.75,47.5,45.75,47.25,33.69764709472656,1367100,
2011-12-08,47.5,47.5,46.75,47.0,33.51936340332031,730400,
2011-12-09,46.5,47.0,46.25,46.75,33.341064453125,1393900,
2011-12-13,46.5,47.5,46.5,46.75,33.341064453125,903500,
2011-12-14,46.75,47.25,46.0,46.25,32.98447799682617,625200,
2011-12-15,45.75,46.75,44.75,45.5,32.44960021972656,1304100,
2011-12-16,45.5,46.5,45.5,45.75,32.62789535522461,544000,
2011-12-19,46.0,46.0,45.0,45.75,32.62789535522461,1022800,
2011-12-20,45.75,46.75,45.5,46.25,32.98447799682617,1464100,
2011-12-21,46.5,47.5,45.75,47.25,33.69764709472656,2772900,
2011-12-22,47.25,48.0,47.0,47.5,33.875946044921875,1310800,
2011-12-23,47.75,49.25,47.25,49.0,34.94571304321289,2340100,
2011-12-26,49.0,49.25,47.75,48.25,34.41083526611328,601400,
2011-12-27,48.5,48.5,46.25,46.25,32.98447799682617,573300,
2011-12-28,46.5,47.25,46.25,46.75,33.341064453125,210800,
2011-12-29,46.5,47.0,45.75,46.0,32.806182861328125,1291900,
2011-12-30,46.25,46.75,46.0,46.5,33.162776947021484,928300,
2012-01-04,46.75,47.75,46.75,47.5,33.875946044921875,1190000,
2012-01-05,47.75,49.0,47.75,48.0,34.23253631591797,2385900,
2012-01-06,47.75,48.0,47.5,48.0,34.23253631591797,503100,
2012-01-09,47.75,48.25,47.75,48.0,34.23253631591797,317400,
2012-01-10,48.0,50.5,48.0,50.0,35.658897399902344,2169700,
2012-01-11,50.25,51.0,48.75,50.0,35.658897399902344,1765300,
2012-01-12,50.0,51.75,50.0,50.0,35.658897399902344,951800,
2012-01-13,50.25,50.5,48.5,49.5,35.30230712890625,1381900,
2012-01-16,48.5,50.0,48.5,49.75,35.48060607910156,180100,
2012-01-17,50.0,50.25,49.25,49.75,35.48060607910156,1098500,
2012-01-18,50.0,50.25,48.0,48.75,34.767425537109375,1360200,
2012-01-19,48.75,49.0,48.0,48.0,34.23253631591797,973600,
2012-01-20,48.0,48.5,48.0,48.25,34.41083526611328,382800,
2012-01-23,48.0,48.75,48.0,48.25,34.41083526611328,360200,
2012-01-24,48.25,48.75,48.0,48.0,34.23253631591797,737400,
2012-01-25,48.25,48.25,47.25,48.0,34.23253631591797,578600,
2012-01-26,48.0,48.0,46.75,47.0,33.51936340332031,1382200,
2012-01-27,47.0,47.25,46.25,47.25,33.69764709472656,1366700,
2012-01-30,47.0,47.25,46.25,46.25,32.98447799682617,1080200,
2012-01-31,46.25,47.5,46.25,47.25,33.69764709472656,1515400,
2012-02-01,47.5,48.0,47.5,48.0,34.23253631591797,591900,
2012-02-02,47.75,48.0,46.75,46.75,33.341064453125,642300,
2012-02-03,47.0,47.75,47.0,47.25,33.69764709472656,355900,
2012-02-06,47.25,47.5,46.25,46.25,32.98447799682617,759000,
2012-02-07,46.25,46.75,45.5,46.0,32.806182861328125,1453900,
2012-02-08,46.0,46.25,44.75,44.75,31.914705276489258,2749800,
2012-02-09,44.75,44.75,43.5,44.0,31.37982749938965,4099200,
2012-02-10,43.75,45.5,43.75,45.0,32.09300994873047,4550600,
2012-02-13,45.5,45.75,45.0,45.0,32.09300994873047,1639400,
2012-02-14,45.25,45.25,44.75,45.0,32.09300994873047,1126900,
2012-02-15,45.5,46.5,45.5,46.25,32.98447799682617,1317300,
2012-02-16,46.25,46.25,45.25,45.25,32.271305084228516,676300,
2012-02-17,45.75,46.0,45.75,46.0,32.806182861328125,636100,
2012-02-20,46.0,46.0,45.0,45.0,32.09300994873047,1224100,
2012-02-21,45.25,45.25,45.0,45.25,32.271305084228516,345600,
2012-02-22,45.25,45.75,45.0,45.25,32.271305084228516,1443800,
2012-02-23,45.25,45.5,45.0,45.5,32.44960021972656,1595200,
2012-02-24,45.5,46.25,45.5,46.25,32.98447799682617,936800,
2012-02-27,46.5,46.5,45.5,45.5,32.44960021972656,803700,
2012-02-28,45.5,46.5,45.5,46.0,32.806182861328125,1258600,
2012-02-29,46.25,46.5,45.75,45.75,32.62789535522461,1011200,
2012-03-01,46.25,46.75,46.0,46.5,33.162776947021484,1192300,
2012-03-02,46.75,48.5,46.5,48.0,34.23253631591797,3277600,
2012-03-05,48.5,49.5,48.25,49.0,34.94571304321289,2733000,
2012-03-06,48.5,50.5,48.5,49.0,34.94571304321289,3598500,
2012-03-08,49.25,50.5,49.25,50.0,35.658897399902344,3766300,
2012-03-09,50.5,54.0,50.5,52.25,37.26354217529297,7132300,
2012-03-12,52.0,54.0,51.75,53.75,38.816200256347656,3267700,0.65
2012-03-13,53.5,53.5,52.25,53.0,38.27457809448242,1916400,
2012-03-14,53.75,54.5,53.25,54.25,39.177276611328125,3212100,
2012-03-15,54.25,55.75,54.0,54.0,38.99674606323242,3112500,
2012-03-16,54.25,57.5,54.25,56.75,40.98268508911133,5511100,
2012-03-19,56.5,56.5,54.75,55.0,39.71889114379883,3860400,
2012-03-20,55.0,55.75,53.25,54.0,38.99674606323242,1685200,
2012-03-21,54.5,55.25,54.0,54.5,39.357818603515625,2921300,
2012-03-22,54.0,54.5,53.25,53.75,38.816200256347656,2745900,
2012-03-23,53.75,55.0,53.75,54.5,39.357818603515625,3041800,
2012-03-26,54.75,55.25,53.75,53.75,38.816200256347656,1892500,
2012-03-27,54.0,54.25,53.5,54.0,38.99674606323242,1052900,
2012-03-28,54.0,54.0,53.0,54.0,38.99674606323242,1117900,
2012-03-29,53.5,55.0,53.5,54.5,39.357818603515625,938300,
2012-03-30,54.5,54.5,53.5,53.5,38.63566207885742,1372900,
2012-04-02,53.5,55.0,53.5,54.5,39.357818603515625,2259900,
2012-04-03,54.5,56.25,54.0,55.75,40.26052474975586,2973200,
2012-04-04,56.0,56.0,55.0,55.25,39.899444580078125,1777600,
2012-04-05,55.0,55.5,54.75,54.75,39.538360595703125,3080300,
2012-04-10,54.0,55.0,53.75,54.0,38.99674606323242,2547100,
2012-04-11,53.75,55.0,53.75,54.25,39.177276611328125,664900,
2012-04-12,54.0,55.25,54.0,55.0,39.71889114379883,627700,
2012-04-17,54.5,55.25,54.0,55.0,39.71889114379883,805700,
2012-04-18,55.0,55.25,54.5,54.5,39.357818603515625,1639700,
2012-04-19,54.0,58.5,54.0,58.5,42.2464714050293,2882600,
2012-04-20,58.5,60.0,58.25,59.25,42.788082122802734,2006100,
2012-04-23,59.25,62.0,59.25,61.25,44.23240280151367,1925000,
2012-04-24,61.0,62.5,60.0,60.75,43.8713264465332,1201500,
2012-04-25,60.5,60.5,59.0,59.0,42.6075439453125,875500,
2012-04-26,59.0,60.0,58.75,59.75,43.149169921875,576500,
2012-04-27,59.5,62.0,59.5,61.25,44.23240280151367,1272500,
2012-04-30,61.25,61.5,60.0,61.0,44.05186462402344,549400,
2012-05-02,61.5,61.75,61.0,61.75,44.59348678588867,721300,
2012-05-03,62.0,63.5,61.25,61.75,44.59348678588867,2097800,
2012-05-04,62.25,62.75,60.75,61.25,44.23240280151367,674200,
2012-05-08,61.0,62.0,60.75,61.0,44.05186462402344,541200,
2012-05-09,61.0,61.5,59.75,59.75,43.149169921875,588900,
2012-05-10,59.5,60.25,58.75,60.0,43.3297004699707,778700,
2012-05-11,60.0,61.75,59.75,61.0,44.05186462402344,585400,
2012-05-14,63.5,64.5,60.0,61.75,44.59348678588867,3292400,
2012-05-15,60.75,61.5,60.0,61.0,44.05186462402344,1104600,
2012-05-16,60.0,61.25,60.0,61.25,44.23240280151367,2715400,
2012-05-17,61.5,61.5,60.75,61.25,44.23240280151367,532200,
2012-05-18,61.5,64.0,61.5,64.0,46.218353271484375,25180800,
2012-05-21,65.5,66.0,63.75,64.5,46.579437255859375,1508500,
2012-05-22,64.75,65.0,62.75,62.75,45.315650939941406,720500,
2012-05-23,63.0,63.0,61.5,61.5,44.41294860839844,274700,
2012-05-24,62.5,63.25,61.75,63.0,45.49619674682617,370800,
2012-05-25,62.5,63.5,62.5,63.25,45.67672348022461,139500,
2012-05-28,62.75,64.5,62.5,63.5,45.857276916503906,980200,
2012-05-29,64.0,64.5,64.0,64.0,46.218353271484375,313100,
2012-05-30,64.0,64.25,63.0,63.0,45.49619674682617,615500,
2012-05-31,62.75,65.0,62.75,63.0,45.49619674682617,1217900,
2012-06-01,62.75,63.25,62.5,62.75,45.315650939941406,626700,
2012-06-05,62.5,62.5,59.25,61.0,44.05186462402344,1634800,
2012-06-06,61.25,61.25,60.5,60.5,43.690792083740234,896900,
2012-06-07,61.0,61.25,60.5,60.5,43.690792083740234,1040000,
2012-06-08,60.5,60.5,59.75,59.75,43.149169921875,821100,
2012-06-11,60.25,61.75,60.25,61.0,44.05186462402344,574800,
2012-06-12,60.75,62.0,60.5,61.5,44.41294860839844,680900,
2012-06-13,61.75,62.25,61.0,61.5,44.41294860839844,406400,
2012-06-14,60.75,61.75,60.5,60.75,43.8713264465332,483400,
2012-06-15,60.75,61.0,60.25,60.5,43.690792083740234,785400,
2012-06-18,61.0,61.25,60.0,60.25,43.51024627685547,638400,
2012-06-19,61.25,63.5,61.0,63.25,45.67672348022461,1688300,
2012-06-20,63.75,64.75,63.0,64.5,46.579437255859375,1153700,
2012-06-21,64.0,64.5,63.0,64.5,46.579437255859375,831600,
2012-06-22,64.75,65.25,63.5,65.25,47.12104797363281,860600,
2012-06-25,66.0,69.5,66.0,68.75,49.64862823486328,3207900,
2012-06-26,68.5,71.5,68.25,70.5,50.91239929199219,2374700,
2012-06-27,71.5,74.0,71.5,73.75,53.25941848754883,2564600,
2012-06-28,73.25,76.25,71.75,71.75,51.81510925292969,2900000,
2012-06-29,72.5,73.25,70.0,70.0,50.55131530761719,1398000,
2012-07-02,70.0,72.5,70.0,72.0,51.99565124511719,967300,
2012-07-03,72.5,73.25,72.25,72.75,52.53725814819336,649300,
2012-07-04,73.0,73.25,71.75,72.0,51.99565124511719,501700,
2012-07-05,72.5,75.75,72.25,75.25,54.34266662597656,2600800,
2012-07-06,78.0,85.5,78.0,81.25,58.67564392089844,6098200,
2012-07-09,80.5,82.5,80.25,82.0,59.21726608276367,1994900,
2012-07-10,83.0,83.25,78.0,79.5,57.411865234375,4055500,
2012-07-11,79.25,82.0,79.0,81.25,58.67564392089844,3588000,
2012-07-12,81.25,81.25,78.5,78.75,56.87024688720703,1489000,
2012-07-13,78.5,79.5,78.0,79.0,57.05078125,1151600,
2012-07-16,79.5,79.5,78.25,79.5,57.411865234375,1234900,
2012-07-17,79.75,80.0,78.25,79.0,57.05078125,732900,
2012-07-18,79.0,79.25,76.5,77.25,55.7869987487793,2665500,
2012-07-19,77.5,78.25,77.0,77.0,55.6064567565918,920400,
2012-07-20,77.5,77.75,74.25,75.25,54.34266662597656,917700,
2012-07-23,74.25,76.5,73.75,75.0,54.162132263183594,1492500,
2012-07-24,75.0,79.0,75.0,78.75,56.87024688720703,1707400,
2012-07-25,79.5,80.5,77.5,78.0,56.328617095947266,2151000,
2012-07-26,78.25,78.25,75.0,75.0,54.162132263183594,1530100,
2012-07-27,76.0,77.0,73.5,74.0,53.43996047973633,1860900,
2012-07-30,74.5,75.5,74.5,75.0,54.162132263183594,648200,
2012-07-31,75.75,77.0,75.0,76.0,54.884315490722656,1092500,
2012-08-01,75.0,78.5,75.0,78.25,56.5091552734375,1797900,
2012-08-03,77.75,78.5,77.25,78.5,56.689693450927734,1244600,
2012-08-06,79.0,79.25,77.5,78.0,56.328617095947266,699200,
2012-08-07,77.75,79.0,77.75,77.75,56.14807891845703,1183500,
2012-08-08,78.0,78.5,77.0,77.0,55.6064567565918,1112700,
2012-08-09,77.75,78.5,77.0,78.0,56.328617095947266,1050400,
2012-08-10,78.5,78.5,77.5,77.5,55.967529296875,673000,
2012-08-14,77.0,77.25,75.5,75.75,54.70375442504883,1314100,
2012-08-15,75.25,75.75,75.0,75.75,54.70375442504883,1654000,
2012-08-16,76.25,76.75,75.25,75.5,54.52321243286133,1997500,
2012-08-17,76.0,76.25,75.25,76.25,55.06482696533203,1004300,
2012-08-20,76.25,76.5,76.0,76.25,55.06482696533203,307700,
2012-08-21,76.5,77.0,76.0,76.5,55.24537658691406,976400,
2012-08-22,76.25,76.75,75.75,76.25,55.06482696533203,692400,
2012-08-23,76.0,76.25,75.75,76.0,54.884315490722656,636100,
2012-08-24,75.25,78.0,75.25,78.0,56.77685546875,2327100,0.6
2012-08-27,78.25,78.5,77.25,77.25,56.23093032836914,1555400,
2012-08-28,77.25,77.75,77.0,77.25,56.23093032836914,535700,
2012-08-29,77.25,78.0,76.25,76.5,55.684993743896484,1165400,
2012-08-30,75.75,76.0,74.25,75.25,54.77510070800781,1676900,
2012-08-31,75.0,78.0,74.5,78.0,56.77685546875,1614000,
2012-09-03,77.75,78.0,76.75,76.75,55.866981506347656,900800,
2012-09-04,77.0,78.25,76.75,78.0,56.77685546875,1208200,
2012-09-05,78.0,82.25,78.0,81.5,59.32453155517578,5554900,
2012-09-06,81.5,83.0,81.5,81.5,59.32453155517578,2484500,
2012-09-07,82.25,82.5,80.25,80.25,58.4146614074707,1170200,
2012-09-10,80.75,82.0,80.0,80.0,58.23268508911133,825800,
2012-09-11,80.25,81.0,79.5,81.0,58.96059036254883,499900,
2012-09-12,81.25,81.5,80.0,80.75,58.778602600097656,483600,
2012-09-13,80.75,81.25,80.0,80.25,58.4146614074707,388500,
2012-09-14,80.75,82.0,80.25,80.25,58.4146614074707,1522000,
2012-09-17,80.25,80.5,79.25,79.75,58.05071258544922,1055900,
2012-09-18,79.25,80.75,79.0,79.25,57.686729431152344,913100,
2012-09-19,79.25,80.0,79.25,79.5,57.86872100830078,327900,
2012-09-20,80.0,80.0,79.0,79.0,57.50476837158203,611600,
2012-09-21,79.0,79.25,78.25,78.75,57.32279968261719,1033500,
2012-09-24,78.25,79.0,78.25,78.75,57.32279968261719,504100,
2012-09-25,79.0,81.25,79.0,81.25,59.1425666809082,1798700,
2012-09-26,81.25,81.25,79.75,80.5,58.59663009643555,1476200,
2012-09-27,80.75,81.75,80.25,81.5,59.32453155517578,1657500,
2012-09-28,81.75,82.0,81.0,82.0,59.6884880065918,1423000,
2012-10-01,81.5,81.75,80.5,80.75,58.778602600097656,529200,
2012-10-02,80.75,81.5,80.75,80.75,58.778602600097656,684400,
2012-10-03,80.5,80.75,80.0,80.25,58.4146614074707,728800,
2012-10-04,80.5,80.5,79.75,79.75,58.05071258544922,486300,
2012-10-05,80.0,80.5,79.5,80.5,58.59663009643555,620800,
2012-10-08,80.0,82.0,80.0,80.75,58.778602600097656,1661400,
2012-10-09,81.0,81.25,80.0,80.0,58.23268508911133,1128500,
2012-10-10,79.25,80.25,79.25,80.25,58.4146614074707,414500,
2012-10-11,79.75,80.75,79.75,80.0,58.23268508911133,754800,
2012-10-12,80.0,80.0,78.0,79.5,57.86872100830078,749700,
2012-10-15,78.5,78.75,78.0,78.0,56.77685546875,825900,
2012-10-16,78.0,78.0,77.0,77.0,56.048946380615234,1448500,
2012-10-17,77.0,78.75,77.0,78.0,56.77685546875,901200,
2012-10-18,78.0,78.75,77.75,78.0,56.77685546875,588000,
2012-10-19,78.0,78.25,77.25,77.75,56.594886779785156,502100,
2012-10-22,77.75,77.75,77.0,77.25,56.23093032836914,840600,
2012-10-24,77.0,77.25,76.75,77.0,56.048946380615234,415600,
2012-10-25,77.25,78.0,77.0,78.0,56.77685546875,568100,
2012-10-26,77.5,77.5,76.5,77.0,56.048946380615234,384400,
2012-10-29,76.5,77.0,75.0,75.0,54.59313201904297,543100,
2012-10-30,75.0,76.0,75.0,75.25,54.77510070800781,290700,
2012-10-31,76.25,76.25,75.25,75.75,55.139060974121094,518800,
2012-11-01,75.75,76.25,75.25,75.25,54.77510070800781,471900,
2012-11-02,75.5,76.0,75.5,75.5,54.957088470458984,239200,
2012-11-05,75.75,77.5,75.5,76.75,55.866981506347656,825400,
2012-11-06,77.0,78.5,77.0,77.5,56.412899017333984,937300,
2012-11-07,77.0,77.75,76.5,77.5,56.412899017333984,496500,
2012-11-08,76.25,76.5,75.25,75.5,54.957088470458984,1125800,
2012-11-09,76.0,76.25,75.25,75.5,54.957088470458984,1081000,
2012-11-12,75.75,76.0,75.5,75.5,54.957088470458984,8700,
2012-11-13,76.0,76.0,75.25,75.25,54.77510070800781,219100,
2012-11-14,75.25,75.75,75.0,75.0,54.59313201904297,273400,
2012-11-15,75.0,75.0,73.75,74.25,54.04720687866211,557700,
2012-11-16,73.75,74.75,73.75,74.5,54.229190826416016,208600,
2012-11-19,74.5,74.75,74.0,74.25,54.04720687866211,233600,
2012-11-20,75.0,75.0,73.75,74.0,53.865211486816406,256600,
2012-11-21,74.0,74.75,73.5,74.25,54.04720687866211,569500,
2012-11-22,73.75,74.5,73.75,74.25,54.04720687866211,168800,
2012-11-23,74.0,74.75,74.0,74.0,53.865211486816406,86500,
2012-11-26,75.0,75.0,74.0,74.5,54.229190826416016,248600,
2012-11-27,75.0,75.0,74.5,74.75,54.41115951538086,272300,
2012-11-28,74.75,75.25,74.25,74.25,54.04720687866211,303300,
2012-11-29,74.25,75.0,74.25,74.75,54.41115951538086,386800,
2012-11-30,75.0,76.0,74.5,75.25,54.77510070800781,915900,
2012-12-03,76.0,76.25,75.5,76.25,55.503013610839844,395400,
2012-12-04,76.25,76.25,75.25,75.75,55.139060974121094,614800,
2012-12-06,76.0,76.25,75.75,76.0,55.3210563659668,454700,
2012-12-07,75.5,75.5,73.5,74.0,53.865211486816406,1388200,
2012-12-11,74.5,75.25,74.5,74.5,54.229190826416016,838600,
2012-12-12,74.75,75.0,74.0,74.0,53.865211486816406,781100,
2012-12-13,74.5,74.5,74.0,74.0,53.865211486816406,548200,
2012-12-14,74.5,74.5,74.0,74.25,54.04720687866211,466700,
2012-12-17,74.25,74.75,74.0,74.0,53.865211486816406,562900,
2012-12-18,74.0,74.25,73.75,74.25,54.04720687866211,892700,
2012-12-19,74.5,74.5,73.75,74.5,54.229190826416016,1177400,
2012-12-20,74.5,74.5,74.0,74.0,53.865211486816406,515700,
2012-12-21,73.75,74.25,73.75,74.0,53.865211486816406,366800,
2012-12-24,73.75,74.5,73.75,74.5,54.229190826416016,317400,
2012-12-25,74.5,74.75,74.25,74.5,54.229190826416016,300500,
2012-12-26,74.25,74.75,74.25,74.75,54.41115951538086,281800,
2012-12-27,74.75,75.5,74.25,75.5,54.957088470458984,1370700,
2012-12-28,75.5,76.0,74.0,74.0,53.865211486816406,817500,
2013-01-02,74.25,75.25,74.25,74.25,54.04720687866211,420000,
2013-01-03,74.5,76.25,74.5,75.25,54.77510070800781,1532700,
2013-01-04,75.25,75.5,74.25,75.0,54.59313201904297,1890000,
2013-01-07,75.25,77.75,75.0,76.25,55.503013610839844,2396400,
2013-01-08,77.25,78.25,76.5,78.0,56.77685546875,1889800,
2013-01-09,78.5,79.25,78.0,78.25,56.958824157714844,1643300,
2013-01-10,78.25,78.75,76.75,77.5,56.412899017333984,1470500,
2013-01-11,77.5,77.5,75.25,77.0,56.048946380615234,1065100,
2013-01-14,77.0,77.25,76.25,76.5,55.684993743896484,661800,
2013-01-15,76.5,76.5,74.75,75.25,54.77510070800781,1487100,
2013-01-16,76.0,76.0,74.25,74.5,54.229190826416016,1390100,
2013-01-17,74.5,77.0,74.5,76.5,55.684993743896484,1477200,
2013-01-18,77.0,77.5,76.25,76.75,55.866981506347656,740800,
2013-01-21,76.75,77.0,75.75,76.25,55.503013610839844,610600,
2013-01-22,76.0,76.0,75.25,75.5,54.957088470458984,892800,
2013-01-23,75.5,76.25,74.5,75.0,54.59313201904297,1826800,
2013-01-24,75.5,76.5,75.0,75.75,55.139060974121094,972800,
2013-01-25,75.75,76.75,75.5,76.5,55.684993743896484,1577300,
2013-01-28,77.0,77.0,76.0,76.0,55.3210563659668,508400,
2013-01-29,76.0,77.0,76.0,76.75,55.866981506347656,723300,
2013-01-30,77.0,79.0,77.0,78.75,57.32279968261719,3001200,
2013-01-31,79.0,79.0,77.0,77.75,56.594886779785156,1711000,
2013-02-01,77.75,80.0,77.75,79.0,57.50476837158203,2471700,
2013-02-04,79.0,79.75,78.5,79.0,57.50476837158203,1305400,
2013-02-05,78.25,78.75,77.75,78.25,56.958824157714844,1658300,
2013-02-06,78.25,79.25,77.25,77.5,56.412899017333984,1114500,
2013-02-07,77.25,77.5,76.5,77.5,56.412899017333984,1161200,
2013-02-08,77.5,78.5,76.5,76.5,55.684993743896484,1005900,
2013-02-11,77.0,79.0,77.0,78.0,56.77685546875,1762100,
2013-02-12,79.5,79.5,77.75,78.0,56.77685546875,1166600,
2013-02-13,78.5,81.75,78.5,81.25,59.1425666809082,5129700,
2013-02-14,82.0,87.75,82.0,84.25,61.32627868652344,8398500,
2013-02-15,84.75,86.0,84.5,85.25,62.054203033447266,2360000,
2013-02-18,85.5,87.25,85.0,85.0,61.87221145629883,1460100,
2013-02-19,85.5,88.5,84.5,88.5,64.4198989868164,2398600,
2013-02-20,90.5,95.0,89.5,91.75,66.78557586669922,5791800,
2013-02-21,92.25,94.25,90.25,90.25,65.69371795654297,3226400,
2013-02-22,90.5,92.5,90.5,90.75,66.05769348144531,1157600,
2013-02-26,91.25,94.0,90.75,90.75,66.05769348144531,1912800,
2013-02-27,91.75,92.0,88.25,88.5,64.4198989868164,1937400,
2013-02-28,89.75,89.75,85.75,87.5,63.69197463989258,1870800,
2013-03-01,87.75,89.25,87.0,87.75,63.87397384643555,1361400,
2013-03-04,87.5,88.25,87.0,87.5,63.69197463989258,1147900,
2013-03-05,87.0,87.5,86.0,86.0,63.4705924987793,1090000,1.2
2013-03-06,86.5,87.25,86.0,86.75,64.02412414550781,1341100,
2013-03-07,87.5,89.75,87.25,89.75,66.2381820678711,1202900,
2013-03-08,90.5,90.75,89.25,90.5,66.79170227050781,1314000,
2013-03-11,90.75,92.5,90.5,91.0,67.16073608398438,1421100,
2013-03-12,91.0,91.5,89.25,89.75,66.2381820678711,555200,
2013-03-13,89.5,91.0,88.5,90.25,66.60719299316406,607200,
2013-03-14,89.75,90.75,89.25,90.75,66.97622680664062,558700,
2013-03-15,91.0,92.0,90.75,91.5,67.52973937988281,1153700,
2013-03-18,90.75,91.25,89.75,90.0,66.42269897460938,609300,
2013-03-19,89.5,90.5,87.0,88.0,64.94664001464844,1023200,
2013-03-20,87.25,87.5,85.0,86.0,63.4705924987793,1249000,
2013-03-21,85.5,86.25,84.75,86.0,63.4705924987793,670500,
2013-03-22,85.0,85.25,77.75,85.25,62.91705322265625,1983100,
2013-03-25,83.0,85.5,83.0,85.0,62.73255920410156,866000,
2013-03-26,84.5,85.25,84.0,85.0,62.73255920410156,431200,
2013-03-27,85.25,85.75,84.75,85.5,63.1015739440918,984800,
2013-03-28,85.5,87.25,84.75,86.0,63.4705924987793,1128900,
2013-03-29,86.0,86.5,85.25,85.75,63.28607940673828,253100,
2013-04-01,86.0,86.0,83.75,85.25,62.91705322265625,594100,
2013-04-02,84.75,85.0,83.75,83.75,61.81002426147461,626500,
2013-04-03,83.75,84.25,83.0,83.0,61.25648880004883,477700,
2013-04-04,82.0,83.0,80.75,82.75,61.07197570800781,612200,
2013-04-05,82.25,82.25,80.25,80.25,59.22692108154297,758600,
2013-04-09,80.0,80.75,78.0,78.75,58.119869232177734,855900,
2013-04-10,78.75,81.5,78.0,81.5,60.14944839477539,884500,
2013-04-11,82.0,82.75,81.0,82.75,61.07197570800781,574700,
2013-04-12,82.5,82.75,82.0,82.75,61.07197570800781,410200,
2013-04-17,84.0,84.0,81.0,81.0,59.78042984008789,588700,
2013-04-18,81.0,81.75,80.0,81.75,60.33395767211914,347400,
2013-04-19,80.5,82.25,80.5,82.0,60.518455505371094,422800,
2013-04-22,82.0,84.0,81.25,83.5,61.62549591064453,432800,
2013-04-23,84.0,85.5,84.0,84.75,62.548038482666016,1253500,
2013-04-24,85.0,85.5,83.75,84.0,61.99451446533203,472200,
2013-04-25,84.25,85.5,84.0,85.0,62.73255920410156,431900,
2013-04-26,85.5,85.75,84.25,84.25,62.17902755737305,556800,
2013-04-29,84.25,84.25,82.25,82.5,60.88747024536133,35800,
2013-04-30,83.0,83.75,82.0,82.25,60.70296859741211,1017700,
2013-05-02,82.0,82.75,81.75,82.75,61.07197570800781,1495900,
2013-05-03,82.75,82.75,80.0,80.5,59.41141891479492,1691100,
2013-05-07,80.75,82.25,80.25,82.25,60.70296859741211,502500,
2013-05-08,83.75,83.75,83.0,83.5,61.62549591064453,485400,
2013-05-09,84.0,85.5,83.5,85.0,62.73255920410156,1051400,
2013-05-10,84.75,86.75,84.5,86.5,63.83962631225586,1123600,
2013-05-13,87.5,87.5,86.5,87.0,64.2086181640625,1280500,
2013-05-14,87.25,87.75,87.0,87.25,64.39311218261719,839900,
2013-05-15,87.5,87.75,86.75,87.0,64.2086181640625,499800,
2013-05-16,87.75,87.75,86.0,86.25,63.65509033203125,848000,
2013-05-17,86.25,87.25,85.75,86.5,63.83962631225586,531200,
2013-05-20,87.0,87.25,86.75,87.0,64.2086181640625,518600,
2013-05-21,87.25,87.75,86.25,86.25,63.65509033203125,1395100,
2013-05-22,86.5,90.0,86.5,87.0,64.2086181640625,1726300,
2013-05-23,88.5,88.5,84.0,86.25,63.65509033203125,1274600,
2013-05-27,86.25,86.75,85.25,86.0,63.4705924987793,664300,
2013-05-28,86.0,86.5,85.5,86.25,63.65509033203125,977700,
2013-05-29,86.0,86.0,84.25,84.5,62.36354064941406,596200,
2013-05-30,83.75,85.0,83.5,84.0,61.99451446533203,533600,
2013-05-31,83.0,84.0,82.75,83.0,61.25648880004883,706100,
2013-06-03,82.0,83.5,81.25,81.25,59.964927673339844,601300,
2013-06-04,81.0,84.0,81.0,83.75,61.81002426147461,837200,
2013-06-05,84.25,84.25,82.25,82.5,60.88747024536133,654800,
2013-06-06,81.5,82.75,80.75,80.75,59.595924377441406,1417100,
2013-06-07,80.5,82.0,80.0,81.5,60.14944839477539,530800,
2013-06-10,82.0,82.5,81.5,82.0,60.518455505371094,259300,
2013-06-11,80.5,81.0,78.0,79.5,58.67338180541992,879500,
2013-06-12,77.5,79.0,76.0,76.5,56.45930099487305,1103500,
2013-06-13,71.75,77.25,70.5,74.25,54.798744201660156,983900,
2013-06-14,77.0,77.75,75.5,77.75,57.381832122802734,574000,
2013-06-17,79.0,79.0,77.0,78.0,57.56634521484375,340600,
2013-06-18,78.0,79.5,76.25,76.25,56.274784088134766,472800,
2013-06-19,79.0,79.0,76.25,79.0,58.304378509521484,416200,
2013-06-20,75.0,76.75,75.0,75.5,55.72126770019531,1016700,
2013-06-21,72.0,75.0,72.0,74.75,55.16774368286133,562200,
2013-06-24,72.5,73.75,72.5,73.75,54.42970275878906,663000,
2013-06-25,73.5,74.0,71.5,74.0,54.61423110961914,648700,
2013-06-26,74.0,75.5,74.0,75.5,55.72126770019531,636400,
2013-06-27,76.25,78.5,76.25,78.0,57.56634521484375,933200,
2013-06-28,78.75,79.0,76.75,76.75,56.643795013427734,509600,
2013-07-02,77.0,78.75,77.0,78.5,57.93538284301758,663400,
2013-07-03,78.0,78.0,75.5,76.0,56.09028625488281,1519500,
2013-07-04,76.25,77.75,75.0,76.75,56.643795013427734,798900,
2013-07-05,76.75,76.75,74.0,74.5,54.98324203491211,610200,
2013-07-08,73.0,73.75,72.5,72.75,53.69169235229492,526600,
2013-07-09,72.75,73.75,72.25,73.0,53.876190185546875,436300,
2013-07-10,72.5,73.0,71.75,72.25,53.322669982910156,803500,
2013-07-11,73.25,75.25,73.0,74.25,54.798744201660156,1148600,
2013-07-12,75.5,75.5,74.0,75.0,55.35225296020508,527300,
2013-07-15,76.0,76.0,74.25,74.75,55.16774368286133,544400,
2013-07-16,74.0,75.0,73.25,75.0,55.35225296020508,725700,
2013-07-17,76.0,76.25,74.5,74.5,54.98324203491211,816100,
2013-07-18,74.5,78.0,74.5,78.0,57.56634521484375,1009600,
2013-07-19,77.0,78.75,75.75,78.0,57.56634521484375,1519800,
2013-07-23,82.0,82.25,80.25,82.0,60.518455505371094,1096700,
2013-07-24,82.0,83.5,81.75,82.75,61.07197570800781,1852900,
2013-07-25,83.5,87.5,82.75,84.75,62.548038482666016,3558800,
2013-07-26,86.0,88.5,84.5,87.0,64.2086181640625,3026900,
2013-07-29,87.0,87.25,85.25,85.75,63.28607940673828,904400,
2013-07-30,84.25,86.0,83.5,83.75,61.81002426147461,666000,
2013-07-31,83.0,83.5,80.5,81.25,59.964927673339844,642700,
2013-08-01,81.75,85.5,81.75,85.5,63.1015739440918,514400,
2013-08-02,85.5,85.5,80.5,82.5,60.88747024536133,878200,
2013-08-05,82.75,87.0,82.75,87.0,64.2086181640625,1429000,
2013-08-06,87.25,87.25,85.25,86.0,63.4705924987793,816500,
2013-08-07,87.0,88.75,85.5,88.25,65.13114929199219,2382000,
2013-08-08,88.75,89.0,87.5,88.0,64.94664001464844,544300,
2013-08-09,87.5,90.25,87.25,88.5,65.3156509399414,1334300,
2013-08-13,90.0,91.0,89.75,90.75,66.97622680664062,928200,
2013-08-14,91.0,91.0,88.0,89.75,66.2381820678711,358400,
2013-08-15,90.0,90.5,87.5,88.75,65.50017547607422,574000,
2013-08-16,90.5,90.5,89.25,89.75,66.2381820678711,1106800,
2013-08-19,89.75,90.25,88.25,89.0,65.68467712402344,972600,
2013-08-20,88.0,88.25,84.5,85.0,62.73255920410156,1160900,
2013-08-21,85.0,86.75,84.25,85.0,62.73255920410156,750700,
2013-08-22,84.75,84.75,82.5,83.75,61.81002426147461,903600,
2013-08-23,85.0,86.0,83.75,84.25,62.17902755737305,765800,
2013-08-26,83.0,86.0,82.0,85.5,63.6302490234375,591200,0.7
2013-08-27,84.5,84.5,80.5,81.0,60.281280517578125,683100,
2013-08-28,80.0,80.5,78.0,80.0,59.537078857421875,506900,
2013-08-29,80.0,80.0,74.0,76.0,56.56022262573242,1808300,
2013-08-30,76.25,78.0,75.5,78.0,58.04864501953125,917500,
2013-09-02,80.0,80.0,78.0,79.25,58.97889709472656,489000,
2013-09-03,78.5,80.0,78.0,78.5,58.42076873779297,527500,
2013-09-04,79.0,79.25,78.0,78.5,58.42076873779297,330600,
2013-09-05,79.0,79.25,77.75,78.0,58.04864501953125,308800,
2013-09-06,79.0,79.25,78.0,78.75,58.6068115234375,388900,
2013-09-09,78.5,80.5,78.5,79.75,59.35101318359375,621000,
2013-09-10,82.0,83.0,80.5,83.0,61.769710540771484,935600,
2013-09-11,83.75,85.0,82.75,85.0,63.25813293457031,568100,
2013-09-12,86.0,86.5,83.25,83.25,61.95576477050781,387100,
2013-09-13,83.25,84.25,82.0,82.0,61.02547836303711,424600,
2013-09-16,85.5,86.0,83.75,84.75,63.07207489013672,291600,
2013-09-17,85.5,86.0,84.5,84.5,62.886051177978516,499800,
2013-09-18,85.5,85.5,83.25,83.75,62.327877044677734,582500,
2013-09-19,85.5,89.0,85.5,88.0,65.49077606201172,1750600,
2013-09-20,88.0,88.0,86.25,87.5,65.1186752319336,561000,
2013-09-23,88.5,88.5,83.5,83.5,62.14180374145508,746800,
2013-09-24,85.0,85.25,83.75,84.0,62.513916015625,670000,
2013-09-25,83.75,85.5,83.75,85.5,63.6302490234375,415400,
2013-09-26,86.0,86.5,84.75,84.75,63.07207489013672,2015300,
2013-09-27,86.0,86.25,84.5,84.5,62.886051177978516,551000,
2013-09-30,84.5,84.5,81.25,82.0,61.02547836303711,681200,
2013-10-01,82.5,87.5,82.25,87.5,65.1186752319336,950700,
2013-10-02,88.0,88.25,86.75,86.75,64.5605239868164,824000,
2013-10-03,88.0,89.25,87.5,87.5,65.1186752319336,1010900,
2013-10-04,87.75,88.5,87.0,88.0,65.49077606201172,557600,
2013-10-07,86.75,87.75,85.75,86.0,64.00236511230469,430500,
2013-10-08,85.25,88.75,85.25,88.5,65.86287689208984,700100,
2013-10-09,88.0,88.5,86.75,88.5,65.86287689208984,356200,
2013-10-10,88.5,89.0,87.25,88.0,65.49077606201172,868000,
2013-10-11,89.0,89.5,88.5,89.0,66.2350082397461,376000,
2013-10-14,89.0,89.25,87.25,89.25,66.4210433959961,364600,
2013-10-15,89.5,90.25,89.0,89.5,66.60709381103516,1011500,
2013-10-16,88.5,90.25,87.5,87.5,65.1186752319336,319900,
2013-10-17,87.25,90.0,87.25,88.5,65.86287689208984,800200,
2013-10-18,90.5,92.0,89.25,91.25,67.90946960449219,992900,
2013-10-21,92.5,92.75,88.0,88.75,66.04894256591797,690000,
2013-10-22,89.0,89.5,87.75,88.5,65.86287689208984,545900,
2013-10-24,88.75,89.5,85.25,89.5,66.60709381103516,615900,
2013-10-25,88.75,88.75,87.75,87.75,65.30472564697266,728400,
2013-10-28,87.75,88.5,85.75,87.0,64.74657440185547,441300,
2013-10-29,87.25,87.75,86.5,87.5,65.1186752319336,551900,
2013-10-30,87.25,87.5,86.25,87.25,64.9326171875,499100,
2013-10-31,87.25,87.75,86.5,87.0,64.74657440185547,466900,
2013-11-01,87.0,90.0,86.5,89.5,66.60709381103516,875700,
2013-11-04,89.0,89.0,86.25,87.25,64.9326171875,492000,
2013-11-05,87.5,87.75,87.0,87.5,65.1186752319336,553600,
2013-11-06,87.5,94.5,87.0,90.5,67.35131072998047,1180200,
2013-11-07,92.5,92.75,88.25,88.75,66.04894256591797,679200,
2013-11-08,89.75,90.0,87.5,88.75,66.04894256591797,308800,
2013-11-11,87.5,91.25,86.75,90.75,67.53736114501953,615600,
2013-11-12,91.5,91.75,89.75,90.25,67.16523742675781,314500,
2013-11-13,89.5,91.0,89.5,90.75,67.53736114501953,439600,
2013-11-14,91.5,93.0,90.0,93.0,69.21183776855469,440200,
2013-11-15,94.0,94.0,92.5,93.25,69.39788818359375,367500,
2013-11-18,93.5,94.0,91.25,91.25,67.90946960449219,331800,
2013-11-19,91.75,93.0,91.5,92.25,68.6536865234375,239100,
2013-11-20,92.75,94.0,92.0,92.25,68.6536865234375,535200,
2013-11-21,91.75,91.75,90.75,91.0,67.7234115600586,629900,
2013-11-22,89.75,92.0,89.75,90.75,67.53736114501953,465200,
2013-11-25,92.0,92.0,90.75,91.25,67.90946960449219,236700,
2013-11-26,91.25,91.25,89.0,89.0,66.2350082397461,857600,
2013-11-27,88.75,90.5,88.25,90.5,67.35131072998047,658000,
2013-11-28,91.0,91.0,88.75,89.5,66.60709381103516,318600,
2013-11-29,89.0,90.0,89.0,90.0,66.97920227050781,161000,
2013-12-02,90.0,91.0,89.0,91.0,67.7234115600586,402000,
2013-12-03,90.5,90.75,89.5,90.0,66.97920227050781,618400,
2013-12-04,90.5,90.5,89.75,90.0,66.97920227050781,561800,
2013-12-06,88.75,89.75,87.75,89.0,66.2350082397461,495800,
2013-12-09,88.25,90.0,87.75,90.0,66.97920227050781,345700,
2013-12-11,90.0,90.0,88.75,90.0,66.97920227050781,425200,
2013-12-12,88.5,89.25,88.0,88.25,65.67682647705078,253900,
2013-12-13,87.5,88.75,87.5,88.0,65.49077606201172,345800,
2013-12-16,87.0,88.0,86.0,87.0,64.74657440185547,592400,
2013-12-17,88.0,88.0,86.5,86.5,64.37448120117188,608900,
2013-12-18,87.0,88.0,86.75,87.75,65.30472564697266,205200,
2013-12-19,89.5,89.5,86.0,86.5,64.37448120117188,528600,
2013-12-20,86.75,87.0,85.75,87.0,64.74657440185547,343700,
2013-12-23,86.0,86.75,85.5,86.5,64.37448120117188,344100,
2013-12-24,85.75,87.0,85.5,87.0,64.74657440185547,344900,
2013-12-25,86.25,87.0,86.25,87.0,64.74657440185547,66100,
2013-12-26,87.0,87.0,84.75,84.75,63.07207489013672,343700,
2013-12-27,84.5,87.75,82.5,87.75,65.30472564697266,1669100,
2014-01-02,86.0,87.75,83.25,83.5,62.14180374145508,796700,
2014-01-03,82.0,86.0,82.0,85.0,63.25813293457031,1055600,
2014-01-06,85.0,85.25,82.0,84.0,62.513916015625,930900,
2014-01-07,82.25,84.25,82.25,83.25,61.95576477050781,781400,
2014-01-08,84.0,84.25,82.0,82.0,61.02547836303711,739500,
2014-01-09,83.75,84.25,83.0,83.0,61.769710540771484,659100,
2014-01-10,83.0,87.0,82.5,87.0,64.74657440185547,946000,
2014-01-13,87.0,87.5,84.75,87.5,65.1186752319336,498500,
2014-01-14,87.75,87.75,86.5,87.0,64.74657440185547,193100,
2014-01-15,86.0,87.0,84.0,84.0,62.513916015625,448700,
2014-01-16,84.5,86.0,84.5,86.0,64.00236511230469,308900,
2014-01-17,87.0,87.25,85.25,86.0,64.00236511230469,452800,
2014-01-20,86.25,87.0,85.25,85.25,63.44417953491211,235200,
2014-01-21,85.25,86.5,84.75,85.0,63.25813293457031,1304200,
2014-01-22,84.25,85.25,84.0,84.25,62.69997024536133,616000,
2014-01-23,85.0,85.25,83.5,84.5,62.886051177978516,854100,
2014-01-24,84.5,84.75,83.5,83.75,62.327877044677734,987300,
2014-01-27,82.0,83.5,81.25,82.75,61.58365249633789,1735600,
2014-01-28,81.75,82.75,81.75,82.75,61.58365249633789,637200,
2014-01-29,82.75,83.5,82.25,83.25,61.95576477050781,661800,
2014-01-30,82.0,83.0,82.0,83.0,61.769710540771484,258200,
2014-01-31,82.5,84.25,82.5,84.0,62.513916015625,573900,
2014-02-03,84.75,85.0,84.0,84.75,63.07207489013672,985100,
2014-02-04,84.0,84.25,83.5,83.75,62.327877044677734,352900,
2014-02-05,83.5,83.75,82.25,82.75,61.58365249633789,609200,
2014-02-06,83.75,84.75,83.75,84.5,62.886051177978516,627200,
2014-02-07,85.25,85.25,84.0,84.5,62.886051177978516,322900,
2014-02-10,84.75,85.0,84.25,84.75,63.07207489013672,377800,
2014-02-11,84.75,84.75,84.0,84.5,62.886051177978516,207400,
2014-02-12,84.5,87.0,84.25,87.0,64.74657440185547,564900,
2014-02-13,86.0,86.75,85.5,86.25,64.18841552734375,216600,
2014-02-17,87.0,87.75,86.75,87.75,65.30472564697266,327200,
2014-02-18,88.75,89.5,87.5,89.0,66.2350082397461,854300,
2014-02-19,88.25,88.5,86.5,86.75,64.5605239868164,370500,
2014-02-20,86.0,86.25,85.25,85.25,63.44417953491211,433000,
2014-02-21,84.5,85.75,84.25,85.75,63.81629943847656,1224500,
2014-02-24,85.75,87.25,85.5,87.25,64.9326171875,634100,
2014-02-25,87.75,87.75,85.5,87.25,64.9326171875,417400,
2014-02-26,86.25,88.25,86.25,88.0,65.49077606201172,590400,
2014-02-27,88.0,89.75,87.5,89.25,66.4210433959961,820400,
2014-02-28,89.5,89.5,88.5,89.0,66.2350082397461,710500,
2014-03-03,89.5,89.75,89.0,89.5,66.60709381103516,866200,
2014-03-04,90.0,90.25,89.25,89.75,67.70087432861328,753200,1.2
2014-03-05,89.75,90.25,89.5,89.75,67.70087432861328,163900,
2014-03-06,90.0,90.75,89.75,90.5,68.26661682128906,793800,
2014-03-07,91.0,91.0,90.0,90.75,68.45520782470703,396600,
2014-03-10,90.75,90.75,88.25,90.0,67.88945007324219,259800,
2014-03-11,89.25,90.0,89.0,89.75,67.70087432861328,514300,
2014-03-12,89.75,90.0,88.0,90.0,67.88945007324219,475400,
2014-03-13,89.5,90.0,89.0,89.5,67.51227569580078,467100,
2014-03-14,90.0,90.0,88.5,89.5,67.51227569580078,319900,
2014-03-17,89.5,90.0,89.0,89.25,67.32369232177734,351200,
2014-03-18,89.25,89.25,88.5,88.5,66.75798034667969,552200,
2014-03-19,89.75,90.5,89.5,89.5,67.51227569580078,730300,
2014-03-20,89.25,89.5,88.25,88.5,66.75798034667969,658500,
2014-03-21,88.75,89.25,88.0,89.25,67.32369232177734,509700,
2014-03-24,89.5,91.0,88.75,90.5,68.26661682128906,539100,
2014-03-25,90.5,90.5,89.0,90.25,68.0780258178711,286900,
2014-03-26,90.75,91.0,89.5,90.5,68.26661682128906,414100,
2014-03-27,90.5,92.0,90.5,92.0,69.39810180664062,424700,
2014-03-28,92.75,97.5,90.75,95.75,72.22685241699219,1411200,
2014-03-31,97.0,98.0,96.25,96.25,72.60399627685547,833500,
2014-04-01,96.25,98.0,95.75,97.25,73.35832214355469,493400,
2014-04-02,97.25,97.25,95.75,96.5,72.79256439208984,402400,
2014-04-03,95.5,97.0,95.0,97.0,73.16973114013672,441600,
2014-04-04,96.75,100.5,96.5,100.0,75.43272399902344,890100,
2014-04-08,99.0,101.0,98.75,99.0,74.67840576171875,856900,
2014-04-09,100.5,100.5,99.0,99.0,74.67840576171875,268000,
2014-04-10,99.75,99.75,98.75,98.75,74.48983001708984,219100,
2014-04-11,98.5,99.0,97.75,98.5,74.30123901367188,363200,
2014-04-16,98.25,102.5,98.0,99.75,75.24414825439453,1054900,
2014-04-17,99.75,100.0,99.0,99.75,75.24414825439453,454200,
2014-04-18,99.75,100.0,99.0,99.0,74.67840576171875,125800,
2014-04-21,99.0,100.5,99.0,100.0,75.43272399902344,150300,
2014-04-22,100.0,100.5,97.25,98.0,73.924072265625,317000,
2014-04-23,97.5,99.5,97.5,97.75,73.7354965209961,777200,
2014-04-24,97.75,98.25,97.25,97.25,73.35832214355469,363800,
2014-04-25,97.5,99.5,97.25,98.5,74.30123901367188,493800,
2014-04-28,99.25,99.5,97.5,97.5,73.54690551757812,22600,
2014-04-29,97.75,98.5,97.25,97.5,73.54690551757812,865900,
2014-04-30,97.25,98.75,97.25,98.0,73.924072265625,207900,
2014-05-02,98.25,104.5,98.0,104.0,78.45002746582031,1329400,
2014-05-06,104.5,105.5,99.5,99.75,75.24414825439453,979400,
2014-05-07,99.0,102.5,99.0,101.0,76.18704223632812,817000,
2014-05-08,101.0,101.5,99.0,99.5,75.05554962158203,534300,
2014-05-09,99.25,102.0,99.25,100.5,75.80987548828125,563900,
2014-05-12,101.5,103.0,100.5,102.0,76.94136810302734,438400,
2014-05-14,101.5,102.5,100.5,101.5,76.56421661376953,490200,
2014-05-15,105.5,112.0,105.5,112.0,84.48467254638672,4954400,
2014-05-16,111.5,111.5,109.0,110.0,82.97599029541016,2274300,
2014-05-19,110.0,111.0,108.5,110.0,82.97599029541016,3183400,
2014-05-20,109.0,110.5,108.0,109.0,82.2216796875,1607300,
2014-05-21,109.0,109.5,108.5,109.0,82.2216796875,1483400,
2014-05-22,109.5,113.0,109.5,113.0,85.2389907836914,4820300,
2014-05-23,111.0,113.5,110.0,113.5,85.61615753173828,1633200,
2014-05-26,113.0,118.0,111.5,113.0,85.2389907836914,1738600,
2014-05-27,114.0,115.0,112.0,115.0,86.74762725830078,1546400,
2014-05-28,114.0,114.5,111.0,112.0,84.48467254638672,2315300,
2014-05-29,112.5,113.5,112.0,112.5,84.8618392944336,2253200,
2014-05-30,113.0,116.0,109.5,114.0,85.99330139160156,24203300,
2014-06-02,113.0,113.0,111.5,112.5,84.8618392944336,1297300,
2014-06-03,114.0,114.0,112.5,114.0,85.99330139160156,1003600,
2014-06-04,114.5,115.0,113.5,115.0,86.74762725830078,717300,
2014-06-05,114.5,115.0,114.0,115.0,86.74762725830078,462400,
2014-06-06,116.0,119.0,115.5,118.0,89.0106201171875,829600,
2014-06-09,119.5,119.5,117.0,119.0,89.76493072509766,529100,
2014-06-10,119.5,123.5,119.0,123.5,93.15941619873047,1347600,
2014-06-11,121.5,122.5,117.5,119.5,90.14212799072266,1422300,
2014-06-12,118.0,120.0,117.5,118.0,89.0106201171875,345200,
2014-06-13,119.0,119.0,115.5,117.0,88.25628662109375,693800,
2014-06-16,116.5,119.0,116.0,118.0,89.0106201171875,415600,
2014-06-17,118.0,118.0,115.5,117.0,88.25628662109375,889000,
2014-06-18,118.0,118.0,116.0,118.0,89.0106201171875,424500,
2014-06-19,117.0,118.5,116.0,117.0,88.25628662109375,435100,
2014-06-20,116.5,116.5,114.0,114.5,86.3704605102539,1324400,
2014-06-23,114.5,115.0,113.5,114.0,85.99330139160156,595000,
2014-06-24,114.0,114.0,112.5,113.5,85.61615753173828,578800,
2014-06-25,114.0,115.5,113.5,114.5,86.3704605102539,881000,
2014-06-26,115.0,115.5,114.5,115.0,86.74762725830078,573200,
2014-06-27,115.0,117.5,114.0,116.0,87.50196838378906,1159200,
2014-06-30,117.0,117.0,114.0,117.0,88.25628662109375,1075200,
2014-07-02,116.5,116.5,114.5,115.5,87.12480926513672,475700,
2014-07-03,115.5,115.5,114.0,114.0,85.99330139160156,522800,
2014-07-04,114.5,115.5,113.5,115.0,86.74762725830078,363000,
2014-07-07,115.5,116.0,114.0,116.0,87.50196838378906,289400,
2014-07-08,116.0,116.0,115.0,115.5,87.12480926513672,432000,
2014-07-09,115.5,115.5,114.0,114.5,86.3704605102539,434300,
2014-07-10,114.5,114.5,114.0,114.0,85.99330139160156,348900,
2014-07-14,115.0,116.0,114.0,115.0,86.74762725830078,859700,
2014-07-15,115.5,117.0,115.5,117.0,88.25628662109375,829400,
2014-07-16,116.5,118.5,115.5,117.0,88.25628662109375,1178900,
2014-07-17,116.0,116.0,114.5,115.5,87.12480926513672,958500,
2014-07-18,115.0,115.5,114.5,115.0,86.74762725830078,620200,
2014-07-21,114.5,116.5,114.5,116.0,87.50196838378906,342200,
2014-07-22,116.0,117.0,114.5,115.0,86.74762725830078,715500,
2014-07-23,115.0,116.5,115.0,116.5,87.87911987304688,420700,
2014-07-24,117.0,119.0,116.5,118.0,89.0106201171875,918500,
2014-07-25,118.5,122.0,117.0,122.0,92.0279312133789,1348300,
2014-07-28,123.0,125.0,122.0,122.0,92.0279312133789,923600,
2014-07-29,122.0,122.5,120.0,120.0,90.51927947998047,409100,
2014-07-30,120.0,121.5,117.5,119.5,90.14212799072266,503500,
2014-07-31,118.0,120.5,117.0,120.5,90.89643096923828,524200,
2014-08-01,119.0,124.5,119.0,124.5,93.91373443603516,1146500,
2014-08-04,123.0,124.0,121.0,122.5,92.40507507324219,710600,
2014-08-05,123.5,125.0,121.0,122.0,92.0279312133789,1487300,
2014-08-06,122.5,129.5,122.0,128.0,96.55387878417969,759900,
2014-08-07,130.0,130.0,124.5,126.0,95.04523468017578,744200,
2014-08-08,125.5,129.5,125.0,127.0,95.79955291748047,443400,
2014-08-13,132.0,134.0,129.0,134.0,101.07986450195312,1685800,
2014-08-14,135.5,137.0,132.0,133.5,100.70269012451172,829200,
2014-08-15,133.5,136.0,132.5,133.0,100.32552337646484,501200,
2014-08-18,133.0,133.0,131.5,132.0,99.57119750976562,682500,
2014-08-19,133.5,134.0,130.0,130.5,98.43971252441406,688900,
2014-08-20,131.0,134.0,130.5,134.0,101.07986450195312,603600,
2014-08-21,133.5,133.5,132.5,132.5,99.9483642578125,300600,
2014-08-22,132.5,134.5,132.0,133.0,100.32552337646484,345900,
2014-08-25,132.5,135.0,132.0,135.0,101.83416748046875,436400,
2014-08-26,134.5,136.5,134.0,135.5,102.74409484863281,476700,0.7
2014-08-27,135.0,136.5,134.5,136.5,103.50236511230469,497500,
2014-08-28,136.5,136.5,134.5,135.5,102.74409484863281,401700,
2014-08-29,134.0,136.0,134.0,135.0,102.36494445800781,674500,
2014-09-01,136.0,142.0,136.0,140.0,106.15625762939453,866800,
2014-09-02,139.0,140.0,138.5,139.0,105.39798736572266,763500,
2014-09-03,139.5,142.5,139.0,142.5,108.05188751220703,1017800,
2014-09-04,141.5,142.5,141.0,141.5,107.29363250732422,632300,
2014-09-05,141.5,143.5,141.0,142.0,107.67278289794922,587600,
2014-09-08,142.0,142.5,139.0,139.0,105.39798736572266,611800,
2014-09-09,138.0,139.0,134.0,134.0,101.6067123413086,968700,
2014-09-10,132.5,133.0,130.0,131.0,99.3319320678711,1001900,
2014-09-11,131.0,134.0,131.0,132.5,100.46931457519531,505500,
2014-09-12,133.5,134.0,132.0,132.0,100.0901870727539,466900,
2014-09-15,133.0,134.0,131.5,131.5,99.71105194091797,325000,
2014-09-16,132.0,133.0,126.0,126.5,95.91976928710938,738700,
2014-09-17,127.5,132.0,127.5,132.0,100.0901870727539,750300,
2014-09-18,133.0,134.0,132.0,134.0,101.6067123413086,482500,
2014-09-19,134.5,135.0,130.0,130.0,98.57365417480469,724100,
2014-09-22,130.5,132.0,129.5,129.5,98.19452667236328,552400,
2014-09-23,130.0,132.0,129.5,131.0,99.3319320678711,362800,
2014-09-24,130.5,131.0,129.5,130.5,98.95279693603516,407600,
2014-09-25,131.0,132.5,131.0,132.5,100.46931457519531,564100,
2014-09-26,133.5,137.0,131.5,136.0,103.12322998046875,653400,
2014-09-29,137.0,138.0,132.5,135.5,102.74409484863281,808300,
2014-09-30,134.0,135.5,132.0,132.0,100.0901870727539,474400,
2014-10-01,132.5,134.0,131.5,131.5,99.71105194091797,476900,
2014-10-02,131.0,131.5,130.0,131.0,99.3319320678711,502600,
2014-10-03,129.0,130.0,126.5,128.0,97.05714416503906,1852400,
2014-10-06,126.5,128.0,120.0,121.0,91.74932861328125,2604600,
2014-10-07,122.0,125.0,121.5,123.0,93.26583862304688,1024300,
2014-10-08,121.0,123.5,121.0,121.0,91.74932861328125,904800,
2014-10-09,123.0,128.5,122.5,128.5,97.43626403808594,2247900,
2014-10-10,127.0,128.5,126.0,128.0,97.05714416503906,1259300,
2014-10-13,127.0,130.0,126.5,128.0,97.05714416503906,1180800,
2014-10-14,129.5,130.5,127.0,128.0,97.05714416503906,1011100,
2014-10-15,128.5,131.0,128.0,128.5,97.43626403808594,756500,
2014-10-16,128.0,128.5,125.0,125.0,94.78235626220703,576300,
2014-10-17,125.5,126.5,124.5,126.0,95.54063415527344,1142200,
2014-10-20,126.5,127.5,125.0,125.0,94.78235626220703,254400,
2014-10-21,125.0,125.5,123.5,125.0,94.78235626220703,498700,
2014-10-22,125.0,128.0,124.5,128.0,97.05714416503906,629800,
2014-10-24,128.0,129.5,127.5,129.0,97.8154067993164,431100,
2014-10-27,128.0,129.5,127.0,128.0,97.05714416503906,151900,
2014-10-28,128.0,128.5,127.0,128.5,97.43626403808594,163900,
2014-10-29,129.5,133.5,129.0,131.5,99.71105194091797,91800,
2014-10-30,133.0,133.0,130.0,131.0,99.3319320678711,301200,
2014-10-31,132.0,134.0,132.0,133.0,100.84844970703125,824000,
2014-11-03,136.0,136.0,133.0,133.0,100.84844970703125,1037100,
2014-11-04,134.5,137.0,134.0,137.0,103.88146209716797,918000,
2014-11-05,137.5,138.5,134.5,137.0,103.88146209716797,579000,
2014-11-06,136.5,138.0,136.0,137.0,103.88146209716797,324900,
2014-11-07,137.0,137.0,134.0,136.5,103.50236511230469,391800,
2014-11-10,136.5,138.0,133.0,135.5,102.74409484863281,340900,
2014-11-11,136.0,138.0,135.5,135.5,102.74409484863281,304000,
2014-11-12,135.5,136.0,133.5,134.0,101.6067123413086,203700,
2014-11-13,134.5,135.5,131.0,135.0,102.36494445800781,470100,
2014-11-14,136.0,137.5,135.0,135.0,102.36494445800781,238700,
2014-11-17,135.5,135.5,133.0,133.0,100.84844970703125,356800,
2014-11-18,133.0,136.5,133.0,136.0,103.12322998046875,595000,
2014-11-19,136.0,137.0,134.5,137.0,103.88146209716797,289900,
2014-11-20,137.0,137.0,133.5,134.5,101.98583221435547,234600,
2014-11-21,134.5,136.5,134.0,134.0,101.6067123413086,436500,
2014-11-24,136.5,139.0,136.5,137.5,104.26061248779297,766300,
2014-11-25,139.0,143.5,139.0,143.5,108.81013488769531,2355900,
2014-11-26,144.0,151.0,143.5,150.0,113.73881530761719,1007500,
2014-11-27,150.0,150.0,145.0,146.5,111.08491516113281,807900,
2014-11-28,146.0,148.0,144.5,146.5,111.08491516113281,290300,
2014-12-01,147.5,149.0,145.0,148.0,112.22229766845703,409700,
2014-12-02,148.0,148.5,146.0,147.5,111.84317779541016,604300,
2014-12-03,147.5,150.0,146.5,150.0,113.73881530761719,394100,
2014-12-04,150.5,154.5,149.5,152.5,115.63451385498047,546100,
2014-12-08,154.0,154.0,147.0,150.0,113.73881530761719,610200,
2014-12-09,148.0,150.0,141.0,142.5,108.05188751220703,775500,
2014-12-11,144.0,145.5,138.0,139.5,105.77711486816406,1071800,
2014-12-12,139.5,143.5,138.5,143.5,108.81013488769531,601800,
2014-12-15,142.5,142.5,121.0,142.0,107.67278289794922,1796300,
2014-12-16,135.5,142.5,131.5,140.0,106.15625762939453,1351700,
2014-12-17,139.0,143.0,139.0,141.5,107.29363250732422,645900,
2014-12-18,143.0,145.0,143.0,145.0,109.94754028320312,553800,
2014-12-19,147.5,148.5,145.5,146.5,111.08491516113281,990400,
2014-12-22,147.5,149.0,147.0,149.0,112.9805679321289,584000,
2014-12-23,149.5,151.0,148.0,150.5,114.11795806884766,302200,
2014-12-24,150.5,150.5,146.5,147.5,111.84317779541016,202900,
2014-12-25,146.0,148.0,142.0,145.0,109.94754028320312,200400,
2014-12-26,146.0,146.0,141.5,144.5,109.56842041015625,294300,
2014-12-29,146.5,146.5,139.5,142.5,108.05188751220703,261900,
2014-12-30,143.0,143.0,140.0,141.0,106.91451263427734,443900,
2015-01-05,137.0,139.0,137.0,138.5,105.01888275146484,569200,
2015-01-06,137.5,139.5,137.0,139.5,105.77711486816406,399500,
2015-01-07,140.5,140.5,138.0,139.5,105.77711486816406,434500,
2015-01-08,141.0,141.5,139.5,140.5,106.53536987304688,257500,
2015-01-09,141.5,141.5,138.5,138.5,105.01888275146484,694000,
2015-01-12,141.0,141.0,139.5,139.5,105.77711486816406,404400,
2015-01-13,139.5,140.5,138.0,139.5,105.77711486816406,624900,
2015-01-14,141.0,141.5,138.5,138.5,105.01888275146484,702100,
2015-01-15,141.0,141.0,138.0,139.0,105.39798736572266,528700,
2015-01-16,138.0,142.0,137.5,140.0,106.15625762939453,793200,
2015-01-19,140.5,143.0,139.0,143.0,108.43104553222656,713400,
2015-01-20,144.0,147.0,143.5,146.5,111.08491516113281,744300,
2015-01-21,147.5,148.0,145.5,147.5,111.84317779541016,463400,
2015-01-22,150.0,150.0,148.5,150.0,113.73881530761719,531200,
2015-01-23,150.0,160.0,149.0,159.5,120.94231414794922,1098400,
2015-01-26,160.0,164.5,160.0,164.5,124.73359680175781,676800,
2015-01-27,163.5,163.5,157.0,159.0,120.56315612792969,485000,
2015-01-28,159.0,162.5,157.5,159.5,120.94231414794922,423600,
2015-01-29,161.0,164.0,159.0,160.5,121.70059967041016,706700,
2015-01-30,160.5,161.5,155.0,156.0,118.28839874267578,729100,
2015-02-02,157.0,158.5,155.0,158.0,119.80491638183594,642800,
2015-02-03,159.0,160.0,158.5,159.0,120.56315612792969,305100,
2015-02-04,161.0,162.0,159.0,159.5,120.94231414794922,422000,
2015-02-05,158.0,160.0,156.0,157.0,119.04669952392578,910500,
2015-02-06,157.0,160.5,157.0,158.0,119.80491638183594,706100,
2015-02-09,158.0,158.5,155.0,155.5,117.90928649902344,761500,
2015-02-10,154.0,155.0,152.5,152.5,115.63451385498047,763600,
2015-02-11,152.5,155.0,151.0,155.0,117.5301513671875,549300,
2015-02-12,155.0,159.5,154.5,159.5,120.94231414794922,464600,
2015-02-13,160.0,160.0,156.0,159.0,120.56315612792969,391900,
2015-02-16,156.5,159.0,156.5,158.5,120.18403625488281,192100,
2015-02-17,158.0,158.0,155.0,155.5,117.90928649902344,404100,
2015-02-18,157.0,158.5,156.5,158.5,120.18403625488281,175100,
2015-02-19,158.5,159.0,156.0,156.0,118.28839874267578,131900,
2015-02-20,157.5,159.0,157.0,158.0,119.80491638183594,170400,
2015-02-23,158.0,159.5,156.0,156.5,118.66756439208984,392300,
2015-02-24,156.5,157.5,155.5,156.5,118.66756439208984,370400,
2015-02-25,157.5,158.5,156.0,156.5,118.66756439208984,353500,
2015-02-26,156.0,156.0,153.5,155.0,117.5301513671875,554700,
2015-02-27,155.5,155.5,153.0,155.5,117.90928649902344,628400,
2015-03-02,154.0,159.5,151.0,158.5,120.18403625488281,1117900,
2015-03-03,157.0,157.0,153.5,155.0,117.5301513671875,755600,
2015-03-05,155.0,157.0,151.0,151.5,114.87623596191406,1498700,
2015-03-06,151.0,152.0,151.0,152.0,115.25536346435547,629100,
2015-03-09,151.5,153.0,151.0,151.0,114.49710845947266,482700,
2015-03-10,149.5,156.5,149.0,154.0,117.7466049194336,870100,1.25
2015-03-11,150.5,153.5,147.5,149.0,113.92363739013672,1196800,
2015-03-12,149.0,150.0,145.5,148.0,113.15906524658203,655000,
2015-03-13,149.0,149.0,145.5,145.5,111.24760437011719,509700,
2015-03-16,144.0,145.0,142.5,143.0,109.33612823486328,487000,
2015-03-17,144.0,145.5,142.0,142.0,108.5715560913086,444300,
2015-03-18,144.0,148.5,143.0,148.5,113.54137420654297,1368000,
2015-03-19,149.5,150.0,146.5,148.0,113.15906524658203,376600,
2015-03-20,149.0,149.5,147.5,149.0,113.92363739013672,569200,
2015-03-23,151.0,152.5,148.5,148.5,113.54137420654297,326100,
2015-03-24,150.0,150.5,149.0,150.5,115.07054901123047,497900,
2015-03-25,152.0,153.0,149.5,152.5,116.59972381591797,418900,
2015-03-26,150.0,151.0,147.5,147.5,112.77677154541016,362100,
2015-03-27,150.0,150.0,147.5,149.0,113.92363739013672,377800,
2015-03-30,150.5,151.0,147.0,147.0,112.39446258544922,521100,
2015-03-31,149.0,153.5,148.0,152.0,116.21742248535156,919500,
2015-04-01,153.0,157.5,150.0,157.5,120.42266845703125,609100,
2015-04-02,158.0,159.0,155.0,155.5,118.89349365234375,351900,
2015-04-03,159.5,159.5,156.0,157.0,120.0403823852539,231600,
2015-04-07,159.5,159.5,157.5,157.5,120.42266845703125,402100,
2015-04-08,158.0,158.5,154.0,155.0,118.51119232177734,397300,
2015-04-09,156.0,156.0,152.0,153.5,117.36430358886719,294500,
2015-04-10,153.0,154.0,151.0,152.0,116.21742248535156,460700,
2015-04-16,152.5,155.0,151.5,155.0,118.51119232177734,543700,
2015-04-17,156.0,156.5,153.5,153.5,117.36430358886719,443500,
2015-04-20,154.5,155.0,153.0,153.0,116.98202514648438,297100,
2015-04-21,153.5,155.0,152.5,152.5,116.59972381591797,196100,
2015-04-22,152.5,153.5,151.0,151.0,115.45281982421875,542100,
2015-04-23,151.0,155.0,151.0,153.0,116.98202514648438,576600,
2015-04-24,154.5,154.5,151.5,152.5,116.59972381591797,524100,
2015-04-27,154.0,156.0,153.0,156.0,119.27578735351562,837600,
2015-04-28,155.0,157.5,154.5,157.5,120.42266845703125,733800,
2015-04-29,155.0,160.0,154.5,159.0,121.56951904296875,1055200,
2015-04-30,161.5,162.0,158.5,160.5,122.71643829345703,991400,
2015-05-04,160.5,160.5,160.5,160.5,122.71643829345703,0,
2015-05-06,164.0,169.0,159.5,168.0,128.4508056640625,1461200,
2015-05-07,170.0,180.0,170.0,176.5,134.9498291015625,1819300,
2015-05-08,180.0,192.5,180.0,188.5,144.12489318847656,2066100,
2015-05-11,192.0,192.0,179.5,179.5,137.24356079101562,1200200,
2015-05-12,180.0,180.0,174.0,180.0,137.62591552734375,1066500,
2015-05-13,183.0,186.5,180.0,183.0,139.91964721679688,399300,
2015-05-14,182.5,182.5,178.0,181.0,138.3905029296875,526800,
2015-05-15,180.0,182.5,176.0,176.0,134.56753540039062,467700,
2015-05-18,176.5,181.0,176.0,176.5,134.9498291015625,320000,
2015-05-19,178.5,182.5,176.5,181.0,138.3905029296875,848300,
2015-05-20,181.5,192.5,178.5,190.0,145.27178955078125,1141700,
2015-05-21,187.5,190.0,184.0,186.0,142.21340942382812,409800,
2015-05-22,186.0,186.0,180.0,180.5,138.00819396972656,599000,
2015-05-25,179.0,181.0,176.5,180.0,137.62591552734375,535100,
2015-05-26,177.5,180.0,171.0,172.0,131.5091552734375,736300,
2015-05-27,172.5,176.0,172.0,173.5,132.65606689453125,881000,
2015-05-28,173.5,175.0,170.0,171.5,131.1269073486328,845000,
2015-05-29,170.5,174.5,170.5,174.0,133.03836059570312,1316900,
2015-06-02,169.5,174.0,168.5,172.0,131.5091552734375,963100,
2015-06-03,174.5,178.0,173.0,177.5,135.71441650390625,576400,
2015-06-04,179.0,182.5,178.0,182.0,139.15505981445312,1093500,
2015-06-05,183.5,184.0,177.0,180.5,138.00819396972656,548900,
2015-06-08,178.0,182.5,177.5,179.0,136.86126708984375,598000,
2015-06-09,180.5,181.0,178.5,180.0,137.62591552734375,483100,
2015-06-10,180.5,187.0,179.0,184.0,140.68423461914062,929300,
2015-06-11,185.5,190.5,185.5,190.5,145.65406799316406,911600,
2015-06-12,190.0,190.0,184.0,188.5,144.12489318847656,571100,
2015-06-15,188.5,189.5,183.5,183.5,140.30197143554688,498600,
2015-06-16,182.0,184.0,180.5,181.5,138.7727813720703,728800,
2015-06-17,181.0,183.5,181.0,182.0,139.15505981445312,756500,
2015-06-18,184.5,190.5,183.5,190.0,145.27178955078125,1483700,
2015-06-19,184.0,184.0,176.5,178.5,136.47903442382812,4450400,
2015-06-22,180.5,182.0,178.5,179.5,137.24356079101562,1813700,
2015-06-23,181.5,182.0,177.5,178.0,136.0967254638672,1116600,
2015-06-24,178.5,180.0,177.5,178.0,136.0967254638672,977600,
2015-06-25,179.0,180.0,178.0,178.5,136.47903442382812,1597600,
2015-06-26,179.5,182.0,179.5,182.0,139.15505981445312,1259500,
2015-06-29,179.5,184.5,179.0,183.0,139.91964721679688,1426600,
2015-06-30,184.5,189.0,184.0,187.0,142.97799682617188,1612600,
2015-07-02,189.0,190.0,187.0,188.5,144.12489318847656,892900,
2015-07-03,187.5,188.5,185.0,186.0,142.21340942382812,396300,
2015-07-06,184.0,186.5,184.0,186.5,142.59573364257812,420300,
2015-07-07,188.5,188.5,186.0,188.5,144.12489318847656,764400,
2015-07-08,187.5,196.5,186.0,195.0,149.09474182128906,1378700,
2015-07-09,195.0,201.0,193.5,196.0,149.85928344726562,1221900,
2015-07-10,197.0,199.5,195.5,197.0,150.62391662597656,459000,
2015-07-13,198.5,201.0,197.5,200.0,152.91769409179688,581200,
2015-07-14,200.0,208.0,200.0,206.0,157.50518798828125,779700,
2015-07-15,206.0,208.0,199.0,202.0,154.4468536376953,988100,
2015-07-16,203.0,203.0,197.0,197.0,150.62391662597656,543700,
2015-07-17,200.0,201.0,198.0,201.0,153.68222045898438,641800,
2015-07-20,198.5,201.0,193.0,195.0,149.09474182128906,783500,
2015-07-21,196.0,198.0,193.0,195.0,149.09474182128906,518100,
2015-07-22,194.5,202.0,193.5,201.0,153.68222045898438,769600,
2015-07-23,201.0,205.0,194.5,196.0,149.85928344726562,1060100,
2015-07-24,196.0,202.0,195.0,199.0,152.15309143066406,738500,
2015-07-27,197.0,201.0,196.5,197.0,150.62391662597656,733100,
2015-07-28,201.0,201.0,195.5,196.0,149.85928344726562,632800,
2015-07-29,196.5,199.5,196.5,199.5,152.53536987304688,528300,
2015-07-31,201.0,204.0,198.0,204.0,155.9759979248047,1043300,
2015-08-03,203.0,205.0,200.0,202.0,154.4468536376953,374300,
2015-08-04,200.0,202.0,197.0,198.5,151.77076721191406,980800,
2015-08-05,199.5,204.0,199.5,203.0,155.21142578125,1138800,
2015-08-06,203.0,211.0,201.0,208.0,159.03439331054688,1014400,
2015-08-07,206.0,208.0,205.0,207.0,158.269775390625,201600,
2015-08-10,207.0,208.0,204.0,207.0,158.269775390625,484700,
2015-08-11,207.0,211.0,204.0,206.0,157.50518798828125,475000,
2015-08-13,204.0,209.0,202.0,208.0,159.03439331054688,939300,
2015-08-14,212.0,225.0,211.0,222.0,169.73861694335938,2436100,
2015-08-17,220.0,230.0,218.0,223.0,170.50318908691406,1525800,
2015-08-18,219.0,222.0,212.0,215.0,164.38648986816406,3038100,
2015-08-19,216.0,225.0,213.0,220.0,168.2094268798828,1969300,
2015-08-20,222.0,229.0,219.0,225.0,172.03236389160156,1506400,
2015-08-21,224.0,233.0,222.0,230.0,175.85531616210938,2051300,
2015-08-24,227.0,233.0,208.0,213.0,162.85733032226562,3169700,
2015-08-25,216.0,228.0,213.0,228.0,175.0658721923828,2407300,0.9
2015-08-26,223.0,230.0,223.0,227.0,174.29803466796875,1580400,
2015-08-27,230.0,230.0,223.0,223.0,171.22671508789062,1407900,
2015-08-28,225.0,226.0,220.0,222.0,170.4588623046875,822800,
2015-08-31,222.0,231.0,218.0,231.0,177.36936950683594,2347400,
2015-09-01,229.0,232.0,223.0,226.0,173.53021240234375,1332500,
2015-09-02,228.0,238.0,227.0,238.0,182.7441864013672,1800700,
2015-09-03,245.0,260.0,245.0,253.0,194.2616729736328,3385600,
2015-09-04,249.0,258.0,242.0,243.0,186.5833740234375,2905400,
2015-09-07,242.0,247.0,240.0,240.0,184.27987670898438,1219600,
2015-09-08,241.0,250.0,236.0,250.0,191.9581756591797,1925700,
2015-09-09,253.0,253.0,243.0,243.0,186.5833740234375,1505500,
2015-09-10,242.0,242.0,237.0,239.0,183.51205444335938,1355600,
2015-09-11,238.0,244.0,232.0,233.0,178.90501403808594,1621800,
2015-09-14,235.0,237.0,232.0,235.0,180.44070434570312,1423600,
2015-09-15,235.0,240.0,233.0,233.0,178.90501403808594,1680600,
2015-09-16,236.0,236.0,233.0,235.0,180.44070434570312,1448800,
2015-09-17,235.0,239.0,234.0,237.0,181.97628784179688,1705500,
2015-09-18,237.0,239.0,229.0,229.0,175.8336639404297,7130200,
2015-09-21,228.0,229.0,224.0,228.0,175.0658721923828,1197700,
2015-09-22,229.0,229.0,218.0,220.0,168.92320251464844,2587800,
2015-09-23,219.0,220.0,211.0,217.0,166.6197052001953,2730400,
2015-09-24,215.0,216.0,211.0,212.0,162.780517578125,2641700,
2015-09-25,213.0,223.0,212.0,217.0,166.6197052001953,4107100,
2015-09-28,212.0,218.0,212.0,214.0,164.3162078857422,1732800,
2015-09-29,215.0,221.0,213.0,217.0,166.6197052001953,1407500,
2015-09-30,220.0,222.0,216.0,216.0,165.8518524169922,1643000,
2015-10-01,218.0,221.0,217.0,221.0,169.69102478027344,948100,
2015-10-02,222.0,226.0,220.0,222.0,170.4588623046875,1522200,
2015-10-05,226.0,230.0,223.0,228.0,175.0658721923828,1357600,
2015-10-06,227.0,232.0,227.0,231.0,177.36936950683594,1573600,
2015-10-07,231.0,235.0,229.0,235.0,180.44070434570312,1003800,
2015-10-08,234.0,237.0,231.0,231.0,177.36936950683594,1324600,
2015-10-09,234.0,236.0,231.0,232.0,178.13720703125,833300,
2015-10-12,231.0,235.0,229.0,235.0,180.44070434570312,1199000,
2015-10-13,232.0,235.0,229.0,229.0,175.8336639404297,1136900,
2015-10-14,229.0,233.0,225.0,225.0,172.76235961914062,805600,
2015-10-15,227.0,230.0,227.0,227.0,174.29803466796875,1521500,
2015-10-16,229.0,230.0,217.0,217.0,166.6197052001953,4563400,
2015-10-19,217.0,221.0,216.0,216.0,165.8518524169922,1558400,
2015-10-20,217.0,223.0,216.0,221.0,169.69102478027344,2082000,
2015-10-21,223.0,223.0,220.0,220.0,168.92320251464844,595100,
2015-10-22,220.0,223.0,219.0,220.0,168.92320251464844,617600,
2015-10-26,222.0,223.0,220.0,220.0,168.92320251464844,1216100,
2015-10-27,220.0,222.0,218.0,218.0,167.38754272460938,775400,
2015-10-28,218.0,220.0,216.0,217.0,166.6197052001953,1054800,
2015-10-29,215.0,216.0,212.0,214.0,164.3162078857422,1092100,
2015-10-30,213.0,218.0,212.0,216.0,165.8518524169922,1088600,
2015-11-02,217.0,217.0,213.0,214.0,164.3162078857422,650400,
2015-11-03,214.0,217.0,213.0,214.0,164.3162078857422,1501500,
2015-11-04,214.0,216.0,214.0,214.0,164.3162078857422,1167500,
2015-11-05,214.0,217.0,213.0,214.0,164.3162078857422,868300,
2015-11-06,214.0,215.0,212.0,213.0,163.54837036132812,950800,
2015-11-09,212.0,213.0,204.0,207.0,158.94139099121094,1463000,
2015-11-10,205.0,205.0,199.5,199.5,153.18264770507812,1788500,
2015-11-11,198.5,208.0,196.0,206.0,158.1735382080078,2498900,
2015-11-12,206.0,206.0,203.0,203.0,155.87002563476562,477400,
2015-11-13,201.0,210.0,200.0,208.0,159.70919799804688,855900,
2015-11-16,207.0,211.0,204.0,211.0,162.01271057128906,998300,
2015-11-17,211.0,214.0,205.0,205.0,157.4057159423828,1478100,
2015-11-18,205.0,207.0,201.0,202.0,155.10218811035156,1581500,
2015-11-19,205.0,208.0,203.0,206.0,158.1735382080078,1434600,
2015-11-20,208.0,214.0,207.0,211.0,162.01271057128906,1858000,
2015-11-23,212.0,218.0,212.0,217.0,166.6197052001953,1216500,
2015-11-24,218.0,221.0,216.0,218.0,167.38754272460938,1452500,
2015-11-25,218.0,220.0,217.0,220.0,168.92320251464844,613900,
2015-11-26,221.0,222.0,214.0,215.0,165.08407592773438,955100,
2015-11-27,214.0,218.0,213.0,213.0,163.54837036132812,490800,
2015-11-30,211.0,221.0,210.0,221.0,169.69102478027344,2604700,
2015-12-01,222.0,223.0,217.0,220.0,168.92320251464844,1356100,
2015-12-02,219.0,222.0,215.0,215.0,165.08407592773438,1033700,
2015-12-03,215.0,218.0,214.0,218.0,167.38754272460938,566900,
2015-12-04,216.0,217.0,212.0,212.0,162.780517578125,647600,
2015-12-08,210.0,213.0,204.0,204.0,156.63787841796875,1297300,
2015-12-09,204.0,207.0,204.0,204.0,156.63787841796875,1237900,
2015-12-11,205.0,210.0,204.0,208.0,159.70919799804688,1815000,
2015-12-14,209.0,209.0,203.0,205.0,157.4057159423828,1691900,
2015-12-15,204.0,206.0,203.0,205.0,157.4057159423828,1260700,
2015-12-16,205.0,207.0,203.0,205.0,157.4057159423828,659500,
2015-12-17,205.0,206.0,202.0,204.0,156.63787841796875,1050200,
2015-12-18,204.0,204.0,200.0,201.0,154.33436584472656,1763100,
2015-12-21,202.0,204.0,201.0,201.0,154.33436584472656,2372400,
2015-12-22,202.0,202.0,200.0,201.0,154.33436584472656,1200200,
2015-12-23,200.0,204.0,199.5,200.0,153.56655883789062,1254900,
2015-12-24,201.0,201.0,197.5,198.0,152.03085327148438,1612000,
2015-12-25,198.5,203.0,198.0,202.0,155.10218811035156,1025800,
2015-12-28,203.0,210.0,201.0,210.0,161.244873046875,1030800,
2015-12-29,207.0,210.0,206.0,209.0,160.47705078125,1081800,
2015-12-30,208.0,213.0,207.0,211.0,162.01271057128906,1815400,
2016-01-04,211.0,213.0,206.0,206.0,158.1735382080078,1404600,
2016-01-05,207.0,217.0,206.0,216.0,165.8518524169922,1545500,
2016-01-06,217.0,222.0,217.0,220.0,168.92320251464844,1818300,
2016-01-07,219.0,220.0,212.0,212.0,162.780517578125,1782200,
2016-01-08,214.0,218.0,213.0,217.0,166.6197052001953,1388600,
2016-01-11,215.0,217.0,212.0,214.0,164.3162078857422,946900,
2016-01-12,216.0,221.0,214.0,221.0,169.69102478027344,1944900,
2016-01-13,225.0,226.0,221.0,224.0,171.9945526123047,1950800,
2016-01-14,222.0,223.0,218.0,220.0,168.92320251464844,1027000,
2016-01-15,221.0,228.0,221.0,226.0,173.53021240234375,1737300,
2016-01-18,222.0,225.0,220.0,225.0,172.76235961914062,1057000,
2016-01-19,224.0,224.0,216.0,216.0,165.8518524169922,1835600,
2016-01-20,215.0,218.0,208.0,210.0,161.244873046875,1923900,
2016-01-21,214.0,216.0,210.0,214.0,164.3162078857422,1813000,
2016-01-22,218.0,222.0,216.0,221.0,169.69102478027344,1355400,
2016-01-25,219.0,223.0,218.0,221.0,169.69102478027344,669500,
2016-01-26,221.0,225.0,220.0,224.0,171.9945526123047,560000,
2016-01-27,222.0,224.0,219.0,219.0,168.15538024902344,1065700,
2016-01-28,220.0,222.0,219.0,222.0,170.4588623046875,873200,
2016-01-29,222.0,223.0,218.0,220.0,168.92320251464844,988500,
2016-02-01,222.0,228.0,221.0,226.0,173.53021240234375,1621200,
2016-02-02,227.0,232.0,226.0,227.0,174.29803466796875,2397200,
2016-02-03,227.0,227.0,223.0,225.0,172.76235961914062,972900,
2016-02-04,227.0,227.0,220.0,223.0,171.22671508789062,1150700,
2016-02-05,226.0,227.0,221.0,222.0,170.4588623046875,964800,
2016-02-08,222.0,226.0,221.0,223.0,171.22671508789062,364700,
2016-02-09,222.0,223.0,221.0,222.0,170.4588623046875,279800,
2016-02-10,221.0,223.0,220.0,221.0,169.69102478027344,260000,
2016-02-11,220.0,225.0,219.0,219.0,168.15538024902344,769100,
2016-02-12,219.0,219.0,219.0,219.0,168.15538024902344,0,
2016-02-15,217.0,218.0,213.0,214.0,164.3162078857422,1090100,
2016-02-16,213.0,215.0,209.0,210.0,161.244873046875,1655000,
2016-02-17,209.0,210.0,205.0,207.0,158.94139099121094,1427500,
2016-02-18,208.0,213.0,208.0,213.0,163.54837036132812,2127300,
2016-02-19,212.0,215.0,211.0,215.0,165.08407592773438,1389600,
2016-02-23,212.0,213.0,207.0,207.0,158.94139099121094,3149900,
2016-02-24,205.0,211.0,205.0,209.0,160.47705078125,1350600,
2016-02-25,211.0,214.0,210.0,211.0,162.01271057128906,1442800,
2016-02-26,213.0,219.0,212.0,217.0,166.6197052001953,1829600,
2016-02-29,217.0,217.0,214.0,217.0,166.6197052001953,1215600,
2016-03-01,217.0,220.0,216.0,219.0,168.15538024902344,1472800,
2016-03-02,221.0,230.0,220.0,230.0,176.60153198242188,3311400,
2016-03-03,230.0,231.0,221.0,224.0,171.9945526123047,2078300,
2016-03-04,221.0,221.0,211.0,212.0,162.780517578125,4708200,
2016-03-07,213.0,216.0,213.0,214.0,164.3162078857422,1533700,
2016-03-08,211.0,212.0,207.0,208.0,159.70919799804688,3898700,
2016-03-09,206.0,209.0,205.0,209.0,160.47705078125,4023000,
2016-03-10,208.0,208.0,205.0,206.0,159.27859497070312,2504000,1.45
2016-03-11,206.0,212.0,206.0,209.0,161.5981903076172,1989400,
2016-03-14,211.0,214.0,210.0,213.0,164.69097900390625,1550400,
2016-03-15,210.0,212.0,208.0,208.0,160.82496643066406,2094400,
2016-03-16,209.0,212.0,208.0,211.0,163.14456176757812,1611900,
2016-03-17,210.0,211.0,205.0,206.0,159.27859497070312,3260900,
2016-03-18,207.0,210.0,207.0,210.0,162.37136840820312,1850300,
2016-03-21,212.0,214.0,209.0,210.0,162.37136840820312,2483800,
2016-03-22,210.0,210.0,207.0,209.0,161.5981903076172,1241600,
2016-03-23,209.0,212.0,207.0,211.0,163.14456176757812,1705900,
2016-03-24,211.0,215.0,210.0,214.0,165.46417236328125,2950000,
2016-03-25,213.0,214.0,207.0,208.0,160.82496643066406,2951300,
2016-03-28,209.0,210.0,204.0,205.0,158.50538635253906,3691600,
2016-03-29,205.0,209.0,205.0,207.0,160.05178833007812,1234100,
2016-03-30,208.0,212.0,208.0,211.0,163.14456176757812,3850500,
2016-03-31,211.0,212.0,209.0,212.0,163.91778564453125,1692200,
2016-04-01,210.0,210.0,206.0,208.0,160.82496643066406,2795700,
2016-04-04,208.0,210.0,206.0,207.0,160.05178833007812,1185100,
2016-04-05,206.0,209.0,206.0,207.0,160.05178833007812,1817100,
2016-04-07,207.0,209.0,205.0,205.0,158.50538635253906,2055700,
2016-04-08,206.0,206.0,197.5,198.5,153.47962951660156,6081200,
2016-04-11,198.5,201.0,198.0,199.5,154.2528533935547,2410300,
2016-04-12,199.5,204.0,199.0,201.0,155.41256713867188,1369300,
2016-04-18,204.0,205.0,202.0,204.0,157.73219299316406,1898700,
2016-04-19,204.0,212.0,204.0,210.0,162.37136840820312,3670000,
2016-04-20,210.0,210.0,205.0,207.0,160.05178833007812,1853100,
2016-04-21,209.0,209.0,207.0,208.0,160.82496643066406,652300,
2016-04-22,208.0,209.0,204.0,204.0,157.73219299316406,1658000,
2016-04-25,203.0,204.0,201.0,201.0,155.41256713867188,1609500,
2016-04-26,202.0,206.0,202.0,204.0,157.73219299316406,949900,
2016-04-27,204.0,205.0,201.0,204.0,157.73219299316406,897000,
2016-04-28,204.0,204.0,200.0,201.0,155.41256713867188,1348800,
2016-04-29,200.0,203.0,199.0,203.0,156.958984375,2184700,
2016-05-03,202.0,203.0,199.5,201.0,155.41256713867188,1338100,
2016-05-04,200.0,201.0,200.0,201.0,155.41256713867188,625100,
2016-05-09,201.0,204.0,200.0,204.0,157.73219299316406,1526000,
2016-05-10,203.0,204.0,201.0,201.0,155.41256713867188,1525500,
2016-05-11,201.0,202.0,198.5,198.5,153.47962951660156,1582800,
2016-05-12,198.0,200.0,197.5,199.5,154.2528533935547,1100400,
2016-05-13,199.0,199.5,197.0,197.0,152.31980895996094,2481500,
2016-05-16,197.5,199.0,196.5,196.5,151.9331817626953,699100,
2016-05-17,197.5,198.0,194.0,194.5,150.3868408203125,1995400,
2016-05-18,194.5,195.0,190.0,192.0,148.45379638671875,2084500,
2016-05-19,191.5,191.5,184.0,186.5,144.2012481689453,3342600,
2016-05-23,187.0,191.0,187.0,189.0,146.1342315673828,3909300,
2016-05-24,189.0,191.0,186.0,188.0,145.3610382080078,1972200,
2016-05-25,189.0,191.0,189.0,189.5,146.52084350585938,1349900,
2016-05-26,190.5,190.5,188.0,189.0,146.1342315673828,973400,
2016-05-27,189.0,192.0,189.0,191.5,148.06723022460938,1797600,
2016-05-30,193.5,195.0,191.5,193.5,149.61361694335938,1268100,
2016-05-31,193.5,197.0,191.5,197.0,152.31980895996094,6222000,
2016-06-01,196.0,196.5,191.5,193.0,149.22703552246094,1419700,
2016-06-02,193.0,194.0,189.0,189.0,146.1342315673828,2031300,
2016-06-03,190.0,193.5,189.0,193.5,149.61361694335938,2101900,
2016-06-06,194.0,194.5,192.0,192.5,148.84043884277344,614600,
2016-06-07,192.5,195.0,192.5,194.5,150.3868408203125,1570500,
2016-06-08,194.0,194.0,191.0,192.5,148.84043884277344,891900,
2016-06-09,190.0,191.5,188.0,188.0,145.3610382080078,1565300,
2016-06-10,188.0,188.0,186.0,187.0,144.58786010742188,1143600,
2016-06-13,186.5,187.0,184.0,185.0,143.0414276123047,1671600,
2016-06-14,185.0,186.5,184.0,185.0,143.0414276123047,755100,
2016-06-15,186.0,187.0,184.5,186.5,144.2012481689453,1057300,
2016-06-16,186.5,187.0,182.0,182.5,141.10845947265625,849100,
2016-06-17,182.5,184.5,182.5,183.0,141.49505615234375,1236500,
2016-06-20,183.0,183.5,180.5,181.0,139.94866943359375,1052900,
2016-06-21,181.0,185.5,180.5,183.0,141.49505615234375,1696700,
2016-06-22,183.5,184.5,181.0,181.5,140.3352508544922,826000,
2016-06-23,183.0,184.0,182.0,184.0,142.2682647705078,770100,
2016-06-24,181.0,182.5,179.0,182.5,141.10845947265625,1636800,
2016-06-27,181.5,183.5,180.5,183.0,141.49505615234375,809800,
2016-06-28,182.0,183.5,181.5,183.0,141.49505615234375,701400,
2016-06-29,183.5,185.0,182.0,183.0,141.49505615234375,1242600,
2016-06-30,184.0,184.5,182.5,182.5,141.10845947265625,1339400,
2016-07-04,183.5,188.0,182.5,186.5,144.2012481689453,1436900,
2016-07-05,186.5,186.5,184.0,185.0,143.0414276123047,666600,
2016-07-06,183.5,184.5,182.5,183.0,141.49505615234375,1264000,
2016-07-07,184.0,184.0,182.5,183.0,141.49505615234375,781200,
2016-07-08,183.5,183.5,182.0,182.5,141.10845947265625,423300,
2016-07-11,184.0,185.0,183.0,184.5,142.6548614501953,776400,
2016-07-12,184.5,185.0,182.0,183.0,141.49505615234375,1024500,
2016-07-13,182.5,183.0,180.5,181.5,140.3352508544922,1999300,
2016-07-14,180.5,183.0,180.0,182.0,140.7218475341797,1456900,
2016-07-15,182.0,183.0,181.5,182.5,141.10845947265625,1174900,
2016-07-20,182.5,187.5,182.0,187.0,144.58786010742188,2421800,
2016-07-21,188.0,193.0,187.5,191.5,148.06723022460938,2507600,
2016-07-22,191.0,192.0,189.0,190.5,147.29403686523438,912400,
2016-07-25,190.0,190.0,187.5,187.5,144.97442626953125,1284600,
2016-07-26,187.5,188.5,185.5,185.5,143.42807006835938,791000,
2016-07-27,185.5,188.5,185.5,186.5,144.2012481689453,639900,
2016-07-28,187.0,187.0,185.0,186.5,144.2012481689453,1003300,
2016-07-29,186.5,187.0,184.0,184.0,142.2682647705078,907900,
2016-08-01,182.5,183.5,177.0,177.5,137.24246215820312,5057600,
2016-08-02,175.5,177.0,175.0,175.5,135.69606018066406,2412500,
2016-08-03,174.5,177.5,174.5,176.5,136.46926879882812,865100,
2016-08-04,176.5,178.0,175.5,175.5,135.69606018066406,1209500,
2016-08-05,177.0,179.0,176.0,179.0,138.4022674560547,869600,
2016-08-08,180.5,181.0,177.0,178.0,137.62905883789062,1384200,
2016-08-09,178.0,178.5,176.0,176.5,136.46926879882812,1169000,
2016-08-10,176.5,178.0,176.0,176.5,136.46926879882812,1676200,
2016-08-11,176.5,176.5,174.5,176.0,136.08267211914062,2109600,
2016-08-15,173.0,175.0,172.5,174.0,135.2664337158203,944500,0.95
2016-08-16,174.0,175.0,172.0,173.5,134.87770080566406,1539700,
2016-08-17,174.0,174.5,172.5,173.0,134.48902893066406,806400,
2016-08-18,172.5,175.0,172.5,175.0,136.04379272460938,1272000,
2016-08-19,175.0,175.0,171.5,173.0,134.48902893066406,1000900,
2016-08-22,173.0,173.0,171.0,171.5,133.32293701171875,1159700,
2016-08-23,170.5,171.0,168.5,168.5,130.99075317382812,2248700,
2016-08-24,169.0,173.0,168.5,172.5,134.100341796875,1616700,
2016-08-25,172.0,172.5,168.0,168.5,130.99075317382812,2310100,
2016-08-26,168.5,170.0,168.5,169.5,131.76812744140625,900900,
2016-08-29,169.5,173.0,169.0,173.0,134.48902893066406,1699200,
2016-08-30,173.0,175.0,172.0,173.0,134.48902893066406,724000,
2016-08-31,172.5,172.5,170.0,170.0,132.1568145751953,1193800,
2016-09-01,170.0,170.0,169.0,169.5,131.76812744140625,833200,
2016-09-02,169.0,169.5,168.0,169.0,131.37945556640625,1197500,
2016-09-05,168.5,169.0,164.0,165.0,128.26986694335938,1599600,
2016-09-06,165.0,166.5,163.0,164.0,127.49246978759766,2298300,
2016-09-07,163.0,164.5,161.0,161.0,125.16028594970703,1788400,
2016-09-08,160.5,161.0,156.0,156.0,121.27335357666016,2308100,
2016-09-09,155.0,157.0,152.0,152.5,118.55244445800781,1678300,
2016-09-12,150.0,152.5,150.0,150.0,116.60897064208984,1517000,
2016-09-13,151.5,159.0,150.5,158.0,122.828125,2612800,
2016-09-14,158.0,170.0,158.0,168.0,130.60206604003906,3889700,
2016-09-15,170.0,172.0,168.0,171.0,132.93423461914062,2515200,
2016-09-16,173.5,173.5,170.0,171.5,133.32293701171875,2392200,
2016-09-19,171.5,171.5,168.0,170.0,132.1568145751953,1167900,
2016-09-20,170.0,170.0,167.5,168.0,130.60206604003906,1284500,
2016-09-21,170.5,173.0,170.5,172.0,133.71163940429688,1668600,
2016-09-22,174.0,175.0,173.5,175.0,136.04379272460938,1269600,
2016-09-23,175.0,175.0,172.0,174.5,135.6551055908203,1266700,
2016-09-26,173.0,175.0,173.0,174.5,135.6551055908203,1003900,
2016-09-27,175.0,179.5,173.0,177.5,137.98727416992188,2956800,
2016-09-28,177.5,179.5,176.5,178.0,138.37599182128906,1930400,
2016-09-29,179.0,179.5,175.0,176.5,137.20986938476562,2115800,
2016-09-30,176.0,177.5,174.5,174.5,135.6551055908203,976400,
2016-10-03,175.0,175.5,174.5,174.5,135.6551055908203,262600,
2016-10-04,174.0,174.0,171.5,172.5,134.100341796875,2154900,
2016-10-05,172.0,173.0,170.5,172.0,133.71163940429688,1771800,
2016-10-06,171.5,172.0,170.0,171.0,132.93423461914062,2044700,
2016-10-07,170.0,171.5,169.5,171.5,133.32293701171875,1202000,
2016-10-10,165.0,169.5,164.5,168.0,130.60206604003906,931300,
2016-10-11,168.0,168.0,162.0,164.0,127.49246978759766,1634000,
2016-10-12,163.0,163.5,148.0,163.0,126.7150650024414,3756600,
2016-10-13,159.0,164.0,157.0,160.0,124.38288879394531,5554400,
2016-10-14,165.0,170.5,165.0,169.5,131.76812744140625,2827300,
2016-10-17,169.0,174.5,168.0,173.5,134.87770080566406,1918100,
2016-10-18,172.0,172.0,169.0,171.0,132.93423461914062,1633300,
2016-10-19,171.0,171.0,169.5,170.0,132.1568145751953,1219800,
2016-10-20,171.0,175.0,171.0,174.0,135.2664337158203,1369300,
2016-10-21,173.5,175.0,172.5,175.0,136.04379272460938,542600,
2016-10-25,175.5,179.0,174.5,177.5,137.98727416992188,2236900,
2016-10-26,177.5,178.5,175.5,175.5,136.43247985839844,766300,
2016-10-27,174.5,177.5,174.0,177.0,137.59857177734375,1106200,
2016-10-28,178.0,181.5,177.0,181.0,140.70816040039062,3304400,
2016-10-31,183.5,186.0,182.5,183.0,142.26296997070312,4017900,
2016-11-01,184.0,184.0,180.0,180.5,140.31948852539062,1676700,
2016-11-02,182.0,183.0,180.5,181.0,140.70816040039062,1418100,
2016-11-03,181.0,185.0,180.5,182.5,141.87428283691406,1919700,
2016-11-04,183.0,185.0,180.5,182.0,141.4855499267578,1372100,
2016-11-07,184.5,184.5,182.5,182.5,141.87428283691406,1910200,
2016-11-08,181.5,183.5,181.5,183.5,142.65167236328125,1348500,
2016-11-09,182.5,187.5,180.5,187.0,145.37249755859375,2238400,
2016-11-10,188.5,189.0,185.0,186.0,144.59510803222656,1157100,
2016-11-11,186.0,190.0,185.0,190.0,147.70469665527344,3241600,
2016-11-14,188.0,188.0,184.5,185.0,143.81773376464844,940600,
2016-11-15,184.5,186.0,181.5,185.5,144.20643615722656,1584400,
2016-11-16,186.5,188.0,183.5,184.5,143.4290313720703,1378900,
2016-11-17,185.0,187.5,182.5,187.5,145.76123046875,1053300,
2016-11-18,187.5,187.5,185.0,186.5,144.9838104248047,931300,
2016-11-21,187.5,187.5,185.0,185.0,143.81773376464844,601900,
2016-11-22,188.0,189.0,186.0,188.5,146.53860473632812,1727700,
2016-11-23,189.0,189.5,188.0,189.5,147.31602478027344,918000,
2016-11-24,190.0,190.0,187.5,188.0,146.14991760253906,414200,
2016-11-25,188.0,189.5,187.5,189.5,147.31602478027344,553600,
2016-11-28,190.0,191.0,189.5,191.0,148.48208618164062,955100,
2016-11-29,191.5,192.0,187.0,188.5,146.53860473632812,1155500,
2016-11-30,188.0,192.0,187.5,192.0,149.2594451904297,1337900,
2016-12-01,195.5,197.0,193.5,195.5,151.98037719726562,1977800,
2016-12-02,193.5,194.5,190.0,194.0,150.81427001953125,954200,
2016-12-06,191.5,194.5,189.5,193.5,150.42559814453125,1186700,
2016-12-07,194.0,195.0,192.5,193.5,150.42559814453125,826500,
2016-12-08,193.0,193.5,190.5,190.5,148.0933837890625,1085600,
2016-12-09,190.0,192.0,183.5,184.0,143.04034423828125,3009300,
2016-12-13,182.5,183.5,179.0,182.5,141.87428283691406,3692200,
2016-12-14,183.0,183.5,178.5,179.5,139.54208374023438,2984800,
2016-12-15,179.5,182.0,178.5,180.5,140.31948852539062,1621900,
2016-12-16,180.0,181.0,179.0,179.5,139.54208374023438,1556500,
2016-12-19,179.0,180.5,178.5,180.0,139.93077087402344,1158900,
2016-12-20,181.0,181.5,179.0,180.0,139.93077087402344,1721200,
2016-12-21,179.5,180.0,179.0,180.0,139.93077087402344,470500,
2016-12-22,180.0,180.0,176.0,177.0,137.59857177734375,867100,
2016-12-23,177.0,177.5,173.5,174.0,135.2664337158203,1207600,
2016-12-26,172.0,172.0,171.5,172.0,133.71163940429688,750900,
2016-12-27,172.5,176.0,172.5,176.0,136.8212432861328,836600,
2016-12-28,177.0,179.0,175.5,178.0,138.37599182128906,832200,
2016-12-29,178.0,183.0,176.5,181.0,140.70816040039062,1251100,
2016-12-30,181.0,182.0,179.5,181.0,140.70816040039062,593000,
2017-01-04,180.5,185.0,179.5,185.0,143.81773376464844,1401100,
2017-01-05,185.0,185.0,182.0,185.0,143.81773376464844,1149900,
2017-01-06,185.0,186.0,182.5,185.0,143.81773376464844,1269900,
2017-01-09,185.0,185.0,183.0,183.0,142.26296997070312,530500,
2017-01-10,183.0,185.0,181.5,184.5,143.4290313720703,823200,
2017-01-11,183.0,185.0,183.0,184.5,143.4290313720703,865500,
2017-01-12,184.5,185.5,183.5,183.5,142.65167236328125,338800,
2017-01-16,184.5,184.5,182.5,184.0,143.04034423828125,495300,
2017-01-17,184.0,184.5,182.0,183.0,142.26296997070312,577000,
2017-01-18,182.5,183.0,181.0,181.0,140.70816040039062,753100,
2017-01-19,181.0,181.0,179.5,180.0,139.93077087402344,1049100,
2017-01-20,179.5,180.5,178.5,179.5,139.54208374023438,1275700,
2017-01-23,180.5,181.0,178.0,180.5,140.31948852539062,1172100,
2017-01-24,180.5,182.0,178.5,181.5,141.09686279296875,632700,
2017-01-25,182.0,182.5,181.0,182.0,141.4855499267578,315300,
2017-01-26,181.5,184.0,181.0,183.0,142.26296997070312,939500,
2017-01-27,182.0,183.5,181.0,181.0,140.70816040039062,477900,
2017-01-30,180.5,183.0,180.0,180.5,140.31948852539062,567600,
2017-01-31,179.5,181.5,179.0,179.0,139.15338134765625,1146500,
2017-02-01,178.5,181.5,178.5,179.0,139.15338134765625,773600,
2017-02-02,181.0,182.5,180.0,181.0,140.70816040039062,879900,
2017-02-03,181.0,181.5,178.5,180.0,139.93077087402344,798200,
2017-02-06,181.0,181.0,179.0,180.5,140.31948852539062,555400,
2017-02-07,179.0,180.0,178.5,179.0,139.15338134765625,730100,
2017-02-08,178.5,183.5,178.5,183.0,142.26296997070312,1436800,
2017-02-09,183.0,184.5,181.5,183.5,142.65167236328125,826600,
2017-02-10,183.5,187.0,183.5,186.0,144.59510803222656,1909600,
2017-02-14,187.0,188.0,183.5,184.0,143.04034423828125,838000,
2017-02-15,186.0,186.0,182.5,184.5,143.4290313720703,679500,
2017-02-16,183.0,185.0,183.0,184.5,143.4290313720703,685700,
2017-02-17,185.0,185.0,183.0,183.5,142.65167236328125,294000,
2017-02-20,183.5,184.0,181.5,181.5,141.09686279296875,227700,
2017-02-21,181.5,183.5,181.0,181.0,140.70816040039062,412300,
2017-02-22,182.5,183.5,181.0,183.0,142.26296997070312,840900,
2017-02-23,183.0,183.0,180.5,181.5,141.09686279296875,685000,
2017-02-24,181.5,182.5,180.5,181.0,140.70816040039062,457700,
2017-02-27,179.5,180.5,176.5,177.0,137.59857177734375,764600,
2017-02-28,177.0,178.0,176.0,176.0,136.8212432861328,865600,
2017-03-01,178.0,179.0,176.5,177.5,137.98727416992188,575800,
2017-03-02,178.5,178.5,175.5,175.5,136.43247985839844,1084900,
2017-03-03,176.0,178.0,174.5,174.5,135.6551055908203,863300,
2017-03-06,175.0,177.0,174.5,177.0,137.59857177734375,856300,
2017-03-07,176.5,178.5,175.5,176.5,137.20986938476562,576600,
2017-03-08,176.0,178.5,175.5,178.0,138.37599182128906,1152900,
2017-03-09,177.0,179.0,177.0,178.0,138.37599182128906,487000,
2017-03-10,176.5,179.0,176.5,178.0,138.37599182128906,546200,
2017-03-13,176.0,180.0,176.0,180.0,141.1599578857422,1030400,1.55
2017-03-14,180.0,181.5,177.0,177.0,138.8072967529297,1177000,
2017-03-15,177.5,181.5,177.5,180.0,141.1599578857422,912100,
2017-03-16,179.5,183.0,178.5,180.0,141.1599578857422,1142800,
2017-03-17,180.0,181.0,178.0,180.5,141.55210876464844,731300,
2017-03-20,182.0,182.0,180.0,180.0,141.1599578857422,359200,
2017-03-21,180.0,182.0,180.0,182.0,142.72840881347656,439300,
2017-03-22,180.0,180.5,178.0,178.0,139.59152221679688,1449000,
2017-03-23,178.0,179.0,176.0,177.5,139.1993865966797,1014800,
2017-03-24,176.5,178.5,176.5,177.5,139.1993865966797,548200,
2017-03-27,177.0,178.0,176.0,177.0,138.8072967529297,674900,
2017-03-28,176.5,179.0,176.5,179.0,140.37576293945312,668000,
2017-03-29,179.5,180.5,178.5,180.5,141.55210876464844,617300,
2017-03-30,179.0,182.0,179.0,181.5,142.3363037109375,981800,
2017-03-31,181.0,183.0,180.0,183.0,143.5126495361328,607500,
2017-04-03,183.0,183.0,180.0,180.0,141.1599578857422,498200,
2017-04-04,180.5,183.0,179.5,183.0,143.5126495361328,511800,
2017-04-05,183.0,183.0,180.0,180.5,141.55210876464844,587300,
2017-04-07,180.5,180.5,178.5,179.5,140.7678680419922,1124600,
2017-04-10,179.5,181.5,179.5,181.0,141.94418334960938,593800,
2017-04-11,181.5,181.5,179.5,180.0,141.1599578857422,308000,
2017-04-12,180.0,181.5,179.5,181.0,141.94418334960938,288400,
2017-04-17,181.0,181.5,177.5,178.0,139.59152221679688,1198300,
2017-04-18,177.5,178.0,175.0,175.5,137.6309356689453,1423800,
2017-04-19,175.0,177.0,174.0,176.0,138.02310180664062,1198100,
2017-04-20,177.0,177.5,175.5,176.0,138.02310180664062,860300,
2017-04-21,176.0,176.0,173.5,173.5,136.0625,989600,
2017-04-24,173.5,177.0,173.5,176.5,138.41517639160156,469800,
2017-04-25,178.0,178.0,174.5,176.0,138.02310180664062,874100,
2017-04-26,175.0,177.0,175.0,177.0,138.8072967529297,788100,
2017-04-27,177.0,178.0,176.5,177.5,139.1993865966797,684400,
2017-04-28,178.5,178.5,175.5,175.5,137.6309356689453,728700,
2017-05-02,175.5,176.5,174.0,175.0,137.2388458251953,1012100,
2017-05-03,175.0,177.0,174.5,176.5,138.41517639160156,297800,
2017-05-04,176.5,179.0,175.5,178.0,139.59152221679688,746000,
2017-05-08,181.0,182.5,180.5,181.5,142.3363037109375,711900,
2017-05-09,182.0,184.5,181.0,183.0,143.5126495361328,1140900,
2017-05-11,183.0,184.0,182.0,183.0,143.5126495361328,1211400,
2017-05-12,183.0,184.5,182.5,184.0,144.296875,710000,
2017-05-15,185.0,185.0,185.0,185.0,145.08108520507812,111500,
2017-05-16,185.0,185.5,181.0,183.0,143.5126495361328,762400,
2017-05-17,183.0,183.0,178.0,180.0,141.1599578857422,1033500,
2017-05-18,179.0,180.5,178.5,179.0,140.37576293945312,386400,
2017-05-19,179.0,179.5,178.0,179.0,140.37576293945312,433700,
2017-05-22,180.0,181.0,178.5,180.5,141.55210876464844,309100,
2017-05-23,179.5,180.0,178.0,179.5,140.7678680419922,540500,
2017-05-24,179.0,179.5,177.5,177.5,139.1993865966797,529400,
2017-05-25,177.0,179.0,177.0,178.0,139.59152221679688,343200,
2017-05-26,179.0,179.0,176.0,177.0,138.8072967529297,545600,
2017-05-29,176.5,176.5,175.5,176.0,138.02310180664062,395700,
2017-05-30,176.0,177.0,175.5,176.5,138.41517639160156,335900,
2017-05-31,176.5,177.5,173.5,173.5,136.0625,1972800,
2017-06-01,174.0,176.0,173.5,174.0,136.45465087890625,386100,
2017-06-02,174.5,176.0,174.0,174.0,136.45465087890625,627400,
2017-06-05,175.0,176.5,172.0,173.5,136.0625,1308100,
2017-06-06,173.0,175.5,173.0,174.5,136.84674072265625,504500,
2017-06-07,174.5,176.0,174.0,176.0,138.02310180664062,420100,
2017-06-08,176.0,176.5,174.0,176.0,138.02310180664062,774100,
2017-06-09,175.5,176.5,175.0,176.0,138.02310180664062,806500,
2017-06-12,176.0,176.0,174.5,175.0,137.2388458251953,150300,
2017-06-13,175.5,175.5,173.5,174.5,136.84674072265625,521600,
2017-06-14,174.0,174.5,172.5,173.0,135.67042541503906,1197700,
2017-06-15,173.0,173.0,170.5,171.5,134.4940948486328,1224000,
2017-06-16,171.0,171.5,169.0,170.5,133.70989990234375,894500,
2017-06-19,171.5,172.5,171.0,171.5,134.4940948486328,393200,
2017-06-20,172.0,172.5,169.5,170.0,133.3177490234375,512700,
2017-06-21,170.0,171.0,169.0,171.0,134.10198974609375,775100,
2017-06-22,172.0,172.0,170.5,171.5,134.4940948486328,464000,
2017-06-23,171.0,172.5,171.0,172.0,134.88621520996094,380100,
2017-06-26,172.0,174.5,172.0,174.0,136.45465087890625,913600,
2017-06-27,174.5,174.5,173.0,174.0,136.45465087890625,285300,
2017-06-28,173.0,174.0,172.0,173.5,136.0625,412000,
2017-06-29,173.0,175.0,171.0,172.0,134.88621520996094,813900,
2017-06-30,172.0,172.5,171.0,171.5,134.4940948486328,90700,
2017-07-03,172.0,174.0,171.5,173.0,135.67042541503906,423400,
2017-07-04,172.0,173.5,171.5,173.0,135.67042541503906,245600,
2017-07-05,173.0,174.0,172.5,174.0,136.45465087890625,537900,
2017-07-06,174.5,174.5,172.5,174.0,136.45465087890625,408200,
2017-07-07,173.5,173.5,171.0,171.0,134.10198974609375,483400,
2017-07-11,171.0,171.5,170.0,171.0,134.10198974609375,543700,
2017-07-12,172.0,172.5,171.0,172.0,134.88621520996094,393000,
2017-07-13,171.0,172.5,170.5,171.0,134.10198974609375,571200,
2017-07-14,170.0,170.5,169.0,170.0,133.3177490234375,814200,
2017-07-17,170.0,170.5,169.0,170.0,133.3177490234375,708700,
2017-07-18,169.5,173.0,169.0,171.0,134.10198974609375,664900,
2017-07-19,172.5,174.5,172.0,174.0,136.45465087890625,2555600,
2017-07-20,175.0,175.5,173.5,173.5,136.0625,430000,
2017-07-21,173.5,174.5,172.0,172.5,135.27833557128906,590700,
2017-07-24,173.0,174.5,172.5,172.5,135.27833557128906,542100,
2017-07-25,173.0,173.5,172.5,173.0,135.67042541503906,348200,
2017-07-26,173.0,174.5,172.5,174.5,136.84674072265625,705200,
2017-07-27,174.5,175.0,174.0,175.0,137.2388458251953,427400,
2017-07-31,174.5,175.0,173.5,175.0,137.2388458251953,1200000,
2017-08-01,174.5,177.5,174.5,177.0,138.8072967529297,1159200,
2017-08-02,178.5,181.5,178.0,181.0,141.94418334960938,2523300,
2017-08-03,181.5,189.0,181.5,188.5,147.82586669921875,5327200,
2017-08-04,188.0,188.0,185.5,186.0,145.86529541015625,2399200,
2017-08-07,186.5,187.5,185.5,186.5,146.25743103027344,1682800,
2017-08-08,186.5,194.0,186.5,192.5,150.96275329589844,4164300,
2017-08-09,192.0,192.0,187.5,187.5,147.0416259765625,1720700,
2017-08-10,188.5,195.5,188.0,195.5,153.3154296875,4969200,
2017-08-11,193.5,197.0,192.5,197.0,154.49176025390625,3396700,
2017-08-15,197.5,201.0,195.0,195.0,152.92332458496094,3332500,
2017-08-16,196.0,197.5,193.5,196.5,154.09962463378906,2006800,
2017-08-17,199.5,209.0,199.0,208.0,163.11819458007812,7824100,
2017-08-18,206.0,206.0,202.0,202.0,158.412841796875,1991000,
2017-08-21,204.0,205.0,202.0,203.0,159.1970977783203,952400,
2017-08-22,201.0,203.0,201.0,202.0,159.1970672607422,797100,1.0
2017-08-23,201.0,204.0,199.0,203.0,159.9851837158203,2371600,
2017-08-24,202.0,213.0,202.0,213.0,167.86619567871094,7525500,
2017-08-25,213.0,213.0,209.0,211.0,166.2900390625,1809200,
2017-08-28,211.0,211.0,211.0,211.0,166.2900390625,184600,
2017-08-29,214.0,220.0,213.0,216.0,170.2305450439453,5661500,
2017-08-30,215.0,219.0,215.0,217.0,171.0186309814453,1924300,
2017-08-31,218.0,220.0,216.0,218.0,171.80677795410156,2403600,
2017-09-01,219.0,219.0,213.0,215.0,169.44244384765625,1092800,
2017-09-04,214.0,215.0,213.0,215.0,169.44244384765625,636700,
2017-09-05,215.0,215.0,213.0,214.0,168.65431213378906,339100,
2017-09-06,212.0,214.0,211.0,214.0,168.65431213378906,1064500,
2017-09-07,213.0,214.0,212.0,213.0,167.86619567871094,1018700,
2017-09-08,214.0,218.0,214.0,215.0,169.44244384765625,2341800,
2017-09-11,213.0,217.0,213.0,215.0,169.44244384765625,615200,
2017-09-12,215.0,216.0,213.0,216.0,170.2305450439453,564000,
2017-09-13,215.0,215.0,206.0,211.0,166.2900390625,1521000,
2017-09-14,213.0,214.0,211.0,214.0,168.65431213378906,1180000,
2017-09-15,214.0,218.0,214.0,215.0,169.44244384765625,1949400,
2017-09-18,214.0,215.0,210.0,211.0,166.2900390625,1912400,
2017-09-19,212.0,212.0,208.0,210.0,165.5019073486328,771800,
2017-09-20,209.0,210.0,207.0,210.0,165.5019073486328,669400,
2017-09-21,209.0,217.0,208.0,215.0,169.44244384765625,2116000,
2017-09-22,215.0,215.0,212.0,213.0,167.86619567871094,578400,
2017-09-25,213.0,213.0,209.0,211.0,166.2900390625,608500,
2017-09-26,211.0,213.0,211.0,213.0,167.86619567871094,540900,
2017-09-27,214.0,215.0,209.0,214.0,168.65431213378906,1249600,
2017-09-28,215.0,215.0,212.0,215.0,169.44244384765625,1209700,
2017-09-29,214.0,215.0,213.0,215.0,169.44244384765625,658000,
2017-10-02,215.0,217.0,215.0,217.0,171.0186309814453,846500,
2017-10-03,217.0,219.0,213.0,215.0,169.44244384765625,1337100,
2017-10-04,215.0,216.0,209.0,210.0,165.5019073486328,1688800,
2017-10-05,210.0,212.0,210.0,210.0,165.5019073486328,517600,
2017-10-06,212.0,214.0,209.0,209.0,164.71377563476562,1899600,
2017-10-09,210.0,212.0,209.0,211.0,166.2900390625,714900,
2017-10-10,211.0,215.0,211.0,212.0,167.07810974121094,2047300,
2017-10-11,212.0,214.0,211.0,213.0,167.86619567871094,835300,
2017-10-12,214.0,219.0,213.0,218.0,171.80677795410156,1668200,
2017-10-16,225.0,225.0,225.0,225.0,177.323486328125,354300,
2017-10-17,225.0,228.0,221.0,223.0,175.74728393554688,1732100,
2017-10-18,224.0,225.0,220.0,221.0,174.1710662841797,1284000,
2017-10-19,221.0,222.0,217.0,218.0,171.80677795410156,1148800,
2017-10-20,218.0,220.0,217.0,217.0,171.0186309814453,896300,
2017-10-24,220.0,223.0,219.0,221.0,174.1710662841797,1248300,
2017-10-25,223.0,223.0,220.0,222.0,174.95916748046875,2400300,
2017-10-27,223.0,230.0,222.0,226.0,178.11160278320312,2654900,
2017-10-30,227.0,227.0,221.0,222.0,174.95916748046875,1158500,
2017-10-31,222.0,224.0,218.0,220.0,173.38294982910156,1522100,
2017-11-01,220.0,223.0,217.0,218.0,171.80677795410156,985400,
2017-11-02,218.0,220.0,211.0,213.0,167.86619567871094,1718300,
2017-11-03,215.0,216.0,212.0,213.0,167.86619567871094,1663900,
2017-11-06,213.0,217.0,209.0,216.0,170.2305450439453,1275100,
2017-11-07,216.0,217.0,214.0,215.0,169.44244384765625,1063500,
2017-11-08,213.0,215.0,211.0,214.0,168.65431213378906,1036200,
2017-11-09,215.0,215.0,213.0,214.0,168.65431213378906,969800,
2017-11-10,213.0,214.0,210.0,211.0,166.2900390625,489600,
2017-11-13,208.0,208.0,199.0,199.5,157.22683715820312,3018900,
2017-11-14,200.0,204.0,197.5,203.0,159.9851837158203,2193300,
2017-11-15,203.0,204.0,200.0,202.0,159.1970672607422,960600,
2017-11-16,205.0,206.0,202.0,202.0,159.1970672607422,1342200,
2017-11-17,203.0,205.0,201.0,203.0,159.9851837158203,1078900,
2017-11-20,203.0,210.0,203.0,209.0,164.71377563476562,1718700,
2017-11-21,209.0,210.0,205.0,207.0,163.13763427734375,765200,
2017-11-22,209.0,211.0,207.0,208.0,163.9257049560547,534600,
2017-11-23,208.0,209.0,206.0,207.0,163.13763427734375,339900,
2017-11-24,207.0,207.0,204.0,205.0,161.56137084960938,628600,
2017-11-27,203.0,205.0,202.0,203.0,159.9851837158203,394500,
2017-11-28,206.0,208.0,204.0,208.0,163.9257049560547,862200,
2017-11-29,208.0,210.0,206.0,206.0,162.3494873046875,1042100,
2017-11-30,205.0,207.0,199.5,199.5,157.22683715820312,2543500,
2017-12-01,200.0,201.0,199.0,199.5,157.22683715820312,1048200,
2017-12-04,199.5,201.0,198.5,200.0,157.62088012695312,584500,
2017-12-06,200.0,201.0,198.0,200.0,157.62088012695312,691400,
2017-12-07,199.0,202.0,199.0,199.0,156.83279418945312,1278500,
2017-12-08,200.0,202.0,199.0,202.0,159.1970672607422,1218200,
2017-12-12,204.0,204.0,199.5,200.0,157.62088012695312,653800,
2017-12-13,199.5,200.0,194.0,195.0,153.68038940429688,1929500,
2017-12-14,195.0,201.0,195.0,200.0,157.62088012695312,942400,
2017-12-15,201.0,202.0,197.0,197.0,155.2565460205078,1410900,
2017-12-18,197.0,198.0,194.5,195.5,154.07440185546875,1394200,
2017-12-19,194.5,195.0,190.0,190.0,149.73985290527344,5048200,
2017-12-20,190.5,192.0,188.5,190.5,150.13389587402344,1639600,
2017-12-21,190.5,191.5,189.5,191.5,150.9219512939453,596600,
2017-12-22,191.5,194.5,191.0,194.5,153.28631591796875,1347300,
2017-12-25,193.5,194.0,192.0,193.5,152.4982147216797,633600,
2017-12-26,193.0,194.5,192.5,192.5,151.7100830078125,429800,
2017-12-27,192.5,194.0,192.0,193.5,152.4982147216797,570800,
2017-12-28,193.0,193.0,188.5,190.0,149.73985290527344,1394800,
2017-12-29,190.0,191.5,189.0,189.0,148.9517059326172,1617900,
2018-01-03,189.5,192.0,189.0,192.0,151.31602478027344,1271100,
2018-01-04,191.0,194.0,191.0,194.0,152.89227294921875,1417800,
2018-01-05,195.0,195.0,191.0,192.5,151.7100830078125,944500,
2018-01-08,191.0,193.5,190.0,190.0,149.73985290527344,1051100,
2018-01-09,192.0,192.0,192.0,192.0,151.31602478027344,121800,
2018-01-10,194.0,204.0,193.5,200.0,157.62088012695312,5534400,
2018-01-11,199.5,202.0,195.5,196.0,154.468505859375,4278100,
2018-01-12,195.0,202.0,195.0,196.0,154.468505859375,3030200,
2018-01-15,196.5,201.0,194.5,195.0,153.68038940429688,3359100,
2018-01-16,197.0,198.0,195.0,197.0,155.2565460205078,1246800,
2018-01-17,196.5,199.0,194.5,195.0,153.68038940429688,2097100,
2018-01-18,195.0,198.0,195.0,196.5,154.8625030517578,1315700,
2018-01-19,197.0,198.0,196.0,197.0,155.2565460205078,1708100,
2018-01-22,197.5,198.5,196.0,197.0,155.2565460205078,1484200,
2018-01-23,197.5,198.5,196.5,197.5,155.6505889892578,884000,
2018-01-24,198.0,200.0,197.5,198.5,156.43875122070312,1573900,
2018-01-25,198.5,199.0,192.5,193.0,152.10414123535156,1774900,
2018-01-26,193.0,195.0,192.0,193.5,152.4982147216797,1429300,
2018-01-29,196.0,198.5,194.0,197.5,155.6505889892578,2743900,
2018-01-30,197.0,198.0,196.0,196.5,154.8625030517578,999900,
2018-01-31,195.5,197.0,195.0,196.0,154.468505859375,839400,
2018-02-01,196.0,204.0,196.0,204.0,160.7732696533203,4198800,
2018-02-02,205.0,207.0,200.0,202.0,159.1970672607422,2302800,
2018-02-05,198.0,199.5,196.0,198.5,156.43875122070312,1251500,
2018-02-06,194.0,196.5,192.0,195.0,153.68038940429688,2108400,
2018-02-07,196.0,198.0,195.5,197.0,155.2565460205078,1891500,
2018-02-08,196.0,199.5,196.0,198.0,156.04464721679688,1460000,
2018-02-09,196.5,197.0,195.0,196.0,154.468505859375,1668900,
2018-02-12,196.5,197.0,194.5,196.5,154.8625030517578,1951100,
2018-02-13,197.0,201.0,197.0,199.0,156.83279418945312,3515200,
2018-02-14,201.0,202.0,199.0,199.5,157.22683715820312,2107200,
2018-02-15,201.0,201.0,198.5,201.0,158.40896606445312,744300,
2018-02-16,201.0,206.0,200.0,206.0,162.3494873046875,1685200,
2018-02-19,205.0,208.0,201.0,204.0,160.7732696533203,2132800,
2018-02-20,204.0,204.0,197.0,198.0,156.04464721679688,2077400,
2018-02-21,198.5,201.0,198.0,198.5,156.43875122070312,1158200,
2018-02-22,199.5,203.0,198.5,201.0,158.40896606445312,2406300,
2018-02-23,202.0,207.0,201.0,207.0,163.13763427734375,2503100,
2018-02-26,206.0,207.0,204.0,207.0,163.13763427734375,1466700,
2018-02-27,208.0,208.0,203.0,204.0,160.7732696533203,1569200,
2018-02-28,205.0,206.0,204.0,206.0,162.3494873046875,565400,
2018-03-02,206.0,210.0,206.0,208.0,163.9257049560547,1898900,
2018-03-05,207.0,209.0,204.0,207.0,163.13763427734375,2135700,
2018-03-06,210.0,210.0,210.0,210.0,165.5019073486328,139400,
2018-03-07,210.0,212.0,207.0,211.0,167.64718627929688,1498200,1.7
2018-03-08,212.0,220.0,211.0,217.0,172.41436767578125,3598400,
2018-03-09,218.0,218.0,212.0,215.0,170.82533264160156,2327100,
2018-03-12,216.0,217.0,213.0,215.0,170.82533264160156,849400,
2018-03-13,213.0,216.0,213.0,214.0,170.03076171875,751800,
2018-03-14,212.0,212.0,208.0,208.0,165.26356506347656,2241400,
2018-03-15,211.0,215.0,208.0,212.0,168.44168090820312,2215400,
2018-03-16,211.0,214.0,208.0,209.0,166.0580596923828,1554900,
2018-03-19,209.0,211.0,207.0,207.0,164.4690399169922,1111200,
2018-03-20,207.0,209.0,204.0,209.0,166.0580596923828,1553100,
2018-03-21,209.0,210.0,207.0,207.0,164.4690399169922,951400,
2018-03-22,208.0,209.0,206.0,207.0,164.4690399169922,490900,
2018-03-23,207.0,209.0,205.0,209.0,166.0580596923828,1022600,
2018-03-26,209.0,211.0,208.0,211.0,167.64718627929688,1421600,
2018-03-27,213.0,213.0,209.0,211.0,167.64718627929688,1983900,
2018-03-28,210.0,210.0,206.0,207.0,164.4690399169922,1655800,
2018-03-29,206.0,210.0,206.0,207.0,164.4690399169922,1422300,
2018-03-30,209.0,213.0,207.0,213.0,169.2362060546875,2723400,
2018-04-02,212.0,219.0,212.0,218.0,173.2089385986328,1369000,
2018-04-03,217.0,218.0,214.0,215.0,170.82533264160156,1535500,
2018-04-04,215.0,218.0,209.0,210.0,166.85263061523438,1491800,
2018-04-05,210.0,214.0,209.0,213.0,169.2362060546875,1054800,
2018-04-09,213.0,222.0,212.0,221.0,175.59254455566406,2227900,
2018-04-10,222.0,223.0,220.0,221.0,175.59254455566406,1017500,
2018-04-11,220.0,225.0,218.0,219.0,174.0034637451172,2225700,
2018-04-12,219.0,222.0,216.0,218.0,173.2089385986328,1433600,
2018-04-17,218.0,219.0,216.0,216.0,171.61985778808594,875700,
2018-04-18,219.0,220.0,217.0,220.0,174.79800415039062,747600,
2018-04-19,222.0,222.0,212.0,214.0,170.03076171875,2941700,
2018-04-20,215.0,217.0,213.0,217.0,172.41436767578125,961900,
2018-04-23,217.0,218.0,215.0,217.0,172.41436767578125,1014400,
2018-04-24,215.0,220.0,215.0,216.0,171.61985778808594,1488100,
2018-04-25,214.0,220.0,214.0,220.0,174.79800415039062,1706500,
2018-04-26,218.0,218.0,206.0,206.0,163.67446899414062,3421900,
2018-04-27,202.0,202.0,195.0,195.0,154.9346160888672,6608500,
2018-04-30,195.0,195.5,190.0,190.0,150.9619140625,4920100,
2018-05-02,189.5,193.5,189.0,191.5,152.1536865234375,3639600,
2018-05-03,190.5,194.0,190.5,193.0,153.34552001953125,2245100,
2018-05-04,192.0,194.0,192.0,192.0,152.55096435546875,1734500,
2018-05-07,192.5,192.5,190.0,190.0,150.9619140625,1523400,
2018-05-08,190.0,190.5,185.0,186.0,147.78378295898438,3824000,
2018-05-09,186.0,187.5,185.0,186.0,147.78378295898438,1799400,
2018-05-10,186.5,188.5,185.5,185.5,147.38648986816406,1592500,
2018-05-11,186.5,192.5,186.5,192.0,152.55096435546875,1833800,
2018-05-14,191.0,192.5,189.0,190.0,150.9619140625,1161000,
2018-05-15,189.5,191.0,188.0,190.0,150.9619140625,1168100,
2018-05-16,190.0,194.5,188.5,194.0,154.14007568359375,2461400,
2018-05-17,193.5,193.5,189.5,191.0,151.75643920898438,1495900,
2018-05-18,191.0,193.0,190.0,192.0,152.55096435546875,980100,
2018-05-21,193.0,194.0,191.0,191.5,152.1536865234375,912500,
2018-05-22,191.0,191.5,188.5,189.5,150.5646209716797,1267500,
2018-05-23,188.0,191.0,188.0,189.0,150.16734313964844,1239900,
2018-05-24,189.5,192.0,188.5,192.0,152.55096435546875,1758800,
2018-05-25,192.0,194.0,191.5,194.0,154.14007568359375,1563700,
2018-05-28,195.0,195.0,192.0,193.5,153.7427978515625,978900,
2018-05-30,192.0,193.5,191.5,191.5,152.1536865234375,1223600,
2018-05-31,192.0,193.5,191.0,192.5,152.9482421875,1739900,
2018-06-01,193.0,195.0,192.0,194.0,154.14007568359375,961800,
2018-06-04,195.0,197.0,193.5,194.5,154.53733825683594,1622100,
2018-06-05,195.0,195.5,193.0,193.5,153.7427978515625,1002000,
2018-06-06,194.5,196.5,191.5,192.0,152.55096435546875,1040700,
2018-06-07,192.0,192.5,190.5,190.5,151.35919189453125,1219200,
2018-06-08,190.0,191.5,189.5,191.0,151.75643920898438,683800,
2018-06-11,191.0,192.5,190.5,192.5,152.9482421875,535800,
2018-06-12,191.0,192.5,190.5,191.5,152.1536865234375,1091200,
2018-06-13,191.0,193.5,190.0,192.5,152.9482421875,827600,
2018-06-14,192.0,193.0,191.0,193.0,153.34552001953125,1077000,
2018-06-15,191.5,192.5,189.5,191.0,151.75643920898438,1756000,
2018-06-18,190.0,191.0,186.5,186.5,148.1810302734375,1008500,
2018-06-19,184.0,185.0,177.5,181.0,143.81106567382812,2608200,
2018-06-20,180.5,184.0,179.5,183.5,145.79742431640625,1462400,
2018-06-21,182.5,182.5,178.5,181.0,143.81106567382812,1610400,
2018-06-22,181.0,182.0,175.0,176.0,139.83839416503906,2041300,
2018-06-25,176.0,179.0,175.0,175.0,139.04385375976562,2147200,
2018-06-26,174.0,176.5,171.0,171.0,135.86575317382812,3997700,
2018-06-27,171.0,171.0,166.0,168.0,133.48211669921875,4078600,
2018-06-28,168.5,173.0,168.0,171.0,135.86575317382812,3334800,
2018-06-29,171.5,171.5,166.0,166.5,132.29031372070312,3685300,
2018-07-02,167.5,168.5,166.0,168.0,133.48211669921875,1511100,
2018-07-03,167.5,172.0,167.0,171.0,135.86575317382812,3511900,
2018-07-04,170.0,173.0,169.5,172.0,136.6602325439453,2121200,
2018-07-05,173.0,173.0,168.0,169.0,134.27664184570312,1418700,
2018-07-06,169.0,172.0,169.0,170.0,135.07115173339844,1657800,
2018-07-09,171.5,174.0,171.5,173.0,137.4547882080078,996100,
2018-07-10,174.0,175.5,172.5,174.0,138.2493438720703,1881800,
2018-07-11,173.0,174.0,171.5,171.5,136.2629852294922,1507600,
2018-07-12,171.0,172.0,170.0,171.5,136.2629852294922,1240400,
2018-07-13,172.0,173.5,171.5,173.0,137.4547882080078,2380900,
2018-07-16,172.5,173.0,170.5,171.0,135.86575317382812,621800,
2018-07-17,171.0,173.0,171.0,172.5,137.05752563476562,1519900,
2018-07-18,173.0,173.5,171.5,173.0,137.4547882080078,1291800,
2018-07-19,173.0,175.0,172.5,174.5,138.6466064453125,767800,
2018-07-20,175.0,179.0,174.0,178.5,141.82473754882812,1914700,
2018-07-23,178.5,178.5,175.0,176.5,140.23565673828125,1439700,
2018-07-24,177.5,179.0,176.5,177.0,140.63290405273438,692800,
2018-07-25,177.0,183.5,177.0,183.0,145.40016174316406,2255800,
2018-07-26,184.5,185.0,179.0,181.5,144.20834350585938,2343200,
2018-07-31,181.5,181.5,179.0,181.5,144.20834350585938,1836400,
2018-08-01,182.5,184.0,181.5,183.5,145.79742431640625,1483200,
2018-08-02,182.5,183.5,180.0,182.0,144.60562133789062,1194000,
2018-08-03,182.5,186.0,181.5,184.0,146.19468688964844,1342700,
2018-08-06,185.0,186.0,181.5,182.5,145.0028839111328,888500,
2018-08-07,183.0,185.0,181.0,184.0,146.19468688964844,1208400,
2018-08-08,184.0,186.0,183.5,186.0,147.78378295898438,1349400,
2018-08-09,181.0,181.5,178.5,179.0,142.22203063964844,6912500,
2018-08-10,179.5,179.5,177.0,178.0,141.42745971679688,2407700,
2018-08-14,175.5,180.5,175.0,180.0,143.0165557861328,2677200,
2018-08-15,179.5,179.5,177.5,178.5,141.82473754882812,1575300,
2018-08-16,178.0,178.0,175.5,176.0,139.83839416503906,3572900,
2018-08-17,174.0,175.5,173.0,174.5,138.6466064453125,5723900,
2018-08-20,175.0,179.0,175.0,177.0,140.63290405273438,2226200,
2018-08-21,178.0,178.5,176.0,177.0,140.63290405273438,1795100,
2018-08-22,176.0,179.5,176.0,178.0,142.3118896484375,1331500,1.1
2018-08-23,179.5,180.0,178.5,179.0,143.1114044189453,817400,
2018-08-24,178.0,179.0,177.5,179.0,143.1114044189453,830200,
2018-08-27,176.5,179.5,176.5,179.0,143.1114044189453,1060400,
2018-08-28,179.5,180.0,178.5,179.0,143.1114044189453,1068500,
2018-08-29,179.5,180.0,178.5,179.5,143.51113891601562,552300,
2018-08-30,179.5,180.0,178.5,178.5,142.7116241455078,436000,
2018-08-31,178.5,182.0,178.0,181.5,145.1101837158203,2178500,
2018-09-03,182.0,182.5,180.0,180.0,143.910888671875,1489900,
2018-09-04,179.5,180.0,178.5,179.5,143.51113891601562,1001200,
2018-09-05,178.5,181.0,178.5,178.5,142.7116241455078,1188900,
2018-09-06,179.0,180.0,178.5,179.5,143.51113891601562,1048600,
2018-09-07,178.0,180.0,178.0,179.5,143.51113891601562,774900,
2018-09-10,179.0,180.0,178.0,179.5,143.51113891601562,603200,
2018-09-11,179.5,180.0,178.0,178.5,142.7116241455078,1017900,
2018-09-12,178.0,178.5,176.5,178.5,142.7116241455078,1993400,
2018-09-13,178.0,182.5,178.0,181.0,144.71041870117188,2035400,
2018-09-14,181.5,181.5,179.0,180.0,143.910888671875,1269400,
2018-09-17,179.5,180.0,178.5,179.0,143.1114044189453,713900,
2018-09-18,179.0,181.5,179.0,181.0,144.71041870117188,1453300,
2018-09-19,181.0,181.5,179.5,180.0,143.910888671875,1169800,
2018-09-20,179.5,181.0,179.0,180.0,143.910888671875,840200,
2018-09-21,179.5,182.5,179.5,182.0,145.50991821289062,2841400,
2018-09-24,181.5,184.5,181.5,183.5,146.70916748046875,2572200,
2018-09-25,185.0,185.5,183.5,184.5,147.5086669921875,1435600,
2018-09-26,184.5,185.0,183.5,184.0,147.10894775390625,857100,
2018-09-27,185.0,185.0,183.0,184.5,147.5086669921875,1564700,
2018-09-28,184.5,187.0,184.5,186.0,148.7079315185547,2045500,
2018-10-01,187.0,191.5,187.0,190.5,152.3056640625,1957900,
2018-10-02,190.0,190.0,185.5,186.5,149.1077117919922,3151900,
2018-10-03,187.0,188.5,186.5,187.0,149.50741577148438,1015300,
2018-10-04,186.5,189.5,186.0,189.0,151.1064453125,1938100,
2018-10-05,188.5,188.5,186.5,186.5,149.1077117919922,1033300,
2018-10-08,187.0,190.0,187.0,188.0,150.3069610595703,1741300,
2018-10-09,187.5,188.0,185.5,187.5,149.9071807861328,1156800,
2018-10-10,188.5,189.0,187.0,189.0,151.1064453125,725700,
2018-10-11,184.5,186.5,184.0,186.0,148.7079315185547,1884500,
2018-10-12,187.5,189.0,186.0,188.5,150.70668029785156,887200,
2018-10-16,188.0,191.5,187.5,190.0,151.90594482421875,2932200,
2018-10-17,191.0,191.0,188.5,188.5,150.70668029785156,906400,
2018-10-18,188.0,190.0,187.0,188.0,150.3069610595703,1252100,
2018-10-19,188.5,190.0,186.0,189.5,151.5062255859375,1228100,
2018-10-22,190.0,192.5,189.0,190.0,151.90594482421875,1431200,
2018-10-24,188.5,190.5,188.0,188.5,150.70668029785156,1832100,
2018-10-25,187.0,189.0,185.5,189.0,151.1064453125,1685200,
2018-10-26,188.0,190.5,187.0,187.0,149.50741577148438,1295000,
2018-10-29,188.0,190.5,188.0,190.5,152.3056640625,1031800,
2018-10-30,190.5,190.5,188.0,189.5,151.5062255859375,1109800,
2018-10-31,190.5,193.5,189.5,193.0,154.3044891357422,2667900,
2018-11-01,194.0,196.0,193.0,194.0,155.10398864746094,2409900,
2018-11-02,196.0,199.0,193.5,193.5,154.70423889160156,2192500,
2018-11-05,193.0,196.5,192.0,193.0,154.3044891357422,1593700,
2018-11-06,195.0,195.0,191.0,191.0,152.70547485351562,1611100,
2018-11-07,191.5,192.5,187.5,190.0,151.90594482421875,1444500,
2018-11-08,192.0,192.5,189.0,189.5,151.5062255859375,658300,
2018-11-09,187.5,189.0,186.5,187.5,149.9071807861328,834800,
2018-11-12,187.5,190.0,186.0,187.0,149.50741577148438,518400,
2018-11-13,185.5,186.5,183.5,185.0,147.908447265625,1393000,
2018-11-14,183.5,187.5,183.0,187.0,149.50741577148438,1281800,
2018-11-15,188.0,188.0,185.5,186.5,149.1077117919922,936600,
2018-11-16,187.0,188.5,186.5,187.5,149.9071807861328,610100,
2018-11-19,188.0,189.0,188.0,188.5,150.70668029785156,567300,
2018-11-20,189.0,189.0,185.0,185.5,148.30819702148438,871900,
2018-11-21,185.5,190.0,185.5,189.5,151.5062255859375,925900,
2018-11-22,190.0,190.0,186.5,187.0,149.50741577148438,605900,
2018-11-23,188.0,190.0,187.0,189.5,151.5062255859375,653500,
2018-11-26,189.5,191.0,188.0,189.0,151.1064453125,722500,
2018-11-27,189.5,194.0,189.5,192.0,153.5049591064453,952900,
2018-11-28,193.5,194.0,191.0,191.0,152.70547485351562,731400,
2018-11-29,192.5,193.0,191.5,193.0,154.3044891357422,1060100,
2018-11-30,193.0,193.0,189.5,190.0,151.90594482421875,1368900,
2018-12-03,192.5,197.5,192.5,197.5,157.90223693847656,1460100,
2018-12-04,198.0,198.0,194.0,195.5,156.30322265625,1317800,
2018-12-06,194.0,195.5,193.5,195.0,155.9034881591797,1028000,
2018-12-07,196.5,198.0,195.5,196.5,157.10275268554688,755200,
2018-12-11,195.5,196.5,194.5,196.0,156.70298767089844,517500,
2018-12-12,197.0,197.0,194.5,195.0,155.9034881591797,716100,
2018-12-13,194.5,195.5,194.0,194.5,155.5037078857422,886100,
2018-12-14,195.5,196.5,194.0,195.0,155.9034881591797,1184800,
2018-12-17,196.5,198.5,195.0,197.0,157.50250244140625,1357100,
2018-12-18,195.0,197.0,192.0,192.0,153.5049591064453,1238200,
2018-12-19,192.5,197.0,191.5,197.0,157.50250244140625,771800,
2018-12-20,196.0,197.5,194.5,197.0,157.50250244140625,798600,
2018-12-21,197.0,197.0,194.5,196.5,157.10275268554688,965700,
2018-12-24,195.0,196.5,195.0,195.5,156.30322265625,438700,
2018-12-25,195.0,195.0,189.5,191.0,152.70547485351562,412400,
2018-12-26,190.5,191.5,188.0,191.5,153.10520935058594,822500,
2018-12-27,194.0,194.0,183.5,184.5,147.5086669921875,1792500,
2018-12-28,184.0,189.0,183.0,187.5,149.9071807861328,1006100,
2019-01-02,187.0,190.5,187.0,187.0,149.50741577148438,978300,
2019-01-03,188.5,192.5,187.5,190.0,151.90594482421875,1087500,
2019-01-04,190.5,190.5,186.0,187.0,149.50741577148438,1467500,
2019-01-07,188.0,190.5,188.0,190.5,152.3056640625,937100,
2019-01-08,191.5,193.5,190.5,192.5,153.9047088623047,1390100,
2019-01-09,193.0,194.0,174.0,176.0,140.712890625,6002600,
2019-01-10,172.0,173.0,168.5,172.0,137.5148468017578,11793700,
2019-01-11,173.0,178.0,172.0,178.0,142.3118896484375,4691400,
2019-01-14,180.0,182.0,178.5,182.0,145.50991821289062,2285500,
2019-01-15,182.0,182.5,178.5,180.0,143.910888671875,1345600,
2019-01-16,180.0,181.5,179.0,181.0,144.71041870117188,931900,
2019-01-17,181.5,181.5,179.0,181.0,144.71041870117188,900600,
2019-01-18,181.5,182.0,180.0,181.0,144.71041870117188,1032900,
2019-01-21,178.5,179.0,176.0,177.0,141.51239013671875,1348200,
2019-01-22,178.0,184.5,177.0,184.0,147.10894775390625,2740300,
2019-01-23,184.0,185.0,183.0,183.5,146.70916748046875,1420800,
2019-01-24,185.0,185.0,183.0,185.0,147.908447265625,1468900,
2019-01-25,186.0,186.0,183.5,184.0,147.10894775390625,696800,
2019-01-28,183.5,188.0,183.5,188.0,150.3069610595703,1356100,
2019-01-29,187.0,187.0,184.5,186.0,148.7079315185547,858200,
2019-01-30,185.5,187.0,184.0,185.5,148.30819702148438,889100,
2019-01-31,186.5,189.5,185.5,186.0,148.7079315185547,1570500,
2019-02-01,185.5,188.0,185.5,187.0,149.50741577148438,1002400,
2019-02-04,187.0,187.5,186.5,187.5,149.9071807861328,457300,
2019-02-05,186.5,187.5,186.0,186.0,148.7079315185547,263700,
2019-02-06,186.0,187.0,184.5,186.5,149.1077117919922,565600,
2019-02-07,186.5,186.5,181.5,181.5,145.1101837158203,1757600,
2019-02-08,181.5,185.0,181.0,184.0,147.10894775390625,724300,
2019-02-11,183.0,184.5,182.0,183.0,146.3094024658203,568200,
2019-02-12,183.0,185.0,181.0,182.0,145.50991821289062,1313800,
2019-02-13,182.5,183.0,180.0,180.5,144.3106689453125,1949200,
2019-02-14,181.0,182.5,180.5,182.5,145.90966796875,816800,
2019-02-15,182.0,184.0,181.5,183.5,146.70916748046875,1026000,
2019-02-18,184.0,184.0,181.5,181.5,145.1101837158203,350300,
2019-02-20,182.5,185.5,182.0,185.5,148.30819702148438,1252300,
2019-02-21,184.0,184.5,181.5,182.5,145.90966796875,1247700,
2019-02-22,183.0,184.5,181.5,184.0,147.10894775390625,760000,
2019-02-25,185.0,186.0,184.0,185.5,148.30819702148438,578300,
2019-02-26,185.0,190.5,185.0,189.0,151.1064453125,2691500,
2019-02-27,189.0,190.0,187.0,188.0,150.3069610595703,1013500,
2019-02-28,188.5,189.5,186.5,186.5,149.1077117919922,1216100,
2019-03-01,186.0,188.5,185.5,186.5,149.1077117919922,656200,
2019-03-04,186.0,187.0,182.5,183.0,146.3094024658203,1417000,
2019-03-05,183.0,183.5,181.0,183.0,146.3094024658203,1144100,
2019-03-06,181.5,182.0,178.5,180.0,145.34048461914062,1252300,1.8
2019-03-07,179.5,182.0,179.5,181.5,146.55165100097656,695600,
2019-03-08,180.5,181.5,179.0,179.5,144.93675231933594,550500,
2019-03-11,181.0,181.0,178.5,178.5,144.12930297851562,555100,
2019-03-12,178.5,181.5,178.5,180.5,145.74420166015625,1258300,
2019-03-13,180.5,181.0,179.0,180.0,145.34048461914062,782300,
2019-03-14,180.0,180.0,178.5,179.0,144.5330352783203,1056000,
2019-03-15,179.0,180.0,178.0,178.5,144.12930297851562,1197200,
2019-03-18,178.5,179.5,176.5,177.5,143.32186889648438,781600,
2019-03-19,178.0,179.0,177.0,177.5,143.32186889648438,962100,
2019-03-20,177.5,178.0,177.0,177.0,142.91812133789062,675200,
2019-03-21,178.0,179.0,177.0,177.5,143.32186889648438,1037000,
2019-03-22,177.5,178.5,176.0,178.5,144.12930297851562,1347700,
2019-03-25,177.0,178.0,174.5,175.5,141.70700073242188,1129100,
2019-03-26,175.5,177.5,175.5,177.5,143.32186889648438,930600,
2019-03-27,177.0,178.0,176.0,177.5,143.32186889648438,629000,
2019-03-28,176.5,178.0,176.0,178.0,143.7255859375,951700,
2019-03-29,178.5,180.0,178.0,179.5,144.93675231933594,1515500,
2019-04-01,180.5,181.0,179.0,180.5,145.74420166015625,1794300,
2019-04-02,180.5,181.0,178.5,179.5,144.93675231933594,1209900,
2019-04-03,180.5,180.5,178.5,180.0,145.34048461914062,794300,
2019-04-04,180.0,180.0,178.0,178.5,144.12930297851562,424500,
2019-04-05,179.0,179.5,177.5,178.0,143.7255859375,479000,
2019-04-09,178.0,180.0,177.5,179.5,144.93675231933594,1040100,
2019-04-10,180.5,181.0,178.0,179.5,144.93675231933594,1161500,
2019-04-11,179.5,180.0,177.5,178.5,144.12930297851562,1106900,
2019-04-12,178.0,180.0,177.0,179.0,144.5330352783203,1362700,
2019-04-17,179.0,179.5,177.5,178.5,144.12930297851562,1387900,
2019-04-18,177.5,179.0,177.0,179.0,144.5330352783203,1276200,
2019-04-19,178.0,179.0,177.5,178.0,143.7255859375,1109700,
2019-04-22,178.0,179.0,177.0,178.5,144.12930297851562,711900,
2019-04-23,177.5,178.5,177.0,178.0,143.7255859375,716700,
2019-04-24,177.5,178.0,177.0,177.5,143.32186889648438,1118300,
2019-04-25,177.0,178.0,175.0,176.5,142.514404296875,1100200,
2019-04-26,176.0,177.0,175.5,177.0,142.91812133789062,644300,
2019-04-29,176.0,178.0,176.0,177.5,143.32186889648438,1096200,
2019-04-30,177.0,178.0,176.5,177.0,142.91812133789062,1037200,
2019-05-02,176.0,176.5,171.0,172.0,138.8809051513672,5231300,
2019-05-03,171.5,172.5,171.0,172.0,138.8809051513672,1699600,
2019-05-07,170.5,171.0,169.0,169.5,136.86228942871094,1899200,
2019-05-08,169.0,171.0,169.0,169.5,136.86228942871094,1175900,
2019-05-09,169.5,170.5,169.0,169.0,136.4585723876953,776100,
2019-05-10,170.0,170.5,167.0,168.0,135.65110778808594,1534000,
2019-05-13,168.0,169.0,164.5,166.5,134.43997192382812,1669300,
2019-05-14,164.5,166.5,164.0,164.5,132.82504272460938,1596200,
2019-05-15,164.5,166.5,163.0,163.0,131.61387634277344,1132900,
2019-05-16,163.0,165.5,162.5,165.0,133.228759765625,1214800,
2019-05-17,165.5,165.5,163.0,163.5,132.01759338378906,982600,
2019-05-21,164.0,167.0,163.5,167.0,134.84365844726562,1340400,
2019-05-22,167.5,168.5,166.0,166.0,134.0362091064453,1252600,
2019-05-23,166.0,167.5,163.5,163.5,132.01759338378906,716800,
2019-05-24,163.0,165.5,163.0,165.0,133.228759765625,753800,
2019-05-27,165.0,167.0,165.0,166.5,134.43997192382812,858300,
2019-05-28,167.0,167.5,165.0,167.5,135.24740600585938,7115900,
2019-05-29,167.5,168.0,166.5,167.0,134.84365844726562,618300,
2019-05-30,167.0,169.0,167.0,168.5,136.05484008789062,911900,
2019-05-31,169.0,169.5,166.0,167.5,135.24740600585938,1283900,
2019-06-04,169.0,172.5,168.5,172.0,138.8809051513672,1932800,
2019-06-05,173.0,173.5,170.0,171.0,138.07345581054688,1256800,
2019-06-06,171.5,173.5,171.0,173.0,139.6883544921875,1363500,
2019-06-07,173.0,173.0,171.5,172.0,138.8809051513672,392300,
2019-06-10,173.0,173.0,170.0,171.0,138.07345581054688,707600,
2019-06-11,171.0,172.5,170.5,171.5,138.4771728515625,1231600,
2019-06-12,171.5,173.0,171.5,173.0,139.6883544921875,798700,
2019-06-13,172.0,173.5,171.5,173.5,140.0920867919922,741800,
2019-06-14,173.0,173.5,171.0,173.0,139.6883544921875,632100,
2019-06-17,173.0,173.5,171.0,171.0,138.07345581054688,671700,
2019-06-18,170.5,171.5,168.5,170.5,137.66973876953125,1231400,
2019-06-19,172.0,172.0,169.0,170.0,137.26600646972656,1328100,
2019-06-20,169.5,171.0,169.0,170.5,137.66973876953125,1432000,
2019-06-21,171.0,172.0,170.0,170.0,137.26600646972656,1631700,
2019-06-24,171.0,172.0,170.5,170.5,137.66973876953125,590500,
2019-06-25,170.5,172.0,170.0,171.0,138.07345581054688,761400,
2019-06-26,170.5,171.0,168.5,170.0,137.26600646972656,1332600,
2019-06-27,170.0,171.0,169.0,170.0,137.26600646972656,949200,
2019-06-28,170.0,170.0,168.5,169.0,136.4585723876953,876100,
2019-07-01,167.0,169.0,167.0,167.0,134.84365844726562,1198400,
2019-07-02,167.5,170.0,167.0,169.5,136.86228942871094,1085200,
2019-07-03,170.0,171.5,169.5,169.5,136.86228942871094,1074000,
2019-07-04,170.0,173.0,169.5,170.5,137.66973876953125,2863900,
2019-07-05,170.5,171.5,169.5,171.5,138.4771728515625,1270800,
2019-07-08,172.0,173.5,170.0,172.5,139.28460693359375,1269000,
2019-07-09,174.0,175.0,172.5,174.5,140.89950561523438,2174900,
2019-07-10,175.0,175.0,173.0,175.0,141.30325317382812,1162400,
2019-07-11,175.5,176.0,173.0,173.0,139.6883544921875,1120000,
2019-07-12,174.0,175.0,170.5,172.0,138.8809051513672,1674100,
2019-07-15,172.5,174.5,171.0,171.0,138.07345581054688,702100,
2019-07-17,171.5,173.5,171.0,173.0,139.6883544921875,1142300,
2019-07-18,173.0,174.0,172.5,172.5,139.28460693359375,732200,
2019-07-19,174.0,174.0,171.5,172.5,139.28460693359375,655400,
2019-07-22,171.5,172.5,170.5,172.0,138.8809051513672,633500,
2019-07-23,172.5,173.0,170.0,171.5,138.4771728515625,645100,
2019-07-24,171.5,172.0,171.0,171.5,138.4771728515625,452700,
2019-07-25,172.5,172.5,170.5,171.5,138.4771728515625,606000,
2019-07-26,171.0,171.5,169.5,169.5,136.86228942871094,678600,
2019-07-30,170.5,171.0,169.0,170.5,137.66973876953125,634500,
2019-07-31,170.0,171.5,169.0,170.5,137.66973876953125,713700,
2019-08-01,169.0,170.0,167.5,168.5,136.05484008789062,687700,
2019-08-02,168.0,169.5,167.0,167.5,135.24740600585938,841800,
2019-08-05,167.5,169.5,167.0,167.0,134.84365844726562,780300,
2019-08-06,166.0,168.0,165.0,166.5,134.43997192382812,887900,
2019-08-07,165.5,167.5,165.0,165.5,133.6324920654297,858100,
2019-08-08,165.5,165.5,156.0,156.5,126.36546325683594,3520400,
2019-08-09,156.0,156.5,148.5,148.5,119.90589904785156,3666600,
2019-08-13,149.0,149.0,142.5,142.5,115.06122589111328,2425900,
2019-08-14,145.0,146.5,140.5,141.5,114.25377655029297,3086900,
2019-08-15,140.5,144.5,139.0,142.5,115.06122589111328,2703500,
2019-08-16,142.5,142.5,138.5,140.5,113.44633483886719,3387400,
2019-08-19,140.0,143.0,140.0,141.5,114.25377655029297,1766400,
2019-08-20,141.5,142.5,140.0,141.0,113.85002899169922,2003300,
2019-08-21,141.5,144.0,141.0,143.0,115.46492767333984,1716600,
2019-08-22,140.0,142.5,139.5,140.5,114.36605834960938,2017900,1.15
2019-08-23,141.0,142.0,140.5,141.0,114.77302551269531,1227600,
2019-08-26,138.0,139.0,136.5,137.5,111.92407989501953,1657600,
2019-08-27,136.5,138.5,135.5,135.5,110.29609680175781,2423200,
2019-08-28,136.0,137.5,135.5,137.5,111.92407989501953,888900,
2019-08-29,137.5,140.0,137.0,140.0,113.95906829833984,763000,
2019-08-30,140.5,141.5,138.0,138.5,112.73805236816406,1970700,
2019-09-02,138.0,139.5,136.0,137.0,111.51707458496094,1497000,
2019-09-03,137.0,138.0,134.0,134.5,109.48209381103516,1760300,
2019-09-04,135.5,135.5,132.0,134.0,109.07508850097656,2128300,
2019-09-05,135.0,139.5,134.0,136.5,111.11007690429688,2226800,
2019-09-06,136.5,137.5,135.0,136.5,111.11007690429688,1082800,
2019-09-09,136.5,142.0,136.5,140.0,113.95906829833984,2592900,
2019-09-10,140.0,140.0,137.5,139.0,113.14507293701172,2230100,
2019-09-11,139.0,142.0,139.0,142.0,115.58705139160156,1829400,
2019-09-12,143.0,143.0,138.5,139.0,113.14507293701172,1407700,
2019-09-13,139.0,141.0,138.0,138.5,112.73805236816406,947300,
2019-09-16,138.0,139.0,136.0,136.5,111.11007690429688,1247600,
2019-09-17,137.0,137.5,133.5,134.0,109.07508850097656,1906300,
2019-09-18,134.0,135.0,131.5,132.5,107.85409545898438,1457900,
2019-09-19,133.0,134.5,132.0,132.5,107.85409545898438,1668900,
2019-09-20,133.0,133.5,126.5,127.0,103.37714385986328,4448400,
2019-09-23,126.5,128.5,125.0,125.5,102.1561508178711,1328900,
2019-09-24,125.5,128.0,125.5,126.0,102.56314849853516,1680400,
2019-09-25,126.5,127.0,125.5,126.0,102.56314849853516,911700,
2019-09-26,127.0,128.0,126.5,128.0,104.19111633300781,604800,
2019-09-27,127.5,130.5,127.0,128.0,104.19111633300781,2581400,
2019-09-30,128.0,130.0,128.0,128.0,104.19111633300781,1929500,
2019-10-01,129.0,129.5,126.5,127.0,103.37714385986328,1253700,
2019-10-02,126.0,128.0,126.0,127.0,103.37714385986328,783400,
2019-10-03,126.0,127.0,125.0,126.5,102.97014617919922,861700,
2019-10-04,126.5,126.5,122.0,122.5,99.71416473388672,1459800,
2019-10-07,123.0,123.5,121.0,122.5,99.71416473388672,1021300,
2019-10-08,124.0,127.0,124.0,124.5,101.34215545654297,1050600,
2019-10-09,124.0,124.5,122.0,124.5,101.34215545654297,656300,
2019-10-10,125.0,126.0,123.0,123.5,100.52815246582031,1266600,
2019-10-11,123.5,125.0,122.5,124.0,100.93517303466797,894000,
2019-10-15,125.0,125.5,121.5,122.0,99.30716705322266,1529100,
2019-10-16,122.0,124.0,122.0,123.5,100.52815246582031,644200,
2019-10-17,124.0,125.0,124.0,125.0,101.74915313720703,879400,
2019-10-18,124.5,126.0,122.5,123.0,100.12117767333984,713100,
2019-10-21,123.0,123.0,116.0,116.5,94.8302230834961,1865300,
2019-10-22,116.5,120.0,116.0,120.0,97.67919158935547,1382600,
2019-10-24,119.0,121.5,119.0,120.5,98.08617401123047,984600,
2019-10-25,119.0,120.0,111.5,112.0,91.1672592163086,2918700,
2019-10-28,112.5,123.0,112.5,122.0,99.30716705322266,2958800,
2019-10-29,121.5,125.0,118.0,119.0,96.86518859863281,2208400,
2019-10-30,121.0,121.0,116.5,119.5,97.2721939086914,1496600,
2019-10-31,119.0,123.0,118.5,120.5,98.08617401123047,1274500,
2019-11-01,119.5,121.0,118.5,119.5,97.2721939086914,876300,
2019-11-04,120.0,126.0,120.0,126.0,102.56314849853516,2641900,
2019-11-05,125.0,127.0,124.0,125.5,102.1561508178711,1802200,
2019-11-06,125.5,129.5,125.5,128.5,104.59813690185547,2006900,
2019-11-07,130.0,131.0,128.0,129.5,105.41211700439453,2739200,
2019-11-08,129.0,132.0,129.0,131.5,107.04011535644531,1464300,
2019-11-11,131.5,132.5,129.5,130.5,106.22611999511719,1383700,
2019-11-12,130.5,131.0,126.5,128.5,104.59813690185547,2333200,
2019-11-13,127.0,130.5,126.5,129.0,105.00511932373047,2740400,
2019-11-14,129.0,130.5,127.5,128.0,104.19111633300781,1626100,
2019-11-15,128.5,129.5,127.5,128.5,104.59813690185547,1462800,
2019-11-18,128.5,130.0,127.5,129.5,105.41211700439453,954800,
2019-11-19,129.0,132.5,129.0,132.0,107.44709777832031,2446500,
2019-11-20,131.0,132.0,129.5,130.5,106.22611999511719,1813500,
2019-11-21,130.0,131.5,129.0,131.5,107.04011535644531,1346800,
2019-11-22,131.5,131.5,129.0,129.5,105.41211700439453,1732100,
2019-11-25,129.5,131.0,128.5,130.5,106.22611999511719,1150300,
2019-11-26,131.0,132.0,130.0,130.0,105.8191146850586,4270700,
2019-11-27,131.0,135.0,130.0,134.5,109.48209381103516,3217800,
2019-11-28,134.5,136.5,133.5,135.5,110.29609680175781,2288000,
2019-11-29,135.0,136.5,134.5,135.5,110.29609680175781,1439500,
2019-12-02,136.0,138.5,134.5,135.0,109.88907623291016,2578900,
2019-12-03,134.5,137.5,134.5,136.5,111.11007690429688,1564000,
2019-12-04,136.0,136.5,131.0,133.0,108.2611083984375,1533200,
2019-12-06,133.0,134.0,129.0,131.0,106.63311767578125,2679300,
2019-12-09,132.0,138.5,132.0,137.5,111.92407989501953,2835500,
2019-12-11,139.0,139.5,137.5,139.0,113.14507293701172,2507200,
2019-12-12,141.0,142.5,139.5,142.5,115.9940414428711,2280100,
2019-12-13,142.5,142.5,138.5,142.5,115.9940414428711,2475700,
2019-12-16,142.5,143.0,137.0,138.0,112.33106994628906,1763500,
2019-12-17,138.5,142.0,138.5,139.0,113.14507293701172,1835800,
2019-12-18,140.0,141.0,139.0,140.5,114.36605834960938,944500,
2019-12-19,140.0,142.5,138.5,141.0,114.77302551269531,1608400,
2019-12-20,141.0,144.5,141.0,142.5,115.9940414428711,2526000,
2019-12-23,142.5,145.5,142.5,145.5,118.43603515625,1605900,
2019-12-24,145.5,148.5,144.0,148.5,120.87799072265625,1631500,
2019-12-25,148.5,148.5,146.0,147.0,119.6570053100586,634000,
2019-12-26,146.0,146.5,144.0,146.0,118.84302520751953,843300,
2019-12-27,145.0,147.5,144.5,145.0,118.02902221679688,1679200,
2019-12-30,146.5,148.0,144.5,147.0,119.6570053100586,811300,
2020-01-02,147.5,147.5,145.5,146.5,119.2500228881836,829600,
2020-01-03,146.0,146.5,140.0,141.5,115.18006134033203,1941000,
2020-01-06,138.0,141.0,137.5,138.5,112.73805236816406,1892000,
2020-01-07,139.5,143.0,139.5,141.5,115.18006134033203,1711400,
2020-01-08,139.5,142.0,139.5,140.5,114.36605834960938,1370600,
2020-01-09,141.5,142.5,139.5,140.5,114.36605834960938,1210400,
2020-01-10,139.0,141.5,139.0,140.5,114.36605834960938,875600,
2020-01-13,141.5,141.5,139.0,140.0,113.95906829833984,990100,
2020-01-14,139.5,143.0,139.5,142.5,115.9940414428711,1317900,
2020-01-15,142.5,145.5,142.5,145.5,118.43603515625,1434300,
2020-01-16,145.5,146.5,142.0,146.0,118.84302520751953,1129900,
2020-01-17,145.5,147.0,143.5,145.0,118.02902221679688,1205700,
2020-01-20,145.0,146.5,142.0,143.5,116.80802917480469,1025900,
2020-01-21,143.0,144.5,140.5,141.0,114.77302551269531,1477700,
2020-01-22,140.5,144.5,140.5,143.5,116.80802917480469,1250000,
2020-01-23,143.5,147.0,143.0,144.5,117.62201690673828,1905700,
2020-01-24,145.0,145.5,144.0,144.5,117.62201690673828,320800,
2020-01-27,143.0,146.0,141.0,141.5,115.18006134033203,1341600,
2020-01-28,141.5,142.5,135.5,138.5,112.73805236816406,1978800,
2020-01-29,136.5,139.5,135.5,136.0,110.70308685302734,1582600,
2020-01-30,135.0,137.5,134.5,135.0,109.88907623291016,1243400,
2020-01-31,134.0,134.5,130.0,133.5,108.66810607910156,2787400,
2020-02-03,132.0,133.0,129.5,129.5,105.41211700439453,1576600,
2020-02-04,130.0,135.5,130.0,134.0,109.07508850097656,2420400,
2020-02-05,133.0,134.5,132.0,132.5,107.85409545898438,1109300,
2020-02-06,131.5,133.0,131.0,131.5,107.04011535644531,1662800,
2020-02-07,131.0,135.5,131.0,134.5,109.48209381103516,1987000,
2020-02-11,134.5,136.5,134.0,134.0,109.07508850097656,1029800,
2020-02-12,133.5,138.0,133.5,136.5,111.11007690429688,1188100,
2020-02-13,135.5,136.5,131.5,132.0,107.44709777832031,2230100,
2020-02-14,133.0,134.0,132.5,132.5,107.85409545898438,582200,
2020-02-17,132.0,133.5,132.0,132.0,107.44709777832031,378600,
2020-02-18,131.5,132.5,129.5,131.0,106.63311767578125,1444200,
2020-02-19,131.0,132.0,129.0,130.0,105.8191146850586,1143100,
2020-02-20,132.0,132.0,128.5,130.0,105.8191146850586,1538900,
2020-02-21,128.0,128.5,125.0,127.5,103.78413391113281,1746300,
2020-02-24,122.5,125.5,119.0,121.0,98.4931869506836,2181100,
2020-02-25,121.0,122.0,115.0,117.0,95.23722076416016,3570500,
2020-02-26,112.5,114.0,107.5,112.0,91.1672592163086,5739700,
2020-02-27,133.0,133.0,127.0,130.0,105.8191146850586,10323900,
2020-02-28,128.0,129.5,125.0,128.5,104.59813690185547,5188400,
2020-03-02,130.5,133.0,126.0,130.5,106.22611999511719,4967300,
2020-03-03,132.5,132.5,129.0,131.0,106.63311767578125,2104100,
2020-03-04,130.0,132.5,129.5,132.5,107.85409545898438,1794500,
2020-03-05,131.0,133.0,130.5,131.0,106.63311767578125,2682000,
2020-03-06,130.0,133.5,129.5,132.5,107.85409545898438,2950100,
2020-03-09,132.0,132.5,127.5,131.0,106.63311767578125,3834600,
2020-03-10,130.5,132.0,128.5,130.0,105.8191146850586,2257900,
2020-03-11,128.0,131.5,127.0,130.0,105.8191146850586,3944400,
2020-03-12,127.0,128.0,121.0,123.5,100.52815246582031,6311000,
2020-03-13,117.0,125.0,111.5,122.5,99.71416473388672,6010100,
2020-03-16,117.0,120.0,111.5,114.5,93.20221710205078,3509700,
2020-03-17,114.0,120.5,113.5,115.5,94.01622009277344,1990900,
2020-03-18,115.5,124.0,115.5,120.0,97.67919158935547,2555700,
2020-03-19,118.0,131.5,118.0,129.0,105.00511932373047,3163900,
2020-03-20,132.0,133.0,127.5,130.0,105.8191146850586,2383500,
2020-03-23,126.0,131.5,123.0,124.0,100.93517303466797,2496200,
2020-03-24,126.0,127.5,123.0,126.0,102.56314849853516,2594400,
2020-03-25,129.5,130.5,127.0,128.5,104.59813690185547,2028600,
2020-03-26,107.5,120.0,107.5,115.0,95.12681579589844,14579700,2.05
2020-03-27,117.5,117.5,112.0,112.0,92.6452407836914,2879800,
2020-03-30,111.0,111.5,108.0,110.5,91.40444946289062,1579400,
2020-03-31,111.5,114.5,111.0,114.0,94.29963684082031,1596300,
2020-04-01,113.0,114.5,113.0,114.0,94.29963684082031,1286500,
2020-04-02,114.0,115.0,113.0,115.0,95.12681579589844,1512300,
2020-04-03,115.5,116.0,113.0,113.5,93.88601684570312,1083100,
2020-04-07,116.0,119.5,114.5,118.0,97.6083755493164,2220300,
2020-04-08,118.0,118.5,115.5,118.0,97.6083755493164,1250600,
2020-04-09,117.5,120.0,116.0,117.5,97.19478607177734,1549700,
2020-04-10,117.0,119.5,116.0,117.0,96.78118896484375,1318200,
2020-04-13,117.0,117.5,115.5,116.5,96.36759948730469,747500,
2020-04-14,118.0,126.0,117.5,124.5,102.985107421875,3153500,
2020-04-15,124.0,125.0,117.5,118.5,98.02197265625,1950000,
2020-04-16,117.0,118.5,115.5,116.0,95.95399475097656,1279600,
2020-04-17,117.5,119.5,116.5,118.0,97.6083755493164,1037700,
2020-04-20,119.0,121.5,118.5,120.0,99.26275634765625,1251000,
2020-04-21,118.0,121.5,118.0,119.0,98.43556213378906,857500,
2020-04-22,117.5,120.5,117.5,120.5,99.67635345458984,852900,
2020-04-23,119.0,120.5,119.0,120.5,99.67635345458984,391100,
2020-04-24,120.0,122.0,118.0,119.0,98.43556213378906,901200,
2020-04-27,119.5,119.5,117.5,117.5,97.19478607177734,402100,
2020-04-28,117.0,121.0,117.0,119.0,98.43556213378906,693600,
2020-04-29,119.0,119.0,116.5,118.0,97.6083755493164,1603300,
2020-04-30,117.5,118.5,117.0,117.5,97.19478607177734,758400,
2020-05-05,116.0,118.0,115.5,115.5,95.5404052734375,987000,
2020-05-07,116.0,116.0,112.5,113.0,93.47242736816406,1330100,
2020-05-08,113.0,113.5,111.0,112.0,92.6452407836914,819400,
2020-05-11,113.0,118.0,112.5,115.0,95.12681579589844,1621700,
2020-05-12,115.0,116.0,114.5,115.0,95.12681579589844,604300,
2020-05-13,114.0,115.0,113.0,113.0,93.47242736816406,804800,
2020-05-14,112.5,114.0,112.0,112.5,93.058837890625,824800,
2020-05-15,114.0,114.0,112.0,112.0,92.6452407836914,837400,
2020-05-18,112.5,113.0,105.0,105.0,86.85490417480469,2941100,
2020-05-19,108.0,111.5,107.5,109.5,90.57726287841797,2228900,
2020-05-20,110.5,112.0,109.5,111.0,91.81805419921875,719600,
2020-05-21,110.5,111.0,108.0,108.5,89.75008392333984,1834500,
2020-05-22,108.0,108.5,107.0,108.5,89.75008392333984,698200,
2020-05-25,108.5,110.0,108.0,109.5,90.57726287841797,797100,
2020-05-26,111.0,113.0,110.0,112.0,92.6452407836914,3025000,
2020-05-27,113.0,116.5,112.5,115.5,95.5404052734375,3320600,
2020-05-28,117.5,117.5,114.5,117.5,97.19478607177734,3907600,
2020-05-29,116.5,120.0,115.5,120.0,99.26275634765625,6547400,
2020-06-01,123.0,123.5,120.5,120.5,99.67635345458984,2260400,
2020-06-02,121.5,123.0,120.5,120.5,99.67635345458984,1714600,
2020-06-04,122.0,126.0,121.5,124.5,102.985107421875,2991600,
2020-06-05,125.5,126.0,123.5,123.5,102.15792083740234,1876700,
2020-06-08,124.0,125.0,121.5,123.5,102.15792083740234,2893000,
2020-06-09,124.0,125.0,117.5,121.0,100.08995056152344,3453100,
2020-06-10,121.0,122.0,119.5,121.0,100.08995056152344,1731300,
2020-06-11,121.0,122.0,119.0,120.5,99.67635345458984,1271000,
2020-06-12,119.0,120.0,117.5,119.0,98.43556213378906,2129600,
2020-06-15,118.0,120.5,117.0,118.0,97.6083755493164,1852600,
2020-06-16,120.5,121.0,117.5,117.5,97.19478607177734,1368700,
2020-06-17,118.0,119.0,116.5,118.0,97.6083755493164,1816400,
2020-06-18,117.0,118.0,116.0,117.0,96.78118896484375,768700,
2020-06-19,117.0,118.0,116.0,117.5,97.19478607177734,1284600,
2020-06-22,117.5,118.5,116.5,116.5,96.36759948730469,1027100,
2020-06-23,117.5,117.5,116.0,116.5,96.36759948730469,595500,
2020-06-24,116.5,117.0,114.0,114.0,94.29963684082031,2805100,
2020-06-25,112.0,113.5,110.5,112.0,92.6452407836914,1706400,
2020-06-26,112.0,114.0,112.0,113.5,93.88601684570312,1341100,
2020-06-29,112.5,113.5,111.5,113.0,93.47242736816406,1637600,
2020-06-30,115.0,118.5,113.5,116.5,96.36759948730469,2460400,
2020-07-01,118.0,120.0,117.0,119.5,98.84916687011719,2238100,
2020-07-02,120.0,121.0,118.5,121.0,100.08995056152344,1494100,
2020-07-03,122.0,122.5,120.0,120.0,99.26275634765625,708100,
2020-07-07,123.0,124.0,121.0,121.0,100.08995056152344,1090300,
2020-07-08,120.0,122.5,119.0,120.0,99.26275634765625,1127500,
2020-07-09,121.0,123.0,119.5,122.0,100.91712951660156,1499600,
2020-07-10,121.0,121.5,119.0,120.5,99.67635345458984,953000,
2020-07-13,121.0,122.0,116.0,117.0,96.78118896484375,1322100,
2020-07-14,114.5,117.0,114.0,115.5,95.5404052734375,1267900,
2020-07-15,116.5,118.5,115.5,118.5,98.02197265625,1039600,
2020-07-16,117.0,119.5,116.0,116.5,96.36759948730469,824000,
2020-07-17,118.0,120.5,116.5,118.0,97.6083755493164,1020100,
2020-07-20,119.5,121.5,118.5,121.0,100.08995056152344,1126500,
2020-07-21,121.5,122.5,119.5,119.5,98.84916687011719,789400,
2020-07-22,119.5,121.0,117.0,118.0,97.6083755493164,896300,
2020-07-23,118.0,119.0,117.5,118.0,97.6083755493164,690500,
2020-07-24,114.5,116.0,114.0,114.5,94.71321105957031,1719300,
2020-07-29,114.0,114.5,113.0,113.5,93.88601684570312,1824700,
2020-07-30,114.5,114.5,110.5,111.0,91.81805419921875,1244900,
2020-07-31,111.5,114.5,109.5,114.5,94.71321105957031,1595400,
2020-08-03,114.5,115.0,112.0,113.5,93.88601684570312,766200,
2020-08-04,114.5,114.5,110.0,110.5,91.40444946289062,1827500,
2020-08-05,111.0,111.5,109.5,110.5,91.40444946289062,1460200,
2020-08-06,106.0,109.0,105.5,109.0,90.16368103027344,3177400,
2020-08-07,109.0,111.5,107.5,111.5,92.23164367675781,1361300,
2020-08-10,110.5,112.5,109.0,111.0,91.81805419921875,878100,
2020-08-11,111.0,114.0,111.0,111.5,92.23164367675781,1824900,
2020-08-13,113.5,114.5,113.0,114.5,94.71321105957031,1724600,
2020-08-14,114.0,114.5,113.0,114.5,94.71321105957031,1865400,
2020-08-17,114.5,114.5,112.5,113.5,93.88601684570312,1153800,
2020-08-18,113.5,116.0,113.5,116.0,95.95399475097656,1985400,
2020-08-19,115.5,115.5,112.0,112.5,93.99064636230469,1594300,1.15
2020-08-20,111.0,113.5,110.5,110.5,92.31969451904297,1526900,
2020-08-21,112.0,113.0,111.0,112.5,93.99064636230469,1148300,
2020-08-24,113.0,113.0,111.5,112.5,93.99064636230469,688100,
2020-08-25,111.5,113.0,111.0,111.5,93.1551742553711,1816000,
2020-08-26,111.5,112.5,110.0,110.5,92.31969451904297,1533600,
2020-08-27,112.0,112.5,111.0,111.5,93.1551742553711,705400,
2020-08-28,112.5,113.0,110.5,112.5,93.99064636230469,1849100,
2020-08-31,113.0,114.5,110.5,110.5,92.31969451904297,4682900,
2020-09-01,111.0,111.0,108.5,109.5,91.48422241210938,2087600,
2020-09-02,109.5,110.0,108.0,108.5,90.64875793457031,1542800,
2020-09-03,109.0,110.5,108.0,110.5,92.31969451904297,1751900,
2020-09-08,111.0,111.5,108.0,110.0,91.90194702148438,1708300,
2020-09-09,109.0,109.5,107.0,108.0,90.23101806640625,1783200,
2020-09-10,107.5,110.5,107.5,110.5,92.31969451904297,1501800,
2020-09-11,110.0,110.5,108.5,109.0,91.06649017333984,816600,
2020-09-14,109.5,109.5,107.0,107.5,89.81328582763672,818800,
2020-09-15,107.5,108.0,105.0,105.5,88.142333984375,2538400,
2020-09-16,106.0,109.5,106.0,108.0,90.23101806640625,2718600,
2020-09-17,107.0,108.5,107.0,107.5,89.81328582763672,1074800,
2020-09-18,107.5,108.5,106.5,108.5,90.64875793457031,1519600,
2020-09-21,108.5,109.0,107.0,108.0,90.23101806640625,642400,
2020-09-22,107.0,108.0,105.5,106.0,88.56007385253906,1115400,
2020-09-23,106.5,106.5,105.5,106.0,88.56007385253906,478200,
2020-09-24,106.5,106.5,105.0,106.0,88.56007385253906,1664400,
2020-09-25,105.5,106.0,104.0,104.5,87.3068618774414,1276100,
2020-09-28,105.0,105.5,104.0,104.5,87.3068618774414,1140300,
2020-09-29,104.5,104.5,100.0,100.0,83.5472412109375,2789200,
2020-09-30,100.0,100.5,95.0,95.25,79.57875061035156,5726000,
2020-10-01,95.5,97.0,93.75,97.0,81.04082489013672,3555700,
2020-10-02,96.75,97.5,95.75,97.0,81.04082489013672,2316800,
2020-10-05,97.25,97.75,97.0,97.25,81.24967956542969,1068700,
2020-10-06,98.0,98.0,96.75,97.0,81.04082489013672,1075800,
2020-10-07,96.5,99.5,96.0,99.0,82.7117691040039,1487800,
2020-10-08,99.0,101.0,99.0,100.0,83.5472412109375,2124000,
2020-10-09,99.75,100.5,97.0,97.0,81.04082489013672,1827900,
2020-10-12,97.0,97.75,95.75,96.0,80.20533752441406,1236000,
2020-10-14,95.75,96.0,95.0,95.5,79.78761291503906,739900,
2020-10-15,95.25,96.25,95.0,95.25,79.57875061035156,1003100,
2020-10-16,95.5,96.25,94.0,94.0,78.5344009399414,1339100,
2020-10-19,94.0,94.5,92.75,94.0,78.5344009399414,1678300,
2020-10-20,93.75,94.25,92.0,92.25,77.07232666015625,1858200,
2020-10-21,92.25,94.0,92.0,93.75,78.32552337646484,1492000,
2020-10-22,93.25,95.75,93.0,95.5,79.78761291503906,2659400,
2020-10-26,94.0,95.0,91.75,92.25,77.07232666015625,2984200,
2020-10-27,92.0,93.5,91.5,93.25,77.90778350830078,1640000,
2020-10-28,92.5,94.5,92.25,93.5,78.1166763305664,1394200,
2020-10-29,93.25,93.75,92.25,92.25,77.07232666015625,1759000,
2020-10-30,92.5,92.5,91.0,91.0,76.02799224853516,1459400,
2020-11-02,92.0,92.0,90.5,91.5,76.44570922851562,1251800,
2020-11-03,92.0,92.75,91.25,92.25,77.07232666015625,947800,
2020-11-04,92.25,93.25,91.75,92.25,77.07232666015625,1412800,
2020-11-05,92.25,94.0,91.0,94.0,78.5344009399414,3975300,
2020-11-06,94.0,94.25,92.75,93.75,78.32552337646484,2217400,
2020-11-09,95.0,96.25,94.75,96.25,80.41421508789062,2971900,
2020-11-10,104.0,111.0,102.5,109.0,91.06649017333984,8502200,
2020-11-11,111.0,114.5,108.0,110.0,91.90194702148438,5829400,
2020-11-12,111.0,111.0,105.0,106.5,88.9778060913086,4325700,
2020-11-13,105.0,107.0,104.5,106.5,88.9778060913086,2067600,
2020-11-16,108.5,109.0,106.0,106.5,88.9778060913086,2459700,
2020-11-17,108.5,110.0,104.5,105.0,87.72459411621094,4707000,
2020-11-18,104.5,107.0,104.5,107.0,89.39554595947266,1213400,
2020-11-19,108.0,108.5,106.5,107.5,89.81328582763672,2014000,
2020-11-20,107.5,114.0,107.0,114.0,95.24385833740234,5974400,
2020-11-23,117.0,125.0,116.0,123.5,103.18083190917969,8591700,
2020-11-24,117.0,119.0,113.5,115.0,96.07933044433594,9946400,
2020-11-25,116.0,121.5,112.5,121.0,101.09215545654297,10696000,
2020-11-26,121.5,132.0,120.5,128.5,107.35820007324219,9692100,
2020-11-27,127.0,130.0,123.0,126.5,105.687255859375,5393700,
2020-11-30,123.5,125.0,119.5,124.5,104.01629638671875,6438400,
2020-12-01,125.0,133.5,124.0,132.5,110.7000732421875,8251300,
2020-12-02,132.0,137.0,129.5,132.0,110.28234100341797,7137000,
2020-12-03,132.0,133.5,127.5,129.0,107.77593231201172,4959700,
2020-12-04,128.0,130.5,127.5,128.5,107.35820007324219,3773900,
2020-12-08,128.0,129.5,127.0,127.5,106.5227279663086,4023900,
2020-12-09,128.5,129.5,125.5,126.5,105.687255859375,3379300,
2020-12-14,126.5,127.5,122.0,122.5,102.3453598022461,2874200,
2020-12-15,122.5,124.5,120.5,123.0,102.76309967041016,2613700,
2020-12-16,123.0,123.0,121.0,123.0,102.76309967041016,1661500,
2020-12-17,123.5,126.5,121.5,122.5,102.3453598022461,3472000,
2020-12-18,122.5,123.0,119.5,120.0,100.2566909790039,4706700,
2020-12-21,115.0,119.0,115.0,116.0,96.91478729248047,4630500,
2020-12-22,116.0,116.5,113.5,115.5,96.49705505371094,2873600,
2020-12-23,116.0,121.5,115.5,117.5,98.16800689697266,3813400,
2020-12-24,118.5,119.0,115.5,117.5,98.16800689697266,1676000,
2020-12-25,118.5,126.0,118.0,126.0,105.2695083618164,5367700,
2020-12-28,129.0,129.0,121.0,122.5,102.3453598022461,2988200,
2020-12-29,123.0,123.5,121.0,122.5,102.3453598022461,1319100,
2020-12-30,122.5,123.5,118.5,120.0,100.2566909790039,1787700,
2021-01-04,117.0,120.5,116.5,120.0,100.2566909790039,1964500,
2021-01-05,118.5,123.0,118.5,123.0,102.76309967041016,1404400,
2021-01-06,122.5,123.5,119.5,119.5,99.83895111083984,1947800,
2021-01-07,121.0,124.5,120.5,123.0,102.76309967041016,2734700,
2021-01-08,125.0,128.5,123.5,128.5,107.35820007324219,3922400,
2021-01-11,128.5,129.0,126.0,127.5,106.5227279663086,2710400,
2021-01-12,127.5,128.5,124.0,126.0,105.2695083618164,1837800,
2021-01-13,125.0,128.0,124.0,127.0,106.10499572753906,1950800,
2021-01-14,126.5,132.0,125.5,128.5,107.35820007324219,6056300,
2021-01-15,129.0,130.0,123.0,123.5,103.18083190917969,4219600,
2021-01-18,123.5,125.0,122.5,124.0,103.59857177734375,1337900,
2021-01-19,124.5,127.0,124.0,124.0,103.59857177734375,1256700,
2021-01-20,125.0,127.0,123.5,124.5,104.01629638671875,2302300,
2021-01-21,125.5,128.0,125.0,127.0,106.10499572753906,2113400,
2021-01-22,127.0,127.5,124.0,125.0,104.43404388427734,1306300,
2021-01-25,126.0,127.5,125.0,127.5,106.5227279663086,1309900,
2021-01-26,126.5,128.5,125.5,128.0,106.9404525756836,1238300,
2021-01-27,128.0,128.0,124.5,126.0,105.2695083618164,1609100,
2021-01-28,124.5,126.5,124.0,125.0,104.43404388427734,2222800,
2021-01-29,125.0,126.5,121.0,125.5,104.85176849365234,3156800,
2021-02-01,124.5,125.5,122.5,124.5,104.01629638671875,2167500,
2021-02-02,125.0,128.0,124.5,127.0,106.10499572753906,2064500,
2021-02-03,128.5,133.0,127.0,132.5,110.7000732421875,7044300,
2021-02-04,133.5,133.5,126.0,128.5,107.35820007324219,4241500,
2021-02-05,129.0,130.0,126.5,127.0,106.10499572753906,1977100,
2021-02-08,128.0,133.0,127.0,133.0,111.11783599853516,3266100,
2021-02-09,133.0,133.5,129.0,129.5,108.19367980957031,2483400,
2021-02-10,130.0,130.5,126.5,127.5,106.5227279663086,2030600,
2021-02-11,128.0,128.0,126.0,126.5,105.687255859375,639900,
2021-02-15,126.5,127.0,125.0,126.5,105.687255859375,1000900,
2021-02-16,126.5,128.0,126.5,126.5,105.687255859375,838200,
2021-02-17,126.0,128.0,125.0,126.0,105.2695083618164,1623800,
2021-02-18,125.5,128.0,122.5,126.0,105.2695083618164,3183400,
2021-02-19,125.5,128.0,125.0,127.5,106.5227279663086,1698400,
2021-02-22,128.0,129.0,124.5,127.5,106.5227279663086,921400,
2021-02-23,127.5,131.0,126.0,128.5,107.35820007324219,2729700,
2021-02-24,129.0,132.0,128.5,128.5,107.35820007324219,2689800,
2021-02-25,130.0,130.0,125.5,126.5,105.687255859375,2490800,
2021-03-01,125.0,131.0,125.0,126.5,105.687255859375,2553300,
2021-03-02,129.5,130.5,126.5,127.0,106.10499572753906,2475700,
2021-03-03,128.5,132.0,128.5,132.0,110.28234100341797,3176800,
2021-03-04,131.5,135.0,129.0,130.0,108.61140441894531,3895200,
2021-03-05,128.0,130.0,128.0,129.0,107.77593231201172,2670000,
2021-03-08,131.0,131.0,129.0,129.5,108.19367980957031,1381800,
2021-03-09,130.0,138.5,129.5,136.5,114.04197692871094,6431600,
2021-03-10,136.5,139.0,133.5,139.0,117.90135192871094,3724800,2.05
2021-03-11,140.0,140.0,134.0,136.0,115.3567123413086,2847000,
2021-03-12,136.0,137.5,134.0,135.0,114.50847625732422,2136100,
2021-03-15,136.0,136.5,133.5,135.0,114.50847625732422,1181400,
2021-03-16,135.5,136.0,134.0,134.5,114.08438110351562,1332800,
2021-03-17,134.5,139.5,134.0,139.5,118.32545471191406,2383000,
2021-03-18,140.0,140.5,136.0,136.0,115.3567123413086,2746300,
2021-03-19,136.0,136.5,134.5,135.5,114.93260955810547,1433600,
2021-03-22,135.5,136.0,134.5,135.0,114.50847625732422,723400,
2021-03-23,135.0,137.5,134.5,135.0,114.50847625732422,965200,
2021-03-24,135.0,136.0,133.0,136.0,115.3567123413086,1124700,
2021-03-25,136.0,136.0,134.0,134.5,114.08438110351562,1202900,
2021-03-26,135.5,136.5,134.5,135.0,114.50847625732422,904400,
2021-03-29,136.0,138.5,136.0,138.0,117.05314636230469,1493100,
2021-03-30,138.5,138.5,136.0,136.5,115.78081512451172,1157900,
2021-03-31,136.5,137.5,135.0,136.0,115.3567123413086,853600,
2021-04-01,136.0,137.5,135.5,137.5,116.62902069091797,919600,
2021-04-02,137.5,137.5,136.5,136.5,115.78081512451172,440900,
2021-04-05,135.5,137.0,135.0,135.0,114.50847625732422,643200,
2021-04-07,135.0,136.5,134.0,135.5,114.93260955810547,810100,
2021-04-08,135.0,137.5,135.0,135.5,114.93260955810547,1026900,
2021-04-09,135.5,144.5,135.0,142.5,120.87008666992188,4640100,
2021-04-12,143.0,143.0,137.5,138.5,117.47722625732422,2215700,
2021-04-16,139.5,139.5,137.0,138.0,117.05314636230469,865400,
2021-04-19,138.0,140.5,137.5,138.5,117.47722625732422,1024800,
2021-04-20,138.0,140.0,137.0,140.0,118.74956512451172,1708700,
2021-04-21,140.0,142.0,138.5,139.0,117.90135192871094,1948400,
2021-04-22,139.5,139.5,136.0,136.0,115.3567123413086,1705500,
2021-04-23,135.0,139.0,134.5,137.0,116.20491027832031,2236400,
2021-04-26,137.0,141.5,136.0,139.5,118.32545471191406,2435000,
2021-04-27,140.0,140.5,137.5,138.5,117.47722625732422,1029200,
2021-04-28,139.5,141.0,139.0,141.0,119.59774017333984,1205100,
2021-04-29,137.0,139.0,137.0,138.5,117.47722625732422,1974600,
2021-04-30,137.0,137.5,132.0,134.0,113.66028594970703,3427200,
2021-05-05,133.5,134.0,129.5,130.5,110.69155883789062,2709700,
2021-05-06,130.0,132.5,129.0,132.5,112.3879623413086,1656700,
2021-05-07,131.5,132.5,130.0,132.0,111.96385955810547,1409400,
2021-05-10,132.5,133.0,126.5,128.5,108.9951171875,2381000,
2021-05-11,127.0,129.5,126.0,128.0,108.57100677490234,2008100,
2021-05-12,127.5,128.5,125.5,126.0,106.87458801269531,1492600,
2021-05-13,125.0,127.0,123.0,126.5,107.2987060546875,2020000,
2021-05-14,126.5,128.0,125.0,127.0,107.72281646728516,1302800,
2021-05-17,127.0,127.5,126.0,126.5,107.2987060546875,978400,
2021-05-18,127.5,128.5,126.5,127.5,108.14690399169922,780700,
2021-05-19,127.5,129.0,127.0,128.0,108.57100677490234,1118400,
2021-05-20,128.5,130.0,127.5,128.0,108.57100677490234,1329100,
2021-05-21,129.0,130.0,128.0,128.0,108.57100677490234,769000,
2021-05-24,130.0,133.0,129.5,131.0,111.11565399169922,2168100,
2021-05-25,131.5,132.5,131.0,132.0,111.96385955810547,1170500,
2021-05-27,132.5,133.5,130.5,131.5,111.53975677490234,4717400,
2021-05-28,131.0,132.5,131.0,131.0,111.11565399169922,610900,
2021-05-31,131.5,132.0,131.0,132.0,111.96385955810547,569400,
2021-06-01,132.5,133.5,131.5,132.0,111.96385955810547,1840200,
2021-06-02,132.5,134.0,131.5,132.0,111.96385955810547,1195200,
2021-06-04,133.0,133.0,131.0,131.5,111.53975677490234,1009800,
2021-06-07,132.5,133.0,130.5,131.0,111.11565399169922,729400,
2021-06-08,130.0,132.0,129.5,131.0,111.11565399169922,1103200,
2021-06-09,131.0,135.0,131.0,133.0,112.81208038330078,2425500,
2021-06-10,134.5,135.5,133.5,134.0,113.66028594970703,835600,
2021-06-11,135.0,136.0,133.5,135.5,114.93260955810547,1103200,
2021-06-14,136.0,137.0,134.5,135.5,114.93260955810547,448500,
2021-06-15,135.5,135.5,133.5,134.0,113.66028594970703,1113900,
2021-06-16,132.5,134.5,132.5,134.0,113.66028594970703,667000,
2021-06-17,133.0,134.0,131.5,131.5,111.53975677490234,1388900,
2021-06-18,132.0,134.0,130.0,134.0,113.66028594970703,4687800,
2021-06-21,132.5,132.5,130.5,130.5,110.69155883789062,1875800,
2021-06-22,131.5,131.5,128.5,129.5,109.84334564208984,2605900,
2021-06-23,130.0,131.0,129.0,129.5,109.84334564208984,1111000,
2021-06-24,129.5,130.0,128.5,130.0,110.26744079589844,876100,
2021-06-25,129.5,131.0,128.0,128.0,108.57100677490234,1409000,
2021-06-28,128.0,131.0,127.5,128.0,108.57100677490234,2034000,
2021-06-29,128.0,130.0,128.0,129.0,109.41922760009766,879100,
2021-06-30,129.0,129.5,128.0,128.5,108.9951171875,842600,
2021-07-01,128.5,129.5,128.0,128.5,108.9951171875,1029600,
2021-07-02,129.0,129.5,126.0,128.0,108.57100677490234,1699400,
2021-07-05,128.5,128.5,127.5,128.5,108.9951171875,872200,
2021-07-06,128.5,128.5,127.0,128.0,108.57100677490234,412600,
2021-07-07,127.0,127.5,126.5,127.0,107.72281646728516,529100,
2021-07-08,127.5,131.0,125.5,126.0,106.87458801269531,3430800,
2021-07-09,126.5,128.0,125.5,126.5,107.2987060546875,972000,
2021-07-12,127.0,128.0,124.0,125.0,106.0263900756836,1155400,
2021-07-13,126.0,127.0,124.0,124.5,105.60228729248047,1599900,
2021-07-14,125.0,126.5,123.5,125.0,106.0263900756836,1117500,
2021-07-15,125.0,125.5,123.0,123.5,104.75406646728516,1006600,
2021-07-16,124.0,125.0,123.0,125.0,106.0263900756836,891200,
2021-07-19,124.0,125.0,122.5,122.5,103.90585327148438,775300,
2021-07-20,122.0,123.5,121.5,123.0,104.3299560546875,1076100,
2021-07-21,123.0,123.5,121.0,122.5,103.90585327148438,981300,
2021-07-22,122.5,123.0,121.0,121.5,103.05765533447266,1523100,
2021-07-23,121.5,123.5,121.5,121.5,103.05765533447266,710600,
2021-07-27,123.5,123.5,120.0,121.0,102.633544921875,849800,
2021-07-29,120.5,123.5,120.0,122.0,103.48175048828125,921700,
2021-07-30,122.0,122.5,119.5,120.0,101.78532409667969,816300,
2021-08-02,119.5,120.5,118.5,120.0,101.78532409667969,753500,
2021-08-03,120.0,122.0,120.0,121.5,103.05765533447266,540500,
2021-08-04,121.5,122.5,121.0,121.0,102.633544921875,733700,
2021-08-05,120.0,121.0,119.0,119.0,100.9371109008789,1193900,
2021-08-06,119.0,120.0,117.0,117.5,99.66481018066406,834800,
2021-08-09,119.0,119.0,116.5,117.5,99.66481018066406,643200,
2021-08-10,117.5,119.0,117.0,118.5,100.51301574707031,2147500,
2021-08-11,120.5,124.5,119.0,122.5,103.90585327148438,3086500,
2021-08-13,123.0,129.0,123.0,128.0,108.57100677490234,3476300,
2021-08-16,128.0,129.5,127.5,129.5,109.84334564208984,1480700,
2021-08-17,129.5,130.0,128.0,130.0,110.26744079589844,2358900,
2021-08-18,130.0,130.5,129.0,130.0,110.26744079589844,1371000,
2021-08-19,129.5,129.5,127.5,129.0,109.41922760009766,993000,
2021-08-20,130.0,130.5,128.5,129.5,109.84334564208984,1399100,
2021-08-23,132.0,132.5,129.0,131.5,111.53975677490234,2801100,
2021-08-24,132.5,134.0,131.5,132.5,112.3879623413086,1701400,
2021-08-25,133.0,134.5,132.0,133.0,112.81208038330078,1280400,
2021-08-26,132.0,133.0,131.0,132.5,113.36820983886719,635500,1.15
2021-08-27,132.0,134.0,131.5,133.0,113.79602813720703,1074100,
2021-08-30,134.0,134.5,132.0,132.0,112.94041442871094,989000,
2021-08-31,131.5,134.0,131.5,133.0,113.79602813720703,2561600,
2021-09-01,133.5,134.0,131.5,132.0,112.94041442871094,1507900,
2021-09-02,132.0,134.0,131.5,133.5,114.22382354736328,1757500,
2021-09-03,133.5,134.5,132.0,134.5,115.07942962646484,1546700,
2021-09-06,134.5,134.5,131.5,132.0,112.94041442871094,1120300,
2021-09-07,133.0,133.5,131.0,131.5,112.51261138916016,1076000,
2021-09-08,130.0,132.0,129.5,131.5,112.51261138916016,1556000,
2021-09-09,130.0,132.0,129.0,130.0,111.22918701171875,1130900,
2021-09-10,130.0,131.0,129.0,130.0,111.22918701171875,950800,
2021-09-13,129.0,130.5,128.5,130.5,111.6570053100586,1432600,
2021-09-14,130.5,131.5,129.0,131.0,112.0848159790039,1274900,
2021-09-15,131.0,131.5,129.0,130.0,111.22918701171875,1653100,
2021-09-16,130.5,138.5,130.5,133.5,114.22382354736328,5649500,
2021-09-17,133.5,136.0,133.0,133.5,114.22382354736328,2803100,
2021-09-20,132.5,138.0,130.0,136.0,116.36286163330078,5094500,
2021-09-21,136.0,139.5,134.5,139.5,119.35749053955078,4566800,
2021-09-22,140.0,140.0,138.0,140.0,119.7853012084961,1492200,
2021-09-23,140.0,143.0,138.5,142.0,121.49650573730469,2717700,
2021-09-27,143.0,148.0,140.5,147.0,125.7745590209961,4881800,
2021-09-28,147.0,147.0,144.0,145.5,124.49113464355469,2623700,
2021-09-29,144.0,145.0,141.5,143.0,122.35211181640625,2168700,
2021-09-30,142.5,144.0,140.5,141.5,121.0687026977539,1500800,
2021-10-01,140.5,144.5,140.5,143.0,122.35211181640625,1924200,
2021-10-04,143.0,145.5,142.5,144.5,123.63552856445312,1953900,
2021-10-05,144.0,147.0,143.0,146.5,125.34674072265625,2046200,
2021-10-06,146.5,146.5,143.0,143.0,122.35211181640625,885300,
2021-10-07,143.0,145.0,142.0,142.0,121.49650573730469,1423900,
2021-10-08,142.0,144.5,139.5,140.5,120.21308898925781,1753900,
2021-10-11,139.0,141.5,139.0,140.0,119.7853012084961,1920200,
2021-10-12,144.0,147.0,142.0,145.0,124.0633316040039,4238300,
2021-10-14,145.0,146.0,142.5,144.0,123.20772552490234,2524100,
2021-10-15,144.0,145.5,142.5,143.0,122.35211181640625,1864100,
2021-10-18,143.5,143.5,141.0,142.5,121.92430877685547,1152900,
2021-10-19,144.0,144.5,141.5,143.0,122.35211181640625,2263000,
2021-10-20,143.0,143.5,142.5,143.0,122.35211181640625,890100,
2021-10-21,143.5,143.5,141.5,142.5,121.92430877685547,983700,
2021-10-25,143.0,143.0,139.0,140.5,120.21308898925781,2095800,
2021-10-26,140.5,141.0,139.0,139.0,118.9296875,938500,
2021-10-27,138.5,142.0,138.5,140.0,119.7853012084961,1814300,
2021-10-28,141.5,145.0,141.0,144.5,123.63552856445312,2597300,
2021-10-29,144.5,147.0,143.5,145.5,124.49113464355469,1964200,
2021-11-01,147.0,148.5,145.0,148.0,126.63016510009766,2931500,
2021-11-02,149.0,154.0,148.0,152.5,130.48040771484375,4599700,
2021-11-03,152.5,153.5,151.5,153.0,130.90821838378906,1915800,
2021-11-04,153.0,153.5,149.5,151.5,129.62478637695312,1835500,
2021-11-05,150.5,153.0,148.0,149.0,127.48577880859375,2725300,
2021-11-08,151.0,154.5,151.0,152.5,130.48040771484375,2670200,
2021-11-09,152.0,155.5,151.0,154.5,132.19161987304688,3204500,
2021-11-10,152.5,153.5,152.0,152.5,130.48040771484375,902300,
2021-11-11,153.0,154.0,151.0,152.5,130.48040771484375,1472200,
2021-11-12,154.0,156.5,153.5,154.0,131.76380920410156,2239900,
2021-11-15,154.5,157.5,154.0,156.5,133.90283203125,1770200,
2021-11-16,157.0,158.0,154.5,158.0,135.186279296875,2206100,
2021-11-17,158.0,158.0,151.5,154.0,131.76380920410156,3154500,
2021-11-18,154.5,155.0,152.0,152.5,130.48040771484375,1745600,
2021-11-19,152.0,153.5,151.5,152.5,130.48040771484375,895500,
2021-11-22,152.0,152.5,151.0,152.0,130.05259704589844,806200,
2021-11-23,151.0,151.5,150.0,150.0,128.34136962890625,802400,
2021-11-24,150.0,152.0,150.0,151.0,129.19700622558594,889600,
2021-11-25,151.5,152.5,150.5,151.5,129.62478637695312,1030100,
2021-11-26,151.0,151.5,147.5,147.5,126.20236206054688,1913400,
2021-11-29,147.5,151.0,146.0,146.5,125.34674072265625,2054400,
2021-11-30,146.5,148.5,141.0,144.0,123.20772552490234,5268200,
2021-12-01,141.5,144.0,139.5,143.5,122.7799301147461,2669600,
2021-12-02,142.5,143.5,140.5,142.0,121.49650573730469,1682300,
2021-12-03,141.5,143.0,141.0,141.5,121.0687026977539,785000,
2021-12-07,141.5,143.0,139.5,142.5,121.92430877685547,1689600,
2021-12-08,143.0,144.0,141.5,142.0,121.49650573730469,1131000,
2021-12-09,143.0,143.5,142.0,143.0,122.35211181640625,761900,
2021-12-13,144.0,144.5,142.0,143.5,122.7799301147461,988800,
2021-12-14,142.5,144.0,141.5,144.0,123.20772552490234,1057200,
2021-12-15,143.5,144.0,140.5,141.5,121.0687026977539,981900,
2021-12-16,141.0,143.5,140.0,143.0,122.35211181640625,1519900,
2021-12-17,143.0,143.5,141.5,143.0,122.35211181640625,1045500,
2021-12-20,141.0,141.5,139.0,140.0,119.7853012084961,1061700,
2021-12-21,139.5,140.5,138.0,138.5,118.50186157226562,1438400,
2021-12-22,137.5,139.5,137.0,138.5,118.50186157226562,1112400,
2021-12-23,139.5,140.0,137.5,139.0,118.9296875,884700,
2021-12-24,139.5,140.5,139.0,139.5,119.35749053955078,611100,
2021-12-27,141.0,141.0,139.0,140.0,119.7853012084961,543900,
2021-12-28,140.0,142.0,140.0,141.0,120.64088439941406,825300,
2021-12-29,141.0,142.0,140.0,141.5,121.0687026977539,789900,
2021-12-30,142.0,142.0,140.5,141.0,120.64088439941406,641100,
2022-01-04,142.0,142.5,137.5,141.0,120.64088439941406,2177400,
2022-01-05,139.0,139.0,136.5,138.0,118.07408142089844,1776400,
2022-01-06,138.0,138.0,132.5,133.5,114.22382354736328,4030100,
2022-01-07,133.5,135.5,132.5,134.5,115.07942962646484,2348400,
2022-01-10,134.5,135.5,133.5,135.0,115.5072250366211,1241700,
2022-01-11,135.5,135.5,133.5,135.5,115.93505859375,1652600,
2022-01-12,136.0,136.0,134.5,135.5,115.93505859375,1008400,
2022-01-13,135.5,136.5,134.5,135.5,115.93505859375,888300,
2022-01-14,136.0,136.5,134.5,135.5,115.93505859375,1632300,
2022-01-17,136.0,137.5,135.0,136.5,116.79065704345703,1136000,
2022-01-18,138.0,138.0,135.5,136.5,116.79065704345703,1332500,
2022-01-19,136.5,136.5,134.0,135.0,115.5072250366211,972400,
2022-01-20,135.0,138.0,135.0,136.0,116.36286163330078,1147700,
2022-01-21,135.5,137.5,135.0,136.5,116.79065704345703,1210100,
2022-01-24,137.0,137.0,135.5,136.5,116.79065704345703,664700,
2022-01-25,136.0,137.0,135.0,137.0,117.21845245361328,841300,
2022-01-26,137.0,140.0,135.5,137.0,117.21845245361328,2430200,
2022-01-27,136.0,139.0,136.0,139.0,118.9296875,2459700,
2022-01-28,140.0,140.0,136.5,138.5,118.50186157226562,1695100,
2022-01-31,141.5,143.5,140.5,141.0,120.64088439941406,2214900,
2022-02-01,142.0,143.0,141.5,142.0,121.49650573730469,853000,
2022-02-02,142.5,146.0,142.5,144.0,123.20772552490234,2397500,
2022-02-03,142.5,149.0,142.5,147.5,126.20236206054688,2980900,
2022-02-04,147.0,148.5,145.0,147.0,125.7745590209961,1976900,
2022-02-07,147.5,148.5,145.5,147.0,125.7745590209961,1700100,
2022-02-08,147.0,148.5,146.5,147.5,126.20236206054688,1132500,
2022-02-09,147.5,153.5,147.5,151.5,129.62478637695312,3574200,
2022-02-10,151.5,152.5,149.0,152.5,130.48040771484375,1488900,
2022-02-11,152.5,152.5,148.5,150.0,128.34136962890625,2163300,
2022-02-14,149.5,152.5,149.0,151.0,129.19700622558594,2291100,
2022-02-15,151.0,156.0,151.0,154.5,132.19161987304688,3445300,
2022-02-17,156.5,158.0,154.5,156.0,133.47503662109375,2774300,
2022-02-18,156.0,156.0,152.5,153.5,131.33602905273438,2423500,
2022-02-21,152.5,155.5,151.5,153.0,130.90821838378906,1658700,
2022-02-22,150.0,152.0,148.5,152.0,130.05259704589844,2319100,
2022-02-23,151.5,151.5,149.5,150.5,128.76918029785156,1912000,
2022-02-24,152.0,158.5,151.5,155.5,133.04722595214844,8660100,
2022-02-25,156.5,158.0,154.5,155.5,133.04722595214844,2696900,
2022-02-28,155.0,157.0,153.0,153.5,131.33602905273438,3200500,
2022-03-01,154.5,165.0,154.5,163.0,139.46429443359375,7789900,
2022-03-02,162.5,167.5,162.5,166.5,142.4589385986328,4795800,
2022-03-03,167.0,168.0,164.5,167.0,142.88673400878906,3381000,
2022-03-04,166.5,170.0,166.5,168.0,143.7423553466797,2195000,
2022-03-07,161.0,169.5,160.5,167.0,142.88673400878906,3129700,
2022-03-08,168.0,175.0,168.0,171.5,146.73699951171875,7073600,
2022-03-09,171.5,171.5,166.5,168.0,143.7423553466797,2985300,
2022-03-10,170.0,170.0,166.0,168.5,144.170166015625,2688800,
2022-03-11,166.5,167.0,162.0,166.0,143.78038024902344,2497800,2.05
2022-03-14,166.5,167.5,164.5,167.5,145.07958984375,1703300,
2022-03-15,167.0,169.5,164.0,166.0,143.78038024902344,2490000,
2022-03-16,166.0,168.0,163.5,165.5,143.3472900390625,1787800,
2022-03-17,166.0,169.5,165.5,166.5,144.21347045898438,2834400,
2022-03-18,166.0,166.5,163.0,164.5,142.4811553955078,5020300,
2022-03-21,165.0,167.0,163.5,165.0,142.91421508789062,2260400,
2022-03-22,165.0,168.0,164.5,166.0,143.78038024902344,2292600,
2022-03-23,166.0,166.5,165.0,165.5,143.3472900390625,2245400,
2022-03-24,166.0,168.5,158.5,161.0,139.4496307373047,6851700,
2022-03-25,162.5,163.0,159.0,161.5,139.88270568847656,5726100,
2022-03-28,161.0,163.0,160.5,162.0,140.3157958984375,1916000,
2022-03-29,163.0,163.0,157.0,158.5,137.28427124023438,5557400,
2022-03-30,159.0,160.0,156.5,157.5,136.4181365966797,5630100,
2022-03-31,159.0,160.0,155.5,156.5,135.55198669433594,7187000,
2022-04-01,157.0,157.0,153.5,155.5,134.6858367919922,5271500,
2022-04-04,156.0,159.0,155.5,156.5,135.55198669433594,3926700,
2022-04-05,157.0,160.0,156.0,160.0,138.58349609375,2835000,
2022-04-07,161.0,163.0,158.5,159.5,138.15042114257812,6386900,
2022-04-08,160.0,161.0,158.5,159.5,138.15042114257812,2996700,
2022-04-11,160.0,164.0,160.0,161.5,139.88270568847656,3776300,
2022-04-12,160.5,163.5,160.5,162.0,140.3157958984375,3324600,
2022-04-18,163.0,163.0,159.5,160.0,138.58349609375,1697400,
2022-04-19,161.5,163.0,159.0,160.5,139.01658630371094,3895700,
2022-04-20,161.5,166.0,161.5,164.5,142.4811553955078,8296600,
2022-04-21,165.0,167.5,164.0,165.5,143.3472900390625,4565800,
2022-04-22,165.5,166.0,163.0,165.5,143.3472900390625,6311000,
2022-04-25,165.5,166.0,163.5,165.0,142.91421508789062,4228500,
2022-04-26,166.0,169.5,166.0,168.0,145.51268005371094,6676700,
2022-04-27,166.5,167.5,164.0,165.5,143.3472900390625,2776700,
2022-04-28,168.0,168.0,162.5,165.0,142.91421508789062,3320700,
2022-04-29,166.0,166.0,158.5,160.5,139.01658630371094,6824600,
2022-05-03,160.5,162.0,159.0,160.0,138.58349609375,4490700,
2022-05-05,162.0,164.5,160.0,161.5,139.88270568847656,5741100,
2022-05-06,159.0,164.0,159.0,161.5,139.88270568847656,4984400,
2022-05-09,161.5,168.5,161.0,162.5,140.74887084960938,8557700,
2022-05-10,162.0,166.0,161.0,162.0,140.3157958984375,8145200,
2022-05-11,161.5,166.0,161.0,165.0,142.91421508789062,4808200,
2022-05-12,163.0,166.0,163.0,166.0,143.78038024902344,3448200,
2022-05-13,167.0,173.5,165.5,172.0,148.97726440429688,7037900,
2022-05-17,172.0,174.5,170.5,174.5,151.14260864257812,4068100,
2022-05-18,174.0,174.0,170.0,172.0,148.97726440429688,3949600,
2022-05-19,171.0,176.0,170.5,173.0,149.8434295654297,7394800,
2022-05-20,174.0,174.5,172.0,174.5,151.14260864257812,3151100,
2022-05-23,174.0,175.5,172.5,175.0,151.57569885253906,2924100,
2022-05-24,175.0,175.5,171.5,172.5,149.41030883789062,3767600,
2022-05-25,172.5,174.5,172.0,173.0,149.8434295654297,2843500,
2022-05-26,174.0,174.5,171.0,173.5,150.2764892578125,2412700,
2022-05-27,173.5,173.5,169.0,171.5,148.54420471191406,2927600,
2022-05-30,171.0,172.0,170.5,172.0,148.97726440429688,1280800,
2022-05-31,171.5,174.5,170.0,174.5,151.14260864257812,7153400,
2022-06-01,174.0,175.5,172.0,175.0,151.57569885253906,3553800,
2022-06-02,175.5,175.5,173.0,173.5,150.2764892578125,1987500,
2022-06-06,173.0,177.5,173.0,176.0,152.4418487548828,5193800,
2022-06-07,176.5,176.5,173.5,175.0,151.57569885253906,2738100,
2022-06-08,175.0,176.0,174.0,176.0,152.4418487548828,3073800,
2022-06-09,176.5,180.0,174.5,178.0,154.17413330078125,5510000,
2022-06-10,177.0,177.5,173.5,175.0,151.57569885253906,3304900,
2022-06-13,173.0,174.5,172.0,173.0,149.8434295654297,2012100,
2022-06-14,172.5,173.5,169.0,173.0,149.8434295654297,3582200,
2022-06-15,173.0,176.0,172.5,175.0,151.57569885253906,3520900,
2022-06-16,174.5,176.0,171.5,172.0,148.97726440429688,2960700,
2022-06-17,170.5,174.5,170.5,173.5,150.2764892578125,3010500,
2022-06-20,174.0,175.5,173.5,175.0,151.57569885253906,1313700,
2022-06-21,175.5,175.5,174.0,175.0,151.57569885253906,1235900,
2022-06-22,174.0,175.0,172.0,174.5,151.14260864257812,2257200,
2022-06-23,175.0,177.5,174.0,176.0,152.4418487548828,2150200,
2022-06-24,177.0,179.0,175.5,177.5,153.74107360839844,4327100,
2022-06-27,179.0,180.0,177.5,178.5,154.6072235107422,2961800,
2022-06-28,178.0,181.5,177.0,180.0,155.90643310546875,3467300,
2022-06-29,180.0,182.0,178.5,180.0,155.90643310546875,1718600,
2022-06-30,180.0,182.0,178.5,179.0,155.04026794433594,2067200,
2022-07-01,179.0,181.0,179.0,180.0,155.90643310546875,2001300,
2022-07-04,180.0,181.5,179.0,181.0,156.7725830078125,1585000,
2022-07-05,181.0,186.0,181.0,183.5,158.9379425048828,5034700,
2022-07-06,183.5,186.0,183.5,185.0,160.23716735839844,3519500,
2022-07-07,186.5,189.0,186.0,188.0,162.83560180664062,4934600,
2022-07-08,188.0,190.0,187.5,188.5,163.2686767578125,3211000,
2022-07-11,188.5,188.5,187.5,188.5,163.2686767578125,2126300,
2022-07-12,188.5,190.5,188.0,188.0,162.83560180664062,2300800,
2022-07-14,188.0,191.0,187.0,188.0,162.83560180664062,4447400,
2022-07-15,187.0,188.5,185.0,188.5,163.2686767578125,4008100,
2022-07-18,187.0,187.0,177.0,178.5,154.6072235107422,6222000,
2022-07-19,179.0,181.0,178.0,180.5,156.3395233154297,3847600,
2022-07-20,181.0,181.5,178.0,180.0,155.90643310546875,1928400,
2022-07-21,179.0,180.0,177.5,179.0,155.04026794433594,2121500,
2022-07-22,180.0,180.0,177.5,178.5,154.6072235107422,1195200,
2022-07-25,178.5,179.5,175.0,178.5,154.6072235107422,2307000,
2022-07-26,180.0,182.5,179.5,181.5,157.2056427001953,3049100,
2022-07-27,182.5,182.5,180.0,182.0,157.6387481689453,1306200,
2022-08-01,184.0,185.0,183.0,184.5,159.80409240722656,3252300,
2022-08-02,184.5,185.5,183.0,184.0,159.3710174560547,2827500,
2022-08-03,184.5,185.0,183.5,185.0,160.23716735839844,1627400,
2022-08-04,185.5,187.0,182.5,183.5,158.9379425048828,1794500,
2022-08-05,184.0,184.0,181.0,182.0,157.6387481689453,1962100,
2022-08-08,184.0,184.0,178.5,180.0,155.90643310546875,3822300,
2022-08-09,179.5,182.0,179.5,181.5,157.2056427001953,2094900,
2022-08-10,181.5,182.5,180.0,182.0,157.6387481689453,3347500,
2022-08-11,187.0,197.0,186.5,190.0,164.56788635253906,17035700,
2022-08-15,190.0,191.0,188.5,188.5,163.2686767578125,7132900,
2022-08-16,190.5,196.5,188.0,189.5,164.1348114013672,11865700,
2022-08-17,190.5,196.0,190.5,193.5,167.5994110107422,11138500,
2022-08-18,187.0,187.5,180.5,186.5,161.53639221191406,38672900,
2022-08-19,188.0,195.0,186.5,194.5,168.46554565429688,18730500,
2022-08-22,196.0,196.0,193.0,194.5,168.46554565429688,6038300,
2022-08-23,197.0,214.0,196.5,214.0,185.35540771484375,18446400,
2022-08-24,214.0,214.0,206.0,211.0,182.75698852539062,10414300,
2022-08-25,212.0,219.0,211.0,219.0,190.7256622314453,12635400,1.15
2022-08-26,218.0,218.0,214.0,216.0,188.1129913330078,8011800,
2022-08-29,213.0,216.0,209.0,215.0,187.24209594726562,8851600,
2022-08-30,215.0,220.0,214.0,215.0,187.24209594726562,14303500,
2022-08-31,214.0,218.0,213.0,216.0,188.1129913330078,19069400,
2022-09-01,214.0,219.0,213.0,216.0,188.1129913330078,6249800,
2022-09-02,214.0,220.0,214.0,217.0,188.98388671875,4185900,
2022-09-05,216.0,219.0,214.0,215.0,187.24209594726562,4197400,
2022-09-06,215.0,217.0,214.0,216.0,188.1129913330078,3074200,
2022-09-07,216.0,220.0,215.0,218.0,189.85476684570312,5205700,
2022-09-08,219.0,226.0,216.0,225.0,195.9510498046875,8824300,
2022-09-09,227.0,227.0,223.0,224.0,195.0801239013672,4576300,
2022-09-12,226.0,228.0,224.0,227.0,197.69281005859375,2398800,
2022-09-13,227.0,233.0,225.0,231.0,201.1763916015625,6347200,
2022-09-14,228.0,230.0,224.0,225.0,195.9510498046875,4872900,
2022-09-15,227.0,229.0,225.0,227.0,197.69281005859375,3989300,
2022-09-16,225.0,227.0,216.0,219.0,190.7256622314453,14960400,
2022-09-19,219.0,225.0,219.0,225.0,195.9510498046875,2875500,
2022-09-20,227.0,231.0,224.0,226.0,196.82191467285156,5344600,
2022-09-21,226.0,228.0,224.0,227.0,197.69281005859375,2137400,
2022-09-22,226.0,230.0,225.0,230.0,200.30551147460938,2064500,
2022-09-23,228.0,230.0,225.0,225.0,195.9510498046875,1816100,
2022-09-26,227.0,227.0,222.0,226.0,196.82191467285156,2288700,
2022-09-27,223.0,228.0,223.0,225.0,195.9510498046875,2495900,
2022-09-28,224.0,229.0,224.0,227.0,197.69281005859375,2710200,
2022-09-29,227.0,228.0,222.0,224.0,195.0801239013672,4160200,
2022-09-30,224.0,227.0,223.0,227.0,197.69281005859375,2477200,
2022-10-03,227.0,229.0,221.0,222.0,193.33834838867188,4463100,
2022-10-04,223.0,231.0,223.0,229.0,199.43458557128906,4758300,
2022-10-05,230.0,230.0,227.0,229.0,199.43458557128906,2407900,
2022-10-06,230.0,237.0,230.0,233.0,202.91818237304688,4991700,
2022-10-07,234.0,234.0,230.0,233.0,202.91818237304688,2108600,
2022-10-10,232.0,235.0,230.0,233.0,202.91818237304688,1827900,
2022-10-11,233.0,235.0,228.0,228.0,198.563720703125,1945400,
2022-10-12,228.0,230.0,226.0,230.0,200.30551147460938,1609500,
2022-10-17,235.0,238.0,231.0,235.0,204.65997314453125,3265200,
2022-10-18,235.0,237.0,232.0,233.0,202.91818237304688,1889300,
2022-10-19,234.0,234.0,227.0,228.0,198.563720703125,2891300,
2022-10-20,228.0,231.0,225.0,230.0,200.30551147460938,3151000,
2022-10-21,229.0,231.0,227.0,229.0,199.43458557128906,1215600,
2022-10-25,231.0,232.0,229.0,232.0,202.04727172851562,2462100,
2022-10-26,232.0,233.0,227.0,228.0,198.563720703125,2696500,
2022-10-27,229.0,232.0,228.0,228.0,198.563720703125,2249900,
2022-10-28,229.0,229.0,224.0,225.0,195.9510498046875,2309300,
2022-10-31,227.0,229.0,225.0,227.0,197.69281005859375,1923800,
2022-11-01,228.0,228.0,225.0,226.0,196.82191467285156,1852400,
2022-11-02,225.0,228.0,223.0,227.0,197.69281005859375,3264400,
2022-11-03,228.0,229.0,223.0,224.0,195.0801239013672,2649600,
2022-11-04,225.0,227.0,224.0,224.0,195.0801239013672,2600900,
2022-11-07,225.0,226.0,219.0,221.0,192.4674530029297,3068300,
2022-11-08,223.0,224.0,220.0,221.0,192.4674530029297,3578100,
2022-11-09,223.0,225.0,218.0,224.0,195.0801239013672,3893600,
2022-11-10,226.0,238.0,224.0,233.0,202.91818237304688,9405400,
2022-11-11,237.0,241.0,231.0,239.0,208.14353942871094,7093800,
2022-11-14,238.0,240.0,228.0,229.0,199.43458557128906,5988900,
2022-11-15,230.0,231.0,228.0,229.0,199.43458557128906,2212600,
2022-11-16,229.0,232.0,228.0,229.0,199.43458557128906,2086200,
2022-11-17,226.0,227.0,210.0,213.0,185.50030517578125,12373000,
2022-11-18,213.0,216.0,209.0,212.0,184.62940979003906,7570900,
2022-11-21,210.0,218.0,210.0,217.0,188.98388671875,4370100,
2022-11-22,219.0,221.0,217.0,220.0,191.5965576171875,3074500,
2022-11-23,221.0,222.0,219.0,220.0,191.5965576171875,2785300,
2022-11-24,219.0,223.0,216.0,220.0,191.5965576171875,2355600,
2022-11-25,220.0,220.0,216.0,218.0,189.85476684570312,1377700,
2022-11-28,217.0,220.0,215.0,217.0,188.98388671875,1840800,
2022-11-29,218.0,222.0,217.0,219.0,190.7256622314453,2745700,
2022-11-30,221.0,227.0,218.0,227.0,197.69281005859375,7941400,
2022-12-01,224.0,226.0,218.0,219.0,190.7256622314453,4922100,
2022-12-02,219.0,221.0,216.0,218.0,189.85476684570312,3570600,
2022-12-06,216.0,217.0,214.0,216.0,188.1129913330078,2987900,
2022-12-07,216.0,217.0,213.0,215.0,187.24209594726562,2114400,
2022-12-08,216.0,216.0,211.0,212.0,184.62940979003906,1983200,
2022-12-09,210.0,212.0,209.0,210.0,182.8876190185547,2793600,
2022-12-13,208.0,210.0,203.0,206.0,179.40403747558594,5879100,
2022-12-14,206.0,212.0,205.0,211.0,183.75851440429688,3392100,
2022-12-15,212.0,212.0,207.0,210.0,182.8876190185547,2619700,
2022-12-16,210.0,214.0,206.0,214.0,186.37120056152344,5571400,
2022-12-19,213.0,215.0,211.0,212.0,184.62940979003906,1742600,
2022-12-20,212.0,212.0,208.0,209.0,182.01673889160156,1976300,
2022-12-21,210.0,213.0,210.0,213.0,185.50030517578125,2108700,
2022-12-22,213.0,213.0,208.0,211.0,183.75851440429688,1794000,
2022-12-23,211.0,211.0,207.0,209.0,182.01673889160156,2430400,
2022-12-26,208.0,209.0,206.0,208.0,181.14584350585938,1510300,
2022-12-27,208.0,212.0,208.0,211.0,183.75851440429688,1963300,
2022-12-28,212.0,215.0,211.0,213.0,185.50030517578125,2366400,
2022-12-29,213.0,216.0,213.0,216.0,188.1129913330078,2765600,
2022-12-30,216.0,216.0,212.0,212.0,184.62940979003906,2481200,
2023-01-03,213.0,217.0,212.0,214.0,186.37120056152344,2029400,
2023-01-04,216.0,217.0,214.0,217.0,188.98388671875,2317200,
2023-01-05,217.0,219.0,215.0,218.0,189.85476684570312,2869900,
2023-01-06,218.0,225.0,218.0,223.0,194.209228515625,4957500,
2023-01-09,226.0,228.0,223.0,224.0,195.0801239013672,3424700,
2023-01-10,224.0,226.0,223.0,225.0,195.9510498046875,2489400,
2023-01-11,227.0,227.0,220.0,221.0,192.4674530029297,2405100,
2023-01-12,222.0,222.0,214.0,216.0,188.1129913330078,4186300,
2023-01-13,216.0,217.0,213.0,215.0,187.24209594726562,3982900,
2023-01-16,214.0,214.0,210.0,213.0,185.50030517578125,3450500,
2023-01-17,213.0,213.0,210.0,212.0,184.62940979003906,2304600,
2023-01-18,212.0,212.0,208.0,208.0,181.14584350585938,4146600,
2023-01-19,209.0,213.0,209.0,211.0,183.75851440429688,3205700,
2023-01-20,211.0,211.0,208.0,209.0,182.01673889160156,2614700,
2023-01-23,209.0,209.0,207.0,209.0,182.01673889160156,1390900,
2023-01-24,209.0,209.0,208.0,209.0,182.01673889160156,1100100,
2023-01-25,209.0,210.0,205.0,207.0,180.27493286132812,2096800,
2023-01-26,208.0,209.0,206.0,208.0,181.14584350585938,1715600,
2023-01-27,208.0,213.0,208.0,212.0,184.62940979003906,4360400,
2023-01-30,212.0,216.0,210.0,214.0,186.37120056152344,4598800,
2023-01-31,215.0,220.0,215.0,217.0,188.98388671875,7320100,
2023-02-01,217.0,220.0,217.0,219.0,190.7256622314453,3792700,
2023-02-02,221.0,222.0,217.0,217.0,188.98388671875,3203500,
2023-02-03,216.0,218.0,216.0,217.0,188.98388671875,1401100,
2023-02-06,216.0,217.0,213.0,215.0,187.24209594726562,1680200,
2023-02-07,214.0,215.0,211.0,214.0,186.37120056152344,2579500,
2023-02-08,215.0,216.0,212.0,214.0,186.37120056152344,2698900,
2023-02-09,213.0,213.0,210.0,212.0,184.62940979003906,2397500,
2023-02-10,211.0,212.0,209.0,210.0,182.8876190185547,1033200,
2023-02-13,210.0,210.0,208.0,208.0,181.14584350585938,1801000,
2023-02-14,208.0,212.0,207.0,210.0,182.8876190185547,2423400,
2023-02-15,210.0,210.0,208.0,209.0,182.01673889160156,1178000,
2023-02-16,214.0,217.0,212.0,215.0,187.24209594726562,5182100,
2023-02-17,215.0,219.0,213.0,217.0,188.98388671875,3456200,
2023-02-20,218.0,218.0,215.0,216.0,188.1129913330078,2481000,
2023-02-21,216.0,218.0,216.0,217.0,188.98388671875,1708600,
2023-02-22,218.0,221.0,217.0,220.0,191.5965576171875,3017000,
2023-02-23,220.0,222.0,218.0,220.0,191.5965576171875,2982000,
2023-02-24,219.0,219.0,215.0,217.0,188.98388671875,2158900,
2023-02-27,217.0,218.0,212.0,214.0,186.37120056152344,2936600,
2023-02-28,214.0,215.0,209.0,211.0,183.75851440429688,4056000,
2023-03-01,211.0,214.0,210.0,211.0,183.75851440429688,2484200,
2023-03-02,210.0,212.0,208.0,210.0,182.8876190185547,1802200,
2023-03-03,210.0,212.0,209.0,210.0,182.8876190185547,2724900,
2023-03-07,210.0,214.0,209.0,213.0,185.50030517578125,1734900,
2023-03-08,212.0,216.0,212.0,216.0,188.1129913330078,2657600,
2023-03-09,215.0,216.0,214.0,215.0,187.24209594726562,1657200,
2023-03-10,214.0,217.0,214.0,215.0,187.24209594726562,1415600,
2023-03-13,212.0,214.0,209.0,210.0,184.90869140625,2179800,2.35
2023-03-14,209.0,212.0,204.0,205.0,180.50611877441406,3966300,
2023-03-15,207.0,214.0,207.0,212.0,186.6697540283203,3029200,
2023-03-16,209.0,212.0,206.0,212.0,186.6697540283203,1931900,
2023-03-17,210.0,213.0,210.0,213.0,187.55027770996094,1252000,
2023-03-20,213.0,214.0,209.0,211.0,185.7892303466797,1570900,
2023-03-21,212.0,214.0,210.0,213.0,187.55027770996094,1426700,
2023-03-22,214.0,215.0,213.0,214.0,188.43080139160156,866600,
2023-03-23,214.0,216.0,213.0,216.0,190.19183349609375,1463100,
2023-03-24,216.0,218.0,214.0,217.0,191.07232666015625,1690000,
2023-03-27,216.0,217.0,215.0,216.0,190.19183349609375,632400,
2023-03-28,217.0,219.0,215.0,219.0,192.83338928222656,1496900,
2023-03-29,220.0,223.0,219.0,223.0,196.35545349121094,3059800,
2023-03-30,222.0,222.0,220.0,221.0,194.59442138671875,1110400,
2023-03-31,220.0,226.0,220.0,226.0,198.99700927734375,2314200,
2023-04-03,226.0,228.0,224.0,226.0,198.99700927734375,1718500,
2023-04-04,226.0,229.0,225.0,227.0,199.87750244140625,1417200,
2023-04-05,229.0,232.0,227.0,229.0,201.63856506347656,2530700,
2023-04-07,228.0,230.0,226.0,230.0,202.51907348632812,826300,
2023-04-10,229.0,237.0,229.0,236.0,207.8021697998047,2562800,
2023-04-11,236.0,238.0,231.0,235.0,206.9216766357422,2974900,
2023-04-12,235.0,238.0,232.0,234.0,206.04115295410156,2574300,
2023-04-17,236.0,238.0,234.0,237.0,208.6826934814453,1359500,
2023-04-18,236.0,243.0,236.0,243.0,213.9658203125,3065000,
2023-04-19,244.0,248.0,242.0,243.0,213.9658203125,2990400,
2023-04-20,241.0,242.0,239.0,242.0,213.0852813720703,1951800,
2023-04-21,240.0,241.0,236.0,240.0,211.32424926757812,2370600,
2023-04-24,240.0,241.0,234.0,236.0,207.8021697998047,1755800,
2023-04-25,236.0,242.0,236.0,242.0,213.0852813720703,3589400,
2023-04-26,239.0,241.0,236.0,241.0,212.2047576904297,1660400,
2023-04-27,243.0,244.0,238.0,238.0,209.56320190429688,1601500,
2023-04-28,241.0,244.0,233.0,238.0,209.56320190429688,3197200,
2023-05-02,238.0,240.0,236.0,239.0,210.44374084472656,1219700,
2023-05-03,238.0,243.0,237.0,243.0,213.9658203125,1997700,
2023-05-08,248.0,256.0,247.0,251.0,221.00994873046875,3812800,
2023-05-09,252.0,252.0,244.0,245.0,215.7268524169922,2429200,
2023-05-10,243.0,246.0,241.0,244.0,214.84632873535156,1410100,
2023-05-11,249.0,249.0,240.0,241.0,212.2047576904297,2226200,
2023-05-12,243.0,247.0,242.0,246.0,216.6073455810547,2092300,
2023-05-15,248.0,250.0,244.0,249.0,219.2489013671875,1819900,
2023-05-16,247.0,249.0,243.0,244.0,214.84632873535156,1290800,
2023-05-17,245.0,245.0,239.0,240.0,211.32424926757812,1451500,
2023-05-18,241.0,241.0,233.0,237.0,208.6826934814453,2082100,
2023-05-19,235.0,237.0,233.0,234.0,206.04115295410156,1683800,
2023-05-22,231.0,235.0,228.0,233.0,205.16062927246094,2461600,
2023-05-23,231.0,235.0,230.0,234.0,206.04115295410156,1680400,
2023-05-24,232.0,234.0,231.0,232.0,204.2801055908203,960300,
2023-05-25,231.0,234.0,229.0,232.0,204.2801055908203,1648500,
2023-05-26,231.0,232.0,229.0,229.0,201.63856506347656,712700,
2023-05-29,230.0,231.0,225.0,226.0,198.99700927734375,2367700,
2023-05-30,226.0,228.0,223.0,227.0,199.87750244140625,3973700,
2023-05-31,224.0,227.0,220.0,223.0,196.35545349121094,2654800,
2023-06-01,222.0,229.0,222.0,227.0,199.87750244140625,1957100,
2023-06-02,227.0,234.0,227.0,230.0,202.51907348632812,2739100,
2023-06-06,235.0,235.0,231.0,234.0,206.04115295410156,1405300,
2023-06-07,235.0,235.0,232.0,234.0,206.04115295410156,1669300,
2023-06-08,235.0,235.0,232.0,233.0,205.16062927246094,1701500,
2023-06-09,233.0,238.0,232.0,235.0,206.9216766357422,1850200,
2023-06-12,234.0,235.0,231.0,232.0,204.2801055908203,1018200,
2023-06-13,231.0,236.0,231.0,236.0,207.8021697998047,1347100,
2023-06-14,235.0,236.0,231.0,233.0,205.16062927246094,1001800,
2023-06-15,232.0,235.0,232.0,235.0,206.9216766357422,1086600,
2023-06-16,233.0,236.0,227.0,229.0,201.63856506347656,2257300,
2023-06-19,228.0,230.0,225.0,227.0,199.87750244140625,573100,
2023-06-20,230.0,231.0,227.0,228.0,200.758056640625,768100,
2023-06-21,227.0,229.0,225.0,226.0,198.99700927734375,1111700,
2023-06-22,226.0,233.0,224.0,232.0,204.2801055908203,1879100,
2023-06-23,230.0,231.0,227.0,229.0,201.63856506347656,1260300,
2023-06-26,226.0,229.0,225.0,225.0,198.1165008544922,1003200,
2023-06-27,226.0,228.0,225.0,226.0,198.99700927734375,1007200,
2023-06-28,226.0,228.0,222.0,223.0,196.35545349121094,1317800,
2023-06-29,222.0,226.0,220.0,222.0,195.4749298095703,2231400,
2023-06-30,224.0,228.0,222.0,226.0,198.99700927734375,1789900,
2023-07-03,227.0,228.0,225.0,227.0,199.87750244140625,537300,
2023-07-04,226.0,226.0,222.0,225.0,198.1165008544922,1661700,
2023-07-05,224.0,226.0,223.0,223.0,196.35545349121094,488900,
2023-07-06,223.0,223.0,220.0,223.0,196.35545349121094,1728300,
2023-07-07,221.0,223.0,220.0,220.0,193.71389770507812,883800,
2023-07-10,220.0,221.0,218.0,219.0,192.83338928222656,1503500,
2023-07-11,218.0,218.0,213.0,216.0,190.19183349609375,3402200,
2023-07-12,215.0,220.0,214.0,218.0,191.95286560058594,1889700,
2023-07-13,218.0,218.0,214.0,215.0,189.31129455566406,1586500,
2023-07-14,215.0,220.0,215.0,220.0,193.71389770507812,1451800,
2023-07-17,221.0,225.0,220.0,222.0,195.4749298095703,1665500,
2023-07-18,222.0,223.0,219.0,220.0,193.71389770507812,1315200,
2023-07-19,221.0,224.0,220.0,222.0,195.4749298095703,1536600,
2023-07-20,220.0,221.0,217.0,218.0,191.95286560058594,1659800,
2023-07-21,217.0,221.0,217.0,219.0,192.83338928222656,1466100,
2023-07-24,219.0,220.0,216.0,217.0,191.07232666015625,1216700,
2023-07-25,217.0,217.0,213.0,215.0,189.31129455566406,2321200,
2023-07-26,215.0,218.0,214.0,214.0,188.43080139160156,1183700,
2023-07-27,214.0,217.0,213.0,216.0,190.19183349609375,1796800,
2023-07-31,215.0,217.0,214.0,216.0,190.19183349609375,725000,
2023-08-02,214.0,215.0,210.0,213.0,187.55027770996094,2981800,
2023-08-03,212.0,220.0,211.0,218.0,191.95286560058594,4094600,
2023-08-04,222.0,228.0,221.0,224.0,197.2359619140625,4645000,
2023-08-07,225.0,228.0,223.0,225.0,198.1165008544922,2453500,
2023-08-08,225.0,229.0,225.0,227.0,199.87750244140625,2391200,
2023-08-09,224.0,230.0,223.0,229.0,201.63856506347656,3504400,
2023-08-10,239.0,248.0,239.0,246.0,216.6073455810547,11443700,
2023-08-11,246.0,250.0,244.0,245.0,215.7268524169922,6495200,
2023-08-15,245.0,250.0,245.0,248.0,218.36839294433594,3291900,
2023-08-16,247.0,250.0,245.0,249.0,219.2489013671875,2053200,
2023-08-17,256.0,266.0,256.0,260.0,228.93460083007812,6796400,
2023-08-18,260.0,264.0,259.0,261.0,229.81515502929688,4005900,
2023-08-21,261.0,264.0,258.0,259.0,228.05409240722656,2667100,
2023-08-22,260.0,262.0,258.0,260.0,228.93460083007812,2421900,
2023-08-23,260.0,265.0,257.0,259.0,228.05409240722656,4190100,
2023-08-24,259.0,262.0,256.0,260.0,230.1341552734375,2784700,1.35
2023-08-25,258.0,260.0,256.0,258.0,228.3638916015625,1328600,
2023-08-28,260.0,260.0,254.0,255.0,225.70851135253906,1441400,
2023-08-29,256.0,259.0,255.0,257.0,227.478759765625,1505300,
2023-08-30,256.0,260.0,255.0,257.0,227.478759765625,1538400,
2023-08-31,256.0,257.0,255.0,259.0,229.2490234375,1065600,
2023-09-01,260.0,260.0,252.0,255.0,225.70851135253906,1197800,
2023-09-04,257.0,257.0,254.0,254.0,224.8233642578125,631200,
2023-09-05,254.0,256.0,253.0,255.0,225.70851135253906,748000,
2023-09-06,253.0,257.0,253.0,256.0,226.5936279296875,1058100,
2023-09-07,256.0,257.0,253.0,256.0,226.5936279296875,1153600,
2023-09-08,255.0,256.0,252.0,255.0,225.70851135253906,1357900,
2023-09-11,258.0,267.0,257.0,266.0,235.4449462890625,5322600,
2023-09-12,265.0,266.0,258.0,258.0,228.3638916015625,4352600,
2023-09-13,258.0,263.0,257.0,262.0,231.9044189453125,3736200,
2023-09-14,262.0,263.0,259.0,261.0,231.01931762695312,986300,
2023-09-15,261.0,262.0,258.0,258.0,228.3638916015625,970400,
2023-09-18,259.0,263.0,258.0,262.0,231.9044189453125,1170100,
2023-09-19,261.0,262.0,259.0,261.0,231.01931762695312,1426100,
2023-09-20,260.0,262.0,254.0,257.0,227.478759765625,2077500,
2023-09-21,257.0,261.0,257.0,258.0,228.3638916015625,1139500,
2023-09-22,258.0,266.0,258.0,265.0,234.55979919433594,3503500,
2023-09-25,265.0,266.0,263.0,264.0,233.67469787597656,1465100,
2023-09-26,264.0,270.0,262.0,267.0,236.330078125,2759100,
2023-09-27,264.0,266.0,263.0,266.0,235.4449462890625,1843800,
2023-09-28,264.0,270.0,264.0,267.0,236.330078125,2123500,
2023-09-29,270.0,272.0,269.0,268.0,237.21519470214844,3629000,
2023-10-02,268.0,271.0,267.0,268.0,237.21519470214844,1195900,
2023-10-03,267.0,268.0,262.0,265.0,234.55979919433594,2707800,
2023-10-04,262.0,267.0,262.0,264.0,233.67469787597656,1032700,
2023-10-05,264.0,264.0,261.0,263.0,232.78955078125,1368200,
2023-10-06,263.0,264.0,257.0,259.0,229.2490234375,1707200,
2023-10-09,255.0,259.0,253.0,255.0,225.70851135253906,2744500,
2023-10-10,257.0,258.0,253.0,254.0,224.8233642578125,1738000,
2023-10-11,256.0,264.0,256.0,263.0,232.78955078125,2709700,
2023-10-12,263.0,266.0,259.0,264.0,233.67469787597656,1884800,
2023-10-16,262.0,263.0,256.0,258.0,228.3638916015625,2034000,
2023-10-17,259.0,262.0,259.0,259.0,229.2490234375,1134800,
2023-10-18,259.0,265.0,259.0,264.0,233.67469787597656,1266200,
2023-10-19,262.0,264.0,260.0,262.0,231.9044189453125,719300,
2023-10-20,262.0,263.0,259.0,261.0,231.01931762695312,897000,
2023-10-24,261.0,264.0,261.0,261.0,231.01931762695312,1476200,
2023-10-25,261.0,264.0,260.0,263.0,232.78955078125,990800,
2023-10-26,261.0,263.0,256.0,258.0,228.3638916015625,2714100,
2023-10-27,259.0,260.0,252.0,256.0,226.5936279296875,2697500,
2023-10-30,254.0,260.0,254.0,259.0,229.2490234375,1422600,
2023-10-31,258.0,261.0,256.0,260.0,230.1341552734375,2321000,
2023-11-01,261.0,262.0,256.0,260.0,230.1341552734375,2140000,
2023-11-02,260.0,260.0,253.0,256.0,226.5936279296875,3555400,
2023-11-03,257.0,260.0,255.0,257.0,227.478759765625,1851300,
2023-11-06,257.0,258.0,248.0,248.0,219.51258850097656,5193100,
2023-11-07,248.0,254.0,247.0,252.0,223.0531005859375,3205400,
2023-11-08,251.0,252.0,248.0,249.0,220.39768981933594,1786800,
2023-11-09,243.0,243.0,231.0,233.0,206.235595703125,13859200,
2023-11-10,232.0,233.0,225.0,230.0,203.58021545410156,4748100,
2023-11-13,230.0,232.0,226.0,229.0,202.695068359375,2549100,
2023-11-14,227.0,231.0,225.0,227.0,200.92481994628906,3615400,
2023-11-15,229.0,229.0,223.0,225.0,199.15455627441406,4030600,
2023-11-16,222.0,224.0,219.0,221.0,195.61402893066406,4979900,
2023-11-17,220.0,222.0,216.0,219.0,193.84375,3911900,
2023-11-20,220.0,226.0,220.0,225.0,199.15455627441406,4304200,
2023-11-21,225.0,226.0,223.0,223.0,197.38427734375,2446900,
2023-11-22,225.0,227.0,222.0,222.0,196.49916076660156,3497300,
2023-11-23,224.0,224.0,220.0,221.0,195.61402893066406,1539100,
2023-11-24,221.0,222.0,217.0,217.0,192.07350158691406,2978900,
2023-11-27,218.0,221.0,217.0,219.0,193.84375,3497000,
2023-11-28,220.0,221.0,216.0,219.0,193.84375,2275000,
2023-11-29,219.0,221.0,216.0,216.0,191.18836975097656,1849800,
2023-11-30,219.0,225.0,217.0,223.0,197.38427734375,6589500,
2023-12-01,223.0,223.0,220.0,221.0,195.61402893066406,2233900,
2023-12-04,221.0,221.0,219.0,220.0,194.72889709472656,1343300,
2023-12-06,222.0,222.0,215.0,217.0,192.07350158691406,4672900,
2023-12-07,216.0,218.0,215.0,217.0,192.07350158691406,1790200,
2023-12-08,217.0,218.0,214.0,214.0,189.4180908203125,2048600,
2023-12-12,216.0,216.0,212.0,213.0,188.532958984375,1241500,
2023-12-13,213.0,216.0,213.0,214.0,189.4180908203125,2034200,
2023-12-14,217.0,217.0,214.0,216.0,191.18836975097656,2679800,
2023-12-15,217.0,221.0,215.0,218.0,192.95863342285156,4897300,
2023-12-18,217.0,221.0,217.0,220.0,194.72889709472656,1881300,
2023-12-19,219.0,220.0,216.0,218.0,192.95863342285156,1695200,
2023-12-20,216.0,217.0,213.0,215.0,190.30323791503906,2540800,
2023-12-21,215.0,220.0,215.0,218.0,192.95863342285156,1425200,
2023-12-22,217.0,218.0,214.0,216.0,191.18836975097656,2276200,
2023-12-25,216.0,217.0,215.0,216.0,191.18836975097656,447900,
2023-12-26,216.0,223.0,216.0,222.0,196.49916076660156,3407800,
2023-12-27,222.0,224.0,220.0,220.0,194.72889709472656,1185900,
2023-12-28,222.0,225.0,221.0,222.0,196.49916076660156,2434400,
2024-01-03,223.0,225.0,222.0,222.0,196.49916076660156,2492300,
2024-01-04,222.0,226.0,222.0,224.0,198.26942443847656,3682300,
2024-01-05,224.0,230.0,224.0,227.0,200.92481994628906,4386200,
2024-01-08,227.0,227.0,222.0,226.0,200.03968811035156,2252300,
2024-01-09,226.0,229.0,224.0,228.0,201.8099365234375,2905600,
2024-01-10,230.0,238.0,229.0,235.0,208.00587463378906,7231800,
2024-01-11,236.0,238.0,234.0,238.0,210.6612548828125,2572000,
2024-01-12,238.0,239.0,236.0,239.0,211.54638671875,2120600,
2024-01-15,239.0,239.0,234.0,237.0,209.776123046875,2028100,
2024-01-16,237.0,239.0,236.0,237.0,209.776123046875,1627800,
2024-01-17,237.0,237.0,230.0,235.0,208.00587463378906,5373500,
2024-01-18,235.0,237.0,232.0,235.0,208.00587463378906,3254600,
2024-01-19,236.0,242.0,236.0,240.0,212.4315185546875,3224900,
2024-01-22,241.0,244.0,239.0,242.0,214.20179748535156,2518400,
2024-01-23,244.0,244.0,237.0,238.0,210.6612548828125,1442800,
2024-01-24,238.0,241.0,238.0,240.0,212.4315185546875,1981700,
2024-01-25,240.0,242.0,238.0,240.0,212.4315185546875,1347900,
2024-01-26,240.0,241.0,236.0,239.0,211.54638671875,1979200,
2024-01-29,240.0,243.0,239.0,241.0,213.316650390625,2074300,
2024-01-30,240.0,242.0,239.0,242.0,214.20179748535156,1670300,
2024-01-31,240.0,241.0,235.0,240.0,212.4315185546875,5013500,
2024-02-01,241.0,243.0,240.0,240.0,212.4315185546875,2270200,
2024-02-02,241.0,242.0,238.0,242.0,214.20179748535156,1436100,
2024-02-05,241.0,242.0,239.0,239.0,211.54638671875,1284900,
2024-02-06,240.0,244.0,239.0,242.0,214.20179748535156,1568000,
2024-02-07,242.0,244.0,240.0,242.0,214.20179748535156,1446300,
2024-02-08,242.0,243.0,240.0,241.0,213.316650390625,1817200,
2024-02-09,241.0,249.0,241.0,245.0,216.85719299316406,3265800,
2024-02-12,244.0,246.0,242.0,243.0,215.08689880371094,1339300,
2024-02-13,246.0,246.0,243.0,246.0,217.7423095703125,562100,
2024-02-14,244.0,247.0,242.0,244.0,215.97203063964844,1163300,
2024-02-15,245.0,247.0,244.0,247.0,218.62744140625,1487300,
2024-02-16,247.0,247.0,241.0,243.0,215.08689880371094,1336500,
2024-02-19,242.0,244.0,240.0,243.0,215.08689880371094,643200,
2024-02-20,243.0,246.0,242.0,244.0,215.97203063964844,1961100,
2024-02-21,244.0,247.0,240.0,242.0,214.20179748535156,2836500,
2024-02-22,240.0,241.0,232.0,238.0,210.6612548828125,5627400,
2024-02-23,238.0,239.0,234.0,235.0,208.00587463378906,1950200,
2024-02-27,235.0,236.0,232.0,234.0,207.12071228027344,2557300,
2024-02-28,235.0,235.0,226.0,226.0,200.03968811035156,5224900,
2024-02-29,226.0,228.0,222.0,224.0,198.26942443847656,4434900,
2024-03-01,225.0,228.0,224.0,226.0,200.03968811035156,2777300,
2024-03-04,227.0,231.0,227.0,229.0,202.695068359375,3928100,
2024-03-05,228.0,230.0,226.0,228.0,201.8099365234375,1846000,
2024-03-06,229.0,234.0,228.0,231.0,204.46534729003906,3966600,
2024-03-07,232.0,233.0,227.0,229.0,202.695068359375,2278000,
2024-03-08,228.0,230.0,228.0,230.0,203.58021545410156,1692200,
2024-03-11,229.0,230.0,228.0,228.0,201.8099365234375,1182800,
2024-03-12,228.0,228.0,228.0,228.0,201.8099365234375,0,
2024-03-13,225.0,228.0,224.0,225.0,201.944580078125,1611300,3.15
2024-03-14,225.0,231.0,225.0,230.0,206.43223571777344,3240800,
2024-03-15,230.0,230.0,230.0,230.0,206.43223571777344,0,
2024-03-18,229.0,232.0,228.0,231.0,207.3297576904297,2392500,
2024-03-19,230.0,234.0,230.0,232.0,208.227294921875,3641500,
2024-03-20,232.0,232.0,232.0,232.0,208.227294921875,0,
2024-03-21,231.0,231.0,227.0,230.0,206.43223571777344,3508600,
2024-03-22,230.0,230.0,230.0,230.0,206.43223571777344,0,
2024-03-25,227.0,227.0,221.0,222.0,199.25198364257812,5623900,
2024-03-26,222.0,222.0,222.0,222.0,199.25198364257812,0,
2024-03-27,224.0,226.0,222.0,224.0,201.04702758789062,2559400,
2024-03-28,224.0,224.0,224.0,224.0,201.04702758789062,0,
2024-03-29,224.0,226.0,224.0,224.0,201.04702758789062,1047100,
2024-04-01,224.0,227.0,223.0,226.0,202.84210205078125,1018200,
2024-04-02,226.0,227.0,224.0,225.0,201.944580078125,691200,
2024-04-03,225.0,226.0,223.0,223.0,200.14950561523438,2209800,
2024-04-04,223.0,228.0,221.0,227.0,203.7396240234375,2234300,
2024-04-05,228.0,231.0,227.0,230.0,206.43223571777344,4145800,
2024-04-09,231.0,232.0,227.0,232.0,208.227294921875,3612900,
2024-04-10,232.0,232.0,228.0,231.0,207.3297576904297,2108400,
2024-04-11,230.0,231.0,227.0,227.0,203.7396240234375,1808600,
2024-04-17,227.0,227.0,227.0,227.0,203.7396240234375,0,
2024-04-18,227.0,227.0,227.0,227.0,203.7396240234375,0,
2024-04-19,227.0,227.0,227.0,227.0,203.7396240234375,0,
2024-04-22,226.0,226.0,223.0,225.0,201.944580078125,1544400,
2024-04-23,225.0,231.0,225.0,227.0,203.7396240234375,2892400,
2024-04-24,227.0,227.0,227.0,227.0,203.7396240234375,0,
2024-04-25,241.0,265.0,240.0,253.0,227.07545471191406,20175600,
2024-04-26,251.0,252.0,246.0,248.0,222.58779907226562,3983300,
2024-04-29,251.0,251.0,245.0,246.0,220.792724609375,3367300,
2024-04-30,246.0,246.0,246.0,246.0,220.792724609375,0,
2024-05-02,244.0,247.0,241.0,243.0,218.10012817382812,3391500,
2024-05-03,247.0,254.0,244.0,251.0,225.28038024902344,4078300,
2024-05-07,251.0,251.0,251.0,251.0,225.28038024902344,0,
2024-05-08,253.0,254.0,250.0,250.0,224.38284301757812,1765400,
2024-05-09,250.0,252.0,248.0,249.0,223.48532104492188,1080000,
2024-05-10,253.0,255.0,251.0,254.0,227.9729766845703,2690300,
2024-05-13,255.0,259.0,252.0,258.0,231.5631103515625,3067500,
2024-05-14,258.0,258.0,254.0,256.0,229.76805114746094,1652500,
2024-05-15,256.0,256.0,253.0,253.0,227.07545471191406,1674900,
2024-05-16,253.0,253.0,253.0,253.0,227.07545471191406,0,
2024-05-17,253.0,254.0,248.0,250.0,224.38284301757812,2700200,
2024-05-20,250.0,250.0,250.0,250.0,224.38284301757812,0,
2024-05-21,250.0,250.0,250.0,250.0,224.38284301757812,0,
2024-05-23,248.0,251.0,248.0,250.0,224.38284301757812,1803800,
2024-05-24,250.0,250.0,250.0,250.0,224.38284301757812,0,
2024-05-27,250.0,250.0,250.0,250.0,224.38284301757812,0,
2024-05-28,249.0,251.0,247.0,249.0,223.48532104492188,1058200,
2024-05-29,247.0,248.0,245.0,245.0,219.8951873779297,1971100,
2024-05-30,245.0,245.0,245.0,245.0,219.8951873779297,0,
2024-05-31,245.0,245.0,245.0,245.0,219.8951873779297,0,
2024-06-04,242.0,245.0,241.0,242.0,217.20260620117188,1385600,
2024-06-05,242.0,242.0,242.0,242.0,217.20260620117188,0,
2024-06-06,242.0,246.0,240.0,244.0,218.9976806640625,1859200,
2024-06-07,244.0,246.0,243.0,244.0,218.9976806640625,1109500,
2024-06-10,243.0,243.0,239.0,239.0,214.50999450683594,2116100,
2024-06-11,240.0,242.0,239.0,240.0,215.4075469970703,2353600,
2024-06-12,240.0,245.0,238.0,243.0,218.10012817382812,2516300,
2024-06-13,244.0,245.0,241.0,243.0,218.10012817382812,1371400,
2024-06-14,243.0,244.0,240.0,240.0,215.4075469970703,1330000,
2024-06-17,241.0,242.0,239.0,242.0,217.20260620117188,801300,
2024-06-18,242.0,242.0,242.0,242.0,217.20260620117188,0,
2024-06-19,242.0,242.0,242.0,242.0,217.20260620117188,0,
2024-06-20,237.0,239.0,234.0,235.0,210.9198760986328,1654300,
2024-06-21,235.0,236.0,232.0,233.0,209.1248016357422,4063300,
2024-06-24,233.0,233.0,233.0,233.0,209.1248016357422,0,
2024-06-25,233.0,233.0,233.0,233.0,209.1248016357422,0,
2024-06-26,233.0,233.0,233.0,233.0,209.1248016357422,0,
2024-06-27,245.0,252.0,243.0,251.0,225.28038024902344,4229300,
2024-06-28,250.0,251.0,246.0,247.0,221.6902618408203,2350300,
2024-07-01,247.0,247.0,247.0,247.0,221.6902618408203,0,
2024-07-02,247.0,247.0,247.0,247.0,221.6902618408203,0,
2024-07-03,244.0,246.0,243.0,246.0,220.792724609375,1703000,
2024-07-04,243.0,249.0,243.0,246.0,220.792724609375,1705600,
2024-07-05,247.0,248.0,245.0,247.0,221.6902618408203,1537500,
2024-07-08,247.0,248.0,245.0,247.0,221.6902618408203,1666200,
2024-07-09,247.0,247.0,247.0,247.0,221.6902618408203,0,
2024-07-10,247.0,247.0,247.0,247.0,221.6902618408203,0,
2024-07-11,247.0,247.0,247.0,247.0,221.6902618408203,0,
2024-07-12,247.0,247.0,247.0,247.0,221.6902618408203,0,
2024-07-15,247.0,247.0,247.0,247.0,221.6902618408203,0,
2024-07-16,250.0,250.0,245.0,247.0,221.6902618408203,2571800,
2024-07-17,247.0,247.0,247.0,247.0,221.6902618408203,0,
2024-07-18,249.0,255.0,247.0,248.0,222.58779907226562,3565600,
2024-07-19,248.0,248.0,248.0,248.0,222.58779907226562,0,
2024-07-23,250.0,250.0,246.0,247.0,221.6902618408203,1673000,
2024-07-24,247.0,247.0,243.0,246.0,220.792724609375,1368600,
2024-07-25,246.0,247.0,240.0,241.0,216.30506896972656,3251100,
2024-07-26,242.0,245.0,242.0,245.0,219.8951873779297,2286600,
2024-07-30,245.0,245.0,245.0,245.0,219.8951873779297,0,
2024-07-31,244.0,247.0,243.0,246.0,220.792724609375,2031300,
2024-08-01,247.0,247.0,245.0,247.0,221.6902618408203,1618000,
2024-08-02,247.0,247.0,247.0,247.0,221.6902618408203,0,
2024-08-05,246.0,246.0,244.0,245.0,219.8951873779297,1986200,
2024-08-06,247.0,249.0,244.0,245.0,219.8951873779297,1837400,
2024-08-07,248.0,258.0,247.0,256.0,229.76805114746094,6349800,
2024-08-08,256.0,256.0,256.0,256.0,229.76805114746094,0,
2024-08-09,249.0,254.0,248.0,253.0,227.07545471191406,2612200,
2024-08-13,252.0,254.0,244.0,245.0,219.8951873779297,4451700,
2024-08-14,246.0,247.0,242.0,245.0,219.8951873779297,2454000,
2024-08-15,245.0,245.0,245.0,245.0,219.8951873779297,0,
2024-08-16,243.0,246.0,243.0,243.0,218.10012817382812,1765600,
2024-08-19,244.0,244.0,241.0,244.0,218.9976806640625,1743000,
2024-08-20,244.0,246.0,243.0,245.0,219.8951873779297,1555000,
2024-08-21,245.0,249.0,244.0,249.0,223.48532104492188,2263600,
2024-08-22,249.0,249.0,249.0,249.0,223.48532104492188,0,
2024-08-23,245.0,246.0,242.0,244.0,220.77093505859375,2200300,2.0
2024-08-26,244.0,245.0,242.0,245.0,221.67572021484375,1726400,
2024-08-27,243.0,245.0,241.0,242.0,218.96133422851562,2412800,
2024-08-28,243.0,244.0,241.0,244.0,220.77093505859375,1983700,
2024-08-29,243.0,245.0,239.0,244.0,220.77093505859375,2335800,
2024-08-30,244.0,246.0,243.0,245.0,221.67572021484375,4558200,
2024-09-02,245.0,245.0,245.0,245.0,221.67572021484375,0,
2024-09-03,245.0,245.0,245.0,245.0,221.67572021484375,0,
2024-09-04,245.0,245.0,245.0,245.0,221.67572021484375,0,
2024-09-05,251.0,264.0,250.0,264.0,238.86691284179688,7536200,
2024-09-06,264.0,272.0,264.0,272.0,246.10533142089844,6578300,
2024-09-09,272.0,272.0,272.0,272.0,246.10533142089844,0,
2024-09-10,270.0,275.0,268.0,271.0,245.2005157470703,3157200,
2024-09-11,267.0,274.0,264.0,270.0,244.2957000732422,30096500,
2024-09-12,270.0,275.0,267.0,272.0,246.10533142089844,4519400,
2024-09-13,274.0,284.0,273.0,274.0,247.91488647460938,6563900,
2024-09-16,274.0,274.0,274.0,274.0,247.91488647460938,0,
2024-09-17,274.0,274.0,274.0,274.0,247.91488647460938,0,
2024-09-18,274.0,274.0,274.0,274.0,247.91488647460938,0,
2024-09-19,274.0,274.0,274.0,274.0,247.91488647460938,0,
2024-09-20,272.0,274.0,271.0,272.0,246.10533142089844,2745500,
2024-09-23,272.0,277.0,271.0,274.0,247.91488647460938,2835300,
2024-09-24,273.0,277.0,272.0,276.0,249.7244873046875,2551300,
2024-09-25,276.0,277.0,274.0,275.0,248.81967163085938,1874900,
2024-09-26,276.0,276.0,272.0,272.0,246.10533142089844,1467200,
2024-09-27,272.0,272.0,272.0,272.0,246.10533142089844,0,
2024-09-30,270.0,271.0,268.0,269.0,243.3909149169922,2011900,
2024-10-01,269.0,269.0,269.0,269.0,243.3909149169922,0,
2024-10-02,271.0,271.0,267.0,268.0,242.486083984375,3276700,
2024-10-03,266.0,268.0,262.0,263.0,237.96209716796875,4472300,
2024-10-04,263.0,263.0,263.0,263.0,237.96209716796875,0,
2024-10-07,264.0,270.0,262.0,268.0,242.486083984375,2398600,
2024-10-08,268.0,272.0,267.0,268.0,242.486083984375,2339700,
2024-10-09,269.0,274.0,269.0,270.0,244.2957000732422,2672800,
2024-10-10,271.0,271.0,268.0,268.0,242.486083984375,1150600,
2024-10-11,268.0,268.0,268.0,268.0,242.486083984375,0,
2024-10-15,271.0,276.0,271.0,274.0,247.91488647460938,2721000,
2024-10-16,274.0,274.0,274.0,274.0,247.91488647460938,0,
2024-10-17,273.0,278.0,273.0,277.0,250.62930297851562,2480000,
2024-10-18,275.0,280.0,275.0,278.0,251.5340576171875,1994700,
2024-10-21,277.0,280.0,275.0,275.0,248.81967163085938,1544800,
2024-10-22,275.0,275.0,275.0,275.0,248.81967163085938,0,
2024-10-24,275.0,277.0,269.0,271.0,245.2005157470703,3807700,
2024-10-25,271.0,271.0,271.0,271.0,245.2005157470703,0,
2024-10-28,276.0,277.0,273.0,275.0,248.81967163085938,1747900,
2024-10-29,275.0,275.0,275.0,275.0,248.81967163085938,0,
2024-10-30,272.0,273.0,270.0,270.0,244.2957000732422,1523500,
2024-10-31,271.0,272.0,269.0,272.0,246.10533142089844,1147100,
2024-11-01,269.0,271.0,266.0,269.0,243.3909149169922,1951100,
2024-11-04,271.0,272.0,269.0,269.0,243.3909149169922,840500,
2024-11-05,269.0,271.0,268.0,270.0,244.2957000732422,1227100,
2024-11-06,269.0,270.0,262.0,262.0,237.05731201171875,3113700,
2024-11-07,230.0,245.0,226.0,239.0,216.24693298339844,23405500,
2024-11-08,238.0,240.0,230.0,231.0,209.008544921875,8615600,
2024-11-11,231.0,231.0,222.0,225.0,203.5797576904297,7201200,
2024-11-12,223.0,225.0,217.0,217.0,196.3413543701172,6783400,
2024-11-13,215.0,224.0,215.0,224.0,202.67495727539062,11939200,
2024-11-14,224.0,224.0,210.0,210.0,190.0077667236328,12860300,
2024-11-15,206.0,210.0,204.0,207.0,187.29336547851562,12817300,
2024-11-18,209.0,211.0,204.0,206.0,186.38856506347656,5676600,
2024-11-19,207.0,215.0,206.0,209.0,189.10296630859375,8999500,
2024-11-20,211.0,211.0,206.0,207.0,187.29336547851562,5266500,
2024-11-21,208.0,210.0,206.0,207.0,187.29336547851562,4311700,
2024-11-22,208.0,209.0,206.0,206.0,186.38856506347656,2641600,
2024-11-25,208.0,215.0,207.0,207.0,187.29336547851562,10462600,
2024-11-26,208.0,208.0,205.0,205.0,185.4837646484375,4314400,
2024-11-27,205.0,206.0,198.5,204.0,184.5789794921875,6980200,
2024-11-28,204.0,206.0,203.0,204.0,184.5789794921875,3409000,
2024-11-29,205.0,210.0,205.0,208.0,188.1981658935547,5441100,
2024-12-02,211.0,211.0,207.0,209.0,189.10296630859375,3530700,
2024-12-03,209.0,212.0,209.0,212.0,191.81736755371094,3454100,
2024-12-04,212.0,212.0,209.0,211.0,190.91256713867188,4519300,
2024-12-06,212.0,213.0,209.0,210.0,190.0077667236328,4698400,
2024-12-09,208.0,209.0,201.0,202.0,182.7693634033203,9282600,
2024-12-11,201.0,202.0,198.5,199.5,180.5073699951172,6638800,
2024-12-12,201.0,202.0,198.5,198.5,179.6025848388672,3134700,
2024-12-13,198.0,198.0,190.5,193.0,174.62619018554688,9848700,
2024-12-16,192.5,193.0,189.0,190.5,172.3641815185547,6201100,
2024-12-17,190.5,192.0,184.5,185.5,167.84017944335938,7201600,
2024-12-18,186.5,190.0,186.5,189.5,171.45938110351562,7119300,
2024-12-19,187.5,196.5,187.0,191.0,172.81658935546875,7454600,
2024-12-20,190.0,195.0,189.0,193.5,175.07858276367188,5137200,
2024-12-23,194.0,198.0,193.0,197.5,178.69778442382812,3055700,
2024-12-24,198.0,201.0,197.0,199.5,180.5073699951172,1863100,
2024-12-25,201.0,201.0,198.0,198.0,179.15017700195312,2088400,
2024-12-26,200.0,201.0,196.5,197.5,178.69778442382812,979100,
2024-12-27,197.5,201.0,197.0,197.5,178.69778442382812,1880000,
2024-12-30,198.0,201.0,198.0,199.5,180.5073699951172,2345700,
2025-01-02,200.0,205.0,199.0,203.0,183.67417907714844,3108350,
2025-01-03,204.0,205.0,201.0,202.0,182.7693634033203,1427900,
2025-01-06,202.0,203.0,195.0,196.0,177.340576171875,3476800,
2025-01-07,196.0,198.5,196.0,197.0,178.24537658691406,1575500,
2025-01-08,197.0,197.0,190.5,195.0,176.435791015625,4643300,
2025-01-09,194.0,194.0,189.0,190.0,171.91180419921875,3378700,
2025-01-10,186.0,191.0,185.5,189.0,171.0070037841797,4583600,
2025-01-13,189.0,193.5,188.0,192.5,174.17379760742188,2458500,
2025-01-14,192.0,194.5,190.0,190.0,171.91180419921875,1988100,
2025-01-15,190.5,195.0,190.0,194.5,175.98338317871094,2672700,
2025-01-16,195.0,196.5,192.5,193.5,175.07858276367188,2644300,
2025-01-17,193.5,195.0,192.0,192.0,173.7213897705078,2070600,
2025-01-20,193.0,193.5,190.0,190.5,172.3641815185547,1897600,
2025-01-21,191.5,196.0,191.5,193.0,174.62619018554688,2147500,
2025-01-22,193.0,193.0,188.0,191.0,172.81658935546875,4006600,
2025-01-23,191.5,192.0,188.5,189.0,171.0070037841797,2785700,
2025-01-24,188.0,188.0,185.0,186.0,168.29258728027344,4217300,
2025-01-27,185.5,186.0,175.5,176.5,159.69700622558594,11578800,
2025-01-28,177.5,180.5,177.0,177.0,160.14939880371094,3324500,
2025-01-29,177.0,177.0,171.5,173.0,156.53021240234375,4429100,
2025-01-30,174.0,178.0,173.5,176.5,159.69700622558594,4144100,
2025-01-31,178.0,181.0,176.5,180.0,162.8638153076172,7132400,
2025-02-03,176.0,178.0,175.0,175.5,158.79220581054688,2436800,
2025-02-04,178.0,178.0,172.5,173.5,156.9826202392578,3154600,
2025-02-05,175.0,178.0,174.0,174.5,157.8874053955078,3916900,
2025-02-06,175.0,175.5,172.0,172.5,156.0778045654297,4100400,
2025-02-07,174.5,178.0,173.0,178.0,161.05419921875,2760700,
2025-02-10,177.5,177.5,173.0,173.5,156.9826202392578,3073000,
2025-02-11,173.5,176.5,173.0,175.5,158.79220581054688,3048800,
2025-02-13,176.0,176.5,173.5,175.0,158.3397979736328,3674900,
2025-02-14,175.0,177.0,175.0,175.0,158.3397979736328,2239400,
2025-02-17,178.5,184.5,176.5,183.0,165.5782012939453,5553500,
2025-02-18,183.0,187.5,180.0,186.5,168.74497985839844,3962300,
2025-02-19,186.5,187.0,182.0,185.0,167.38780212402344,4792700,
2025-02-20,184.5,190.0,184.0,186.5,168.74497985839844,4103100,
2025-02-21,185.0,189.0,184.0,187.5,169.64979553222656,3160200,
2025-02-24,187.0,188.5,186.0,187.5,169.64979553222656,2503200,
2025-02-25,186.5,186.5,182.0,183.5,166.0305938720703,3371700,
2025-02-26,184.0,186.0,181.5,183.5,166.0305938720703,3370600,
2025-02-27,190.0,196.0,186.0,193.0,174.62619018554688,11854300,
2025-02-28,191.0,198.5,190.5,195.5,176.88818359375,10289600,
2025-03-03,196.5,197.0,194.0,195.0,176.435791015625,3605600,
2025-03-04,193.5,198.5,193.5,195.5,176.88818359375,2751000,
2025-03-05,196.0,198.0,184.0,190.0,171.91180419921875,6644600,
2025-03-06,188.0,190.5,176.5,178.0,161.05419921875,8864100,
2025-03-07,179.0,181.0,176.5,177.0,160.14939880371094,3919600,
2025-03-10,177.5,178.0,174.0,174.0,157.4350128173828,2643800,
2025-03-11,174.5,178.5,174.0,178.5,161.50660705566406,3948000,
2025-03-12,177.5,178.0,172.5,174.5,157.8874053955078,5796500,
2025-03-13,174.5,176.0,172.5,173.0,156.53021240234375,3062000,
2025-03-14,173.5,177.5,173.0,176.0,159.24459838867188,2611600,
2025-03-17,176.5,177.0,174.0,174.0,157.4350128173828,2551800,
2025-03-18,175.0,181.5,175.0,180.0,162.8638153076172,4999700,
2025-03-19,178.0,182.0,176.0,179.0,164.70407104492188,3726900,3.0
2025-03-20,179.5,180.5,176.5,177.5,163.32386779785156,3202700,
2025-03-21,177.0,178.0,174.0,174.5,160.56346130371094,3325900,
2025-03-24,174.5,176.5,173.5,175.5,161.4835968017578,1136000,
2025-03-25,176.5,176.5,174.0,175.0,161.02352905273438,2461100,
2025-03-26,175.0,176.5,172.5,173.0,159.18325805664062,2200400,
2025-03-27,173.0,174.5,170.0,170.5,156.8829345703125,2680800,
2025-03-28,170.5,171.0,167.5,167.5,154.1225128173828,1578600,
2025-03-31,166.0,167.5,163.5,164.5,151.36212158203125,2670500,
2025-04-01,165.0,168.0,165.0,166.0,152.7423095703125,1290000,
2025-04-02,167.5,174.5,167.5,173.5,159.64332580566406,2615600,
2025-04-03,170.0,173.0,169.5,173.0,159.18325805664062,1239600,
2025-04-04,173.0,173.0,168.5,170.0,156.4228515625,2332500,
2025-04-08,168.5,170.5,160.5,165.0,151.82217407226562,4009700,
2025-04-09,165.5,166.5,162.0,165.5,152.28225708007812,2600800,
2025-04-10,170.5,173.5,167.0,169.5,155.96279907226562,2417700,
2025-04-11,169.0,171.0,166.5,168.0,154.5825958251953,1603800,
2025-04-16,171.0,172.5,168.5,171.0,157.34298706054688,2180700,
2025-04-17,171.0,172.0,168.5,171.0,157.34298706054688,2005500,
2025-04-18,171.0,173.5,169.5,172.5,158.72317504882812,1126500,
2025-04-21,172.5,174.0,170.0,170.5,156.8829345703125,1463700,
2025-04-22,169.5,172.0,169.5,171.0,157.34298706054688,2130600,
2025-04-23,172.5,173.0,168.5,169.0,155.5027313232422,3361200,
2025-04-24,168.5,168.5,162.5,166.0,152.7423095703125,5132900,
2025-04-25,164.0,166.0,163.0,164.0,150.9020538330078,6829700,
2025-04-28,164.0,164.0,158.5,158.5,145.84130859375,5371500,
2025-04-29,159.5,169.0,159.5,168.5,155.0426483154297,7678500,
2025-04-30,166.5,167.0,161.5,165.0,151.82217407226562,8773400,
2025-05-02,165.5,167.5,163.0,166.0,152.7423095703125,3910200,
2025-05-06,164.0,167.0,161.0,165.0,151.82217407226562,4737800,
2025-05-07,166.0,168.5,164.5,167.5,154.1225128173828,3935300,
2025-05-08,167.0,167.0,161.5,162.0,149.061767578125,5837900,
2025-05-09,163.5,163.5,159.0,161.5,148.60171508789062,3474400,
2025-05-13,163.0,165.5,162.5,164.5,151.36212158203125,3722200,
2025-05-14,164.0,167.0,162.0,165.5,152.28225708007812,3455900,
2025-05-15,164.0,165.5,162.5,165.0,151.82217407226562,2289500,
2025-05-16,165.5,166.0,162.5,164.0,150.9020538330078,2698100,
2025-05-19,164.5,171.0,164.5,165.0,151.82217407226562,4358500,
2025-05-20,166.5,166.5,161.5,162.5,149.52183532714844,4644500,
2025-05-21,162.5,163.5,158.0,158.5,145.84130859375,5178500,
2025-05-22,157.0,158.0,149.5,149.5,137.5601043701172,6844300,
2025-05-23,149.0,149.5,144.0,144.0,132.4993438720703,7681400,
2025-05-26,146.0,147.5,144.5,145.5,133.8795623779297,4584500,
2025-05-27,145.0,148.5,142.0,147.0,135.259765625,5373900,
2025-05-28,147.5,149.0,145.5,145.5,133.8795623779297,3151300,
2025-05-29,147.5,148.0,145.0,146.0,134.33963012695312,3112700,
2025-05-30,144.5,145.5,140.0,140.0,128.81883239746094,8133800,
2025-06-04,138.5,144.0,136.0,140.5,129.27890014648438,7853400,
2025-06-05,141.5,142.0,139.0,139.5,128.3587646484375,3603300,
2025-06-06,139.0,140.0,136.5,137.5,126.51847839355469,3605500,
2025-06-09,138.0,138.5,135.5,137.5,126.51847839355469,3352100,
2025-06-10,138.0,140.0,137.5,140.0,128.81883239746094,3268100,
2025-06-11,140.0,142.0,137.5,140.5,129.27890014648438,4238100,
2025-06-12,142.0,144.0,140.5,141.0,129.7389678955078,3698100,
2025-06-13,139.0,141.0,137.5,137.5,126.51847839355469,3576600,
2025-06-16,137.5,140.5,136.5,138.5,127.43862915039062,3754100,
2025-06-17,139.0,141.0,138.5,140.0,128.81883239746094,1919200,
2025-06-18,140.5,140.5,135.5,135.5,124.67822265625,3514800,
2025-06-19,136.0,137.0,130.0,131.5,120.99767303466797,5782800,
2025-06-20,131.5,134.5,131.5,132.0,121.45774841308594,3538500,
2025-06-23,131.0,134.5,131.0,133.5,122.83795928955078,3208500,
2025-06-24,136.0,136.5,133.0,135.5,124.67822265625,4440900,
2025-06-25,135.0,138.5,134.5,138.0,126.97856140136719,2464700,
2025-06-26,137.5,139.0,137.0,137.0,126.05842590332031,2224300,
2025-06-27,137.0,137.0,134.0,134.5,123.75808715820312,2210500,
2025-06-30,136.0,140.0,136.0,139.5,128.3587646484375,2915800,
2025-07-01,141.0,141.5,138.0,140.5,129.27890014648438,2285600,
2025-07-02,140.0,141.0,138.0,140.5,129.27890014648438,1465900,
2025-07-03,140.0,141.5,138.0,141.5,130.1990203857422,2385200,
2025-07-04,141.5,141.5,138.0,138.5,127.43862915039062,1849000,
2025-07-07,139.0,140.0,135.5,137.5,126.51847839355469,2967400,
2025-07-08,136.0,138.5,136.0,137.5,126.51847839355469,1251100,
2025-07-09,137.5,138.0,135.5,136.0,125.13829040527344,1827000,
2025-07-11,137.5,139.5,136.0,136.5,125.59834289550781,2035300,
2025-07-14,137.0,144.0,137.0,144.0,132.4993438720703,5296400,
2025-07-15,143.0,146.5,141.0,145.0,133.41949462890625,3242700,
2025-07-16,145.5,145.5,143.0,144.5,132.9594268798828,2188500,
2025-07-17,145.0,147.0,143.5,147.0,135.259765625,3825800,
2025-07-18,147.0,150.0,145.0,145.0,133.41949462890625,4750300,
2025-07-21,146.5,147.0,144.0,144.5,132.9594268798828,2314700,
2025-07-22,145.0,145.0,141.0,141.0,129.7389678955078,3469400,
2025-07-23,142.0,146.0,142.0,145.0,133.41949462890625,3905900,
2025-07-24,144.0,147.5,142.5,146.5,134.7996826171875,4123400,
2025-07-25,145.0,146.0,144.5,146.0,134.33963012695312,2163600,
2025-07-29,147.0,152.0,143.5,151.5,139.40037536621094,7687800,
2025-07-30,151.5,163.0,151.5,162.0,149.061767578125,14206200,
2025-07-31,171.5,174.0,168.5,170.0,156.4228515625,14756200,
2025-08-01,172.5,172.5,168.0,168.0,154.5825958251953,5436400,
2025-08-04,168.0,179.0,166.5,178.5,164.24400329589844,8451200,
2025-08-05,187.0,194.0,186.0,194.0,178.50608825683594,11547700,
2025-08-06,194.0,194.0,185.5,189.5,174.365478515625,9694700,
2025-08-07,194.0,194.0,187.0,189.5,174.365478515625,6210000,
2025-08-08,188.5,191.5,187.5,190.0,174.8255615234375,3888400,
2025-08-13,190.0,192.5,185.5,188.0,172.9852752685547,7259200,
2025-08-14,186.5,188.0,183.5,184.0,171.12522888183594,4644800,2.0
2025-08-15,185.0,187.5,180.5,183.0,170.1951904296875,6292000,
2025-08-18,182.0,182.0,178.0,179.0,166.47506713867188,5633000,
2025-08-19,179.0,181.0,175.5,179.5,166.94009399414062,6492300,
2025-08-20,178.5,181.5,176.5,181.0,168.33514404296875,5846700,
2025-08-21,182.5,182.5,176.0,176.5,164.15000915527344,5436500,
2025-08-22,177.5,181.5,176.0,180.0,167.4051055908203,5971000,
2025-08-25,182.0,182.5,177.5,179.0,166.47506713867188,4791800,
2025-08-26,178.0,178.5,173.0,176.5,164.15000915527344,10154300,
2025-08-27,177.0,178.0,174.5,174.5,162.2899627685547,5725000,
2025-08-28,175.0,179.5,174.5,178.5,166.01007080078125,7577000,
2025-08-29,179.0,179.5,176.0,178.0,165.5450439453125,6237400,
2025-09-01,178.0,180.0,177.5,180.0,167.4051055908203,3329700,
2025-09-02,181.0,188.0,180.0,188.0,174.8453369140625,8007100,
2025-09-03,189.5,191.0,187.5,187.5,174.38031005859375,6669800,
2025-09-04,188.0,189.0,184.0,185.0,172.0552520751953,3425300,
2025-09-05,185.5,188.0,185.0,185.5,172.520263671875,3652800,
2025-09-08,186.0,186.5,184.0,185.5,172.520263671875,2557200,
2025-09-09,188.0,189.5,185.0,186.0,172.9852752685547,3048600,
2025-09-10,185.5,187.0,183.5,184.0,171.12522888183594,2403600,
2025-09-11,185.5,185.5,181.5,182.0,169.26516723632812,2672700,
2025-09-12,183.5,185.5,182.0,182.5,169.7301788330078,1808600,
2025-09-15,184.0,186.0,182.5,182.5,169.7301788330078,1975300,
2025-09-16,183.0,183.0,181.5,182.0,169.26516723632812,2811700,
2025-09-17,183.5,185.0,181.0,181.5,168.80015563964844,2481400,
2025-09-18,183.0,185.0,181.5,183.0,170.1951904296875,5677700,
2025-09-19,183.5,185.0,178.0,181.0,168.33514404296875,7650300,
2025-09-22,182.0,182.5,179.0,180.0,167.4051055908203,2095100,
2025-09-23,180.0,181.5,178.0,180.0,167.4051055908203,2251500,
2025-09-24,179.0,179.0,170.0,173.0,160.89491271972656,8427500,
2025-09-25,174.0,175.5,172.5,173.5,161.35992431640625,2584800,
2025-09-26,175.0,175.5,173.5,175.5,163.21998596191406,2583400,
2025-09-29,176.5,177.5,174.5,176.5,164.15000915527344,2034100,
2025-09-30,176.0,176.5,174.0,175.5,163.21998596191406,2231800,
2025-10-01,173.5,174.5,172.0,174.0,161.82493591308594,2141200,
2025-10-02,175.0,178.5,174.5,176.0,163.68499755859375,2696200,
2025-10-03,175.5,175.5,172.5,172.5,160.42990112304688,1601700,
2025-10-06,173.0,173.5,171.0,173.0,160.89491271972656,1627300,
2025-10-07,173.0,173.0,173.0,173.0,160.89491271972656,0,
2025-10-08,175.0,175.5,171.5,172.0,159.96487426757812,1884400,
2025-10-09,172.0,173.5,170.5,173.0,160.89491271972656,1732600,
2025-10-10,174.0,178.0,172.0,175.5,163.21998596191406,3941200,
2025-10-14,176.5,177.0,171.5,171.5,159.49986267089844,2775900,
2025-10-15,172.5,180.0,171.0,178.0,165.5450439453125,5507200,
2025-10-16,178.0,185.5,178.0,183.5,170.6602020263672,6581600,
2025-10-17,181.5,184.5,180.5,182.0,169.26516723632812,3153100,
2025-10-20,183.0,183.5,177.0,177.5,165.0800323486328,2783300,
2025-10-21,178.5,180.5,177.0,178.0,165.5450439453125,2379600,
2025-10-22,178.5,182.5,178.0,181.0,168.33514404296875,3171000,
2025-10-24,182.0,182.5,178.5,179.0,166.47506713867188,2035000,
2025-10-27,179.5,180.5,174.5,175.5,163.21998596191406,2511500,
2025-10-28,174.0,176.0,173.5,173.5,161.35992431640625,2434500,
2025-10-29,173.5,174.5,172.0,174.0,161.82493591308594,1396700,
2025-10-30,173.0,174.5,172.0,173.0,160.89491271972656,1507900,
2025-10-31,173.5,173.5,170.0,172.0,159.96487426757812,2042600,
2025-11-03,173.0,173.5,169.5,170.0,158.10482788085938,1419000,
2025-11-04,170.0,173.0,167.0,173.0,160.89491271972656,3395400,
2025-11-05,172.5,178.5,171.0,177.5,165.0800323486328,4508100,
2025-11-06,179.0,179.5,171.5,178.0,165.5450439453125,6986700,
2025-11-07,176.0,176.0,172.0,175.5,163.21998596191406,4485800,
2025-11-10,175.5,180.0,174.0,179.5,166.94009399414062,3082300,
2025-11-11,180.0,181.5,178.5,180.0,167.4051055908203,1832900,
2025-11-12,181.0,183.5,179.5,181.0,168.33514404296875,4250700,
2025-11-13,180.5,181.5,178.0,180.0,167.4051055908203,2721100,
2025-11-14,179.0,181.0,176.0,176.0,163.68499755859375,1751800,
2025-11-17,175.5,178.5,175.5,176.0,163.68499755859375,1509600,
2025-11-18,175.0,176.5,172.5,173.0,160.89491271972656,2558300,
2025-11-19,173.0,174.0,172.0,172.0,159.96487426757812,2079300,
2025-11-20,173.0,175.0,172.5,172.5,160.42990112304688,2152200,
2025-11-21,172.0,172.5,171.0,171.5,159.49986267089844,1834400,
2025-11-24,171.5,173.5,170.5,170.5,158.56982421875,4037000,
2025-11-25,171.5,174.0,171.0,174.0,161.82493591308594,2511900,
2025-11-26,175.0,176.0,170.0,170.5,158.56982421875,2610700,
2025-11-27,171.0,172.0,170.0,170.0,158.10482788085938,996500,
2025-11-28,171.5,171.5,167.0,169.5,157.63980102539062,2439900,
2025-12-01,170.0,171.5,169.0,170.5,158.56982421875,1367200,
2025-12-02,170.0,170.0,167.0,167.5,155.77975463867188,1993900,
2025-12-03,169.0,169.0,165.0,165.5,153.91969299316406,2590600,
2025-12-04,165.0,165.0,155.5,156.5,145.54945373535156,8265700,
2025-12-08,157.5,162.0,156.5,160.0,148.80453491210938,4840000,
2025-12-09,160.0,165.0,159.0,164.0,152.524658203125,4741500,
2025-12-11,165.0,167.0,164.0,165.5,153.91969299316406,3952100,
2025-12-12,166.0,166.5,163.0,166.0,154.3847198486328,2487800,
2025-12-15,165.0,168.5,163.0,168.0,156.24476623535156,3505400,
2025-12-16,168.0,169.0,165.5,165.5,153.91969299316406,1534100,
2025-12-17,165.5,166.0,163.5,164.5,152.9896697998047,1356000,
2025-12-18,163.5,165.5,160.0,161.5,150.1995849609375,1625800,
2025-12-19,161.5,163.5,161.5,162.5,151.12960815429688,1576000,
2025-12-22,162.5,164.5,160.0,160.0,148.80453491210938,2195500,
2025-12-23,160.0,162.5,160.0,161.0,149.73455810546875,2538900,
2025-12-24,162.0,165.0,161.0,164.5,152.9896697998047,3363100,
2025-12-25,165.0,165.5,160.5,161.0,149.73455810546875,2115300,
2025-12-26,161.0,161.0,159.0,160.5,149.26956176757812,1549100,
2025-12-29,160.0,161.0,158.5,158.5,147.4095001220703,1506800,
2025-12-30,158.5,159.5,157.5,157.5,146.47947692871094,2123300,
2026-01-05,160.0,161.5,159.0,159.0,147.87451171875,2713800,
2026-01-06,159.0,159.0,152.5,156.0,145.0844268798828,7402400,
2026-01-07,154.0,155.5,152.5,155.0,144.15440368652344,7254100,
2026-01-08,154.5,155.5,151.0,154.5,143.6893768310547,5518200,
2026-01-09,154.5,154.5,147.0,147.5,137.17918395996094,11815900,
2026-01-12,145.0,145.5,137.5,138.5,128.80892944335938,16787900,
2026-01-13,139.5,141.0,136.0,136.5,126.9488754272461,6867500,
2026-01-14,140.0,142.0,139.5,140.0,130.20396423339844,5790000,
2026-01-15,140.0,144.0,140.0,143.0,132.99404907226562,6698600,
2026-01-16,143.0,145.0,142.0,143.5,133.45907592773438,6234500,
2026-01-19,143.0,151.0,142.5,150.0,139.50425720214844,7970900,
2026-01-20,151.0,156.5,150.5,155.0,144.15440368652344,11244500,
2026-01-21,158.5,165.0,157.5,165.0,153.45468139648438,12032600,
2026-01-22,165.0,166.0,162.0,163.5,152.05963134765625,7026300,
2026-01-23,165.5,169.0,164.5,166.5,154.84971618652344,8433100,
2026-01-26,166.0,167.5,162.5,167.5,155.77975463867188,4837500,
2026-01-27,168.5,173.0,168.0,168.5,156.70977783203125,5927300,
2026-01-28,169.0,171.0,166.0,169.0,157.1748046875,3063400,
2026-01-29,167.0,169.0,166.5,168.0,156.24476623535156,1924300,
2026-01-30,166.5,168.0,165.5,167.5,155.77975463867188,3378000,
2026-02-02,167.5,168.5,163.5,165.0,153.45468139648438,3148300,
2026-02-03,166.0,168.0,165.0,165.5,153.91969299316406,2273500,
2026-02-04,165.5,166.5,164.0,165.0,153.45468139648438,2108800,
2026-02-05,164.5,168.5,163.5,168.0,156.24476623535156,3157300,
2026-02-06,169.0,174.0,168.5,170.0,158.10482788085938,5551700,
2026-02-09,178.0,182.0,175.0,177.0,164.61502075195312,12167300,
2026-02-10,176.5,187.5,175.5,187.5,174.38031005859375,9862500,
2026-02-11,187.5,195.0,187.5,190.0,176.70538330078125,9263500,
2026-02-12,186.0,190.5,186.0,190.5,177.17041015625,4060600,
2026-02-13,190.0,190.0,187.0,187.5,174.38031005859375,2872600,
2026-02-16,186.5,189.5,185.5,188.0,174.8453369140625,2415400,
2026-02-17,187.5,190.5,187.0,189.0,175.77536010742188,2056900,
2026-02-18,190.0,194.0,188.5,189.5,176.24038696289062,3401900,
2026-02-19,194.0,198.5,192.5,194.0,180.42550659179688,8336500,
2026-02-20,193.5,194.5,188.0,190.5,177.17041015625,4783900,
2026-02-23,190.0,190.5,187.0,188.5,175.3103485107422,3010000,
2026-02-24,187.5,190.5,185.5,190.5,177.17041015625,3437000,
2026-02-25,192.0,195.0,189.0,191.5,178.10043334960938,5795600,
2026-02-26,193.0,205.0,192.0,203.0,188.79576110839844,10185300,
2026-02-27,207.0,214.0,203.0,213.0,198.09603881835938,10598500,
2026-03-02,197.5,198.0,185.0,185.0,172.0552520751953,17696100,
2026-03-04,165.0,175.0,164.5,173.5,161.35992431640625,15528100,
2026-03-05,180.0,183.0,172.5,176.5,164.15000915527344,10498000,
2026-03-06,174.5,175.5,170.5,172.0,159.96487426757812,6054400,
2026-03-09,165.0,171.5,164.0,170.5,158.56982421875,8116300,
2026-03-10,175.5,181.0,172.5,178.0,165.5450439453125,8198500,
2026-03-11,178.0,183.0,177.5,179.0,166.47506713867188,6003100,
2026-03-12,178.0,178.5,175.0,176.5,164.15000915527344,6964800,
2026-03-13,176.0,178.0,175.5,177.0,164.61502075195312,5452500,
2026-03-16,178.0,179.5,176.0,176.5,164.15000915527344,6096000,
2026-03-17,169.0,171.0,168.5,169.5,166.11000061035156,5783100,9.0
2026-03-18,169.5,170.0,166.0,166.5,163.1699981689453,5161300,
2026-03-19,164.0,166.0,160.5,160.5,157.29000854492188,5951100,
2026-03-20,162.0,163.5,160.0,162.0,158.760009765625,6789600,
2026-03-23,158.5,160.0,156.5,157.0,153.86000061035156,6187900,
2026-03-24,162.0,162.0,158.5,159.0,155.82000732421875,3683300,
2026-03-25,164.0,170.0,163.0,169.0,165.62001037597656,10299400,
2026-03-26,166.0,166.0,162.5,163.0,159.74000549316406,5571200,
2026-03-27,164.5,166.5,163.0,164.0,160.72000122070312,5117200,
2026-03-30,162.0,165.5,161.5,164.5,161.2100067138672,4275400,
2026-03-31,165.5,165.5,160.0,163.0,159.74000549316406,7507700,
2026-04-01,169.0,169.5,166.5,167.5,164.15000915527344,8684000,
2026-04-02,166.0,170.5,164.5,168.5,165.1300048828125,7574300,
2026-04-03,169.5,169.5,166.0,167.5,164.15000915527344,4086500,
2026-04-07,167.0,167.0,163.5,165.0,161.6999969482422,4061000,
2026-04-08,171.0,173.5,170.0,173.5,170.02999877929688,11074100,
2026-04-09,171.5,172.0,168.5,170.0,166.60000610351562,7440900,
2026-04-10,171.5,174.5,170.0,172.5,169.0500030517578,5039500,
2026-04-16,175.0,180.5,173.5,177.0,173.4600067138672,7764800,
2026-04-17,177.0,180.5,176.0,178.0,174.44000244140625,4510000,
2026-04-20,177.5,177.5,174.5,175.0,171.5,3350100,
2026-04-21,177.0,177.5,173.0,173.5,170.02999877929688,3914500,
2026-04-22,173.0,174.5,170.0,170.0,166.60000610351562,5438700,
2026-04-23,174.0,175.0,169.0,170.5,167.08999633789062,7663100,
2026-04-24,170.5,170.5,167.0,170.0,166.60000610351562,5127500,
2026-04-27,169.5,171.0,168.5,171.0,167.5800018310547,2701000,
2026-04-28,171.0,171.5,169.0,170.0,166.60000610351562,3083200,
2026-04-29,170.0,178.0,169.5,178.0,174.44000244140625,7592400,
2026-04-30,177.5,183.0,176.5,180.5,176.88999938964844,7637600,
2026-05-01,180.5,180.5,180.5,180.5,176.88999938964844,0,
2026-05-04,180.5,180.5,180.5,180.5,176.88999938964844,0,
2026-05-05,180.5,180.5,176.5,179.0,175.4199981689453,5172200,
2026-05-06,181.0,181.0,177.5,179.0,175.4199981689453,5222600,
2026-05-07,180.0,183.0,178.5,179.5,175.91000366210938,5975800,
2026-05-08,179.0,180.5,177.5,178.5,174.9300079345703,2768800,
2026-05-11,179.0,180.0,175.5,176.5,172.97000122070312,3576800,
2026-05-12,177.0,178.0,175.5,175.5,171.99000549316406,1611100,
2026-05-13,176.0,177.5,175.0,175.5,171.99000549316406,2768800,
2026-05-14,175.5,178.0,174.5,178.0,174.44000244140625,2756800,
2026-05-15,178.0,179.0,176.5,177.5,173.9499969482422,2062600,
2026-05-18,177.0,178.0,176.0,177.5,173.9499969482422,1307700,
2026-05-19,178.0,180.0,176.5,177.0,173.4600067138672,2268400,
2026-05-20,176.5,177.0,173.0,173.5,170.02999877929688,5925800,
2026-05-21,175.5,175.5,173.0,173.5,170.02999877929688,2646900,
2026-05-22,174.0,174.5,173.0,173.5,170.02999877929688,1790600,
2026-05-25,175.5,176.5,174.0,175.5,171.99000549316406,4614700,
2026-05-26,176.0,180.5,176.0,177.5,173.9499969482422,6767400,
2026-05-27,179.0,180.0,177.5,178.0,174.44000244140625,4410800,
2026-05-28,178.0,178.0,176.0,177.5,173.9499969482422,1861600,
2026-05-29,180.0,182.5,179.0,179.5,175.91000366210938,9247800,
2026-06-01,179.5,179.5,179.5,179.5,175.91000366210938,0,
2026-06-02,180.5,181.0,177.5,178.0,174.44000244140625,4008300,
2026-06-03,178.0,178.0,178.0,178.0,174.44000244140625,0,
2026-06-04,178.0,178.5,175.5,177.0,173.4600067138672,4474000,
2026-06-05,179.0,185.5,178.5,184.5,180.80999755859375,13375200,
2026-06-08,182.5,182.5,178.5,179.0,175.4199981689453,6612100,
2026-06-09,180.5,181.0,176.5,178.0,174.44000244140625,5752000,
2026-06-10,176.5,179.0,176.0,176.0,172.48001098632812,3351200,
2026-06-11,176.0,178.0,175.0,175.5,171.99000549316406,3489700,
2026-06-12,177.5,178.5,176.5,178.0,174.44000244140625,3877900,
2026-06-15,181.0,185.0,181.0,185.0,181.3000030517578,10814700,
2026-06-16,184.0,184.5,182.0,184.5,180.80999755859375,4649600,
2026-06-17,184.5,187.0,183.0,185.0,181.3000030517578,4832800,
2026-06-18,185.5,187.0,184.0,186.0,182.27999877929688,2517900,
2026-06-19,186.0,188.0,185.5,186.5,182.77000427246094,4529600,
2026-06-22,187.5,189.5,183.5,185.0,181.3000030517578,3873200,
2026-06-23,184.0,186.5,182.5,183.5,179.8300018310547,3157400,
2026-06-24,185.0,187.5,183.5,184.5,180.80999755859375,2799400,
2026-06-25,185.5,188.0,184.5,186.0,182.27999877929688,4046200,
2026-06-26,184.0,189.0,183.0,188.5,184.73001098632812,5264100,
2026-06-29,188.0,191.5,188.0,191.0,187.1800079345703,4256600,
2026-06-30,191.0,191.5,186.0,188.0,184.24000549316406,5791000,
2026-07-01,189.0,189.5,187.5,188.0,184.24000549316406,1541300,
2026-07-02,189.0,192.5,188.0,192.5,188.65000915527344,4465100,
2026-07-03,194.0,194.5,191.5,193.0,189.13999938964844,4570900,
2026-07-06,194.0,195.0,189.5,191.0,187.1800079345703,4059800,
2026-07-07,190.5,191.0,187.0,190.0,186.1999969482422,4042100,
2026-07-08,188.0,189.5,183.0,184.0,180.32000732421875,5437100,
2026-07-09,185.5,187.0,184.5,185.5,181.79000854492188,3110100,
2026-07-10,187.0,187.5,186.0,186.5,182.77000427246094,1549700,
2026-07-13,185.0,186.0,184.0,185.0,181.3000030517578,4487300,
2026-07-14,184.0,184.0,183.0,183.0,179.33999633789062,2542700,
2026-07-15,184.5,185.5,183.5,183.5,179.8300018310547,1669500,
2026-07-16,184.5,186.5,183.5,186.0,182.27999877929688,3869200,
2026-07-17,186.0,187.5,185.0,186.5,182.77000427246094,3175100,
2026-07-20,187.0,187.0,182.0,183.5,179.8300018310547,4810400,
2026-07-21,184.0,185.5,183.0,184.0,180.32000732421875,3464800,
2026-07-22,183.5,184.0,181.5,181.5,177.87001037597656,3695600,
2026-07-23,183.0,183.0,181.0,181.5,177.87001037597656,2216600,
2026-07-24,179.0,180.0,178.5,179.0,175.4199981689453,3405500,
2026-07-27,181.0,184.0,180.5,183.0,179.33999633789062,4318200,
2026-07-28,183.0,183.0,183.0,183.0,179.33999633789062,0,
2026-07-29,183.0,183.0,183.0,183.0,179.33999633789062,0,
2026-07-30,183.0,187.0,181.5,186.5,182.77000427246094,7032800,
2026-07-31,186.0,188.0,185.5,187.5,183.75,5487700,
2026-08-03,188.0,190.0,186.5,188.5,184.73001098632812,4170000,
2026-08-04,188.5,191.0,187.5,188.0,184.24000549316406,3534600,
2026-08-05,191.0,191.5,189.5,189.5,185.7100067138672,4189600,
2026-08-06,189.5,193.5,189.5,190.5,186.69000244140625,5593800,
2026-08-07,190.5,192.5,189.5,192.5,188.65000915527344,2795600,
2026-08-10,192.5,194.0,190.5,191.0,187.1800079345703,4827200,
2026-08-11,191.5,193.0,188.5,189.0,185.22000122070312,4604300,
2026-08-12,189.0,189.0,189.0,189.0,185.22000122070312,0,
2026-08-13,190.0,191.5,188.5,190.0,186.1999969482422,3468800,
2026-08-14,192.0,197.5,191.5,195.0,191.10000610351562,8888800,
2026-08-17,196.0,196.0,190.5,191.0,187.1800079345703,5438600,
2026-08-18,191.5,197.5,190.0,194.5,190.61000061035156,6949100,
2026-08-19,194.5,198.5,194.5,196.0,192.0800018310547,5259200,
2026-08-20,200.0,202.0,196.0,198.0,194.04000854492188,8223900,
2026-08-21,199.0,202.0,197.5,200.0,196.0,4602800,
2026-08-24,202.0,207.0,201.0,202.0,197.9600067138672,5265300,
2026-08-25,203.0,206.0,202.0,204.0,199.9199981689453,4265800,
2026-08-26,205.0,206.0,202.0,205.0,200.90000915527344,4665600,
2026-08-27,205.0,205.0,200.0,200.0,196.0,3275000,
2026-08-28,196.0,197.0,192.0,192.0,192.0,4732100,4.0
2026-08-31,191.0,192.0,189.0,191.5,191.5,3524600,
2026-09-01,191.0,193.0,191.0,192.0,192.0,2685200,
2026-09-02,190.5,193.0,189.5,190.5,190.5,3332700,
2026-09-03,192.0,195.5,192.0,194.0,194.0,6206300,
2026-09-04,195.0,195.5,192.5,192.5,192.5,2968000,
2026-09-07,193.0,195.0,193.0,193.5,193.5,1176000,
2026-09-08,196.0,199.5,195.5,198.5,198.5,5551900,
2026-09-09,198.0,198.5,196.0,196.5,196.5,1911900,
2026-09-10,196.5,199.5,196.0,198.0,198.0,2205000,
2026-09-11,196.5,198.0,194.5,195.5,195.5,2520900,
2026-09-14,195.0,196.5,194.5,195.0,195.0,1876200,
2026-09-15,195.5,200.0,195.5,199.5,199.5,3610800,
2026-09-16,200.0,201.0,198.0,199.0,199.0,1732900,
2026-09-17,199.5,200.0,197.5,198.0,198.0,2740800,
2026-09-18,198.0,198.5,194.5,198.0,198.0,4556200,
2026-09-21,198.0,198.0,196.0,196.5,196.5,1560600,
2026-09-22,197.0,198.5,196.5,197.5,197.5,2118400,
2026-09-23,196.5,198.5,196.0,197.5,197.5,3514000,
2026-09-24,196.0,196.5,195.0,196.0,196.0,2820300,
2026-09-25,196.0,197.5,196.0,197.5,197.5,2452400,
2026-09-28,197.5,198.0,194.5,195.5,195.5,2900585,
